G1 X64.86328125 Y89.912109375
G1 X64.951171875 Y89.912109375
G0 X64.16015625 Y89.912109375
G1 X64.16015625 Y89.912109375
G1 X64.248046875 Y89.912109375
G0 X63.896484375 Y89.912109375
G1 X63.896484375 Y89.912109375
G0 X63.544921875 Y89.912109375
G1 X63.544921875 Y89.912109375
G0 X63.369140625 Y89.912109375
G1 X63.369140625 Y89.912109375
G0 X62.490234375 Y89.912109375
G1 X62.490234375 Y89.912109375
G1 X62.578125 Y89.912109375
G0 X60.99609375 Y89.912109375
G1 X60.99609375 Y89.912109375
G1 X61.171875 Y89.912109375
G0 X59.326171875 Y89.912109375
G1 X59.326171875 Y89.912109375
G1 X59.501953125 Y89.912109375
G0 X58.798828125 Y89.912109375
G1 X58.798828125 Y89.912109375
G0 X56.689453125 Y89.912109375
G1 X56.689453125 Y89.912109375
G0 X56.513671875 Y89.912109375
G1 X56.513671875 Y89.912109375
G0 X38.583984375 Y89.912109375
G1 X38.583984375 Y89.912109375
G0 X36.474609375 Y89.912109375
G1 X36.474609375 Y89.912109375
G0 X36.2109375 Y89.912109375
G1 X36.2109375 Y89.912109375
G0 X34.8046875 Y89.912109375
G1 X34.8046875 Y89.912109375
G0 X33.57421875 Y89.912109375
G1 X33.57421875 Y89.912109375
G1 X33.662109375 Y89.912109375
G0 X33.134765625 Y89.912109375
G1 X33.134765625 Y89.912109375
G1 X33.22265625 Y89.912109375
G0 X29.70703125 Y89.912109375
G1 X29.70703125 Y89.912109375
G1 X30.322265625 Y89.912109375
G0 X29.53125 Y89.912109375
G1 X29.53125 Y89.912109375
G0 X29.267578125 Y89.912109375
G1 X29.267578125 Y89.912109375
G0 X26.71875 Y89.912109375
G1 X26.71875 Y89.912109375
G1 X26.89453125 Y89.912109375
G0 X89.560546875 Y89.82421875
G1 X89.560546875 Y89.82421875
G0 X62.2265625 Y89.82421875
G1 X62.2265625 Y89.82421875
G1 X62.314453125 Y89.82421875
G0 X60.732421875 Y89.82421875
G1 X60.732421875 Y89.82421875
G1 X60.8203125 Y89.912109375
G0 X59.765625 Y89.82421875
G1 X59.765625 Y89.82421875
G1 X59.677734375 Y89.912109375
G1 X59.765625 Y89.82421875
G1 X59.853515625 Y89.912109375
G1 X59.94140625 Y89.82421875
G1 X60.380859375 Y89.82421875
G1 X60.46875 Y89.912109375
G1 X60.556640625 Y89.912109375
G1 X60.46875 Y89.912109375
G1 X60.380859375 Y89.82421875
G0 X59.150390625 Y89.82421875
G1 X59.150390625 Y89.82421875
G0 X58.18359375 Y89.82421875
G1 X58.18359375 Y89.82421875
G1 X58.271484375 Y89.82421875
G0 X57.12890625 Y89.82421875
G1 X57.12890625 Y89.82421875
G1 X57.3046875 Y89.82421875
G0 X56.865234375 Y89.82421875
G1 X56.865234375 Y89.82421875
G0 X38.056640625 Y89.82421875
G1 X38.056640625 Y89.82421875
G1 X38.14453125 Y89.82421875
G0 X37.6171875 Y89.82421875
G1 X37.6171875 Y89.82421875
G0 X37.353515625 Y89.82421875
G1 X37.353515625 Y89.82421875
G1 X37.44140625 Y89.82421875
G0 X36.9140625 Y89.82421875
G1 X36.9140625 Y89.82421875
G1 X37.001953125 Y89.912109375
G1 X37.001953125 Y89.82421875
G0 X36.03515625 Y89.82421875
G1 X36.03515625 Y89.82421875
G0 X35.595703125 Y89.82421875
G1 X35.595703125 Y89.82421875
G0 X34.98046875 Y89.82421875
G1 X34.98046875 Y89.82421875
G1 X35.068359375 Y89.912109375
G1 X35.068359375 Y89.82421875
G0 X31.904296875 Y89.82421875
G1 X31.904296875 Y89.82421875
G0 X31.552734375 Y89.82421875
G1 X31.552734375 Y89.82421875
G0 X30.673828125 Y89.82421875
G1 X30.673828125 Y89.82421875
G1 X30.673828125 Y89.912109375
G1 X31.201171875 Y89.912109375
G1 X31.025390625 Y89.912109375
G1 X30.9375 Y89.82421875
G1 X30.849609375 Y89.912109375
G1 X30.76171875 Y89.912109375
G0 X29.00390625 Y89.82421875
G1 X29.00390625 Y89.82421875
G0 X28.740234375 Y89.82421875
G1 X28.740234375 Y89.82421875
G0 X27.421875 Y89.82421875
G1 X27.421875 Y89.82421875
G0 X26.19140625 Y89.82421875
G1 X26.19140625 Y89.82421875
G1 X26.279296875 Y89.82421875
G0 X25.927734375 Y89.82421875
G1 X25.927734375 Y89.82421875
G1 X25.83984375 Y89.912109375
G0 X61.787109375 Y89.736328125
G1 X61.787109375 Y89.736328125
G1 X61.875 Y89.736328125
G0 X58.798828125 Y89.736328125
G1 X58.798828125 Y89.736328125
G0 X58.53515625 Y89.736328125
G1 X58.53515625 Y89.736328125
G1 X58.53515625 Y89.82421875
G1 X58.623046875 Y89.736328125
G0 X36.650390625 Y89.736328125
G1 X36.650390625 Y89.736328125
G1 X36.73828125 Y89.82421875
G1 X36.73828125 Y89.736328125
G0 X32.16796875 Y89.736328125
G1 X32.16796875 Y89.736328125
G1 X32.080078125 Y89.82421875
G1 X32.16796875 Y89.736328125
G1 X32.255859375 Y89.82421875
G1 X32.34375 Y89.82421875
G1 X32.34375 Y89.736328125
G0 X28.388671875 Y89.736328125
G1 X28.388671875 Y89.736328125
G0 X28.125 Y89.736328125
G1 X28.125 Y89.736328125
G1 X28.125 Y89.82421875
G1 X28.212890625 Y89.82421875
G1 X28.212890625 Y89.736328125
G0 X27.861328125 Y89.736328125
G1 X27.861328125 Y89.736328125
G1 X27.861328125 Y89.82421875
G0 X27.59765625 Y89.736328125
G1 X27.59765625 Y89.736328125
G0 X58.0078125 Y89.6484375
G1 X58.0078125 Y89.6484375
G0 X57.744140625 Y89.6484375
G1 X57.744140625 Y89.6484375
G1 X57.65625 Y89.736328125
G1 X57.65625 Y89.82421875
G1 X57.65625 Y89.736328125
G1 X57.744140625 Y89.6484375
G1 X57.83203125 Y89.6484375
G0 X57.392578125 Y89.6484375
G1 X57.392578125 Y89.6484375
G1 X57.48046875 Y89.6484375
G0 X36.123046875 Y89.6484375
G1 X36.123046875 Y89.6484375
G1 X36.2109375 Y89.736328125
G0 X34.62890625 Y89.6484375
G1 X34.62890625 Y89.6484375
G1 X34.716796875 Y89.6484375
G0 X32.51953125 Y89.6484375
G1 X32.51953125 Y89.6484375
G1 X32.51953125 Y89.736328125
G1 X32.607421875 Y89.82421875
G1 X32.6953125 Y89.736328125
G1 X32.6953125 Y89.6484375
G0 X62.578125 Y89.560546875
G1 X62.578125 Y89.560546875
G1 X62.666015625 Y89.560546875
G1 X62.75390625 Y89.6484375
G1 X62.75390625 Y89.560546875
G0 X62.40234375 Y89.560546875
G1 X62.40234375 Y89.560546875
G0 X59.677734375 Y89.560546875
G1 X59.677734375 Y89.560546875
G0 X57.12890625 Y89.560546875
G1 X57.12890625 Y89.560546875
G0 X56.953125 Y89.560546875
G1 X56.953125 Y89.560546875
G0 X55.986328125 Y89.560546875
G1 X55.986328125 Y89.560546875
G1 X55.986328125 Y89.6484375
G1 X56.162109375 Y89.6484375
G1 X56.25 Y89.736328125
G1 X56.337890625 Y89.6484375
G1 X56.77734375 Y89.6484375
G1 X56.689453125 Y89.6484375
G1 X56.6015625 Y89.560546875
G1 X56.42578125 Y89.560546875
G1 X56.337890625 Y89.6484375
G1 X56.07421875 Y89.6484375
G0 X37.001953125 Y89.560546875
G1 X37.001953125 Y89.560546875
G1 X37.08984375 Y89.6484375
G1 X37.177734375 Y89.6484375
G1 X37.08984375 Y89.560546875
G0 X35.15625 Y89.560546875
G1 X35.15625 Y89.560546875
G1 X35.15625 Y89.6484375
G1 X35.244140625 Y89.6484375
G1 X35.419921875 Y89.82421875
G0 X28.740234375 Y89.560546875
G1 X28.740234375 Y89.560546875
G1 X28.65234375 Y89.6484375
G1 X28.564453125 Y89.6484375
G1 X28.740234375 Y89.6484375
G0 X25.751953125 Y89.560546875
G1 X25.751953125 Y89.560546875
G1 X25.751953125 Y89.6484375
G0 X25.48828125 Y89.560546875
G1 X25.48828125 Y89.560546875
G1 X25.48828125 Y89.6484375
G0 X25.224609375 Y89.560546875
G1 X25.224609375 Y89.560546875
G1 X25.3125 Y89.560546875
G0 X20.7421875 Y89.560546875
G1 X20.7421875 Y89.560546875
G1 X20.830078125 Y89.560546875
G0 X20.478515625 Y89.560546875
G1 X20.478515625 Y89.560546875
G1 X20.478515625 Y89.6484375
G0 X20.21484375 Y89.560546875
G1 X20.21484375 Y89.560546875
G0 X61.962890625 Y89.47265625
G1 X61.962890625 Y89.47265625
G0 X60.556640625 Y89.47265625
G1 X60.556640625 Y89.47265625
G0 X58.798828125 Y89.47265625
G1 X58.798828125 Y89.47265625
G0 X37.79296875 Y89.47265625
G1 X37.79296875 Y89.47265625
G1 X37.705078125 Y89.560546875
G1 X37.705078125 Y89.6484375
G1 X37.79296875 Y89.6484375
G1 X37.880859375 Y89.736328125
G1 X38.056640625 Y89.560546875
G1 X38.14453125 Y89.6484375
G1 X38.232421875 Y89.6484375
G1 X38.14453125 Y89.6484375
G1 X38.056640625 Y89.560546875
G1 X37.880859375 Y89.736328125
G1 X37.79296875 Y89.6484375
G1 X37.79296875 Y89.560546875
G1 X37.880859375 Y89.47265625
G0 X37.353515625 Y89.47265625
G1 X37.353515625 Y89.47265625
G1 X37.44140625 Y89.560546875
G1 X37.529296875 Y89.47265625
G0 X35.33203125 Y89.47265625
G1 X35.33203125 Y89.47265625
G1 X35.419921875 Y89.47265625
G0 X28.916015625 Y89.47265625
G1 X28.916015625 Y89.47265625
G0 X18.984375 Y89.47265625
G1 X18.984375 Y89.47265625
G1 X19.072265625 Y89.47265625
G1 X19.16015625 Y89.560546875
G1 X19.248046875 Y89.560546875
G1 X19.3359375 Y89.47265625
G1 X19.248046875 Y89.560546875
G1 X19.16015625 Y89.560546875
G1 X19.072265625 Y89.47265625
G0 X15.556640625 Y89.47265625
G1 X15.556640625 Y89.47265625
G0 X15.29296875 Y89.47265625
G1 X15.29296875 Y89.47265625
G0 X0.263671875 Y89.47265625
G1 X0.263671875 Y89.47265625
G0 X62.40234375 Y89.384765625
G1 X62.40234375 Y89.384765625
G0 X61.69921875 Y89.384765625
G1 X61.69921875 Y89.384765625
G1 X61.787109375 Y89.384765625
G0 X61.435546875 Y89.384765625
G1 X61.435546875 Y89.384765625
G1 X61.5234375 Y89.384765625
G0 X28.740234375 Y89.384765625
G1 X28.740234375 Y89.384765625
G0 X27.861328125 Y89.384765625
G1 X27.861328125 Y89.384765625
G1 X27.861328125 Y89.560546875
G1 X28.125 Y89.560546875
G1 X28.212890625 Y89.47265625
G1 X28.30078125 Y89.560546875
G1 X28.388671875 Y89.560546875
G1 X28.4765625 Y89.47265625
G1 X28.564453125 Y89.47265625
G1 X28.564453125 Y89.384765625
G1 X28.4765625 Y89.47265625
G1 X28.30078125 Y89.47265625
G1 X28.212890625 Y89.384765625
G1 X28.125 Y89.384765625
G1 X28.125 Y89.47265625
G1 X28.037109375 Y89.560546875
G1 X27.94921875 Y89.560546875
G1 X27.861328125 Y89.47265625
G0 X62.841796875 Y89.296875
G1 X62.841796875 Y89.296875
G0 X61.171875 Y89.296875
G1 X61.171875 Y89.296875
G1 X61.171875 Y89.384765625
G0 X60.908203125 Y89.296875
G1 X60.908203125 Y89.296875
G1 X60.99609375 Y89.384765625
G0 X57.041015625 Y89.296875
G1 X57.041015625 Y89.296875
G0 X56.6015625 Y89.296875
G1 X56.6015625 Y89.296875
G1 X56.689453125 Y89.296875
G0 X36.650390625 Y89.296875
G1 X36.650390625 Y89.296875
G1 X36.5625 Y89.384765625
G1 X36.5625 Y89.47265625
G1 X36.474609375 Y89.560546875
G1 X36.5625 Y89.47265625
G1 X36.5625 Y89.384765625
G0 X36.03515625 Y89.296875
G1 X36.03515625 Y89.296875
G1 X35.859375 Y89.47265625
G1 X35.68359375 Y89.47265625
G1 X35.595703125 Y89.384765625
G1 X35.68359375 Y89.47265625
G1 X35.68359375 Y89.560546875
G1 X35.595703125 Y89.6484375
G1 X35.68359375 Y89.6484375
G1 X35.859375 Y89.82421875
G1 X35.859375 Y89.736328125
G1 X35.947265625 Y89.6484375
G1 X35.859375 Y89.736328125
G1 X35.771484375 Y89.736328125
G1 X35.68359375 Y89.6484375
G1 X35.68359375 Y89.560546875
G1 X35.771484375 Y89.47265625
G1 X35.947265625 Y89.47265625
G1 X36.03515625 Y89.384765625
G1 X36.123046875 Y89.384765625
G1 X36.2109375 Y89.47265625
G1 X36.298828125 Y89.47265625
G1 X36.298828125 Y89.384765625
G1 X36.123046875 Y89.384765625
G0 X34.98046875 Y89.296875
G1 X34.98046875 Y89.296875
G1 X34.98046875 Y89.384765625
G1 X34.892578125 Y89.47265625
G1 X34.892578125 Y89.560546875
G1 X34.892578125 Y89.47265625
G1 X34.98046875 Y89.384765625
G1 X35.068359375 Y89.384765625
G1 X35.068359375 Y89.296875
G0 X31.9921875 Y89.296875
G1 X31.9921875 Y89.296875
G0 X23.642578125 Y89.296875
G1 X23.642578125 Y89.296875
G0 X20.0390625 Y89.296875
G1 X20.0390625 Y89.296875
G1 X20.0390625 Y89.384765625
G1 X20.126953125 Y89.384765625
G1 X20.21484375 Y89.296875
G0 X17.314453125 Y89.296875
G1 X17.314453125 Y89.296875
G0 X32.783203125 Y89.208984375
G1 X32.783203125 Y89.208984375
G1 X32.783203125 Y89.296875
G1 X32.6953125 Y89.384765625
G1 X32.51953125 Y89.384765625
G1 X32.431640625 Y89.47265625
G1 X32.16796875 Y89.47265625
G1 X32.080078125 Y89.560546875
G1 X31.9921875 Y89.47265625
G1 X31.904296875 Y89.47265625
G1 X31.81640625 Y89.560546875
G1 X31.728515625 Y89.47265625
G1 X31.640625 Y89.47265625
G1 X31.640625 Y89.6484375
G1 X31.728515625 Y89.560546875
G1 X31.904296875 Y89.560546875
G1 X31.9921875 Y89.6484375
G1 X32.080078125 Y89.560546875
G1 X32.16796875 Y89.560546875
G1 X32.255859375 Y89.47265625
G1 X32.431640625 Y89.47265625
G1 X32.51953125 Y89.384765625
G1 X32.607421875 Y89.47265625
G1 X32.783203125 Y89.296875
G1 X32.87109375 Y89.296875
G1 X32.958984375 Y89.384765625
G1 X32.958984375 Y89.296875
G1 X32.87109375 Y89.296875
G0 X32.431640625 Y89.208984375
G1 X32.431640625 Y89.208984375
G0 X32.16796875 Y89.208984375
G1 X32.16796875 Y89.208984375
G1 X32.16796875 Y89.296875
G1 X32.255859375 Y89.208984375
G0 X31.728515625 Y89.208984375
G1 X31.728515625 Y89.208984375
G1 X31.81640625 Y89.296875
G1 X31.81640625 Y89.208984375
G0 X31.46484375 Y89.208984375
G1 X31.46484375 Y89.208984375
G1 X31.552734375 Y89.296875
G1 X31.552734375 Y89.208984375
G0 X31.2890625 Y89.208984375
G1 X31.2890625 Y89.208984375
G0 X22.412109375 Y89.208984375
G1 X22.412109375 Y89.208984375
G1 X22.412109375 Y89.296875
G0 X19.775390625 Y89.208984375
G1 X19.775390625 Y89.208984375
G1 X19.775390625 Y89.296875
G0 X19.51171875 Y89.208984375
G1 X19.51171875 Y89.208984375
G0 X18.10546875 Y89.208984375
G1 X18.10546875 Y89.208984375
G1 X18.193359375 Y89.208984375
G0 X17.9296875 Y89.208984375
G1 X17.9296875 Y89.208984375
G0 X35.771484375 Y89.12109375
G1 X35.771484375 Y89.12109375
G1 X35.859375 Y89.208984375
G1 X35.859375 Y89.12109375
G0 X23.203125 Y89.12109375
G1 X23.203125 Y89.12109375
G1 X23.291015625 Y89.12109375
G0 X22.939453125 Y89.12109375
G1 X22.939453125 Y89.12109375
G1 X22.939453125 Y89.208984375
G1 X23.02734375 Y89.208984375
G0 X19.16015625 Y89.12109375
G1 X19.16015625 Y89.12109375
G1 X19.248046875 Y89.208984375
G0 X18.896484375 Y89.12109375
G1 X18.896484375 Y89.12109375
G0 X18.369140625 Y89.12109375
G1 X18.369140625 Y89.12109375
G1 X18.45703125 Y89.208984375
G1 X18.45703125 Y89.12109375
G0 X16.875 Y89.12109375
G1 X16.875 Y89.12109375
G0 X16.611328125 Y89.12109375
G1 X16.611328125 Y89.12109375
G1 X16.611328125 Y89.208984375
G0 X16.171875 Y89.12109375
G1 X16.171875 Y89.12109375
G1 X16.435546875 Y89.12109375
G0 X15.732421875 Y89.12109375
G1 X15.732421875 Y89.12109375
G1 X15.732421875 Y89.208984375
G1 X15.8203125 Y89.208984375
G1 X15.908203125 Y89.12109375
G1 X15.99609375 Y89.208984375
G1 X15.99609375 Y89.12109375
G0 X60.46875 Y89.033203125
G1 X60.46875 Y89.033203125
G1 X60.64453125 Y89.033203125
G1 X60.732421875 Y89.12109375
G1 X60.8203125 Y89.033203125
G1 X60.908203125 Y89.033203125
G1 X60.99609375 Y89.12109375
G1 X61.083984375 Y89.033203125
G1 X61.435546875 Y89.033203125
G1 X61.5234375 Y89.12109375
G1 X61.611328125 Y89.033203125
G1 X61.69921875 Y89.033203125
G1 X61.787109375 Y89.12109375
G1 X61.875 Y89.12109375
G1 X61.875 Y89.033203125
G0 X60.1171875 Y89.033203125
G1 X60.1171875 Y89.033203125
G1 X60.29296875 Y89.033203125
G0 X59.94140625 Y89.033203125
G1 X59.94140625 Y89.033203125
G0 X59.765625 Y89.033203125
G1 X59.765625 Y89.033203125
G0 X59.58984375 Y89.033203125
G1 X59.58984375 Y89.033203125
G0 X54.755859375 Y89.033203125
G1 X54.755859375 Y89.033203125
G1 X54.84375 Y89.033203125
G0 X54.4921875 Y89.033203125
G1 X54.4921875 Y89.033203125
G0 X54.228515625 Y89.033203125
G1 X54.228515625 Y89.033203125
G0 X36.123046875 Y89.033203125
G1 X36.123046875 Y89.033203125
G1 X36.123046875 Y89.12109375
G1 X36.2109375 Y89.12109375
G1 X36.2109375 Y89.033203125
G0 X35.15625 Y89.033203125
G1 X35.15625 Y89.033203125
G1 X35.068359375 Y89.12109375
G1 X35.15625 Y89.12109375
G1 X35.244140625 Y89.208984375
G1 X35.244140625 Y89.12109375
G0 X31.904296875 Y89.033203125
G1 X31.904296875 Y89.033203125
G1 X32.080078125 Y89.033203125
G0 X31.728515625 Y89.033203125
G1 X31.728515625 Y89.033203125
G0 X22.763671875 Y89.033203125
G1 X22.763671875 Y89.033203125
G0 X22.5 Y89.033203125
G1 X22.5 Y89.033203125
G0 X21.357421875 Y89.033203125
G1 X21.357421875 Y89.033203125
G1 X21.4453125 Y89.033203125
G0 X21.09375 Y89.033203125
G1 X21.09375 Y89.033203125
G0 X17.40234375 Y89.033203125
G1 X17.40234375 Y89.033203125
G0 X17.2265625 Y89.033203125
G1 X17.2265625 Y89.033203125
G0 X62.9296875 Y88.9453125
G1 X62.9296875 Y88.9453125
G1 X62.75390625 Y89.12109375
G1 X62.578125 Y89.12109375
G1 X62.490234375 Y89.033203125
G1 X62.40234375 Y89.12109375
G1 X62.314453125 Y89.033203125
G1 X62.2265625 Y89.12109375
G1 X62.138671875 Y89.033203125
G1 X62.05078125 Y89.033203125
G1 X62.05078125 Y89.12109375
G1 X62.9296875 Y89.12109375
G1 X63.017578125 Y89.208984375
G1 X63.45703125 Y89.208984375
G1 X63.10546875 Y89.208984375
G1 X63.017578125 Y89.12109375
G1 X62.9296875 Y89.12109375
G1 X62.841796875 Y89.033203125
G1 X62.9296875 Y88.9453125
G1 X63.017578125 Y88.9453125
G0 X56.337890625 Y88.9453125
G1 X56.337890625 Y88.9453125
G0 X55.546875 Y88.9453125
G1 X55.546875 Y88.9453125
G0 X53.96484375 Y88.9453125
G1 X53.96484375 Y88.9453125
G1 X53.96484375 Y89.033203125
G0 X31.201171875 Y88.9453125
G1 X31.201171875 Y88.9453125
G1 X31.11328125 Y89.033203125
G1 X31.025390625 Y89.033203125
G1 X31.025390625 Y89.12109375
G1 X30.9375 Y89.208984375
G1 X31.11328125 Y89.033203125
G1 X31.376953125 Y89.033203125
G1 X31.2890625 Y89.033203125
G0 X28.740234375 Y88.9453125
G1 X28.740234375 Y88.9453125
G1 X28.740234375 Y89.033203125
G1 X28.65234375 Y89.12109375
G1 X28.564453125 Y89.12109375
G1 X28.4765625 Y89.033203125
G1 X28.388671875 Y89.12109375
G1 X28.30078125 Y89.033203125
G1 X28.30078125 Y89.12109375
G1 X28.388671875 Y89.12109375
G1 X28.4765625 Y89.033203125
G1 X28.564453125 Y89.12109375
G1 X28.740234375 Y89.12109375
G1 X28.828125 Y89.033203125
G1 X29.00390625 Y89.208984375
G1 X29.091796875 Y89.12109375
G1 X29.091796875 Y89.033203125
G1 X29.1796875 Y88.9453125
G1 X29.267578125 Y89.033203125
G1 X29.267578125 Y89.296875
G1 X29.1796875 Y89.384765625
G1 X29.1796875 Y89.47265625
G1 X29.00390625 Y89.6484375
G1 X29.091796875 Y89.6484375
G1 X29.091796875 Y89.560546875
G1 X29.1796875 Y89.47265625
G1 X29.267578125 Y89.560546875
G1 X29.267578125 Y89.6484375
G1 X29.35546875 Y89.6484375
G1 X29.443359375 Y89.560546875
G1 X29.53125 Y89.560546875
G1 X29.619140625 Y89.6484375
G1 X29.8828125 Y89.6484375
G1 X29.970703125 Y89.560546875
G1 X30.05859375 Y89.560546875
G1 X30.146484375 Y89.6484375
G1 X30.234375 Y89.560546875
G1 X30.498046875 Y89.560546875
G1 X30.5859375 Y89.6484375
G1 X30.673828125 Y89.560546875
G1 X31.376953125 Y89.560546875
G1 X31.46484375 Y89.6484375
G1 X31.46484375 Y89.47265625
G1 X31.11328125 Y89.47265625
G1 X31.025390625 Y89.560546875
G1 X30.9375 Y89.47265625
G1 X30.5859375 Y89.47265625
G1 X30.498046875 Y89.560546875
G1 X30.41015625 Y89.47265625
G1 X30.234375 Y89.47265625
G1 X30.146484375 Y89.560546875
G1 X30.05859375 Y89.47265625
G1 X29.970703125 Y89.560546875
G1 X29.8828125 Y89.47265625
G1 X29.70703125 Y89.47265625
G1 X29.619140625 Y89.560546875
G1 X29.53125 Y89.47265625
G1 X29.35546875 Y89.47265625
G1 X29.267578125 Y89.560546875
G1 X29.1796875 Y89.47265625
G1 X29.1796875 Y89.384765625
G1 X29.267578125 Y89.296875
G1 X29.267578125 Y89.208984375
G1 X29.443359375 Y89.033203125
G1 X29.53125 Y89.12109375
G1 X29.53125 Y89.208984375
G1 X29.443359375 Y89.296875
G1 X29.53125 Y89.296875
G1 X29.53125 Y89.208984375
G1 X29.70703125 Y89.033203125
G1 X29.794921875 Y89.12109375
G1 X29.8828125 Y89.12109375
G1 X29.970703125 Y89.033203125
G1 X30.05859375 Y89.12109375
G1 X30.322265625 Y89.12109375
G1 X30.41015625 Y89.208984375
G1 X30.41015625 Y89.296875
G1 X30.5859375 Y89.296875
G1 X30.498046875 Y89.296875
G1 X30.322265625 Y89.12109375
G1 X30.41015625 Y89.033203125
G1 X30.673828125 Y89.033203125
G1 X30.76171875 Y89.12109375
G1 X30.849609375 Y89.033203125
G1 X30.76171875 Y89.12109375
G1 X30.673828125 Y89.033203125
G1 X30.5859375 Y89.033203125
G1 X30.498046875 Y88.9453125
G1 X30.41015625 Y89.033203125
G1 X29.970703125 Y89.033203125
G1 X29.8828125 Y88.9453125
G1 X29.8828125 Y89.033203125
G1 X29.794921875 Y89.12109375
G1 X29.619140625 Y88.9453125
G1 X29.619140625 Y89.033203125
G1 X29.53125 Y89.12109375
G1 X29.443359375 Y89.033203125
G1 X29.35546875 Y89.12109375
G1 X29.1796875 Y88.9453125
G1 X29.00390625 Y89.12109375
G1 X28.916015625 Y89.033203125
G1 X28.828125 Y89.033203125
G0 X24.43359375 Y88.9453125
G1 X24.43359375 Y88.9453125
G0 X18.10546875 Y88.9453125
G1 X18.10546875 Y88.9453125
G1 X18.193359375 Y88.9453125
G0 X17.841796875 Y88.9453125
G1 X17.841796875 Y88.9453125
G1 X17.9296875 Y88.9453125
G0 X17.578125 Y88.9453125
G1 X17.578125 Y88.9453125
G1 X17.666015625 Y89.033203125
G0 X63.896484375 Y88.857421875
G1 X63.896484375 Y88.857421875
G1 X63.80859375 Y88.9453125
G1 X63.193359375 Y88.9453125
G1 X63.80859375 Y88.9453125
G1 X63.896484375 Y89.033203125
G1 X63.984375 Y89.033203125
G1 X63.984375 Y88.9453125
G0 X35.33203125 Y88.857421875
G1 X35.33203125 Y88.857421875
G1 X35.33203125 Y88.9453125
G1 X35.419921875 Y88.9453125
G0 X24.697265625 Y88.857421875
G1 X24.697265625 Y88.857421875
G0 X24.169921875 Y88.857421875
G1 X24.169921875 Y88.857421875
G0 X21.97265625 Y88.857421875
G1 X21.97265625 Y88.857421875
G1 X21.97265625 Y88.9453125
G1 X22.060546875 Y88.857421875
G1 X22.1484375 Y88.9453125
G1 X22.236328125 Y88.9453125
G1 X22.1484375 Y88.9453125
G1 X22.060546875 Y88.857421875
G0 X21.62109375 Y88.857421875
G1 X21.62109375 Y88.857421875
G1 X21.708984375 Y88.857421875
G0 X20.56640625 Y88.857421875
G1 X20.56640625 Y88.857421875
G0 X20.390625 Y88.857421875
G1 X20.390625 Y88.857421875
G1 X20.302734375 Y88.9453125
G1 X20.21484375 Y88.9453125
G1 X20.302734375 Y88.9453125
G0 X20.0390625 Y88.857421875
G1 X20.0390625 Y88.857421875
G0 X19.775390625 Y88.857421875
G1 X19.775390625 Y88.857421875
G0 X19.599609375 Y88.857421875
G1 X19.599609375 Y88.857421875
G0 X19.16015625 Y88.857421875
G1 X19.16015625 Y88.857421875
G0 X18.896484375 Y88.857421875
G1 X18.896484375 Y88.857421875
G0 X18.45703125 Y88.857421875
G1 X18.45703125 Y88.857421875
G1 X18.6328125 Y88.857421875
G0 X17.314453125 Y88.857421875
G1 X17.314453125 Y88.857421875
G1 X17.40234375 Y88.857421875
G0 X63.6328125 Y88.76953125
G1 X63.6328125 Y88.76953125
G0 X62.578125 Y88.76953125
G1 X62.578125 Y88.76953125
G1 X62.578125 Y88.857421875
G1 X62.666015625 Y88.857421875
G1 X62.75390625 Y88.76953125
G1 X62.666015625 Y88.857421875
G0 X62.40234375 Y88.76953125
G1 X62.40234375 Y88.76953125
G0 X62.138671875 Y88.76953125
G1 X62.138671875 Y88.76953125
G0 X55.1953125 Y88.76953125
G1 X55.1953125 Y88.76953125
G0 X54.931640625 Y88.76953125
G1 X54.931640625 Y88.76953125
G0 X54.66796875 Y88.76953125
G1 X54.66796875 Y88.76953125
G1 X54.66796875 Y88.857421875
G1 X54.755859375 Y88.857421875
G1 X54.755859375 Y88.76953125
G0 X54.31640625 Y88.76953125
G1 X54.31640625 Y88.76953125
G1 X54.31640625 Y88.857421875
G1 X54.404296875 Y88.76953125
G0 X53.7890625 Y88.76953125
G1 X53.7890625 Y88.76953125
G1 X53.876953125 Y88.76953125
G0 X34.1015625 Y88.76953125
G1 X34.1015625 Y88.76953125
G1 X34.1015625 Y88.857421875
G1 X34.189453125 Y88.76953125
G0 X33.837890625 Y88.76953125
G1 X33.837890625 Y88.76953125
G1 X33.837890625 Y88.857421875
G1 X33.75 Y88.9453125
G1 X33.486328125 Y88.9453125
G1 X33.3984375 Y89.033203125
G1 X33.310546875 Y89.033203125
G1 X33.3984375 Y89.033203125
G1 X33.486328125 Y88.9453125
G1 X33.57421875 Y88.9453125
G1 X33.662109375 Y89.033203125
G1 X33.57421875 Y89.12109375
G1 X33.57421875 Y89.208984375
G1 X33.486328125 Y89.296875
G1 X33.310546875 Y89.296875
G1 X33.22265625 Y89.208984375
G1 X33.134765625 Y89.208984375
G1 X33.046875 Y89.12109375
G1 X33.046875 Y88.9453125
G1 X32.958984375 Y89.033203125
G1 X32.255859375 Y89.033203125
G1 X32.958984375 Y89.033203125
G1 X33.134765625 Y89.208984375
G1 X33.134765625 Y89.296875
G1 X33.22265625 Y89.384765625
G1 X33.310546875 Y89.296875
G1 X33.3984375 Y89.384765625
G1 X33.486328125 Y89.384765625
G1 X33.57421875 Y89.296875
G1 X33.662109375 Y89.296875
G1 X33.75 Y89.384765625
G1 X33.662109375 Y89.47265625
G1 X33.75 Y89.560546875
G1 X33.662109375 Y89.6484375
G1 X33.486328125 Y89.6484375
G1 X33.3984375 Y89.560546875
G1 X33.310546875 Y89.6484375
G1 X33.22265625 Y89.6484375
G1 X33.134765625 Y89.560546875
G1 X33.046875 Y89.6484375
G1 X32.958984375 Y89.6484375
G1 X32.87109375 Y89.560546875
G1 X32.87109375 Y89.6484375
G1 X32.958984375 Y89.736328125
G1 X33.046875 Y89.736328125
G1 X33.134765625 Y89.6484375
G1 X33.310546875 Y89.6484375
G1 X33.3984375 Y89.736328125
G1 X33.486328125 Y89.6484375
G1 X33.75 Y89.6484375
G1 X33.92578125 Y89.82421875
G1 X33.837890625 Y89.736328125
G1 X33.837890625 Y89.6484375
G1 X33.92578125 Y89.560546875
G1 X34.013671875 Y89.560546875
G1 X34.1015625 Y89.6484375
G1 X34.1015625 Y89.82421875
G1 X34.189453125 Y89.82421875
G1 X34.27734375 Y89.912109375
G1 X34.27734375 Y89.82421875
G1 X34.189453125 Y89.82421875
G1 X34.1015625 Y89.736328125
G1 X34.1015625 Y89.6484375
G1 X34.189453125 Y89.560546875
G1 X34.365234375 Y89.560546875
G1 X34.453125 Y89.6484375
G1 X34.453125 Y89.82421875
G1 X34.62890625 Y89.82421875
G1 X34.541015625 Y89.82421875
G1 X34.453125 Y89.736328125
G1 X34.453125 Y89.6484375
G1 X34.365234375 Y89.560546875
G1 X34.365234375 Y89.47265625
G1 X34.27734375 Y89.47265625
G1 X34.189453125 Y89.560546875
G1 X34.1015625 Y89.47265625
G1 X34.013671875 Y89.47265625
G1 X33.837890625 Y89.6484375
G1 X33.75 Y89.560546875
G1 X33.75 Y89.384765625
G1 X33.837890625 Y89.296875
G1 X33.92578125 Y89.296875
G1 X33.662109375 Y89.296875
G1 X33.57421875 Y89.208984375
G1 X33.57421875 Y89.12109375
G1 X33.662109375 Y89.033203125
G1 X33.837890625 Y89.033203125
G1 X33.92578125 Y89.12109375
G1 X33.92578125 Y89.033203125
G1 X33.837890625 Y89.033203125
G1 X33.75 Y88.9453125
G1 X33.92578125 Y88.76953125
G0 X33.22265625 Y88.76953125
G1 X33.22265625 Y88.76953125
G1 X33.22265625 Y88.857421875
G1 X33.310546875 Y88.857421875
G0 X32.51953125 Y88.76953125
G1 X32.51953125 Y88.76953125
G0 X32.255859375 Y88.76953125
G1 X32.255859375 Y88.76953125
G0 X31.904296875 Y88.76953125
G1 X31.904296875 Y88.76953125
G0 X31.552734375 Y88.76953125
G1 X31.552734375 Y88.76953125
G0 X28.564453125 Y88.76953125
G1 X28.564453125 Y88.76953125
G0 X27.94921875 Y88.76953125
G1 X27.94921875 Y88.76953125
G0 X24.9609375 Y88.76953125
G1 X24.9609375 Y88.76953125
G0 X23.818359375 Y88.76953125
G1 X23.818359375 Y88.76953125
G0 X22.8515625 Y88.76953125
G1 X22.8515625 Y88.76953125
G1 X23.5546875 Y88.76953125
G0 X22.587890625 Y88.76953125
G1 X22.587890625 Y88.76953125
G1 X22.67578125 Y88.76953125
G0 X22.32421875 Y88.76953125
G1 X22.32421875 Y88.76953125
G0 X21.26953125 Y88.76953125
G1 X21.26953125 Y88.76953125
G1 X21.357421875 Y88.76953125
G0 X20.830078125 Y88.76953125
G1 X20.830078125 Y88.76953125
G1 X20.830078125 Y88.857421875
G0 X19.3359375 Y88.76953125
G1 X19.3359375 Y88.76953125
G1 X19.423828125 Y88.857421875
G1 X19.423828125 Y88.9453125
G1 X19.51171875 Y89.033203125
G1 X19.599609375 Y89.033203125
G1 X19.51171875 Y89.033203125
G1 X19.423828125 Y88.9453125
G1 X19.423828125 Y88.857421875
G0 X17.666015625 Y88.76953125
G1 X17.666015625 Y88.76953125
G0 X17.138671875 Y88.76953125
G1 X17.138671875 Y88.76953125
G1 X17.05078125 Y88.857421875
G1 X16.875 Y88.857421875
G1 X17.138671875 Y88.857421875
G0 X63.369140625 Y88.681640625
G1 X63.369140625 Y88.681640625
G0 X63.10546875 Y88.681640625
G1 X63.10546875 Y88.681640625
G0 X61.259765625 Y88.681640625
G1 X61.259765625 Y88.681640625
G0 X54.140625 Y88.681640625
G1 X54.140625 Y88.681640625
G1 X54.140625 Y88.76953125
G0 X34.453125 Y88.681640625
G1 X34.453125 Y88.681640625
G1 X34.453125 Y88.76953125
G1 X34.541015625 Y88.681640625
G1 X34.62890625 Y88.681640625
G1 X34.716796875 Y88.76953125
G1 X34.716796875 Y88.857421875
G1 X34.892578125 Y89.033203125
G1 X34.8046875 Y89.12109375
G1 X34.716796875 Y89.12109375
G1 X34.62890625 Y89.033203125
G1 X34.453125 Y89.033203125
G1 X34.365234375 Y88.9453125
G1 X34.27734375 Y88.9453125
G1 X34.189453125 Y89.033203125
G1 X34.189453125 Y89.12109375
G1 X34.1015625 Y89.208984375
G1 X34.1015625 Y89.296875
G1 X34.189453125 Y89.296875
G1 X34.189453125 Y89.12109375
G1 X34.27734375 Y89.033203125
G1 X34.62890625 Y89.033203125
G1 X34.716796875 Y89.12109375
G1 X34.716796875 Y89.296875
G1 X34.62890625 Y89.384765625
G1 X34.453125 Y89.208984375
G1 X34.365234375 Y89.296875
G1 X34.541015625 Y89.296875
G1 X34.62890625 Y89.384765625
G1 X34.716796875 Y89.384765625
G1 X34.716796875 Y89.296875
G1 X34.8046875 Y89.208984375
G1 X34.8046875 Y89.12109375
G1 X34.892578125 Y89.033203125
G1 X34.892578125 Y88.9453125
G1 X34.98046875 Y88.857421875
G1 X35.068359375 Y88.857421875
G1 X34.8046875 Y88.857421875
G1 X34.62890625 Y88.681640625
G0 X33.57421875 Y88.681640625
G1 X33.57421875 Y88.681640625
G1 X33.662109375 Y88.681640625
G0 X32.783203125 Y88.681640625
G1 X32.783203125 Y88.681640625
G0 X24.521484375 Y88.681640625
G1 X24.521484375 Y88.681640625
G0 X22.1484375 Y88.681640625
G1 X22.1484375 Y88.681640625
G0 X62.2265625 Y88.59375
G1 X62.2265625 Y88.59375
G0 X61.962890625 Y88.59375
G1 X61.962890625 Y88.59375
G0 X61.083984375 Y88.59375
G1 X61.083984375 Y88.59375
G0 X58.271484375 Y88.59375
G1 X58.271484375 Y88.59375
G0 X21.97265625 Y88.59375
G1 X21.97265625 Y88.59375
G0 X18.720703125 Y88.59375
G1 X18.720703125 Y88.59375
G0 X16.34765625 Y88.59375
G1 X16.34765625 Y88.59375
G0 X63.28125 Y88.505859375
G1 X63.28125 Y88.505859375
G0 X61.69921875 Y88.505859375
G1 X61.69921875 Y88.505859375
G0 X61.435546875 Y88.505859375
G1 X61.435546875 Y88.505859375
G1 X61.435546875 Y88.59375
G0 X58.53515625 Y88.505859375
G1 X58.53515625 Y88.505859375
G0 X58.0078125 Y88.505859375
G1 X58.0078125 Y88.505859375
G1 X58.0078125 Y88.59375
G0 X57.744140625 Y88.505859375
G1 X57.744140625 Y88.505859375
G0 X57.392578125 Y88.505859375
G1 X57.392578125 Y88.505859375
G0 X54.4921875 Y88.505859375
G1 X54.4921875 Y88.505859375
G1 X54.4921875 Y88.59375
G0 X53.26171875 Y88.505859375
G1 X53.26171875 Y88.505859375
G1 X53.349609375 Y88.505859375
G0 X52.20703125 Y88.505859375
G1 X52.20703125 Y88.505859375
G1 X52.294921875 Y88.505859375
G0 X32.607421875 Y88.505859375
G1 X32.607421875 Y88.505859375
G0 X32.16796875 Y88.505859375
G1 X32.16796875 Y88.505859375
G1 X32.34375 Y88.505859375
G0 X31.201171875 Y88.505859375
G1 X31.201171875 Y88.505859375
G0 X31.025390625 Y88.505859375
G1 X31.025390625 Y88.505859375
G0 X30.41015625 Y88.505859375
G1 X30.41015625 Y88.505859375
G0 X29.970703125 Y88.505859375
G1 X29.970703125 Y88.505859375
G0 X21.708984375 Y88.505859375
G1 X21.708984375 Y88.505859375
G0 X20.302734375 Y88.505859375
G1 X20.302734375 Y88.505859375
G1 X20.390625 Y88.59375
G0 X16.611328125 Y88.505859375
G1 X16.611328125 Y88.505859375
G1 X16.69921875 Y88.505859375
G0 X63.984375 Y88.41796875
G1 X63.984375 Y88.41796875
G1 X63.984375 Y88.505859375
G1 X64.072265625 Y88.505859375
G1 X64.072265625 Y88.41796875
G0 X63.544921875 Y88.41796875
G1 X63.544921875 Y88.41796875
G1 X63.45703125 Y88.505859375
G1 X63.544921875 Y88.505859375
G1 X63.6328125 Y88.41796875
G1 X63.720703125 Y88.505859375
G1 X63.80859375 Y88.505859375
G1 X63.80859375 Y88.41796875
G1 X63.720703125 Y88.505859375
G1 X63.6328125 Y88.41796875
G0 X62.9296875 Y88.41796875
G1 X62.9296875 Y88.41796875
G1 X63.017578125 Y88.505859375
G1 X63.017578125 Y88.41796875
G0 X62.75390625 Y88.41796875
G1 X62.75390625 Y88.41796875
G0 X62.578125 Y88.41796875
G1 X62.578125 Y88.41796875
G1 X62.578125 Y88.505859375
G0 X54.228515625 Y88.41796875
G1 X54.228515625 Y88.41796875
G1 X54.228515625 Y88.505859375
G0 X54.052734375 Y88.41796875
G1 X54.052734375 Y88.41796875
G1 X53.96484375 Y88.505859375
G0 X53.61328125 Y88.41796875
G1 X53.61328125 Y88.41796875
G1 X53.61328125 Y88.505859375
G1 X53.701171875 Y88.505859375
G1 X53.701171875 Y88.41796875
G0 X33.486328125 Y88.41796875
G1 X33.486328125 Y88.41796875
G1 X33.3984375 Y88.505859375
G1 X33.3984375 Y88.59375
G1 X33.3984375 Y88.505859375
G1 X33.486328125 Y88.41796875
G1 X33.57421875 Y88.41796875
G0 X16.875 Y88.41796875
G1 X16.875 Y88.41796875
G0 X16.171875 Y88.41796875
G1 X16.171875 Y88.41796875
G0 X15.908203125 Y88.41796875
G1 X15.908203125 Y88.41796875
G0 X15.64453125 Y88.41796875
G1 X15.64453125 Y88.41796875
G1 X15.732421875 Y88.41796875
G0 X64.248046875 Y88.330078125
G1 X64.248046875 Y88.330078125
G0 X61.435546875 Y88.330078125
G1 X61.435546875 Y88.330078125
G0 X60.380859375 Y88.330078125
G1 X60.380859375 Y88.330078125
G0 X56.513671875 Y88.330078125
G1 X56.513671875 Y88.330078125
G0 X34.189453125 Y88.330078125
G1 X34.189453125 Y88.330078125
G1 X34.189453125 Y88.41796875
G1 X34.27734375 Y88.41796875
G1 X34.27734375 Y88.330078125
G0 X62.2265625 Y88.2421875
G1 X62.2265625 Y88.2421875
G1 X62.40234375 Y88.2421875
G0 X61.787109375 Y88.2421875
G1 X61.787109375 Y88.2421875
G0 X61.083984375 Y88.2421875
G1 X61.083984375 Y88.2421875
G0 X60.732421875 Y88.2421875
G1 X60.732421875 Y88.2421875
G0 X57.744140625 Y88.2421875
G1 X57.744140625 Y88.2421875
G0 X54.404296875 Y88.2421875
G1 X54.404296875 Y88.2421875
G0 X53.876953125 Y88.2421875
G1 X53.876953125 Y88.2421875
G0 X33.837890625 Y88.2421875
G1 X33.837890625 Y88.2421875
G1 X33.92578125 Y88.330078125
G1 X33.92578125 Y88.41796875
G1 X33.837890625 Y88.505859375
G1 X33.75 Y88.505859375
G1 X33.837890625 Y88.505859375
G1 X33.92578125 Y88.41796875
G1 X34.013671875 Y88.41796875
G1 X34.013671875 Y88.330078125
G1 X33.92578125 Y88.330078125
G0 X33.310546875 Y88.2421875
G1 X33.310546875 Y88.2421875
G0 X32.16796875 Y88.2421875
G1 X32.16796875 Y88.2421875
G0 X31.9921875 Y88.2421875
G1 X31.9921875 Y88.2421875
G0 X31.728515625 Y88.2421875
G1 X31.728515625 Y88.2421875
G0 X31.46484375 Y88.2421875
G1 X31.46484375 Y88.2421875
G0 X22.236328125 Y88.2421875
G1 X22.236328125 Y88.2421875
G0 X63.10546875 Y88.154296875
G1 X63.10546875 Y88.154296875
G0 X53.4375 Y88.154296875
G1 X53.4375 Y88.154296875
G1 X53.349609375 Y88.2421875
G1 X53.525390625 Y88.2421875
G0 X39.0234375 Y88.154296875
G1 X39.0234375 Y88.154296875
G1 X39.0234375 Y88.2421875
G0 X38.14453125 Y88.154296875
G1 X38.14453125 Y88.154296875
G1 X38.232421875 Y88.154296875
G0 X36.123046875 Y88.154296875
G1 X36.123046875 Y88.154296875
G0 X34.892578125 Y88.154296875
G1 X34.892578125 Y88.154296875
G1 X34.98046875 Y88.154296875
G0 X34.013671875 Y88.154296875
G1 X34.013671875 Y88.154296875
G0 X32.34375 Y88.154296875
G1 X32.34375 Y88.154296875
G0 X15.380859375 Y88.154296875
G1 X15.380859375 Y88.154296875
G0 X64.3359375 Y88.06640625
G1 X64.3359375 Y88.06640625
G1 X64.3359375 Y88.154296875
G1 X64.423828125 Y88.154296875
G1 X64.51171875 Y88.06640625
G1 X64.599609375 Y88.154296875
G1 X64.6875 Y88.154296875
G1 X64.6875 Y88.06640625
G1 X64.51171875 Y88.06640625
G1 X64.423828125 Y88.154296875
G0 X63.984375 Y88.06640625
G1 X63.984375 Y88.06640625
G1 X64.072265625 Y88.06640625
G0 X63.45703125 Y88.06640625
G1 X63.45703125 Y88.06640625
G1 X63.45703125 Y88.154296875
G0 X62.578125 Y88.06640625
G1 X62.578125 Y88.06640625
G1 X62.666015625 Y88.154296875
G1 X62.75390625 Y88.154296875
G1 X62.75390625 Y88.06640625
G1 X62.666015625 Y88.154296875
G0 X62.05078125 Y88.06640625
G1 X62.05078125 Y88.06640625
G1 X62.138671875 Y88.06640625
G0 X61.875 Y88.06640625
G1 X61.875 Y88.06640625
G0 X61.611328125 Y88.06640625
G1 X61.611328125 Y88.06640625
G0 X61.34765625 Y88.06640625
G1 X61.34765625 Y88.06640625
G1 X61.435546875 Y88.06640625
G0 X61.171875 Y88.06640625
G1 X61.171875 Y88.06640625
G0 X60.8203125 Y88.06640625
G1 X60.8203125 Y88.06640625
G0 X60.380859375 Y88.06640625
G1 X60.380859375 Y88.06640625
G0 X60.1171875 Y88.06640625
G1 X60.1171875 Y88.06640625
G0 X59.853515625 Y88.06640625
G1 X59.853515625 Y88.06640625
G0 X59.58984375 Y88.06640625
G1 X59.58984375 Y88.06640625
G1 X59.677734375 Y88.06640625
G0 X59.0625 Y88.06640625
G1 X59.0625 Y88.06640625
G1 X59.150390625 Y88.154296875
G1 X59.23828125 Y88.154296875
G1 X59.150390625 Y88.06640625
G0 X58.798828125 Y88.06640625
G1 X58.798828125 Y88.06640625
G1 X58.7109375 Y88.154296875
G1 X58.798828125 Y88.06640625
G1 X58.88671875 Y88.154296875
G1 X58.88671875 Y88.06640625
G0 X58.271484375 Y88.06640625
G1 X58.271484375 Y88.06640625
G1 X58.271484375 Y88.154296875
G1 X58.53515625 Y88.154296875
G1 X58.447265625 Y88.154296875
G1 X58.359375 Y88.06640625
G0 X58.0078125 Y88.06640625
G1 X58.0078125 Y88.06640625
G1 X57.919921875 Y88.154296875
G1 X58.095703125 Y88.154296875
G0 X55.634765625 Y88.06640625
G1 X55.634765625 Y88.06640625
G1 X55.634765625 Y88.154296875
G1 X55.72265625 Y88.06640625
G1 X55.810546875 Y88.154296875
G1 X55.8984375 Y88.06640625
G0 X54.228515625 Y88.06640625
G1 X54.228515625 Y88.06640625
G1 X54.228515625 Y88.154296875
G0 X53.96484375 Y88.06640625
G1 X53.96484375 Y88.06640625
G1 X54.052734375 Y88.06640625
G0 X53.61328125 Y88.06640625
G1 X53.61328125 Y88.06640625
G1 X53.701171875 Y88.06640625
G0 X52.03125 Y88.06640625
G1 X52.03125 Y88.06640625
G1 X52.119140625 Y88.06640625
G0 X36.5625 Y88.06640625
G1 X36.5625 Y88.06640625
G1 X36.650390625 Y88.06640625
G0 X35.859375 Y88.06640625
G1 X35.859375 Y88.06640625
G1 X35.947265625 Y88.06640625
G0 X35.68359375 Y88.06640625
G1 X35.68359375 Y88.06640625
G0 X34.716796875 Y88.06640625
G1 X34.716796875 Y88.06640625
G0 X34.365234375 Y88.06640625
G1 X34.365234375 Y88.06640625
G1 X34.453125 Y88.06640625
G0 X27.333984375 Y88.06640625
G1 X27.333984375 Y88.06640625
G0 X26.806640625 Y88.06640625
G1 X26.806640625 Y88.06640625
G1 X27.0703125 Y88.06640625
G0 X14.94140625 Y88.06640625
G1 X14.94140625 Y88.06640625
G0 X14.58984375 Y88.06640625
G1 X14.58984375 Y88.06640625
G1 X14.58984375 Y88.154296875
G0 X14.23828125 Y88.06640625
G1 X14.23828125 Y88.06640625
G1 X14.23828125 Y88.154296875
G1 X14.326171875 Y88.06640625
G1 X14.4140625 Y88.06640625
G0 X63.720703125 Y87.978515625
G1 X63.720703125 Y87.978515625
G1 X63.720703125 Y88.06640625
G0 X56.337890625 Y87.978515625
G1 X56.337890625 Y87.978515625
G1 X56.25 Y88.06640625
G1 X56.162109375 Y88.06640625
G1 X57.392578125 Y88.06640625
G1 X57.48046875 Y88.154296875
G1 X57.568359375 Y88.154296875
G1 X57.65625 Y88.06640625
G1 X57.65625 Y87.978515625
G1 X57.48046875 Y88.154296875
G1 X57.3046875 Y87.978515625
G1 X57.216796875 Y88.06640625
G1 X56.953125 Y88.06640625
G1 X56.865234375 Y87.978515625
G1 X56.77734375 Y88.06640625
G1 X56.689453125 Y87.978515625
G1 X56.6015625 Y88.06640625
G1 X56.513671875 Y88.06640625
G1 X56.42578125 Y87.978515625
G0 X54.404296875 Y87.978515625
G1 X54.404296875 Y87.978515625
G1 X54.4921875 Y88.06640625
G1 X54.4921875 Y87.978515625
G0 X52.3828125 Y87.978515625
G1 X52.3828125 Y87.978515625
G1 X52.294921875 Y88.06640625
G1 X52.470703125 Y88.06640625
G0 X38.84765625 Y87.978515625
G1 X38.84765625 Y87.978515625
G1 X38.935546875 Y87.978515625
G0 X38.3203125 Y87.978515625
G1 X38.3203125 Y87.978515625
G0 X37.353515625 Y87.978515625
G1 X37.353515625 Y87.978515625
G1 X37.44140625 Y88.06640625
G0 X37.177734375 Y87.978515625
G1 X37.177734375 Y87.978515625
G1 X37.08984375 Y88.06640625
G1 X37.177734375 Y88.06640625
G0 X36.9140625 Y87.978515625
G1 X36.9140625 Y87.978515625
G0 X36.38671875 Y87.978515625
G1 X36.38671875 Y87.978515625
G1 X36.38671875 Y88.06640625
G0 X35.419921875 Y87.978515625
G1 X35.419921875 Y87.978515625
G1 X35.33203125 Y88.06640625
G1 X35.419921875 Y88.06640625
G0 X15.8203125 Y87.978515625
G1 X15.8203125 Y87.978515625
G0 X63.28125 Y87.890625
G1 X63.28125 Y87.890625
G0 X58.447265625 Y87.890625
G1 X58.447265625 Y87.890625
G0 X56.07421875 Y87.890625
G1 X56.07421875 Y87.890625
G0 X55.107421875 Y87.890625
G1 X55.107421875 Y87.890625
G1 X55.1953125 Y87.978515625
G1 X55.107421875 Y88.06640625
G1 X55.01953125 Y88.06640625
G1 X54.931640625 Y87.978515625
G1 X54.84375 Y88.06640625
G1 X54.755859375 Y88.06640625
G1 X54.66796875 Y88.154296875
G1 X54.66796875 Y88.2421875
G1 X54.66796875 Y88.154296875
G1 X54.755859375 Y88.06640625
G1 X54.84375 Y88.154296875
G1 X54.931640625 Y88.06640625
G1 X55.01953125 Y88.154296875
G1 X55.107421875 Y88.154296875
G1 X55.107421875 Y88.06640625
G1 X55.1953125 Y87.978515625
G1 X55.37109375 Y88.154296875
G1 X55.458984375 Y88.06640625
G1 X55.37109375 Y87.978515625
G1 X55.283203125 Y88.06640625
G1 X55.1953125 Y87.978515625
G1 X55.1953125 Y87.890625
G0 X53.7890625 Y87.890625
G1 X53.7890625 Y87.890625
G1 X53.876953125 Y87.890625
G0 X53.4375 Y87.890625
G1 X53.4375 Y87.890625
G1 X53.349609375 Y87.978515625
G1 X53.26171875 Y87.978515625
G1 X53.173828125 Y88.06640625
G1 X53.26171875 Y88.06640625
G1 X53.4375 Y87.890625
G1 X53.525390625 Y87.890625
G0 X52.998046875 Y87.890625
G1 X52.998046875 Y87.890625
G1 X53.0859375 Y87.890625
G0 X39.19921875 Y87.890625
G1 X39.19921875 Y87.890625
G1 X39.111328125 Y87.978515625
G1 X39.19921875 Y87.890625
G1 X39.287109375 Y87.890625
G1 X39.375 Y87.978515625
G1 X39.287109375 Y87.890625
G0 X38.056640625 Y87.890625
G1 X38.056640625 Y87.890625
G0 X35.068359375 Y87.890625
G1 X35.068359375 Y87.890625
G1 X35.15625 Y87.890625
G0 X33.75 Y87.890625
G1 X33.75 Y87.890625
G0 X33.486328125 Y87.890625
G1 X33.486328125 Y87.890625
G1 X33.57421875 Y87.890625
G0 X22.236328125 Y87.890625
G1 X22.236328125 Y87.890625
G0 X21.796875 Y87.890625
G1 X21.796875 Y87.890625
G0 X63.896484375 Y87.802734375
G1 X63.896484375 Y87.802734375
G1 X63.896484375 Y87.890625
G1 X63.984375 Y87.802734375
G0 X63.544921875 Y87.802734375
G1 X63.544921875 Y87.802734375
G1 X63.6328125 Y87.802734375
G0 X58.7109375 Y87.802734375
G1 X58.7109375 Y87.802734375
G0 X57.919921875 Y87.802734375
G1 X57.919921875 Y87.802734375
G1 X57.919921875 Y87.890625
G1 X58.0078125 Y87.802734375
G1 X58.095703125 Y87.890625
G1 X58.0078125 Y87.802734375
G0 X57.744140625 Y87.802734375
G1 X57.744140625 Y87.802734375
G0 X57.568359375 Y87.802734375
G1 X57.568359375 Y87.802734375
G0 X54.84375 Y87.802734375
G1 X54.84375 Y87.802734375
G0 X54.140625 Y87.802734375
G1 X54.140625 Y87.802734375
G0 X52.470703125 Y87.802734375
G1 X52.470703125 Y87.802734375
G1 X52.55859375 Y87.802734375
G0 X51.85546875 Y87.802734375
G1 X51.85546875 Y87.802734375
G1 X51.943359375 Y87.802734375
G0 X50.625 Y87.802734375
G1 X50.625 Y87.802734375
G1 X50.712890625 Y87.802734375
G0 X49.833984375 Y87.802734375
G1 X49.833984375 Y87.802734375
G1 X50.009765625 Y87.802734375
G0 X40.95703125 Y87.802734375
G1 X40.95703125 Y87.802734375
G1 X41.044921875 Y87.802734375
G1 X41.1328125 Y87.890625
G1 X41.396484375 Y87.890625
G1 X41.30859375 Y87.890625
G1 X41.220703125 Y87.802734375
G0 X38.49609375 Y87.802734375
G1 X38.49609375 Y87.802734375
G1 X38.583984375 Y87.890625
G0 X37.705078125 Y87.802734375
G1 X37.705078125 Y87.802734375
G0 X36.73828125 Y87.802734375
G1 X36.73828125 Y87.802734375
G0 X36.474609375 Y87.802734375
G1 X36.474609375 Y87.802734375
G1 X36.5625 Y87.802734375
G0 X36.2109375 Y87.802734375
G1 X36.2109375 Y87.802734375
G1 X36.123046875 Y87.890625
G0 X35.771484375 Y87.802734375
G1 X35.771484375 Y87.802734375
G0 X34.892578125 Y87.802734375
G1 X34.892578125 Y87.802734375
G1 X34.892578125 Y87.890625
G0 X34.541015625 Y87.802734375
G1 X34.541015625 Y87.802734375
G1 X34.62890625 Y87.802734375
G0 X34.27734375 Y87.802734375
G1 X34.27734375 Y87.802734375
G1 X34.189453125 Y87.890625
G1 X34.1015625 Y87.890625
G1 X34.189453125 Y87.890625
G0 X19.248046875 Y87.802734375
G1 X19.248046875 Y87.802734375
G0 X18.28125 Y87.802734375
G1 X18.28125 Y87.802734375
G0 X64.16015625 Y87.71484375
G1 X64.16015625 Y87.71484375
G1 X64.16015625 Y87.802734375
G1 X64.248046875 Y87.802734375
G1 X64.3359375 Y87.890625
G1 X64.423828125 Y87.890625
G1 X64.423828125 Y87.802734375
G1 X64.248046875 Y87.802734375
G0 X61.259765625 Y87.71484375
G1 X61.259765625 Y87.71484375
G0 X59.23828125 Y87.71484375
G1 X59.23828125 Y87.71484375
G1 X59.4140625 Y87.71484375
G0 X56.689453125 Y87.71484375
G1 X56.689453125 Y87.71484375
G1 X56.6015625 Y87.802734375
G0 X55.72265625 Y87.71484375
G1 X55.72265625 Y87.71484375
G1 X55.72265625 Y87.802734375
G1 X55.810546875 Y87.802734375
G1 X55.8984375 Y87.890625
G0 X53.26171875 Y87.71484375
G1 X53.26171875 Y87.71484375
G1 X53.349609375 Y87.71484375
G0 X52.734375 Y87.71484375
G1 X52.734375 Y87.71484375
G1 X52.998046875 Y87.71484375
G0 X52.20703125 Y87.71484375
G1 X52.20703125 Y87.71484375
G1 X52.20703125 Y87.802734375
G1 X52.294921875 Y87.71484375
G0 X39.814453125 Y87.71484375
G1 X39.814453125 Y87.71484375
G1 X39.7265625 Y87.802734375
G1 X39.814453125 Y87.71484375
G1 X39.90234375 Y87.802734375
G1 X39.990234375 Y87.802734375
G1 X40.166015625 Y87.978515625
G1 X40.166015625 Y87.890625
G1 X40.078125 Y87.890625
G1 X39.990234375 Y87.802734375
G1 X39.90234375 Y87.802734375
G0 X38.935546875 Y87.71484375
G1 X38.935546875 Y87.71484375
G0 X38.232421875 Y87.71484375
G1 X38.232421875 Y87.71484375
G0 X37.08984375 Y87.71484375
G1 X37.08984375 Y87.71484375
G1 X37.08984375 Y87.802734375
G1 X37.177734375 Y87.71484375
G0 X35.33203125 Y87.71484375
G1 X35.33203125 Y87.71484375
G1 X35.419921875 Y87.802734375
G1 X35.419921875 Y87.71484375
G0 X17.314453125 Y87.71484375
G1 X17.314453125 Y87.71484375
G0 X66.4453125 Y87.626953125
G1 X66.4453125 Y87.626953125
G1 X66.533203125 Y87.626953125
G0 X64.51171875 Y87.626953125
G1 X64.51171875 Y87.626953125
G1 X64.599609375 Y87.626953125
G0 X59.0625 Y87.626953125
G1 X59.0625 Y87.626953125
G0 X56.953125 Y87.626953125
G1 X56.953125 Y87.626953125
G1 X56.953125 Y87.71484375
G1 X56.865234375 Y87.802734375
G1 X56.953125 Y87.71484375
G1 X57.12890625 Y87.71484375
G1 X57.216796875 Y87.802734375
G1 X57.3046875 Y87.71484375
G1 X57.041015625 Y87.71484375
G0 X55.107421875 Y87.626953125
G1 X55.107421875 Y87.626953125
G0 X54.931640625 Y87.626953125
G1 X54.931640625 Y87.626953125
G0 X54.052734375 Y87.626953125
G1 X54.052734375 Y87.626953125
G1 X53.96484375 Y87.71484375
G0 X53.525390625 Y87.626953125
G1 X53.525390625 Y87.626953125
G1 X53.701171875 Y87.626953125
G0 X40.25390625 Y87.626953125
G1 X40.25390625 Y87.626953125
G1 X40.166015625 Y87.71484375
G0 X39.375 Y87.626953125
G1 X39.375 Y87.626953125
G0 X37.880859375 Y87.626953125
G1 X37.880859375 Y87.626953125
G1 X37.96875 Y87.626953125
G0 X37.44140625 Y87.626953125
G1 X37.44140625 Y87.626953125
G1 X37.44140625 Y87.802734375
G1 X37.44140625 Y87.71484375
G1 X37.529296875 Y87.626953125
G1 X37.6171875 Y87.626953125
G0 X16.083984375 Y87.626953125
G1 X16.083984375 Y87.626953125
G1 X16.259765625 Y87.626953125
G0 X15.732421875 Y87.626953125
G1 X15.732421875 Y87.626953125
G1 X15.8203125 Y87.71484375
G1 X15.908203125 Y87.626953125
G1 X15.8203125 Y87.71484375
G0 X65.654296875 Y87.5390625
G1 X65.654296875 Y87.5390625
G1 X65.654296875 Y87.626953125
G1 X65.56640625 Y87.71484375
G1 X65.478515625 Y87.71484375
G1 X65.56640625 Y87.802734375
G1 X65.56640625 Y87.71484375
G1 X65.654296875 Y87.626953125
G1 X65.7421875 Y87.626953125
G0 X65.21484375 Y87.5390625
G1 X65.21484375 Y87.5390625
G1 X65.302734375 Y87.626953125
G0 X64.775390625 Y87.5390625
G1 X64.775390625 Y87.5390625
G1 X64.86328125 Y87.626953125
G1 X64.951171875 Y87.5390625
G0 X64.3359375 Y87.5390625
G1 X64.3359375 Y87.5390625
G0 X63.984375 Y87.5390625
G1 X63.984375 Y87.5390625
G0 X60.8203125 Y87.5390625
G1 X60.8203125 Y87.5390625
G0 X59.58984375 Y87.5390625
G1 X59.58984375 Y87.5390625
G0 X58.88671875 Y87.5390625
G1 X58.88671875 Y87.5390625
G0 X58.623046875 Y87.5390625
G1 X58.623046875 Y87.5390625
G0 X58.359375 Y87.5390625
G1 X58.359375 Y87.5390625
G1 X58.447265625 Y87.5390625
G0 X58.0078125 Y87.5390625
G1 X58.0078125 Y87.5390625
G1 X58.095703125 Y87.5390625
G0 X57.744140625 Y87.5390625
G1 X57.744140625 Y87.5390625
G1 X57.65625 Y87.626953125
G0 X56.337890625 Y87.5390625
G1 X56.337890625 Y87.5390625
G0 X55.986328125 Y87.5390625
G1 X55.986328125 Y87.5390625
G0 X54.66796875 Y87.5390625
G1 X54.66796875 Y87.5390625
G0 X54.404296875 Y87.5390625
G1 X54.404296875 Y87.5390625
G0 X49.921875 Y87.5390625
G1 X49.921875 Y87.5390625
G1 X50.09765625 Y87.5390625
G0 X41.484375 Y87.5390625
G1 X41.484375 Y87.5390625
G1 X41.396484375 Y87.626953125
G1 X41.30859375 Y87.626953125
G1 X41.572265625 Y87.626953125
G1 X41.572265625 Y87.5390625
G0 X40.78125 Y87.5390625
G1 X40.78125 Y87.5390625
G1 X40.693359375 Y87.626953125
G1 X40.78125 Y87.626953125
G0 X39.90234375 Y87.5390625
G1 X39.90234375 Y87.5390625
G0 X39.111328125 Y87.5390625
G1 X39.111328125 Y87.5390625
G0 X36.826171875 Y87.5390625
G1 X36.826171875 Y87.5390625
G1 X37.001953125 Y87.5390625
G0 X36.38671875 Y87.5390625
G1 X36.38671875 Y87.5390625
G1 X36.650390625 Y87.5390625
G0 X36.2109375 Y87.5390625
G1 X36.2109375 Y87.5390625
G1 X36.2109375 Y87.626953125
G0 X35.771484375 Y87.5390625
G1 X35.771484375 Y87.5390625
G1 X35.859375 Y87.626953125
G0 X35.595703125 Y87.5390625
G1 X35.595703125 Y87.5390625
G0 X35.068359375 Y87.5390625
G1 X35.068359375 Y87.5390625
G0 X34.8046875 Y87.5390625
G1 X34.8046875 Y87.5390625
G0 X34.453125 Y87.5390625
G1 X34.453125 Y87.5390625
G0 X21.708984375 Y87.5390625
G1 X21.708984375 Y87.5390625
G0 X63.193359375 Y87.451171875
G1 X63.193359375 Y87.451171875
G0 X61.34765625 Y87.451171875
G1 X61.34765625 Y87.451171875
G0 X56.6015625 Y87.451171875
G1 X56.6015625 Y87.451171875
G1 X56.513671875 Y87.5390625
G1 X56.6015625 Y87.5390625
G0 X54.228515625 Y87.451171875
G1 X54.228515625 Y87.451171875
G0 X53.876953125 Y87.451171875
G1 X53.876953125 Y87.451171875
G0 X52.91015625 Y87.451171875
G1 X52.91015625 Y87.451171875
G1 X52.998046875 Y87.451171875
G1 X53.0859375 Y87.5390625
G1 X53.173828125 Y87.5390625
G1 X53.0859375 Y87.5390625
G1 X52.998046875 Y87.451171875
G0 X52.55859375 Y87.451171875
G1 X52.55859375 Y87.451171875
G1 X52.55859375 Y87.5390625
G1 X52.646484375 Y87.451171875
G1 X52.734375 Y87.451171875
G0 X41.044921875 Y87.451171875
G1 X41.044921875 Y87.451171875
G1 X40.95703125 Y87.5390625
G1 X41.1328125 Y87.5390625
G1 X41.1328125 Y87.451171875
G0 X40.078125 Y87.451171875
G1 X40.078125 Y87.451171875
G0 X39.7265625 Y87.451171875
G1 X39.7265625 Y87.451171875
G1 X39.638671875 Y87.5390625
G1 X39.55078125 Y87.5390625
G1 X39.638671875 Y87.5390625
G0 X39.375 Y87.451171875
G1 X39.375 Y87.451171875
G0 X38.759765625 Y87.451171875
G1 X38.759765625 Y87.451171875
G0 X38.583984375 Y87.451171875
G1 X38.583984375 Y87.451171875
G1 X38.583984375 Y87.5390625
G0 X65.7421875 Y87.36328125
G1 X65.7421875 Y87.36328125
G1 X65.91796875 Y87.36328125
G1 X66.005859375 Y87.451171875
G1 X66.09375 Y87.451171875
G1 X66.181640625 Y87.5390625
G1 X66.09375 Y87.626953125
G1 X66.005859375 Y87.626953125
G1 X65.830078125 Y87.802734375
G1 X65.91796875 Y87.71484375
G1 X66.005859375 Y87.71484375
G1 X66.09375 Y87.802734375
G1 X66.005859375 Y87.71484375
G1 X66.09375 Y87.626953125
G1 X66.181640625 Y87.626953125
G1 X66.26953125 Y87.71484375
G1 X66.26953125 Y87.802734375
G1 X66.357421875 Y87.802734375
G1 X66.4453125 Y87.890625
G1 X66.533203125 Y87.890625
G1 X66.62109375 Y87.802734375
G1 X66.708984375 Y87.802734375
G1 X66.796875 Y87.890625
G1 X66.884765625 Y87.890625
G1 X66.796875 Y87.890625
G1 X66.708984375 Y87.802734375
G1 X66.533203125 Y87.802734375
G1 X66.4453125 Y87.890625
G1 X66.181640625 Y87.626953125
G1 X66.181640625 Y87.5390625
G1 X66.26953125 Y87.451171875
G1 X66.708984375 Y87.451171875
G1 X66.796875 Y87.36328125
G1 X67.060546875 Y87.36328125
G1 X67.1484375 Y87.451171875
G1 X66.97265625 Y87.626953125
G1 X66.796875 Y87.626953125
G1 X66.884765625 Y87.626953125
G1 X66.97265625 Y87.71484375
G1 X67.060546875 Y87.626953125
G1 X67.060546875 Y87.5390625
G1 X67.1484375 Y87.451171875
G1 X67.1484375 Y87.36328125
G1 X66.708984375 Y87.36328125
G1 X66.62109375 Y87.451171875
G1 X66.4453125 Y87.451171875
G1 X66.357421875 Y87.36328125
G1 X66.26953125 Y87.451171875
G1 X66.09375 Y87.451171875
G1 X66.005859375 Y87.36328125
G0 X65.390625 Y87.36328125
G1 X65.390625 Y87.36328125
G1 X65.478515625 Y87.36328125
G0 X65.0390625 Y87.36328125
G1 X65.0390625 Y87.36328125
G1 X65.126953125 Y87.36328125
G0 X64.248046875 Y87.36328125
G1 X64.248046875 Y87.36328125
G0 X63.720703125 Y87.36328125
G1 X63.720703125 Y87.36328125
G1 X63.6328125 Y87.451171875
G0 X62.75390625 Y87.36328125
G1 X62.75390625 Y87.36328125
G0 X59.4140625 Y87.36328125
G1 X59.4140625 Y87.36328125
G0 X59.23828125 Y87.36328125
G1 X59.23828125 Y87.36328125
G1 X59.23828125 Y87.451171875
G0 X58.974609375 Y87.36328125
G1 X58.974609375 Y87.36328125
G1 X59.0625 Y87.36328125
G0 X58.623046875 Y87.36328125
G1 X58.623046875 Y87.36328125
G1 X58.798828125 Y87.36328125
G0 X58.271484375 Y87.36328125
G1 X58.271484375 Y87.36328125
G0 X56.865234375 Y87.36328125
G1 X56.865234375 Y87.36328125
G1 X56.77734375 Y87.451171875
G1 X56.77734375 Y87.5390625
G1 X56.865234375 Y87.451171875
G1 X57.3046875 Y87.451171875
G1 X57.3046875 Y87.36328125
G1 X57.216796875 Y87.36328125
G1 X57.12890625 Y87.451171875
G1 X56.953125 Y87.451171875
G0 X54.580078125 Y87.36328125
G1 X54.580078125 Y87.36328125
G0 X53.26171875 Y87.36328125
G1 X53.26171875 Y87.36328125
G0 X52.119140625 Y87.36328125
G1 X52.119140625 Y87.36328125
G1 X52.119140625 Y87.451171875
G1 X52.03125 Y87.5390625
G1 X52.03125 Y87.626953125
G1 X52.03125 Y87.5390625
G1 X52.119140625 Y87.451171875
G1 X52.294921875 Y87.451171875
G1 X52.3828125 Y87.5390625
G1 X52.20703125 Y87.36328125
G0 X50.625 Y87.36328125
G1 X50.625 Y87.36328125
G1 X50.44921875 Y87.5390625
G1 X50.2734375 Y87.5390625
G1 X50.2734375 Y87.626953125
G1 X50.185546875 Y87.71484375
G1 X50.2734375 Y87.802734375
G1 X50.361328125 Y87.802734375
G1 X50.44921875 Y87.890625
G1 X50.44921875 Y87.802734375
G1 X50.2734375 Y87.802734375
G1 X50.185546875 Y87.71484375
G1 X50.361328125 Y87.5390625
G1 X50.537109375 Y87.5390625
G1 X50.625 Y87.451171875
G1 X50.80078125 Y87.626953125
G1 X50.888671875 Y87.5390625
G1 X50.9765625 Y87.5390625
G1 X51.064453125 Y87.451171875
G1 X51.15234375 Y87.5390625
G1 X51.328125 Y87.5390625
G1 X51.416015625 Y87.451171875
G1 X51.50390625 Y87.451171875
G1 X51.591796875 Y87.5390625
G1 X51.767578125 Y87.5390625
G1 X51.943359375 Y87.36328125
G1 X51.85546875 Y87.36328125
G1 X51.85546875 Y87.451171875
G1 X51.767578125 Y87.5390625
G1 X51.6796875 Y87.5390625
G1 X51.591796875 Y87.451171875
G1 X51.240234375 Y87.451171875
G1 X51.15234375 Y87.5390625
G1 X51.064453125 Y87.451171875
G1 X50.9765625 Y87.451171875
G1 X50.888671875 Y87.5390625
G1 X50.712890625 Y87.5390625
G1 X50.625 Y87.451171875
G1 X50.712890625 Y87.36328125
G0 X50.2734375 Y87.36328125
G1 X50.2734375 Y87.36328125
G1 X50.361328125 Y87.36328125
G0 X41.923828125 Y87.36328125
G1 X41.923828125 Y87.36328125
G1 X42.01171875 Y87.36328125
G0 X41.748046875 Y87.36328125
G1 X41.748046875 Y87.36328125
G0 X41.30859375 Y87.36328125
G1 X41.30859375 Y87.36328125
G1 X41.396484375 Y87.36328125
G0 X40.869140625 Y87.36328125
G1 X40.869140625 Y87.36328125
G0 X40.60546875 Y87.36328125
G1 X40.60546875 Y87.36328125
G1 X40.4296875 Y87.5390625
G1 X40.4296875 Y87.626953125
G1 X40.517578125 Y87.5390625
G1 X40.517578125 Y87.451171875
G1 X40.60546875 Y87.36328125
G1 X40.693359375 Y87.36328125
G0 X38.14453125 Y87.36328125
G1 X38.14453125 Y87.36328125
G1 X38.232421875 Y87.36328125
G0 X37.96875 Y87.36328125
G1 X37.96875 Y87.36328125
G0 X37.79296875 Y87.36328125
G1 X37.79296875 Y87.36328125
G0 X37.6171875 Y87.36328125
G1 X37.6171875 Y87.36328125
G0 X14.150390625 Y87.36328125
G1 X14.150390625 Y87.36328125
G0 X64.423828125 Y87.275390625
G1 X64.423828125 Y87.275390625
G1 X64.51171875 Y87.36328125
G1 X64.599609375 Y87.36328125
G1 X64.6875 Y87.275390625
G1 X64.775390625 Y87.275390625
G1 X64.6875 Y87.275390625
G1 X64.599609375 Y87.36328125
G1 X64.51171875 Y87.36328125
G0 X63.896484375 Y87.275390625
G1 X63.896484375 Y87.275390625
G0 X58.0078125 Y87.275390625
G1 X58.0078125 Y87.275390625
G1 X57.919921875 Y87.36328125
G0 X57.48046875 Y87.275390625
G1 X57.48046875 Y87.275390625
G1 X57.48046875 Y87.36328125
G1 X57.65625 Y87.36328125
G1 X57.65625 Y87.275390625
G0 X56.07421875 Y87.275390625
G1 X56.07421875 Y87.275390625
G1 X56.162109375 Y87.36328125
G1 X56.162109375 Y87.275390625
G0 X54.84375 Y87.275390625
G1 X54.84375 Y87.275390625
G1 X54.931640625 Y87.36328125
G0 X53.61328125 Y87.275390625
G1 X53.61328125 Y87.275390625
G0 X50.09765625 Y87.275390625
G1 X50.09765625 Y87.275390625
G1 X50.09765625 Y87.36328125
G0 X49.5703125 Y87.275390625
G1 X49.5703125 Y87.275390625
G0 X45.703125 Y87.275390625
G1 X45.703125 Y87.275390625
G1 X45.791015625 Y87.275390625
G0 X44.912109375 Y87.275390625
G1 X44.912109375 Y87.275390625
G0 X43.154296875 Y87.275390625
G1 X43.154296875 Y87.275390625
G1 X43.2421875 Y87.36328125
G1 X43.2421875 Y87.451171875
G1 X43.154296875 Y87.5390625
G1 X43.06640625 Y87.5390625
G1 X42.978515625 Y87.451171875
G1 X42.978515625 Y87.36328125
G1 X42.978515625 Y87.451171875
G1 X42.890625 Y87.5390625
G1 X42.802734375 Y87.5390625
G1 X42.71484375 Y87.451171875
G1 X42.71484375 Y87.5390625
G1 X42.890625 Y87.5390625
G1 X42.978515625 Y87.451171875
G1 X43.154296875 Y87.626953125
G1 X43.154296875 Y87.71484375
G1 X43.06640625 Y87.802734375
G1 X42.978515625 Y87.71484375
G1 X42.890625 Y87.802734375
G1 X42.802734375 Y87.802734375
G1 X42.71484375 Y87.71484375
G1 X42.5390625 Y87.71484375
G1 X42.451171875 Y87.802734375
G1 X42.36328125 Y87.802734375
G1 X42.275390625 Y87.71484375
G1 X42.451171875 Y87.5390625
G1 X42.5390625 Y87.5390625
G1 X42.5390625 Y87.451171875
G1 X42.451171875 Y87.451171875
G1 X42.451171875 Y87.5390625
G1 X42.36328125 Y87.626953125
G1 X42.1875 Y87.451171875
G1 X42.1875 Y87.5390625
G1 X42.099609375 Y87.626953125
G1 X42.01171875 Y87.626953125
G1 X41.923828125 Y87.5390625
G1 X41.8359375 Y87.5390625
G1 X41.748046875 Y87.626953125
G1 X41.748046875 Y87.71484375
G1 X41.8359375 Y87.802734375
G1 X41.8359375 Y87.890625
G1 X42.099609375 Y87.890625
G1 X42.1875 Y87.978515625
G1 X42.01171875 Y88.154296875
G1 X41.923828125 Y88.154296875
G1 X41.8359375 Y88.06640625
G1 X41.748046875 Y88.06640625
G1 X41.66015625 Y87.978515625
G1 X41.66015625 Y87.890625
G1 X41.572265625 Y87.802734375
G1 X41.66015625 Y87.890625
G1 X41.484375 Y88.06640625
G1 X41.572265625 Y88.06640625
G1 X41.66015625 Y87.978515625
G1 X41.748046875 Y88.06640625
G1 X41.748046875 Y88.154296875
G1 X41.66015625 Y88.2421875
G1 X41.396484375 Y88.2421875
G1 X41.30859375 Y88.154296875
G1 X41.30859375 Y88.06640625
G1 X41.1328125 Y88.2421875
G1 X40.78125 Y87.890625
G1 X40.4296875 Y87.890625
G1 X40.517578125 Y87.890625
G1 X40.60546875 Y87.978515625
G1 X40.693359375 Y87.890625
G1 X40.78125 Y87.890625
G1 X40.869140625 Y87.978515625
G1 X40.869140625 Y88.06640625
G1 X40.95703125 Y88.06640625
G1 X41.044921875 Y88.154296875
G1 X41.044921875 Y88.330078125
G1 X40.95703125 Y88.41796875
G1 X40.869140625 Y88.330078125
G1 X40.869140625 Y88.2421875
G1 X40.166015625 Y88.2421875
G1 X40.078125 Y88.330078125
G1 X39.990234375 Y88.2421875
G1 X39.990234375 Y88.154296875
G1 X39.90234375 Y88.154296875
G1 X39.990234375 Y88.2421875
G1 X39.990234375 Y88.330078125
G1 X39.90234375 Y88.41796875
G1 X39.638671875 Y88.154296875
G1 X39.7265625 Y88.2421875
G1 X39.638671875 Y88.330078125
G1 X39.55078125 Y88.330078125
G1 X39.462890625 Y88.2421875
G1 X39.287109375 Y88.2421875
G1 X39.287109375 Y88.330078125
G1 X39.19921875 Y88.41796875
G1 X38.935546875 Y88.41796875
G1 X38.759765625 Y88.2421875
G1 X38.671875 Y88.330078125
G1 X38.49609375 Y88.154296875
G1 X38.49609375 Y88.2421875
G1 X38.408203125 Y88.330078125
G1 X38.408203125 Y88.41796875
G1 X38.3203125 Y88.505859375
G1 X38.232421875 Y88.41796875
G1 X38.056640625 Y88.41796875
G1 X37.96875 Y88.330078125
G1 X36.826171875 Y88.330078125
G1 X36.826171875 Y88.41796875
G1 X36.9140625 Y88.330078125
G1 X37.001953125 Y88.41796875
G1 X37.001953125 Y88.505859375
G1 X36.9140625 Y88.59375
G1 X36.73828125 Y88.59375
G1 X36.650390625 Y88.505859375
G1 X36.650390625 Y88.330078125
G1 X36.298828125 Y88.330078125
G1 X36.2109375 Y88.41796875
G1 X36.123046875 Y88.330078125
G1 X36.03515625 Y88.330078125
G1 X36.03515625 Y88.41796875
G1 X35.947265625 Y88.505859375
G1 X35.859375 Y88.41796875
G1 X35.859375 Y88.330078125
G1 X35.5078125 Y88.330078125
G1 X35.419921875 Y88.41796875
G1 X35.33203125 Y88.330078125
G1 X35.244140625 Y88.41796875
G1 X35.068359375 Y88.41796875
G1 X34.98046875 Y88.330078125
G1 X34.892578125 Y88.330078125
G1 X34.8046875 Y88.41796875
G1 X34.62890625 Y88.41796875
G1 X34.541015625 Y88.330078125
G1 X34.453125 Y88.330078125
G1 X34.541015625 Y88.41796875
G1 X34.62890625 Y88.41796875
G1 X34.716796875 Y88.505859375
G1 X34.8046875 Y88.505859375
G1 X34.892578125 Y88.41796875
G1 X35.068359375 Y88.41796875
G1 X35.15625 Y88.505859375
G1 X35.068359375 Y88.59375
G1 X34.98046875 Y88.59375
G1 X34.892578125 Y88.681640625
G1 X34.98046875 Y88.681640625
G1 X35.068359375 Y88.59375
G1 X35.15625 Y88.59375
G1 X35.33203125 Y88.41796875
G1 X35.419921875 Y88.41796875
G1 X35.5078125 Y88.505859375
G1 X35.33203125 Y88.681640625
G1 X35.5078125 Y88.681640625
G1 X35.5078125 Y88.59375
G1 X35.595703125 Y88.505859375
G1 X35.68359375 Y88.59375
G1 X35.68359375 Y88.681640625
G1 X35.771484375 Y88.76953125
G1 X35.68359375 Y88.857421875
G1 X35.595703125 Y88.857421875
G1 X35.595703125 Y89.033203125
G1 X35.419921875 Y89.208984375
G1 X35.419921875 Y89.296875
G1 X35.419921875 Y89.208984375
G1 X35.5078125 Y89.12109375
G1 X35.595703125 Y89.12109375
G1 X35.595703125 Y89.033203125
G1 X35.68359375 Y88.9453125
G1 X35.68359375 Y88.857421875
G1 X35.771484375 Y88.76953125
G1 X35.947265625 Y88.9453125
G1 X35.947265625 Y88.857421875
G1 X36.03515625 Y88.76953125
G1 X36.123046875 Y88.76953125
G1 X36.2109375 Y88.857421875
G1 X36.298828125 Y88.857421875
G1 X36.474609375 Y89.033203125
G1 X36.38671875 Y89.12109375
G1 X36.38671875 Y89.208984375
G1 X36.474609375 Y89.208984375
G1 X36.38671875 Y89.12109375
G1 X36.474609375 Y89.033203125
G1 X36.650390625 Y89.033203125
G1 X36.73828125 Y89.12109375
G1 X36.9140625 Y89.12109375
G1 X37.001953125 Y89.208984375
G1 X36.9140625 Y89.296875
G1 X36.9140625 Y89.384765625
G1 X36.826171875 Y89.47265625
G1 X36.73828125 Y89.47265625
G1 X36.826171875 Y89.560546875
G1 X36.826171875 Y89.47265625
G1 X36.9140625 Y89.384765625
G1 X36.9140625 Y89.296875
G1 X37.001953125 Y89.208984375
G1 X37.08984375 Y89.208984375
G1 X37.177734375 Y89.296875
G1 X37.177734375 Y89.384765625
G1 X37.353515625 Y89.208984375
G1 X37.6171875 Y89.208984375
G1 X37.705078125 Y89.296875
G1 X37.79296875 Y89.208984375
G1 X37.880859375 Y89.208984375
G1 X38.056640625 Y89.384765625
G1 X38.056640625 Y89.296875
G1 X38.14453125 Y89.208984375
G1 X38.232421875 Y89.208984375
G1 X38.232421875 Y89.12109375
G1 X38.3203125 Y89.033203125
G1 X38.408203125 Y89.12109375
G1 X38.408203125 Y89.296875
G1 X38.3203125 Y89.384765625
G1 X38.232421875 Y89.384765625
G1 X38.232421875 Y89.47265625
G1 X38.408203125 Y89.47265625
G1 X38.49609375 Y89.384765625
G1 X38.583984375 Y89.384765625
G1 X38.671875 Y89.47265625
G1 X38.671875 Y89.560546875
G1 X38.583984375 Y89.6484375
G1 X38.408203125 Y89.6484375
G1 X38.408203125 Y89.736328125
G1 X38.3203125 Y89.82421875
G1 X38.49609375 Y89.6484375
G1 X38.671875 Y89.6484375
G1 X38.84765625 Y89.82421875
G1 X38.84765625 Y89.912109375
G1 X39.111328125 Y89.912109375
G1 X39.287109375 Y89.736328125
G1 X39.375 Y89.736328125
G1 X39.55078125 Y89.912109375
G1 X39.638671875 Y89.912109375
G1 X39.462890625 Y89.736328125
G1 X39.55078125 Y89.6484375
G1 X39.638671875 Y89.6484375
G1 X39.814453125 Y89.82421875
G1 X39.90234375 Y89.82421875
G1 X39.990234375 Y89.912109375
G1 X40.25390625 Y89.912109375
G1 X40.078125 Y89.912109375
G1 X39.990234375 Y89.82421875
G1 X40.166015625 Y89.6484375
G1 X40.166015625 Y89.560546875
G1 X40.25390625 Y89.47265625
G1 X40.341796875 Y89.560546875
G1 X40.4296875 Y89.560546875
G1 X40.517578125 Y89.47265625
G1 X40.60546875 Y89.560546875
G1 X40.60546875 Y89.736328125
G1 X40.517578125 Y89.82421875
G1 X40.4296875 Y89.82421875
G1 X40.341796875 Y89.736328125
G1 X40.4296875 Y89.82421875
G1 X40.4296875 Y89.912109375
G1 X40.78125 Y89.912109375
G1 X40.869140625 Y89.82421875
G1 X40.95703125 Y89.912109375
G1 X43.06640625 Y89.912109375
G1 X43.06640625 Y89.82421875
G1 X43.154296875 Y89.736328125
G1 X43.2421875 Y89.82421875
G1 X43.2421875 Y89.912109375
G1 X49.921875 Y89.912109375
G1 X50.009765625 Y89.82421875
G1 X50.09765625 Y89.912109375
G1 X50.185546875 Y89.912109375
G1 X50.361328125 Y89.736328125
G1 X50.44921875 Y89.82421875
G1 X50.44921875 Y89.912109375
G1 X50.537109375 Y89.82421875
G1 X50.625 Y89.912109375
G1 X50.712890625 Y89.912109375
G1 X50.712890625 Y89.82421875
G1 X50.80078125 Y89.736328125
G1 X50.888671875 Y89.736328125
G1 X50.9765625 Y89.82421875
G1 X50.888671875 Y89.912109375
G1 X51.50390625 Y89.912109375
G1 X51.591796875 Y89.82421875
G1 X52.20703125 Y89.82421875
G1 X52.294921875 Y89.912109375
G1 X52.470703125 Y89.912109375
G1 X52.470703125 Y89.82421875
G1 X52.55859375 Y89.736328125
G1 X52.646484375 Y89.82421875
G1 X52.646484375 Y89.912109375
G1 X52.822265625 Y89.736328125
G1 X52.91015625 Y89.82421875
G1 X52.998046875 Y89.736328125
G1 X53.0859375 Y89.736328125
G1 X53.173828125 Y89.82421875
G1 X53.173828125 Y89.912109375
G1 X53.173828125 Y89.82421875
G1 X53.26171875 Y89.736328125
G1 X53.4375 Y89.912109375
G1 X53.4375 Y89.82421875
G1 X53.525390625 Y89.736328125
G1 X53.61328125 Y89.736328125
G1 X53.701171875 Y89.82421875
G1 X53.7890625 Y89.736328125
G1 X53.876953125 Y89.82421875
G1 X53.96484375 Y89.736328125
G1 X54.140625 Y89.736328125
G1 X54.228515625 Y89.82421875
G1 X54.31640625 Y89.82421875
G1 X54.404296875 Y89.736328125
G1 X54.4921875 Y89.82421875
G1 X54.580078125 Y89.82421875
G1 X54.66796875 Y89.736328125
G1 X54.84375 Y89.736328125
G1 X54.931640625 Y89.82421875
G1 X55.01953125 Y89.736328125
G1 X55.1953125 Y89.736328125
G1 X55.283203125 Y89.82421875
G1 X55.458984375 Y89.6484375
G1 X55.634765625 Y89.6484375
G1 X55.72265625 Y89.736328125
G1 X55.810546875 Y89.736328125
G1 X55.810546875 Y89.6484375
G1 X55.72265625 Y89.560546875
G1 X55.634765625 Y89.560546875
G1 X55.546875 Y89.6484375
G1 X55.37109375 Y89.47265625
G1 X55.37109375 Y89.560546875
G1 X55.283203125 Y89.6484375
G1 X55.1953125 Y89.6484375
G1 X55.107421875 Y89.560546875
G1 X55.1953125 Y89.47265625
G1 X55.1953125 Y89.384765625
G1 X55.283203125 Y89.296875
G1 X55.634765625 Y89.296875
G1 X55.72265625 Y89.384765625
G1 X55.810546875 Y89.384765625
G1 X55.8984375 Y89.296875
G1 X55.986328125 Y89.384765625
G1 X56.07421875 Y89.384765625
G1 X56.162109375 Y89.296875
G1 X56.42578125 Y89.296875
G1 X55.810546875 Y89.296875
G1 X55.72265625 Y89.384765625
G1 X55.634765625 Y89.296875
G1 X55.634765625 Y89.208984375
G1 X55.546875 Y89.208984375
G1 X55.458984375 Y89.296875
G1 X55.37109375 Y89.208984375
G1 X55.1953125 Y89.208984375
G1 X55.283203125 Y89.296875
G1 X55.1953125 Y89.384765625
G1 X55.1953125 Y89.47265625
G1 X55.107421875 Y89.560546875
G1 X55.01953125 Y89.560546875
G1 X54.931640625 Y89.47265625
G1 X54.931640625 Y89.384765625
G1 X55.01953125 Y89.296875
G1 X55.01953125 Y89.208984375
G1 X54.931640625 Y89.296875
G1 X54.580078125 Y89.296875
G1 X54.4921875 Y89.384765625
G1 X54.404296875 Y89.384765625
G1 X54.31640625 Y89.296875
G1 X54.228515625 Y89.384765625
G1 X54.052734375 Y89.208984375
G1 X54.052734375 Y89.296875
G1 X53.96484375 Y89.384765625
G1 X53.876953125 Y89.384765625
G1 X53.7890625 Y89.296875
G1 X53.7890625 Y89.208984375
G1 X53.701171875 Y89.208984375
G1 X53.61328125 Y89.12109375
G1 X53.61328125 Y89.033203125
G1 X53.701171875 Y88.9453125
G1 X53.525390625 Y88.9453125
G1 X53.4375 Y89.033203125
G1 X53.349609375 Y89.033203125
G1 X53.26171875 Y89.12109375
G1 X53.173828125 Y89.033203125
G1 X53.173828125 Y88.9453125
G1 X53.4375 Y88.681640625
G1 X53.525390625 Y88.681640625
G1 X53.4375 Y88.681640625
G1 X53.349609375 Y88.76953125
G1 X53.26171875 Y88.76953125
G1 X53.173828125 Y88.681640625
G1 X53.0859375 Y88.681640625
G1 X52.998046875 Y88.76953125
G1 X52.91015625 Y88.76953125
G1 X52.91015625 Y88.857421875
G1 X53.0859375 Y88.681640625
G1 X53.173828125 Y88.681640625
G1 X53.26171875 Y88.76953125
G1 X53.26171875 Y88.857421875
G1 X53.173828125 Y88.9453125
G1 X53.0859375 Y88.9453125
G1 X52.998046875 Y89.033203125
G1 X53.173828125 Y89.033203125
G1 X53.26171875 Y89.12109375
G1 X53.26171875 Y89.208984375
G1 X53.349609375 Y89.296875
G1 X53.26171875 Y89.384765625
G1 X53.0859375 Y89.384765625
G1 X52.998046875 Y89.296875
G1 X52.91015625 Y89.296875
G1 X52.822265625 Y89.384765625
G1 X52.734375 Y89.384765625
G1 X52.646484375 Y89.296875
G1 X52.822265625 Y89.12109375
G1 X52.822265625 Y89.033203125
G1 X52.646484375 Y89.208984375
G1 X52.55859375 Y89.208984375
G1 X52.470703125 Y89.296875
G1 X52.20703125 Y89.296875
G1 X52.03125 Y89.12109375
G1 X52.119140625 Y89.033203125
G1 X52.294921875 Y89.033203125
G1 X52.3828125 Y89.12109375
G1 X52.55859375 Y88.9453125
G1 X52.646484375 Y88.9453125
G1 X52.646484375 Y88.857421875
G1 X52.55859375 Y88.857421875
G1 X52.55859375 Y88.9453125
G1 X52.470703125 Y89.033203125
G1 X52.3828125 Y89.033203125
G1 X52.20703125 Y88.857421875
G1 X52.20703125 Y88.76953125
G1 X52.294921875 Y88.681640625
G1 X52.3828125 Y88.76953125
G1 X52.470703125 Y88.681640625
G1 X52.734375 Y88.681640625
G1 X52.91015625 Y88.505859375
G1 X52.998046875 Y88.505859375
G1 X53.0859375 Y88.41796875
G1 X52.998046875 Y88.505859375
G1 X52.91015625 Y88.505859375
G1 X52.822265625 Y88.59375
G1 X52.734375 Y88.59375
G1 X52.646484375 Y88.681640625
G1 X52.55859375 Y88.59375
G1 X52.55859375 Y88.41796875
G1 X52.646484375 Y88.330078125
G1 X52.822265625 Y88.330078125
G1 X52.646484375 Y88.154296875
G1 X52.734375 Y88.06640625
G1 X52.822265625 Y88.06640625
G1 X52.998046875 Y88.2421875
G1 X52.998046875 Y88.154296875
G1 X52.91015625 Y88.154296875
G1 X52.822265625 Y88.06640625
G1 X52.822265625 Y87.978515625
G1 X52.734375 Y87.978515625
G1 X52.734375 Y88.06640625
G1 X52.646484375 Y88.154296875
G1 X52.646484375 Y88.330078125
G1 X52.55859375 Y88.41796875
G1 X52.470703125 Y88.41796875
G1 X52.294921875 Y88.2421875
G1 X52.20703125 Y88.2421875
G1 X52.20703125 Y88.330078125
G1 X52.3828125 Y88.330078125
G1 X52.55859375 Y88.505859375
G1 X52.55859375 Y88.59375
G1 X52.470703125 Y88.681640625
G1 X52.294921875 Y88.681640625
G1 X52.20703125 Y88.76953125
G1 X52.03125 Y88.59375
G1 X52.03125 Y88.41796875
G1 X51.943359375 Y88.330078125
G1 X51.943359375 Y88.2421875
G1 X51.85546875 Y88.2421875
G1 X51.767578125 Y88.154296875
G1 X51.767578125 Y88.06640625
G1 X51.6796875 Y87.978515625
G1 X51.591796875 Y87.978515625
G1 X51.50390625 Y88.06640625
G1 X51.50390625 Y88.154296875
G1 X51.416015625 Y88.2421875
G1 X51.328125 Y88.2421875
G1 X51.240234375 Y88.154296875
G1 X51.240234375 Y88.06640625
G1 X51.328125 Y87.978515625
G1 X51.328125 Y87.890625
G1 X51.416015625 Y87.802734375
G1 X51.591796875 Y87.802734375
G1 X51.591796875 Y87.71484375
G1 X51.416015625 Y87.71484375
G1 X51.240234375 Y87.890625
G1 X51.064453125 Y87.71484375
G1 X51.064453125 Y87.802734375
G1 X50.9765625 Y87.890625
G1 X50.888671875 Y87.890625
G1 X50.9765625 Y87.978515625
G1 X50.9765625 Y87.890625
G1 X51.064453125 Y87.802734375
G1 X51.15234375 Y87.802734375
G1 X51.328125 Y87.978515625
G1 X51.240234375 Y88.06640625
G1 X51.15234375 Y88.06640625
G1 X51.15234375 Y88.154296875
G1 X51.064453125 Y88.2421875
G1 X50.9765625 Y88.2421875
G1 X50.888671875 Y88.154296875
G1 X50.80078125 Y88.154296875
G1 X50.888671875 Y88.2421875
G1 X50.80078125 Y88.330078125
G1 X50.712890625 Y88.330078125
G1 X50.625 Y88.41796875
G1 X50.537109375 Y88.41796875
G1 X50.44921875 Y88.330078125
G1 X50.625 Y88.154296875
G1 X50.625 Y88.06640625
G1 X50.537109375 Y88.06640625
G1 X50.537109375 Y88.2421875
G1 X50.44921875 Y88.330078125
G1 X50.361328125 Y88.330078125
G1 X50.2734375 Y88.2421875
G1 X50.2734375 Y88.154296875
G1 X50.361328125 Y88.06640625
G1 X50.2734375 Y88.06640625
G1 X50.185546875 Y88.154296875
G1 X50.09765625 Y88.06640625
G1 X50.09765625 Y87.978515625
G1 X50.009765625 Y88.06640625
G1 X50.09765625 Y88.06640625
G1 X50.185546875 Y88.154296875
G1 X50.185546875 Y88.2421875
G1 X50.2734375 Y88.2421875
G1 X50.361328125 Y88.330078125
G1 X50.361328125 Y88.505859375
G1 X50.2734375 Y88.59375
G1 X50.185546875 Y88.505859375
G1 X50.185546875 Y88.41796875
G1 X50.09765625 Y88.41796875
G1 X50.009765625 Y88.330078125
G1 X50.009765625 Y88.2421875
G1 X49.921875 Y88.2421875
G1 X49.921875 Y88.330078125
G1 X49.833984375 Y88.41796875
G1 X49.74609375 Y88.41796875
G1 X49.74609375 Y88.505859375
G1 X49.833984375 Y88.59375
G1 X49.74609375 Y88.681640625
G1 X49.5703125 Y88.681640625
G1 X49.482421875 Y88.59375
G1 X49.5703125 Y88.505859375
G1 X49.5703125 Y88.41796875
G1 X49.482421875 Y88.41796875
G1 X49.39453125 Y88.330078125
G1 X49.39453125 Y88.2421875
G1 X49.482421875 Y88.154296875
G1 X49.5703125 Y88.2421875
G1 X49.658203125 Y88.2421875
G1 X49.833984375 Y88.06640625
G1 X49.74609375 Y87.978515625
G1 X49.658203125 Y87.978515625
G1 X49.5703125 Y87.890625
G1 X49.658203125 Y87.802734375
G1 X49.482421875 Y87.802734375
G1 X49.39453125 Y87.71484375
G1 X49.39453125 Y87.626953125
G1 X49.482421875 Y87.5390625
G1 X49.5703125 Y87.5390625
G1 X49.658203125 Y87.626953125
G1 X49.74609375 Y87.5390625
G1 X49.74609375 Y87.451171875
G1 X49.833984375 Y87.36328125
G1 X49.74609375 Y87.36328125
G1 X49.74609375 Y87.451171875
G1 X49.658203125 Y87.5390625
G1 X49.5703125 Y87.5390625
G1 X49.482421875 Y87.451171875
G1 X49.39453125 Y87.451171875
G1 X49.39453125 Y87.5390625
G1 X49.306640625 Y87.626953125
G1 X49.21875 Y87.5390625
G1 X49.21875 Y87.451171875
G1 X49.04296875 Y87.451171875
G1 X48.955078125 Y87.5390625
G1 X48.779296875 Y87.36328125
G1 X48.69140625 Y87.36328125
G1 X48.603515625 Y87.451171875
G1 X48.515625 Y87.36328125
G1 X48.251953125 Y87.36328125
G1 X48.1640625 Y87.275390625
G1 X48.076171875 Y87.36328125
G1 X47.98828125 Y87.36328125
G1 X47.98828125 Y87.451171875
G1 X47.900390625 Y87.5390625
G1 X47.8125 Y87.5390625
G1 X47.8125 Y87.626953125
G1 X47.900390625 Y87.71484375
G1 X47.8125 Y87.802734375
G1 X47.724609375 Y87.802734375
G1 X47.63671875 Y87.71484375
G1 X47.63671875 Y87.626953125
G1 X47.373046875 Y87.890625
G1 X47.4609375 Y87.978515625
G1 X47.373046875 Y88.06640625
G1 X47.28515625 Y88.06640625
G1 X47.197265625 Y87.978515625
G1 X47.197265625 Y87.890625
G1 X47.109375 Y87.890625
G1 X47.021484375 Y87.978515625
G1 X46.93359375 Y87.978515625
G1 X46.845703125 Y87.890625
G1 X46.845703125 Y87.802734375
G1 X46.93359375 Y87.71484375
G1 X47.197265625 Y87.71484375
G1 X47.28515625 Y87.626953125
G1 X47.373046875 Y87.626953125
G1 X47.373046875 Y87.5390625
G1 X47.548828125 Y87.36328125
G1 X47.724609375 Y87.36328125
G1 X46.669921875 Y87.36328125
G1 X46.58203125 Y87.451171875
G1 X46.58203125 Y87.5390625
G1 X46.494140625 Y87.626953125
G1 X46.40625 Y87.626953125
G1 X46.318359375 Y87.5390625
G1 X46.318359375 Y87.275390625
G1 X46.318359375 Y87.36328125
G1 X46.23046875 Y87.451171875
G1 X46.0546875 Y87.451171875
G1 X45.966796875 Y87.36328125
G1 X46.0546875 Y87.275390625
G1 X46.142578125 Y87.275390625
G1 X46.0546875 Y87.275390625
G1 X45.87890625 Y87.451171875
G1 X45.615234375 Y87.451171875
G1 X45.52734375 Y87.36328125
G1 X45.52734375 Y87.451171875
G1 X45.439453125 Y87.5390625
G1 X45.263671875 Y87.36328125
G1 X45.263671875 Y87.451171875
G1 X45.17578125 Y87.5390625
G1 X45.087890625 Y87.451171875
G1 X44.82421875 Y87.451171875
G1 X44.736328125 Y87.36328125
G1 X44.736328125 Y87.451171875
G1 X44.6484375 Y87.5390625
G1 X44.47265625 Y87.36328125
G1 X44.560546875 Y87.275390625
G1 X44.47265625 Y87.36328125
G1 X44.384765625 Y87.36328125
G1 X44.47265625 Y87.451171875
G1 X44.296875 Y87.626953125
G1 X44.208984375 Y87.5390625
G1 X44.208984375 Y87.451171875
G1 X44.12109375 Y87.451171875
G1 X44.12109375 Y87.626953125
G1 X44.033203125 Y87.71484375
G1 X44.033203125 Y87.802734375
G1 X43.9453125 Y87.890625
G1 X43.857421875 Y87.890625
G1 X43.76953125 Y87.802734375
G1 X43.76953125 Y87.71484375
G1 X43.681640625 Y87.802734375
G1 X43.330078125 Y87.802734375
G1 X43.154296875 Y87.626953125
G1 X43.2421875 Y87.5390625
G1 X43.41796875 Y87.5390625
G1 X43.505859375 Y87.626953125
G1 X43.59375 Y87.5390625
G1 X43.9453125 Y87.5390625
G1 X43.857421875 Y87.451171875
G1 X43.76953125 Y87.5390625
G1 X43.681640625 Y87.5390625
G1 X43.59375 Y87.451171875
G1 X43.59375 Y87.36328125
G1 X43.59375 Y87.451171875
G1 X43.505859375 Y87.5390625
G1 X43.41796875 Y87.451171875
G1 X43.330078125 Y87.451171875
G0 X40.341796875 Y87.275390625
G1 X40.341796875 Y87.275390625
G0 X39.7265625 Y87.275390625
G1 X39.7265625 Y87.275390625
G1 X39.90234375 Y87.275390625
G0 X17.40234375 Y87.275390625
G1 X17.40234375 Y87.275390625
G0 X17.2265625 Y87.275390625
G1 X17.2265625 Y87.275390625
G0 X15.8203125 Y87.275390625
G1 X15.8203125 Y87.275390625
G1 X17.05078125 Y87.275390625
G0 X15.64453125 Y87.275390625
G1 X15.64453125 Y87.275390625
G0 X15.46875 Y87.275390625
G1 X15.46875 Y87.275390625
G0 X14.58984375 Y87.275390625
G1 X14.58984375 Y87.275390625
G0 X63.6328125 Y87.1875
G1 X63.6328125 Y87.1875
G0 X63.369140625 Y87.1875
G1 X63.369140625 Y87.1875
G0 X62.2265625 Y87.1875
G1 X62.2265625 Y87.1875
G1 X62.138671875 Y87.275390625
G1 X62.05078125 Y87.275390625
G1 X62.138671875 Y87.275390625
G0 X56.953125 Y87.1875
G1 X56.953125 Y87.1875
G1 X57.041015625 Y87.275390625
G1 X57.041015625 Y87.1875
G0 X56.513671875 Y87.1875
G1 X56.513671875 Y87.1875
G1 X56.42578125 Y87.275390625
G1 X56.337890625 Y87.275390625
G1 X56.689453125 Y87.275390625
G1 X56.6015625 Y87.275390625
G0 X55.283203125 Y87.1875
G1 X55.283203125 Y87.1875
G1 X55.283203125 Y87.275390625
G1 X55.1953125 Y87.36328125
G1 X55.283203125 Y87.275390625
G1 X55.37109375 Y87.275390625
G1 X55.458984375 Y87.36328125
G1 X55.546875 Y87.275390625
G1 X55.8984375 Y87.275390625
G1 X55.546875 Y87.275390625
G1 X55.458984375 Y87.36328125
G0 X54.052734375 Y87.1875
G1 X54.052734375 Y87.1875
G0 X51.6796875 Y87.1875
G1 X51.6796875 Y87.1875
G0 X51.15234375 Y87.1875
G1 X51.15234375 Y87.1875
G1 X51.328125 Y87.1875
G1 X51.416015625 Y87.275390625
G1 X51.328125 Y87.1875
G0 X50.9765625 Y87.1875
G1 X50.9765625 Y87.1875
G0 X42.626953125 Y87.1875
G1 X42.626953125 Y87.1875
G1 X42.626953125 Y87.275390625
G0 X42.36328125 Y87.1875
G1 X42.36328125 Y87.1875
G1 X42.275390625 Y87.275390625
G1 X42.36328125 Y87.275390625
G0 X42.099609375 Y87.1875
G1 X42.099609375 Y87.1875
G0 X41.8359375 Y87.1875
G1 X41.8359375 Y87.1875
G0 X41.572265625 Y87.1875
G1 X41.572265625 Y87.1875
G1 X41.572265625 Y87.275390625
G0 X40.078125 Y87.1875
G1 X40.078125 Y87.1875
G0 X39.55078125 Y87.1875
G1 X39.55078125 Y87.1875
G1 X39.462890625 Y87.275390625
G0 X39.287109375 Y87.1875
G1 X39.287109375 Y87.1875
G1 X39.287109375 Y87.275390625
G0 X38.935546875 Y87.1875
G1 X38.935546875 Y87.1875
G1 X38.935546875 Y87.275390625
G1 X39.0234375 Y87.1875
G0 X38.583984375 Y87.1875
G1 X38.583984375 Y87.1875
G1 X38.671875 Y87.1875
G0 X33.3984375 Y87.1875
G1 X33.3984375 Y87.1875
G0 X71.54296875 Y87.099609375
G1 X71.54296875 Y87.099609375
G1 X71.54296875 Y87.1875
G1 X71.630859375 Y87.1875
G0 X66.708984375 Y87.099609375
G1 X66.708984375 Y87.099609375
G1 X66.62109375 Y87.1875
G1 X66.4453125 Y87.1875
G1 X66.62109375 Y87.1875
G1 X66.708984375 Y87.099609375
G1 X66.884765625 Y87.099609375
G1 X66.97265625 Y87.1875
G1 X67.060546875 Y87.099609375
G1 X67.1484375 Y87.1875
G1 X67.32421875 Y87.1875
G1 X67.236328125 Y87.099609375
G1 X67.1484375 Y87.1875
G1 X67.060546875 Y87.099609375
G1 X66.97265625 Y87.1875
G1 X66.884765625 Y87.099609375
G0 X65.654296875 Y87.099609375
G1 X65.654296875 Y87.099609375
G1 X65.56640625 Y87.1875
G1 X65.478515625 Y87.1875
G1 X65.56640625 Y87.1875
G1 X65.654296875 Y87.099609375
G1 X65.91796875 Y87.099609375
G0 X65.21484375 Y87.099609375
G1 X65.21484375 Y87.099609375
G1 X65.302734375 Y87.099609375
G0 X65.0390625 Y87.099609375
G1 X65.0390625 Y87.099609375
G0 X53.349609375 Y87.099609375
G1 X53.349609375 Y87.099609375
G1 X53.4375 Y87.099609375
G0 X52.998046875 Y87.099609375
G1 X52.998046875 Y87.099609375
G1 X53.0859375 Y87.1875
G1 X53.0859375 Y87.099609375
G0 X52.734375 Y87.099609375
G1 X52.734375 Y87.099609375
G1 X52.822265625 Y87.1875
G0 X51.943359375 Y87.099609375
G1 X51.943359375 Y87.099609375
G1 X52.03125 Y87.1875
G0 X50.712890625 Y87.099609375
G1 X50.712890625 Y87.099609375
G1 X50.712890625 Y87.1875
G0 X50.361328125 Y87.099609375
G1 X50.361328125 Y87.099609375
G1 X50.44921875 Y87.099609375
G0 X49.833984375 Y87.099609375
G1 X49.833984375 Y87.099609375
G0 X49.39453125 Y87.099609375
G1 X49.39453125 Y87.099609375
G1 X49.482421875 Y87.099609375
G0 X49.130859375 Y87.099609375
G1 X49.130859375 Y87.099609375
G1 X49.04296875 Y87.1875
G1 X49.130859375 Y87.1875
G1 X49.21875 Y87.099609375
G0 X48.8671875 Y87.099609375
G1 X48.8671875 Y87.099609375
G0 X48.603515625 Y87.099609375
G1 X48.603515625 Y87.099609375
G1 X48.515625 Y87.1875
G0 X41.396484375 Y87.099609375
G1 X41.396484375 Y87.099609375
G0 X40.95703125 Y87.099609375
G1 X40.95703125 Y87.099609375
G0 X40.693359375 Y87.099609375
G1 X40.693359375 Y87.099609375
G1 X40.78125 Y87.099609375
G0 X40.341796875 Y87.099609375
G1 X40.341796875 Y87.099609375
G0 X38.408203125 Y87.099609375
G1 X38.408203125 Y87.099609375
G0 X37.529296875 Y87.099609375
G1 X37.529296875 Y87.099609375
G0 X37.265625 Y87.099609375
G1 X37.265625 Y87.099609375
G1 X37.353515625 Y87.099609375
G0 X36.650390625 Y87.099609375
G1 X36.650390625 Y87.099609375
G1 X36.73828125 Y87.099609375
G0 X36.38671875 Y87.099609375
G1 X36.38671875 Y87.099609375
G1 X36.474609375 Y87.099609375
G0 X36.123046875 Y87.099609375
G1 X36.123046875 Y87.099609375
G0 X13.447265625 Y87.099609375
G1 X13.447265625 Y87.099609375
G1 X13.447265625 Y87.1875
G1 X13.53515625 Y87.275390625
G1 X13.623046875 Y87.1875
G1 X14.0625 Y87.1875
G1 X13.798828125 Y87.1875
G1 X13.7109375 Y87.099609375
G1 X13.623046875 Y87.1875
G1 X13.53515625 Y87.1875
G0 X72.0703125 Y87.01171875
G1 X72.0703125 Y87.01171875
G1 X72.0703125 Y87.099609375
G1 X71.982421875 Y87.1875
G1 X71.89453125 Y87.1875
G1 X72.0703125 Y87.1875
G1 X72.0703125 Y87.099609375
G1 X72.158203125 Y87.01171875
G1 X72.333984375 Y87.1875
G1 X72.333984375 Y87.099609375
G1 X72.24609375 Y87.099609375
G1 X72.158203125 Y87.01171875
G0 X69.08203125 Y87.01171875
G1 X69.08203125 Y87.01171875
G1 X69.08203125 Y87.099609375
G1 X69.169921875 Y87.099609375
G0 X64.51171875 Y87.01171875
G1 X64.51171875 Y87.01171875
G0 X63.984375 Y87.01171875
G1 X63.984375 Y87.01171875
G0 X63.720703125 Y87.01171875
G1 X63.720703125 Y87.01171875
G0 X58.798828125 Y87.01171875
G1 X58.798828125 Y87.01171875
G0 X57.919921875 Y87.01171875
G1 X57.919921875 Y87.01171875
G0 X55.458984375 Y87.01171875
G1 X55.458984375 Y87.01171875
G0 X54.31640625 Y87.01171875
G1 X54.31640625 Y87.01171875
G1 X54.404296875 Y87.01171875
G0 X52.55859375 Y87.01171875
G1 X52.55859375 Y87.01171875
G1 X52.3828125 Y87.1875
G1 X52.55859375 Y87.1875
G1 X52.470703125 Y87.099609375
G0 X51.767578125 Y87.01171875
G1 X51.767578125 Y87.01171875
G0 X51.328125 Y87.01171875
G1 X51.328125 Y87.01171875
G1 X51.416015625 Y87.01171875
G0 X42.802734375 Y87.01171875
G1 X42.802734375 Y87.01171875
G1 X42.890625 Y87.099609375
G1 X42.890625 Y87.01171875
G0 X39.111328125 Y87.01171875
G1 X39.111328125 Y87.01171875
G0 X37.96875 Y87.01171875
G1 X37.96875 Y87.01171875
G0 X37.705078125 Y87.01171875
G1 X37.705078125 Y87.01171875
G0 X37.001953125 Y87.01171875
G1 X37.001953125 Y87.01171875
G1 X36.9140625 Y87.099609375
G0 X35.68359375 Y87.01171875
G1 X35.68359375 Y87.01171875
G0 X35.419921875 Y87.01171875
G1 X35.419921875 Y87.01171875
G0 X35.244140625 Y87.01171875
G1 X35.244140625 Y87.01171875
G0 X34.98046875 Y87.01171875
G1 X34.98046875 Y87.01171875
G0 X34.1015625 Y87.01171875
G1 X34.1015625 Y87.01171875
G1 X34.189453125 Y87.01171875
G0 X33.662109375 Y87.01171875
G1 X33.662109375 Y87.01171875
G0 X71.630859375 Y86.923828125
G1 X71.630859375 Y86.923828125
G1 X71.89453125 Y86.923828125
G0 X65.390625 Y86.923828125
G1 X65.390625 Y86.923828125
G1 X65.478515625 Y86.923828125
G0 X64.775390625 Y86.923828125
G1 X64.775390625 Y86.923828125
G0 X57.65625 Y86.923828125
G1 X57.65625 Y86.923828125
G0 X53.701171875 Y86.923828125
G1 X53.701171875 Y86.923828125
G1 X53.7890625 Y86.923828125
G0 X47.197265625 Y86.923828125
G1 X47.197265625 Y86.923828125
G1 X47.109375 Y87.01171875
G1 X45.87890625 Y87.01171875
G1 X45.791015625 Y87.099609375
G1 X45.703125 Y87.01171875
G1 X45.615234375 Y87.01171875
G1 X45.52734375 Y87.099609375
G1 X45.439453125 Y87.01171875
G1 X45.17578125 Y87.01171875
G1 X45.087890625 Y87.099609375
G1 X45.0 Y87.01171875
G1 X44.912109375 Y87.01171875
G1 X44.82421875 Y87.099609375
G1 X44.736328125 Y87.01171875
G1 X44.6484375 Y87.099609375
G1 X44.560546875 Y87.099609375
G1 X44.47265625 Y87.01171875
G1 X44.384765625 Y87.099609375
G1 X44.296875 Y87.01171875
G1 X44.208984375 Y87.01171875
G1 X44.12109375 Y87.099609375
G1 X44.033203125 Y87.01171875
G1 X43.9453125 Y87.099609375
G1 X43.857421875 Y87.099609375
G1 X43.76953125 Y87.01171875
G1 X43.681640625 Y87.099609375
G1 X43.59375 Y87.01171875
G1 X43.505859375 Y87.099609375
G1 X43.41796875 Y87.01171875
G1 X43.06640625 Y87.01171875
G1 X43.154296875 Y87.099609375
G1 X43.505859375 Y87.099609375
G1 X43.59375 Y87.01171875
G1 X43.681640625 Y87.099609375
G1 X45.615234375 Y87.099609375
G1 X45.703125 Y87.01171875
G1 X45.791015625 Y87.099609375
G1 X45.87890625 Y87.099609375
G1 X45.966796875 Y87.01171875
G1 X46.0546875 Y87.099609375
G1 X46.142578125 Y87.01171875
G1 X46.845703125 Y87.01171875
G1 X46.93359375 Y87.099609375
G1 X47.021484375 Y87.099609375
G1 X47.109375 Y87.01171875
G1 X48.251953125 Y87.01171875
G1 X47.28515625 Y87.01171875
G0 X42.451171875 Y86.923828125
G1 X42.451171875 Y86.923828125
G1 X42.36328125 Y87.01171875
G1 X42.626953125 Y87.01171875
G1 X42.5390625 Y87.01171875
G0 X42.099609375 Y86.923828125
G1 X42.099609375 Y86.923828125
G1 X42.1875 Y86.923828125
G0 X38.671875 Y86.923828125
G1 X38.671875 Y86.923828125
G0 X13.7109375 Y86.923828125
G1 X13.7109375 Y86.923828125
G0 X13.447265625 Y86.923828125
G1 X13.447265625 Y86.923828125
G0 X73.125 Y86.8359375
G1 X73.125 Y86.8359375
G1 X73.212890625 Y86.8359375
G0 X72.861328125 Y86.8359375
G1 X72.861328125 Y86.8359375
G0 X72.24609375 Y86.8359375
G1 X72.24609375 Y86.8359375
G1 X72.333984375 Y86.8359375
G0 X71.3671875 Y86.8359375
G1 X71.3671875 Y86.8359375
G0 X69.2578125 Y86.8359375
G1 X69.2578125 Y86.8359375
G1 X69.2578125 Y86.923828125
G0 X68.73046875 Y86.8359375
G1 X68.73046875 Y86.8359375
G1 X68.90625 Y86.8359375
G0 X68.37890625 Y86.8359375
G1 X68.37890625 Y86.8359375
G1 X68.37890625 Y86.923828125
G1 X68.466796875 Y86.923828125
G1 X68.466796875 Y86.8359375
G0 X66.62109375 Y86.8359375
G1 X66.62109375 Y86.8359375
G1 X66.62109375 Y86.923828125
G1 X66.708984375 Y86.8359375
G0 X66.4453125 Y86.8359375
G1 X66.4453125 Y86.8359375
G0 X66.09375 Y86.8359375
G1 X66.09375 Y86.8359375
G1 X66.005859375 Y86.923828125
G1 X66.09375 Y86.8359375
G1 X66.26953125 Y87.01171875
G1 X66.09375 Y87.1875
G1 X66.181640625 Y87.1875
G1 X66.26953125 Y87.099609375
G1 X66.26953125 Y86.923828125
G1 X66.181640625 Y86.923828125
G0 X65.126953125 Y86.8359375
G1 X65.126953125 Y86.8359375
G0 X57.041015625 Y86.8359375
G1 X57.041015625 Y86.8359375
G1 X57.12890625 Y86.8359375
G0 X56.513671875 Y86.8359375
G1 X56.513671875 Y86.8359375
G1 X56.513671875 Y86.923828125
G1 X56.42578125 Y87.01171875
G1 X56.513671875 Y86.923828125
G1 X56.6015625 Y86.923828125
G1 X56.689453125 Y86.8359375
G1 X56.77734375 Y86.923828125
G1 X56.865234375 Y86.923828125
G1 X56.77734375 Y86.923828125
G1 X56.689453125 Y86.8359375
G0 X56.25 Y86.8359375
G1 X56.25 Y86.8359375
G1 X56.162109375 Y86.923828125
G0 X55.8984375 Y86.8359375
G1 X55.8984375 Y86.8359375
G1 X55.8984375 Y86.923828125
G0 X55.72265625 Y86.8359375
G1 X55.72265625 Y86.8359375
G0 X55.546875 Y86.8359375
G1 X55.546875 Y86.8359375
G0 X54.84375 Y86.8359375
G1 X54.84375 Y86.8359375
G1 X54.931640625 Y86.923828125
G0 X54.4921875 Y86.8359375
G1 X54.4921875 Y86.8359375
G1 X54.580078125 Y86.8359375
G0 X53.173828125 Y86.8359375
G1 X53.173828125 Y86.8359375
G1 X53.26171875 Y86.8359375
G0 X52.91015625 Y86.8359375
G1 X52.91015625 Y86.8359375
G1 X52.822265625 Y86.923828125
G1 X52.91015625 Y86.923828125
G0 X52.294921875 Y86.8359375
G1 X52.294921875 Y86.8359375
G1 X52.294921875 Y86.923828125
G1 X52.20703125 Y87.01171875
G1 X52.20703125 Y87.099609375
G1 X52.20703125 Y87.01171875
G1 X52.294921875 Y86.923828125
G1 X52.3828125 Y86.923828125
G1 X52.3828125 Y86.8359375
G0 X52.03125 Y86.8359375
G1 X52.03125 Y86.8359375
G0 X50.9765625 Y86.8359375
G1 X50.9765625 Y86.8359375
G1 X51.064453125 Y86.923828125
G1 X51.064453125 Y86.8359375
G0 X50.712890625 Y86.8359375
G1 X50.712890625 Y86.8359375
G0 X50.537109375 Y86.8359375
G1 X50.537109375 Y86.8359375
G0 X50.2734375 Y86.8359375
G1 X50.2734375 Y86.8359375
G0 X50.009765625 Y86.8359375
G1 X50.009765625 Y86.8359375
G0 X49.74609375 Y86.8359375
G1 X49.74609375 Y86.8359375
G0 X49.39453125 Y86.8359375
G1 X49.39453125 Y86.8359375
G0 X48.8671875 Y86.8359375
G1 X48.8671875 Y86.8359375
G0 X45.087890625 Y86.8359375
G1 X45.087890625 Y86.8359375
G0 X44.6484375 Y86.8359375
G1 X44.6484375 Y86.8359375
G0 X41.8359375 Y86.8359375
G1 X41.8359375 Y86.8359375
G1 X41.8359375 Y86.923828125
G1 X41.923828125 Y86.923828125
G0 X41.484375 Y86.8359375
G1 X41.484375 Y86.8359375
G1 X41.572265625 Y86.923828125
G1 X41.66015625 Y86.923828125
G1 X41.572265625 Y86.8359375
G0 X41.044921875 Y86.8359375
G1 X41.044921875 Y86.8359375
G1 X41.044921875 Y86.923828125
G1 X41.1328125 Y86.923828125
G1 X41.220703125 Y86.8359375
G1 X41.30859375 Y86.923828125
G1 X41.30859375 Y86.8359375
G1 X41.220703125 Y86.8359375
G1 X41.1328125 Y86.923828125
G0 X40.78125 Y86.8359375
G1 X40.78125 Y86.8359375
G1 X40.869140625 Y86.8359375
G0 X40.60546875 Y86.8359375
G1 X40.60546875 Y86.8359375
G0 X40.341796875 Y86.8359375
G1 X40.341796875 Y86.8359375
G0 X40.078125 Y86.8359375
G1 X40.078125 Y86.8359375
G0 X36.474609375 Y86.8359375
G1 X36.474609375 Y86.8359375
G0 X33.3984375 Y86.8359375
G1 X33.3984375 Y86.8359375
G0 X31.9921875 Y86.8359375
G1 X31.9921875 Y86.8359375
G0 X13.18359375 Y86.8359375
G1 X13.18359375 Y86.8359375
G0 X73.388671875 Y86.748046875
G1 X73.388671875 Y86.748046875
G1 X73.4765625 Y86.8359375
G1 X73.564453125 Y86.748046875
G0 X71.982421875 Y86.748046875
G1 X71.982421875 Y86.748046875
G0 X70.400390625 Y86.748046875
G1 X70.400390625 Y86.748046875
G1 X70.48828125 Y86.748046875
G0 X67.67578125 Y86.748046875
G1 X67.67578125 Y86.748046875
G1 X67.67578125 Y86.8359375
G1 X67.763671875 Y86.8359375
G1 X67.763671875 Y86.748046875
G0 X65.56640625 Y86.748046875
G1 X65.56640625 Y86.748046875
G1 X65.7421875 Y86.748046875
G0 X55.1953125 Y86.748046875
G1 X55.1953125 Y86.748046875
G1 X55.1953125 Y86.8359375
G1 X55.283203125 Y86.8359375
G0 X54.052734375 Y86.748046875
G1 X54.052734375 Y86.748046875
G1 X54.052734375 Y86.8359375
G0 X53.525390625 Y86.748046875
G1 X53.525390625 Y86.748046875
G1 X53.4375 Y86.8359375
G1 X53.525390625 Y86.8359375
G0 X52.55859375 Y86.748046875
G1 X52.55859375 Y86.748046875
G1 X52.734375 Y86.748046875
G0 X51.6796875 Y86.748046875
G1 X51.6796875 Y86.748046875
G1 X51.767578125 Y86.748046875
G0 X51.328125 Y86.748046875
G1 X51.328125 Y86.748046875
G0 X49.5703125 Y86.748046875
G1 X49.5703125 Y86.748046875
G0 X48.69140625 Y86.748046875
G1 X48.69140625 Y86.748046875
G0 X45.263671875 Y86.748046875
G1 X45.263671875 Y86.748046875
G0 X44.12109375 Y86.748046875
G1 X44.12109375 Y86.748046875
G1 X44.208984375 Y86.8359375
G1 X44.208984375 Y86.748046875
G0 X43.59375 Y86.748046875
G1 X43.59375 Y86.748046875
G0 X38.583984375 Y86.748046875
G1 X38.583984375 Y86.748046875
G0 X37.529296875 Y86.748046875
G1 X37.529296875 Y86.748046875
G0 X37.265625 Y86.748046875
G1 X37.265625 Y86.748046875
G0 X36.03515625 Y86.748046875
G1 X36.03515625 Y86.748046875
G0 X15.908203125 Y86.748046875
G1 X15.908203125 Y86.748046875
G0 X73.828125 Y86.66015625
G1 X73.828125 Y86.66015625
G1 X73.740234375 Y86.748046875
G1 X73.828125 Y86.748046875
G0 X72.94921875 Y86.66015625
G1 X72.94921875 Y86.66015625
G1 X73.037109375 Y86.66015625
G0 X72.685546875 Y86.66015625
G1 X72.685546875 Y86.66015625
G1 X72.685546875 Y86.748046875
G0 X72.509765625 Y86.66015625
G1 X72.509765625 Y86.66015625
G0 X71.54296875 Y86.66015625
G1 X71.54296875 Y86.66015625
G1 X71.630859375 Y86.66015625
G0 X71.19140625 Y86.66015625
G1 X71.19140625 Y86.66015625
G1 X71.19140625 Y86.748046875
G0 X70.224609375 Y86.66015625
G1 X70.224609375 Y86.66015625
G0 X69.873046875 Y86.66015625
G1 X69.873046875 Y86.66015625
G1 X69.9609375 Y86.66015625
G0 X69.521484375 Y86.66015625
G1 X69.521484375 Y86.66015625
G1 X69.521484375 Y86.748046875
G1 X69.609375 Y86.748046875
G1 X69.609375 Y86.66015625
G0 X69.2578125 Y86.66015625
G1 X69.2578125 Y86.66015625
G1 X69.345703125 Y86.66015625
G0 X68.994140625 Y86.66015625
G1 X68.994140625 Y86.66015625
G0 X67.412109375 Y86.66015625
G1 X67.412109375 Y86.66015625
G0 X66.09375 Y86.66015625
G1 X66.09375 Y86.66015625
G1 X66.26953125 Y86.66015625
G0 X65.302734375 Y86.66015625
G1 X65.302734375 Y86.66015625
G0 X64.3359375 Y86.66015625
G1 X64.3359375 Y86.66015625
G0 X58.18359375 Y86.66015625
G1 X58.18359375 Y86.66015625
G0 X57.919921875 Y86.66015625
G1 X57.919921875 Y86.66015625
G1 X58.0078125 Y86.66015625
G0 X57.65625 Y86.66015625
G1 X57.65625 Y86.66015625
G0 X56.77734375 Y86.66015625
G1 X56.77734375 Y86.66015625
G0 X56.42578125 Y86.66015625
G1 X56.42578125 Y86.66015625
G0 X54.931640625 Y86.66015625
G1 X54.931640625 Y86.66015625
G0 X54.66796875 Y86.66015625
G1 X54.66796875 Y86.66015625
G0 X54.404296875 Y86.66015625
G1 X54.404296875 Y86.66015625
G0 X45.52734375 Y86.66015625
G1 X45.52734375 Y86.66015625
G0 X44.384765625 Y86.66015625
G1 X44.384765625 Y86.66015625
G0 X43.330078125 Y86.66015625
G1 X43.330078125 Y86.66015625
G0 X43.06640625 Y86.66015625
G1 X43.06640625 Y86.66015625
G1 X42.978515625 Y86.748046875
G1 X42.890625 Y86.748046875
G1 X42.978515625 Y86.748046875
G0 X42.626953125 Y86.66015625
G1 X42.626953125 Y86.66015625
G1 X42.71484375 Y86.748046875
G0 X42.36328125 Y86.66015625
G1 X42.36328125 Y86.66015625
G0 X42.01171875 Y86.66015625
G1 X42.01171875 Y86.66015625
G1 X42.099609375 Y86.66015625
G0 X41.8359375 Y86.66015625
G1 X41.8359375 Y86.66015625
G0 X41.572265625 Y86.66015625
G1 X41.572265625 Y86.66015625
G0 X41.30859375 Y86.66015625
G1 X41.30859375 Y86.66015625
G0 X41.044921875 Y86.66015625
G1 X41.044921875 Y86.66015625
G0 X16.611328125 Y86.66015625
G1 X16.611328125 Y86.66015625
G1 X16.69921875 Y86.66015625
G0 X14.23828125 Y86.66015625
G1 X14.23828125 Y86.66015625
G0 X13.974609375 Y86.66015625
G1 X13.974609375 Y86.66015625
G1 X13.88671875 Y86.748046875
G1 X13.974609375 Y86.748046875
G1 X14.0625 Y86.66015625
G0 X13.447265625 Y86.66015625
G1 X13.447265625 Y86.66015625
G1 X13.447265625 Y86.748046875
G1 X13.7109375 Y86.748046875
G1 X13.7109375 Y86.66015625
G1 X13.623046875 Y86.748046875
G1 X13.53515625 Y86.748046875
G0 X13.271484375 Y86.66015625
G1 X13.271484375 Y86.66015625
G0 X13.0078125 Y86.66015625
G1 X13.0078125 Y86.66015625
G1 X12.919921875 Y86.748046875
G1 X13.0078125 Y86.8359375
G1 X13.0078125 Y86.923828125
G1 X13.0078125 Y86.8359375
G1 X12.919921875 Y86.748046875
G0 X11.953125 Y86.66015625
G1 X11.953125 Y86.66015625
G1 X11.953125 Y86.8359375
G1 X12.041015625 Y86.748046875
G1 X12.216796875 Y86.748046875
G1 X12.216796875 Y86.66015625
G1 X12.12890625 Y86.66015625
G1 X12.041015625 Y86.748046875
G0 X72.0703125 Y86.572265625
G1 X72.0703125 Y86.572265625
G0 X68.73046875 Y86.572265625
G1 X68.73046875 Y86.572265625
G0 X66.884765625 Y86.572265625
G1 X66.884765625 Y86.572265625
G1 X66.796875 Y86.66015625
G1 X66.884765625 Y86.572265625
G1 X66.97265625 Y86.572265625
G0 X66.4453125 Y86.572265625
G1 X66.4453125 Y86.572265625
G1 X66.4453125 Y86.66015625
G1 X66.533203125 Y86.572265625
G0 X57.3046875 Y86.572265625
G1 X57.3046875 Y86.572265625
G0 X56.162109375 Y86.572265625
G1 X56.162109375 Y86.572265625
G1 X56.162109375 Y86.66015625
G0 X55.634765625 Y86.572265625
G1 X55.634765625 Y86.572265625
G1 X55.72265625 Y86.572265625
G0 X53.525390625 Y86.572265625
G1 X53.525390625 Y86.572265625
G1 X53.701171875 Y86.572265625
G0 X52.3828125 Y86.572265625
G1 X52.3828125 Y86.572265625
G1 X52.470703125 Y86.572265625
G0 X52.119140625 Y86.572265625
G1 X52.119140625 Y86.572265625
G0 X51.767578125 Y86.572265625
G1 X51.767578125 Y86.572265625
G1 X51.943359375 Y86.572265625
G0 X51.240234375 Y86.572265625
G1 X51.240234375 Y86.572265625
G0 X50.888671875 Y86.572265625
G1 X50.888671875 Y86.572265625
G1 X50.9765625 Y86.572265625
G0 X50.009765625 Y86.572265625
G1 X50.009765625 Y86.572265625
G0 X49.833984375 Y86.572265625
G1 X49.833984375 Y86.572265625
G0 X48.427734375 Y86.572265625
G1 X48.427734375 Y86.572265625
G0 X48.1640625 Y86.572265625
G1 X48.1640625 Y86.572265625
G1 X48.1640625 Y86.66015625
G1 X48.251953125 Y86.572265625
G0 X45.87890625 Y86.572265625
G1 X45.87890625 Y86.572265625
G1 X45.791015625 Y86.66015625
G1 X45.703125 Y86.66015625
G1 X47.4609375 Y86.66015625
G1 X47.548828125 Y86.572265625
G1 X47.63671875 Y86.66015625
G1 X47.8125 Y86.66015625
G1 X47.900390625 Y86.572265625
G1 X47.98828125 Y86.572265625
G1 X47.8125 Y86.572265625
G1 X47.724609375 Y86.66015625
G1 X47.63671875 Y86.572265625
G1 X47.4609375 Y86.572265625
G1 X47.373046875 Y86.66015625
G1 X47.28515625 Y86.572265625
G1 X47.197265625 Y86.572265625
G1 X47.109375 Y86.66015625
G1 X47.021484375 Y86.572265625
G1 X46.23046875 Y86.572265625
G1 X46.142578125 Y86.66015625
G1 X45.966796875 Y86.66015625
G0 X44.82421875 Y86.572265625
G1 X44.82421875 Y86.572265625
G1 X44.912109375 Y86.572265625
G0 X73.30078125 Y86.484375
G1 X73.30078125 Y86.484375
G1 X73.212890625 Y86.572265625
G1 X73.30078125 Y86.572265625
G0 X72.7734375 Y86.484375
G1 X72.7734375 Y86.484375
G1 X72.861328125 Y86.484375
G0 X72.333984375 Y86.484375
G1 X72.333984375 Y86.484375
G1 X72.333984375 Y86.572265625
G0 X70.576171875 Y86.484375
G1 X70.576171875 Y86.484375
G0 X67.5 Y86.484375
G1 X67.5 Y86.484375
G1 X67.587890625 Y86.484375
G0 X65.56640625 Y86.484375
G1 X65.56640625 Y86.484375
G1 X65.654296875 Y86.484375
G0 X65.126953125 Y86.484375
G1 X65.126953125 Y86.484375
G0 X56.865234375 Y86.484375
G1 X56.865234375 Y86.484375
G1 X56.953125 Y86.572265625
G1 X57.041015625 Y86.572265625
G1 X56.953125 Y86.572265625
G0 X52.734375 Y86.484375
G1 X52.734375 Y86.484375
G1 X52.91015625 Y86.484375
G1 X52.998046875 Y86.572265625
G1 X53.0859375 Y86.572265625
G1 X52.998046875 Y86.572265625
G1 X52.91015625 Y86.484375
G0 X51.50390625 Y86.484375
G1 X51.50390625 Y86.484375
G0 X50.712890625 Y86.484375
G1 X50.712890625 Y86.484375
G0 X45.3515625 Y86.484375
G1 X45.3515625 Y86.484375
G1 X45.439453125 Y86.484375
G0 X44.208984375 Y86.484375
G1 X44.208984375 Y86.484375
G0 X36.9140625 Y86.484375
G1 X36.9140625 Y86.484375
G0 X33.22265625 Y86.484375
G1 X33.22265625 Y86.484375
G0 X13.7109375 Y86.484375
G1 X13.7109375 Y86.484375
G0 X13.447265625 Y86.484375
G1 X13.447265625 Y86.484375
G0 X12.65625 Y86.484375
G1 X12.65625 Y86.484375
G0 X8.7890625 Y86.484375
G1 X8.7890625 Y86.484375
G1 X8.7890625 Y86.572265625
G1 X9.140625 Y86.572265625
G1 X9.140625 Y86.484375
G1 X9.052734375 Y86.572265625
G1 X8.96484375 Y86.484375
G0 X73.740234375 Y86.396484375
G1 X73.740234375 Y86.396484375
G1 X73.564453125 Y86.572265625
G1 X73.65234375 Y86.572265625
G1 X73.65234375 Y86.484375
G1 X73.740234375 Y86.396484375
G1 X73.828125 Y86.396484375
G0 X73.125 Y86.396484375
G1 X73.125 Y86.396484375
G0 X72.158203125 Y86.396484375
G1 X72.158203125 Y86.396484375
G0 X71.806640625 Y86.396484375
G1 X71.806640625 Y86.396484375
G1 X71.806640625 Y86.484375
G0 X71.455078125 Y86.396484375
G1 X71.455078125 Y86.396484375
G0 X71.19140625 Y86.396484375
G1 X71.19140625 Y86.396484375
G0 X70.83984375 Y86.396484375
G1 X70.83984375 Y86.396484375
G0 X70.3125 Y86.396484375
G1 X70.3125 Y86.396484375
G1 X70.3125 Y86.484375
G1 X70.400390625 Y86.484375
G0 X70.048828125 Y86.396484375
G1 X70.048828125 Y86.396484375
G1 X70.13671875 Y86.396484375
G0 X69.697265625 Y86.396484375
G1 X69.697265625 Y86.396484375
G1 X69.697265625 Y86.484375
G1 X69.78515625 Y86.396484375
G0 X69.43359375 Y86.396484375
G1 X69.43359375 Y86.396484375
G0 X69.169921875 Y86.396484375
G1 X69.169921875 Y86.396484375
G0 X67.1484375 Y86.396484375
G1 X67.1484375 Y86.396484375
G1 X67.32421875 Y86.396484375
G0 X66.26953125 Y86.396484375
G1 X66.26953125 Y86.396484375
G0 X56.6015625 Y86.396484375
G1 X56.6015625 Y86.396484375
G1 X56.6015625 Y86.484375
G0 X56.25 Y86.396484375
G1 X56.25 Y86.396484375
G0 X56.07421875 Y86.396484375
G1 X56.07421875 Y86.396484375
G1 X55.8984375 Y86.572265625
G1 X55.986328125 Y86.572265625
G1 X55.986328125 Y86.484375
G0 X55.72265625 Y86.396484375
G1 X55.72265625 Y86.396484375
G0 X55.458984375 Y86.396484375
G1 X55.458984375 Y86.396484375
G1 X55.37109375 Y86.484375
G1 X55.458984375 Y86.484375
G0 X52.55859375 Y86.396484375
G1 X52.55859375 Y86.396484375
G0 X49.21875 Y86.396484375
G1 X49.21875 Y86.396484375
G0 X44.560546875 Y86.396484375
G1 X44.560546875 Y86.396484375
G0 X43.681640625 Y86.396484375
G1 X43.681640625 Y86.396484375
G0 X42.802734375 Y86.396484375
G1 X42.802734375 Y86.396484375
G1 X42.890625 Y86.484375
G0 X42.5390625 Y86.396484375
G1 X42.5390625 Y86.396484375
G1 X42.626953125 Y86.396484375
G0 X41.66015625 Y86.396484375
G1 X41.66015625 Y86.396484375
G1 X41.748046875 Y86.396484375
G0 X41.396484375 Y86.396484375
G1 X41.396484375 Y86.396484375
G0 X41.1328125 Y86.396484375
G1 X41.1328125 Y86.396484375
G0 X39.19921875 Y86.396484375
G1 X39.19921875 Y86.396484375
G0 X37.529296875 Y86.396484375
G1 X37.529296875 Y86.396484375
G0 X34.8046875 Y86.396484375
G1 X34.8046875 Y86.396484375
G0 X13.0078125 Y86.396484375
G1 X13.0078125 Y86.396484375
G1 X13.0078125 Y86.484375
G0 X11.162109375 Y86.396484375
G1 X11.162109375 Y86.396484375
G1 X11.162109375 Y86.484375
G0 X10.72265625 Y86.396484375
G1 X10.72265625 Y86.396484375
G1 X10.72265625 Y86.484375
G0 X9.66796875 Y86.396484375
G1 X9.66796875 Y86.396484375
G1 X9.4921875 Y86.572265625
G1 X9.404296875 Y86.484375
G1 X9.31640625 Y86.484375
G1 X9.31640625 Y86.572265625
G1 X9.580078125 Y86.572265625
G1 X9.66796875 Y86.484375
G1 X9.755859375 Y86.484375
G1 X9.755859375 Y86.396484375
G0 X74.1796875 Y86.30859375
G1 X74.1796875 Y86.30859375
G1 X74.267578125 Y86.30859375
G1 X74.35546875 Y86.396484375
G1 X74.35546875 Y86.484375
G1 X74.443359375 Y86.396484375
G1 X74.35546875 Y86.396484375
G1 X74.267578125 Y86.30859375
G0 X73.4765625 Y86.30859375
G1 X73.4765625 Y86.30859375
G0 X72.94921875 Y86.30859375
G1 X72.94921875 Y86.30859375
G0 X72.59765625 Y86.30859375
G1 X72.59765625 Y86.30859375
G0 X68.642578125 Y86.30859375
G1 X68.642578125 Y86.30859375
G0 X68.37890625 Y86.30859375
G1 X68.37890625 Y86.30859375
G0 X68.115234375 Y86.30859375
G1 X68.115234375 Y86.30859375
G1 X68.115234375 Y86.396484375
G0 X67.8515625 Y86.30859375
G1 X67.8515625 Y86.30859375
G1 X67.8515625 Y86.396484375
G0 X67.587890625 Y86.30859375
G1 X67.587890625 Y86.30859375
G0 X57.568359375 Y86.30859375
G1 X57.568359375 Y86.30859375
G0 X57.216796875 Y86.30859375
G1 X57.216796875 Y86.30859375
G1 X57.216796875 Y86.396484375
G0 X55.1953125 Y86.30859375
G1 X55.1953125 Y86.30859375
G0 X54.84375 Y86.30859375
G1 X54.84375 Y86.30859375
G1 X54.755859375 Y86.396484375
G1 X54.755859375 Y86.484375
G1 X54.84375 Y86.396484375
G1 X54.931640625 Y86.396484375
G1 X55.107421875 Y86.572265625
G1 X55.107421875 Y86.484375
G1 X55.01953125 Y86.484375
G0 X53.61328125 Y86.30859375
G1 X53.61328125 Y86.30859375
G1 X53.701171875 Y86.30859375
G0 X52.294921875 Y86.30859375
G1 X52.294921875 Y86.30859375
G0 X51.943359375 Y86.30859375
G1 X51.943359375 Y86.30859375
G1 X52.03125 Y86.30859375
G0 X51.6796875 Y86.30859375
G1 X51.6796875 Y86.30859375
G1 X51.767578125 Y86.30859375
G0 X51.064453125 Y86.30859375
G1 X51.064453125 Y86.30859375
G0 X50.80078125 Y86.30859375
G1 X50.80078125 Y86.30859375
G0 X50.625 Y86.30859375
G1 X50.625 Y86.30859375
G0 X50.2734375 Y86.30859375
G1 X50.2734375 Y86.30859375
G1 X50.2734375 Y86.396484375
G0 X50.009765625 Y86.30859375
G1 X50.009765625 Y86.30859375
G1 X50.009765625 Y86.396484375
G0 X49.833984375 Y86.30859375
G1 X49.833984375 Y86.30859375
G0 X49.39453125 Y86.30859375
G1 X49.39453125 Y86.30859375
G1 X49.482421875 Y86.396484375
G1 X49.5703125 Y86.30859375
G1 X49.482421875 Y86.396484375
G0 X48.8671875 Y86.30859375
G1 X48.8671875 Y86.30859375
G1 X48.955078125 Y86.30859375
G1 X49.04296875 Y86.396484375
G1 X48.955078125 Y86.30859375
G0 X48.33984375 Y86.30859375
G1 X48.33984375 Y86.30859375
G1 X48.515625 Y86.30859375
G1 X48.603515625 Y86.396484375
G1 X48.69140625 Y86.30859375
G0 X47.8125 Y86.30859375
G1 X47.8125 Y86.30859375
G1 X48.1640625 Y86.30859375
G0 X46.0546875 Y86.30859375
G1 X46.0546875 Y86.30859375
G1 X47.63671875 Y86.30859375
G0 X45.87890625 Y86.30859375
G1 X45.87890625 Y86.30859375
G0 X45.615234375 Y86.30859375
G1 X45.615234375 Y86.30859375
G1 X45.703125 Y86.396484375
G0 X43.330078125 Y86.30859375
G1 X43.330078125 Y86.30859375
G1 X43.2421875 Y86.396484375
G1 X43.330078125 Y86.30859375
G1 X43.41796875 Y86.396484375
G0 X42.099609375 Y86.30859375
G1 X42.099609375 Y86.30859375
G1 X42.1875 Y86.396484375
G1 X42.275390625 Y86.396484375
G1 X42.1875 Y86.396484375
G0 X40.341796875 Y86.30859375
G1 X40.341796875 Y86.30859375
G0 X10.458984375 Y86.30859375
G1 X10.458984375 Y86.30859375
G1 X10.546875 Y86.396484375
G1 X10.458984375 Y86.484375
G1 X10.1953125 Y86.484375
G1 X10.107421875 Y86.396484375
G1 X10.01953125 Y86.396484375
G1 X9.931640625 Y86.484375
G1 X9.931640625 Y86.572265625
G1 X10.01953125 Y86.484375
G1 X10.1953125 Y86.484375
G1 X10.283203125 Y86.572265625
G1 X10.37109375 Y86.484375
G1 X10.458984375 Y86.484375
G1 X10.546875 Y86.396484375
G0 X74.619140625 Y86.220703125
G1 X74.619140625 Y86.220703125
G1 X74.70703125 Y86.30859375
G1 X74.794921875 Y86.30859375
G1 X74.70703125 Y86.30859375
G0 X72.333984375 Y86.220703125
G1 X72.333984375 Y86.220703125
G0 X71.89453125 Y86.220703125
G1 X71.89453125 Y86.220703125
G0 X70.927734375 Y86.220703125
G1 X70.927734375 Y86.220703125
G1 X71.015625 Y86.220703125
G0 X66.796875 Y86.220703125
G1 X66.796875 Y86.220703125
G0 X66.4453125 Y86.220703125
G1 X66.4453125 Y86.220703125
G0 X57.744140625 Y86.220703125
G1 X57.744140625 Y86.220703125
G0 X55.546875 Y86.220703125
G1 X55.546875 Y86.220703125
G0 X52.91015625 Y86.220703125
G1 X52.91015625 Y86.220703125
G1 X52.998046875 Y86.30859375
G1 X53.173828125 Y86.30859375
G1 X53.26171875 Y86.396484375
G1 X53.26171875 Y86.484375
G1 X53.349609375 Y86.484375
G1 X53.26171875 Y86.396484375
G1 X53.4375 Y86.220703125
G1 X53.349609375 Y86.30859375
G1 X53.0859375 Y86.30859375
G1 X52.998046875 Y86.220703125
G0 X51.416015625 Y86.220703125
G1 X51.416015625 Y86.220703125
G1 X51.328125 Y86.30859375
G1 X51.416015625 Y86.220703125
G1 X51.50390625 Y86.30859375
G0 X42.978515625 Y86.220703125
G1 X42.978515625 Y86.220703125
G1 X42.978515625 Y86.30859375
G1 X43.06640625 Y86.396484375
G1 X42.978515625 Y86.30859375
G0 X13.271484375 Y86.220703125
G1 X13.271484375 Y86.220703125
G0 X13.0078125 Y86.220703125
G1 X13.0078125 Y86.220703125
G0 X12.48046875 Y86.220703125
G1 X12.48046875 Y86.220703125
G1 X12.392578125 Y86.30859375
G1 X12.3046875 Y86.30859375
G1 X12.3046875 Y86.484375
G1 X12.392578125 Y86.572265625
G1 X12.392578125 Y86.8359375
G1 X12.48046875 Y86.748046875
G1 X12.65625 Y86.748046875
G1 X12.744140625 Y86.8359375
G1 X12.744140625 Y86.66015625
G1 X12.65625 Y86.748046875
G1 X12.568359375 Y86.66015625
G1 X12.48046875 Y86.748046875
G1 X12.392578125 Y86.66015625
G1 X12.392578125 Y86.572265625
G1 X12.3046875 Y86.484375
G1 X12.3046875 Y86.396484375
G1 X12.392578125 Y86.30859375
G1 X12.65625 Y86.30859375
G1 X12.568359375 Y86.30859375
G0 X9.580078125 Y86.220703125
G1 X9.580078125 Y86.220703125
G1 X9.4921875 Y86.30859375
G0 X74.970703125 Y86.1328125
G1 X74.970703125 Y86.1328125
G1 X75.05859375 Y86.220703125
G1 X75.05859375 Y86.30859375
G1 X75.146484375 Y86.220703125
G1 X75.05859375 Y86.220703125
G0 X74.35546875 Y86.1328125
G1 X74.35546875 Y86.1328125
G1 X74.443359375 Y86.1328125
G0 X74.00390625 Y86.1328125
G1 X74.00390625 Y86.1328125
G1 X74.091796875 Y86.1328125
G0 X73.30078125 Y86.1328125
G1 X73.30078125 Y86.1328125
G1 X73.30078125 Y86.220703125
G0 X72.861328125 Y86.1328125
G1 X72.861328125 Y86.1328125
G0 X72.509765625 Y86.1328125
G1 X72.509765625 Y86.1328125
G0 X71.630859375 Y86.1328125
G1 X71.630859375 Y86.1328125
G0 X70.400390625 Y86.1328125
G1 X70.400390625 Y86.1328125
G0 X69.873046875 Y86.1328125
G1 X69.873046875 Y86.1328125
G0 X69.521484375 Y86.1328125
G1 X69.521484375 Y86.1328125
G1 X69.521484375 Y86.220703125
G0 X69.2578125 Y86.1328125
G1 X69.2578125 Y86.1328125
G0 X69.08203125 Y86.1328125
G1 X69.08203125 Y86.1328125
G0 X67.587890625 Y86.1328125
G1 X67.587890625 Y86.1328125
G0 X67.236328125 Y86.1328125
G1 X67.236328125 Y86.1328125
G0 X66.09375 Y86.1328125
G1 X66.09375 Y86.1328125
G0 X56.337890625 Y86.1328125
G1 X56.337890625 Y86.1328125
G1 X56.42578125 Y86.1328125
G0 X55.8984375 Y86.1328125
G1 X55.8984375 Y86.1328125
G1 X55.8984375 Y86.220703125
G0 X55.37109375 Y86.1328125
G1 X55.37109375 Y86.1328125
G0 X54.66796875 Y86.1328125
G1 X54.66796875 Y86.1328125
G0 X54.228515625 Y86.1328125
G1 X54.228515625 Y86.1328125
G1 X54.228515625 Y86.220703125
G1 X54.140625 Y86.30859375
G1 X54.052734375 Y86.30859375
G1 X54.052734375 Y86.396484375
G1 X53.96484375 Y86.484375
G1 X53.876953125 Y86.484375
G1 X53.96484375 Y86.484375
G1 X54.052734375 Y86.396484375
G1 X54.140625 Y86.396484375
G1 X54.228515625 Y86.484375
G1 X54.140625 Y86.396484375
G1 X54.140625 Y86.30859375
G1 X54.228515625 Y86.220703125
G1 X54.4921875 Y86.484375
G1 X54.580078125 Y86.396484375
G1 X54.580078125 Y86.30859375
G1 X54.580078125 Y86.396484375
G1 X54.4921875 Y86.484375
G1 X54.31640625 Y86.30859375
G1 X54.31640625 Y86.220703125
G0 X53.7890625 Y86.1328125
G1 X53.7890625 Y86.1328125
G1 X53.876953125 Y86.1328125
G0 X52.470703125 Y86.1328125
G1 X52.470703125 Y86.1328125
G1 X52.734375 Y86.1328125
G0 X52.119140625 Y86.1328125
G1 X52.119140625 Y86.1328125
G0 X43.2421875 Y86.1328125
G1 X43.2421875 Y86.1328125
G0 X42.71484375 Y86.1328125
G1 X42.71484375 Y86.1328125
G0 X41.923828125 Y86.1328125
G1 X41.923828125 Y86.1328125
G0 X40.166015625 Y86.1328125
G1 X40.166015625 Y86.1328125
G0 X39.7265625 Y86.1328125
G1 X39.7265625 Y86.1328125
G0 X11.865234375 Y86.1328125
G1 X11.865234375 Y86.1328125
G1 X11.865234375 Y86.220703125
G0 X10.986328125 Y86.1328125
G1 X10.986328125 Y86.1328125
G1 X11.07421875 Y86.220703125
G1 X11.162109375 Y86.1328125
G1 X11.25 Y86.220703125
G1 X11.337890625 Y86.220703125
G1 X11.42578125 Y86.30859375
G1 X11.42578125 Y86.484375
G1 X11.42578125 Y86.396484375
G1 X11.513671875 Y86.30859375
G1 X11.6015625 Y86.396484375
G1 X11.689453125 Y86.396484375
G1 X11.77734375 Y86.484375
G1 X11.865234375 Y86.396484375
G1 X11.953125 Y86.484375
G1 X11.953125 Y86.396484375
G1 X12.041015625 Y86.30859375
G1 X12.12890625 Y86.30859375
G1 X12.12890625 Y86.220703125
G1 X12.041015625 Y86.220703125
G1 X12.041015625 Y86.30859375
G1 X11.953125 Y86.396484375
G1 X11.77734375 Y86.396484375
G1 X11.689453125 Y86.30859375
G1 X11.689453125 Y86.220703125
G1 X11.6015625 Y86.1328125
G1 X11.689453125 Y86.220703125
G1 X11.6015625 Y86.30859375
G1 X11.42578125 Y86.30859375
G1 X11.337890625 Y86.220703125
G1 X11.25 Y86.220703125
G1 X11.162109375 Y86.1328125
G1 X11.07421875 Y86.220703125
G0 X10.1953125 Y86.1328125
G1 X10.1953125 Y86.1328125
G1 X10.1953125 Y86.220703125
G1 X10.283203125 Y86.220703125
G0 X9.755859375 Y86.1328125
G1 X9.755859375 Y86.1328125
G0 X73.564453125 Y86.044921875
G1 X73.564453125 Y86.044921875
G1 X73.740234375 Y86.220703125
G1 X73.828125 Y86.220703125
G1 X73.740234375 Y86.220703125
G1 X73.65234375 Y86.1328125
G1 X73.65234375 Y86.044921875
G0 X68.37890625 Y86.044921875
G1 X68.37890625 Y86.044921875
G0 X68.115234375 Y86.044921875
G1 X68.115234375 Y86.044921875
G1 X68.02734375 Y86.1328125
G1 X67.939453125 Y86.1328125
G1 X68.02734375 Y86.1328125
G0 X66.62109375 Y86.044921875
G1 X66.62109375 Y86.044921875
G0 X55.01953125 Y86.044921875
G1 X55.01953125 Y86.044921875
G1 X55.01953125 Y86.1328125
G0 X54.4921875 Y86.044921875
G1 X54.4921875 Y86.044921875
G0 X54.052734375 Y86.044921875
G1 X54.052734375 Y86.044921875
G0 X53.525390625 Y86.044921875
G1 X53.525390625 Y86.044921875
G1 X53.61328125 Y86.044921875
G0 X53.26171875 Y86.044921875
G1 X53.26171875 Y86.044921875
G0 X51.85546875 Y86.044921875
G1 X51.85546875 Y86.044921875
G0 X50.185546875 Y86.044921875
G1 X50.185546875 Y86.044921875
G0 X50.009765625 Y86.044921875
G1 X50.009765625 Y86.044921875
G1 X50.009765625 Y86.1328125
G0 X49.833984375 Y86.044921875
G1 X49.833984375 Y86.044921875
G0 X49.39453125 Y86.044921875
G1 X49.39453125 Y86.044921875
G1 X49.482421875 Y86.044921875
G0 X49.21875 Y86.044921875
G1 X49.21875 Y86.044921875
G0 X48.8671875 Y86.044921875
G1 X48.8671875 Y86.044921875
G0 X45.703125 Y86.044921875
G1 X45.703125 Y86.044921875
G0 X44.12109375 Y86.044921875
G1 X44.12109375 Y86.044921875
G0 X42.1875 Y86.044921875
G1 X42.1875 Y86.044921875
G0 X15.732421875 Y86.044921875
G1 X15.732421875 Y86.044921875
G0 X10.72265625 Y86.044921875
G1 X10.72265625 Y86.044921875
G1 X10.634765625 Y86.1328125
G0 X9.31640625 Y86.044921875
G1 X9.31640625 Y86.044921875
G0 X73.828125 Y85.95703125
G1 X73.828125 Y85.95703125
G0 X72.0703125 Y85.95703125
G1 X72.0703125 Y85.95703125
G1 X72.158203125 Y85.95703125
G0 X71.806640625 Y85.95703125
G1 X71.806640625 Y85.95703125
G0 X71.103515625 Y85.95703125
G1 X71.103515625 Y85.95703125
G0 X70.751953125 Y85.95703125
G1 X70.751953125 Y85.95703125
G0 X67.236328125 Y85.95703125
G1 X67.236328125 Y85.95703125
G0 X50.625 Y85.95703125
G1 X50.625 Y85.95703125
G0 X49.658203125 Y85.95703125
G1 X49.658203125 Y85.95703125
G0 X48.33984375 Y85.95703125
G1 X48.33984375 Y85.95703125
G0 X47.900390625 Y85.95703125
G1 X47.900390625 Y85.95703125
G1 X47.98828125 Y86.044921875
G0 X47.63671875 Y85.95703125
G1 X47.63671875 Y85.95703125
G0 X47.4609375 Y85.95703125
G1 X47.4609375 Y85.95703125
G0 X47.109375 Y85.95703125
G1 X47.109375 Y85.95703125
G1 X47.28515625 Y85.95703125
G0 X46.669921875 Y85.95703125
G1 X46.669921875 Y85.95703125
G1 X46.93359375 Y85.95703125
G0 X46.40625 Y85.95703125
G1 X46.40625 Y85.95703125
G1 X46.494140625 Y85.95703125
G0 X46.23046875 Y85.95703125
G1 X46.23046875 Y85.95703125
G0 X45.87890625 Y85.95703125
G1 X45.87890625 Y85.95703125
G0 X45.087890625 Y85.95703125
G1 X45.087890625 Y85.95703125
G0 X44.82421875 Y85.95703125
G1 X44.82421875 Y85.95703125
G1 X44.912109375 Y85.95703125
G0 X44.560546875 Y85.95703125
G1 X44.560546875 Y85.95703125
G0 X42.71484375 Y85.95703125
G1 X42.71484375 Y85.95703125
G1 X42.802734375 Y85.95703125
G0 X41.748046875 Y85.95703125
G1 X41.748046875 Y85.95703125
G0 X40.95703125 Y85.95703125
G1 X40.95703125 Y85.95703125
G1 X40.869140625 Y86.044921875
G1 X40.95703125 Y85.95703125
G1 X41.044921875 Y86.044921875
G1 X41.1328125 Y86.044921875
G1 X41.220703125 Y85.95703125
G1 X41.30859375 Y85.95703125
G1 X41.396484375 Y86.044921875
G1 X41.484375 Y86.044921875
G1 X41.572265625 Y85.95703125
G1 X41.484375 Y85.95703125
G1 X41.396484375 Y86.044921875
G1 X41.30859375 Y85.95703125
G1 X41.220703125 Y85.95703125
G1 X41.1328125 Y86.044921875
G1 X41.044921875 Y85.95703125
G0 X40.693359375 Y85.95703125
G1 X40.693359375 Y85.95703125
G0 X34.541015625 Y85.95703125
G1 X34.541015625 Y85.95703125
G0 X33.662109375 Y85.95703125
G1 X33.662109375 Y85.95703125
G0 X13.53515625 Y85.95703125
G1 X13.53515625 Y85.95703125
G0 X11.337890625 Y85.95703125
G1 X11.337890625 Y85.95703125
G0 X10.283203125 Y85.95703125
G1 X10.283203125 Y85.95703125
G1 X10.37109375 Y85.95703125
G0 X74.00390625 Y85.869140625
G1 X74.00390625 Y85.869140625
G1 X74.091796875 Y85.869140625
G0 X73.30078125 Y85.869140625
G1 X73.30078125 Y85.869140625
G1 X73.212890625 Y85.95703125
G0 X67.8515625 Y85.869140625
G1 X67.8515625 Y85.869140625
G0 X65.21484375 Y85.869140625
G1 X65.21484375 Y85.869140625
G0 X56.689453125 Y85.869140625
G1 X56.689453125 Y85.869140625
G0 X55.1953125 Y85.869140625
G1 X55.1953125 Y85.869140625
G0 X52.470703125 Y85.869140625
G1 X52.470703125 Y85.869140625
G1 X52.646484375 Y85.869140625
G0 X52.20703125 Y85.869140625
G1 X52.20703125 Y85.869140625
G0 X52.03125 Y85.869140625
G1 X52.03125 Y85.869140625
G0 X51.6796875 Y85.869140625
G1 X51.6796875 Y85.869140625
G1 X51.767578125 Y85.869140625
G0 X51.15234375 Y85.869140625
G1 X51.15234375 Y85.869140625
G1 X51.50390625 Y85.869140625
G0 X50.888671875 Y85.869140625
G1 X50.888671875 Y85.869140625
G1 X50.9765625 Y85.869140625
G0 X50.361328125 Y85.869140625
G1 X50.361328125 Y85.869140625
G0 X44.208984375 Y85.869140625
G1 X44.208984375 Y85.869140625
G0 X42.5390625 Y85.869140625
G1 X42.5390625 Y85.869140625
G1 X42.451171875 Y85.95703125
G1 X42.36328125 Y85.95703125
G1 X42.451171875 Y85.95703125
G0 X42.099609375 Y85.869140625
G1 X42.099609375 Y85.869140625
G0 X40.4296875 Y85.869140625
G1 X40.4296875 Y85.869140625
G0 X32.6953125 Y85.869140625
G1 X32.6953125 Y85.869140625
G0 X12.919921875 Y85.869140625
G1 X12.919921875 Y85.869140625
G1 X13.0078125 Y85.95703125
G0 X10.810546875 Y85.869140625
G1 X10.810546875 Y85.869140625
G0 X10.546875 Y85.869140625
G1 X10.546875 Y85.869140625
G0 X74.8828125 Y85.78125
G1 X74.8828125 Y85.78125
G1 X74.8828125 Y85.869140625
G1 X74.794921875 Y85.95703125
G1 X74.619140625 Y85.95703125
G1 X74.53125 Y85.869140625
G1 X74.619140625 Y85.95703125
G1 X74.70703125 Y85.95703125
G1 X74.794921875 Y86.044921875
G1 X74.794921875 Y85.95703125
G1 X74.970703125 Y85.78125
G0 X72.509765625 Y85.78125
G1 X72.509765625 Y85.78125
G0 X54.66796875 Y85.78125
G1 X54.66796875 Y85.78125
G0 X53.7890625 Y85.78125
G1 X53.7890625 Y85.78125
G0 X50.009765625 Y85.78125
G1 X50.009765625 Y85.78125
G1 X50.09765625 Y85.869140625
G0 X45.615234375 Y85.78125
G1 X45.615234375 Y85.78125
G0 X45.0 Y85.78125
G1 X45.0 Y85.78125
G0 X43.76953125 Y85.78125
G1 X43.76953125 Y85.78125
G1 X43.681640625 Y85.869140625
G1 X43.681640625 Y86.044921875
G1 X43.76953125 Y86.044921875
G1 X43.857421875 Y86.1328125
G1 X43.9453125 Y86.1328125
G1 X43.9453125 Y86.044921875
G1 X43.857421875 Y86.1328125
G1 X43.681640625 Y85.95703125
G1 X43.76953125 Y85.869140625
G1 X43.857421875 Y85.869140625
G1 X43.9453125 Y85.78125
G1 X44.033203125 Y85.78125
G1 X43.9453125 Y85.78125
G1 X43.857421875 Y85.869140625
G0 X43.41796875 Y85.78125
G1 X43.41796875 Y85.78125
G1 X43.41796875 Y85.95703125
G1 X43.505859375 Y86.044921875
G1 X43.505859375 Y86.1328125
G1 X43.59375 Y86.220703125
G1 X43.505859375 Y86.1328125
G1 X43.505859375 Y86.044921875
G1 X43.41796875 Y85.95703125
G1 X43.505859375 Y85.869140625
G0 X42.890625 Y85.78125
G1 X42.890625 Y85.78125
G1 X42.978515625 Y85.869140625
G1 X42.978515625 Y85.95703125
G1 X43.2421875 Y85.95703125
G1 X43.2421875 Y85.78125
G1 X43.2421875 Y85.869140625
G1 X43.154296875 Y85.95703125
G1 X43.06640625 Y85.95703125
G1 X42.978515625 Y85.869140625
G1 X42.978515625 Y85.78125
G0 X37.265625 Y85.78125
G1 X37.265625 Y85.78125
G0 X34.189453125 Y85.78125
G1 X34.189453125 Y85.78125
G0 X33.837890625 Y85.78125
G1 X33.837890625 Y85.78125
G0 X10.107421875 Y85.78125
G1 X10.107421875 Y85.78125
G0 X9.755859375 Y85.78125
G1 X9.755859375 Y85.78125
G1 X9.66796875 Y85.869140625
G1 X9.580078125 Y85.869140625
G1 X9.580078125 Y85.95703125
G1 X9.4921875 Y86.044921875
G1 X9.66796875 Y85.869140625
G1 X9.84375 Y85.869140625
G1 X9.931640625 Y85.95703125
G1 X9.931640625 Y86.044921875
G1 X10.01953125 Y86.044921875
G0 X8.525390625 Y85.78125
G1 X8.525390625 Y85.78125
G1 X8.4375 Y85.869140625
G1 X8.349609375 Y85.869140625
G1 X8.349609375 Y85.95703125
G1 X8.525390625 Y86.1328125
G1 X8.4375 Y86.220703125
G1 X8.61328125 Y86.220703125
G1 X8.701171875 Y86.30859375
G1 X8.7890625 Y86.220703125
G1 X9.052734375 Y86.220703125
G1 X9.140625 Y86.30859375
G1 X9.228515625 Y86.30859375
G1 X9.228515625 Y86.220703125
G1 X9.140625 Y86.220703125
G1 X9.052734375 Y86.1328125
G1 X8.96484375 Y86.220703125
G1 X8.876953125 Y86.220703125
G1 X8.701171875 Y86.044921875
G1 X8.7890625 Y85.95703125
G1 X9.140625 Y85.95703125
G1 X9.31640625 Y85.78125
G1 X9.404296875 Y85.869140625
G1 X9.31640625 Y85.78125
G1 X9.228515625 Y85.869140625
G1 X9.140625 Y85.869140625
G1 X9.052734375 Y85.95703125
G1 X8.96484375 Y85.869140625
G1 X8.7890625 Y85.869140625
G1 X8.701171875 Y85.95703125
G0 X74.35546875 Y85.693359375
G1 X74.35546875 Y85.693359375
G1 X74.35546875 Y85.869140625
G1 X74.267578125 Y85.95703125
G1 X74.35546875 Y85.869140625
G0 X73.916015625 Y85.693359375
G1 X73.916015625 Y85.693359375
G0 X73.65234375 Y85.693359375
G1 X73.65234375 Y85.693359375
G0 X72.24609375 Y85.693359375
G1 X72.24609375 Y85.693359375
G0 X70.400390625 Y85.693359375
G1 X70.400390625 Y85.693359375
G0 X53.26171875 Y85.693359375
G1 X53.26171875 Y85.693359375
G0 X49.658203125 Y85.693359375
G1 X49.658203125 Y85.693359375
G0 X49.39453125 Y85.693359375
G1 X49.39453125 Y85.693359375
G0 X48.8671875 Y85.693359375
G1 X48.8671875 Y85.693359375
G0 X47.4609375 Y85.693359375
G1 X47.4609375 Y85.693359375
G0 X47.28515625 Y85.693359375
G1 X47.28515625 Y85.693359375
G0 X46.845703125 Y85.693359375
G1 X46.845703125 Y85.693359375
G1 X46.93359375 Y85.693359375
G0 X45.966796875 Y85.693359375
G1 X45.966796875 Y85.693359375
G0 X44.82421875 Y85.693359375
G1 X44.82421875 Y85.693359375
G0 X44.6484375 Y85.693359375
G1 X44.6484375 Y85.693359375
G0 X42.626953125 Y85.693359375
G1 X42.626953125 Y85.693359375
G1 X42.71484375 Y85.693359375
G0 X41.748046875 Y85.693359375
G1 X41.748046875 Y85.693359375
G0 X41.484375 Y85.693359375
G1 X41.484375 Y85.693359375
G0 X41.30859375 Y85.693359375
G1 X41.30859375 Y85.693359375
G0 X74.70703125 Y85.60546875
G1 X74.70703125 Y85.60546875
G0 X73.388671875 Y85.60546875
G1 X73.388671875 Y85.60546875
G0 X73.125 Y85.60546875
G1 X73.125 Y85.60546875
G0 X72.861328125 Y85.60546875
G1 X72.861328125 Y85.60546875
G0 X69.873046875 Y85.60546875
G1 X69.873046875 Y85.60546875
G0 X58.095703125 Y85.60546875
G1 X58.095703125 Y85.60546875
G0 X57.568359375 Y85.60546875
G1 X57.568359375 Y85.60546875
G0 X55.37109375 Y85.60546875
G1 X55.37109375 Y85.60546875
G0 X52.55859375 Y85.60546875
G1 X52.55859375 Y85.60546875
G0 X46.318359375 Y85.60546875
G1 X46.318359375 Y85.60546875
G0 X44.384765625 Y85.60546875
G1 X44.384765625 Y85.60546875
G0 X43.154296875 Y85.60546875
G1 X43.154296875 Y85.60546875
G0 X41.044921875 Y85.60546875
G1 X41.044921875 Y85.60546875
G0 X40.693359375 Y85.60546875
G1 X40.693359375 Y85.60546875
G0 X40.25390625 Y85.60546875
G1 X40.25390625 Y85.60546875
G1 X40.4296875 Y85.60546875
G0 X39.814453125 Y85.60546875
G1 X39.814453125 Y85.60546875
G0 X39.462890625 Y85.60546875
G1 X39.462890625 Y85.60546875
G0 X38.671875 Y85.60546875
G1 X38.671875 Y85.60546875
G0 X13.0078125 Y85.60546875
G1 X13.0078125 Y85.60546875
G0 X12.12890625 Y85.60546875
G1 X12.12890625 Y85.60546875
G1 X12.216796875 Y85.60546875
G0 X11.865234375 Y85.60546875
G1 X11.865234375 Y85.60546875
G0 X11.6015625 Y85.60546875
G1 X11.6015625 Y85.60546875
G1 X11.689453125 Y85.60546875
G0 X11.25 Y85.60546875
G1 X11.25 Y85.60546875
G1 X11.337890625 Y85.60546875
G0 X10.72265625 Y85.60546875
G1 X10.72265625 Y85.60546875
G1 X10.810546875 Y85.60546875
G0 X74.970703125 Y85.517578125
G1 X74.970703125 Y85.517578125
G0 X74.443359375 Y85.517578125
G1 X74.443359375 Y85.517578125
G1 X74.53125 Y85.517578125
G0 X74.1796875 Y85.517578125
G1 X74.1796875 Y85.517578125
G0 X73.828125 Y85.517578125
G1 X73.828125 Y85.517578125
G0 X71.982421875 Y85.517578125
G1 X71.982421875 Y85.517578125
G0 X56.689453125 Y85.517578125
G1 X56.689453125 Y85.517578125
G0 X51.328125 Y85.517578125
G1 X51.328125 Y85.517578125
G0 X43.59375 Y85.517578125
G1 X43.59375 Y85.517578125
G0 X42.1875 Y85.517578125
G1 X42.1875 Y85.517578125
G0 X12.83203125 Y85.517578125
G1 X12.83203125 Y85.517578125
G0 X10.546875 Y85.517578125
G1 X10.546875 Y85.517578125
G1 X10.458984375 Y85.60546875
G1 X10.1953125 Y85.60546875
G1 X10.546875 Y85.60546875
G0 X9.84375 Y85.517578125
G1 X9.84375 Y85.517578125
G1 X9.755859375 Y85.60546875
G1 X9.66796875 Y85.60546875
G1 X10.01953125 Y85.60546875
G1 X9.931640625 Y85.60546875
G0 X73.4765625 Y85.4296875
G1 X73.4765625 Y85.4296875
G1 X73.564453125 Y85.4296875
G0 X73.30078125 Y85.4296875
G1 X73.30078125 Y85.4296875
G0 X72.685546875 Y85.4296875
G1 X72.685546875 Y85.4296875
G0 X70.83984375 Y85.4296875
G1 X70.83984375 Y85.4296875
G0 X49.306640625 Y85.4296875
G1 X49.306640625 Y85.4296875
G0 X48.8671875 Y85.4296875
G1 X48.8671875 Y85.4296875
G0 X43.330078125 Y85.4296875
G1 X43.330078125 Y85.4296875
G0 X42.890625 Y85.4296875
G1 X42.890625 Y85.4296875
G1 X42.978515625 Y85.4296875
G0 X42.626953125 Y85.4296875
G1 X42.626953125 Y85.4296875
G0 X13.974609375 Y85.4296875
G1 X13.974609375 Y85.4296875
G0 X9.580078125 Y85.4296875
G1 X9.580078125 Y85.4296875
G0 X70.13671875 Y85.341796875
G1 X70.13671875 Y85.341796875
G0 X47.724609375 Y85.341796875
G1 X47.724609375 Y85.341796875
G0 X47.4609375 Y85.341796875
G1 X47.4609375 Y85.341796875
G0 X46.7578125 Y85.341796875
G1 X46.7578125 Y85.341796875
G1 X46.845703125 Y85.341796875
G0 X46.494140625 Y85.341796875
G1 X46.494140625 Y85.341796875
G1 X46.58203125 Y85.341796875
G0 X46.23046875 Y85.341796875
G1 X46.23046875 Y85.341796875
G1 X46.318359375 Y85.341796875
G0 X45.966796875 Y85.341796875
G1 X45.966796875 Y85.341796875
G0 X45.791015625 Y85.341796875
G1 X45.791015625 Y85.341796875
G0 X45.17578125 Y85.341796875
G1 X45.17578125 Y85.341796875
G0 X44.82421875 Y85.341796875
G1 X44.82421875 Y85.341796875
G0 X41.748046875 Y85.341796875
G1 X41.748046875 Y85.341796875
G0 X40.078125 Y85.341796875
G1 X40.078125 Y85.341796875
G0 X11.513671875 Y85.341796875
G1 X11.513671875 Y85.341796875
G0 X11.25 Y85.341796875
G1 X11.25 Y85.341796875
G0 X76.376953125 Y85.25390625
G1 X76.376953125 Y85.25390625
G1 X76.376953125 Y85.341796875
G1 X76.46484375 Y85.341796875
G0 X74.53125 Y85.25390625
G1 X74.53125 Y85.25390625
G1 X74.619140625 Y85.25390625
G0 X74.35546875 Y85.25390625
G1 X74.35546875 Y85.25390625
G0 X74.091796875 Y85.25390625
G1 X74.091796875 Y85.25390625
G0 X73.740234375 Y85.25390625
G1 X73.740234375 Y85.25390625
G0 X72.509765625 Y85.25390625
G1 X72.509765625 Y85.25390625
G0 X44.033203125 Y85.25390625
G1 X44.033203125 Y85.25390625
G0 X43.681640625 Y85.25390625
G1 X43.681640625 Y85.25390625
G0 X42.36328125 Y85.25390625
G1 X42.36328125 Y85.25390625
G1 X42.451171875 Y85.25390625
G0 X42.099609375 Y85.25390625
G1 X42.099609375 Y85.25390625
G1 X42.099609375 Y85.341796875
G0 X41.484375 Y85.25390625
G1 X41.484375 Y85.25390625
G1 X41.484375 Y85.341796875
G0 X41.044921875 Y85.25390625
G1 X41.044921875 Y85.25390625
G0 X40.517578125 Y85.25390625
G1 X40.517578125 Y85.25390625
G0 X10.37109375 Y85.25390625
G1 X10.37109375 Y85.25390625
G0 X9.931640625 Y85.25390625
G1 X9.931640625 Y85.25390625
G0 X9.31640625 Y85.25390625
G1 X9.31640625 Y85.25390625
G1 X9.31640625 Y85.341796875
G1 X9.404296875 Y85.341796875
G0 X8.525390625 Y85.25390625
G1 X8.525390625 Y85.25390625
G0 X8.349609375 Y85.25390625
G1 X8.349609375 Y85.25390625
G0 X76.201171875 Y85.166015625
G1 X76.201171875 Y85.166015625
G0 X75.5859375 Y85.166015625
G1 X75.5859375 Y85.166015625
G0 X75.234375 Y85.166015625
G1 X75.234375 Y85.166015625
G1 X75.234375 Y85.25390625
G1 X75.322265625 Y85.25390625
G1 X75.41015625 Y85.341796875
G0 X74.8828125 Y85.166015625
G1 X74.8828125 Y85.166015625
G1 X74.8828125 Y85.25390625
G1 X74.970703125 Y85.25390625
G1 X74.970703125 Y85.166015625
G0 X48.8671875 Y85.166015625
G1 X48.8671875 Y85.166015625
G0 X43.330078125 Y85.166015625
G1 X43.330078125 Y85.166015625
G1 X43.41796875 Y85.166015625
G0 X43.06640625 Y85.166015625
G1 X43.06640625 Y85.166015625
G0 X74.70703125 Y85.078125
G1 X74.70703125 Y85.078125
G0 X73.037109375 Y85.078125
G1 X73.037109375 Y85.078125
G0 X55.37109375 Y85.078125
G1 X55.37109375 Y85.078125
G0 X47.98828125 Y85.078125
G1 X47.98828125 Y85.078125
G0 X42.802734375 Y85.078125
G1 X42.802734375 Y85.078125
G1 X42.802734375 Y85.166015625
G1 X42.71484375 Y85.25390625
G1 X42.802734375 Y85.166015625
G0 X41.572265625 Y85.078125
G1 X41.572265625 Y85.078125
G0 X34.8046875 Y85.078125
G1 X34.8046875 Y85.078125
G0 X74.53125 Y84.990234375
G1 X74.53125 Y84.990234375
G0 X71.982421875 Y84.990234375
G1 X71.982421875 Y84.990234375
G0 X46.93359375 Y84.990234375
G1 X46.93359375 Y84.990234375
G1 X47.197265625 Y84.990234375
G0 X46.58203125 Y84.990234375
G1 X46.58203125 Y84.990234375
G1 X46.669921875 Y84.990234375
G0 X46.318359375 Y84.990234375
G1 X46.318359375 Y84.990234375
G1 X46.40625 Y84.990234375
G0 X46.0546875 Y84.990234375
G1 X46.0546875 Y84.990234375
G1 X46.142578125 Y84.990234375
G0 X45.703125 Y84.990234375
G1 X45.703125 Y84.990234375
G1 X45.791015625 Y84.990234375
G0 X45.3515625 Y84.990234375
G1 X45.3515625 Y84.990234375
G1 X45.439453125 Y84.990234375
G0 X44.736328125 Y84.990234375
G1 X44.736328125 Y84.990234375
G1 X44.912109375 Y84.990234375
G0 X42.5390625 Y84.990234375
G1 X42.5390625 Y84.990234375
G1 X42.5390625 Y85.078125
G0 X42.099609375 Y84.990234375
G1 X42.099609375 Y84.990234375
G1 X42.01171875 Y85.078125
G1 X41.923828125 Y85.078125
G1 X42.01171875 Y85.078125
G1 X42.099609375 Y84.990234375
G1 X42.1875 Y85.078125
G0 X41.748046875 Y84.990234375
G1 X41.748046875 Y84.990234375
G0 X41.220703125 Y84.990234375
G1 X41.220703125 Y84.990234375
G0 X13.7109375 Y84.990234375
G1 X13.7109375 Y84.990234375
G0 X8.4375 Y84.990234375
G1 X8.4375 Y84.990234375
G1 X8.525390625 Y84.990234375
G1 X8.61328125 Y85.078125
G1 X8.701171875 Y84.990234375
G1 X8.61328125 Y85.078125
G1 X8.525390625 Y84.990234375
G0 X76.025390625 Y84.90234375
G1 X76.025390625 Y84.90234375
G1 X75.9375 Y84.990234375
G1 X75.76171875 Y84.990234375
G1 X75.849609375 Y84.990234375
G1 X75.9375 Y85.078125
G1 X75.9375 Y84.990234375
G1 X76.025390625 Y84.90234375
G1 X76.11328125 Y84.90234375
G1 X76.201171875 Y84.990234375
G1 X76.11328125 Y84.90234375
G0 X75.5859375 Y84.90234375
G1 X75.5859375 Y84.90234375
G1 X75.498046875 Y84.990234375
G1 X75.322265625 Y84.990234375
G1 X75.498046875 Y84.990234375
G0 X74.970703125 Y84.90234375
G1 X74.970703125 Y84.90234375
G1 X75.05859375 Y84.90234375
G0 X72.7734375 Y84.90234375
G1 X72.7734375 Y84.90234375
G0 X48.33984375 Y84.90234375
G1 X48.33984375 Y84.90234375
G0 X45.17578125 Y84.90234375
G1 X45.17578125 Y84.90234375
G0 X44.296875 Y84.90234375
G1 X44.296875 Y84.90234375
G1 X44.208984375 Y84.990234375
G1 X44.296875 Y84.90234375
G1 X44.384765625 Y84.990234375
G1 X44.560546875 Y84.990234375
G1 X44.384765625 Y84.990234375
G0 X43.76953125 Y84.90234375
G1 X43.76953125 Y84.90234375
G1 X43.857421875 Y84.990234375
G1 X43.9453125 Y84.990234375
G1 X43.9453125 Y84.90234375
G0 X43.505859375 Y84.90234375
G1 X43.505859375 Y84.90234375
G0 X43.330078125 Y84.90234375
G1 X43.330078125 Y84.90234375
G1 X43.2421875 Y84.990234375
G0 X74.70703125 Y84.814453125
G1 X74.70703125 Y84.814453125
G1 X74.794921875 Y84.814453125
G0 X48.076171875 Y84.814453125
G1 X48.076171875 Y84.814453125
G0 X42.451171875 Y84.814453125
G1 X42.451171875 Y84.814453125
G0 X42.1875 Y84.814453125
G1 X42.1875 Y84.814453125
G0 X8.7890625 Y84.814453125
G1 X8.7890625 Y84.814453125
G1 X8.876953125 Y84.814453125
G0 X8.61328125 Y84.814453125
G1 X8.61328125 Y84.814453125
G0 X76.46484375 Y84.7265625
G1 X76.46484375 Y84.7265625
G1 X76.46484375 Y84.814453125
G0 X76.11328125 Y84.7265625
G1 X76.11328125 Y84.7265625
G1 X76.201171875 Y84.7265625
G0 X74.970703125 Y84.7265625
G1 X74.970703125 Y84.7265625
G0 X74.443359375 Y84.7265625
G1 X74.443359375 Y84.7265625
G0 X74.091796875 Y84.7265625
G1 X74.091796875 Y84.7265625
G0 X73.212890625 Y84.7265625
G1 X73.212890625 Y84.7265625
G0 X72.861328125 Y84.7265625
G1 X72.861328125 Y84.7265625
G0 X72.59765625 Y84.7265625
G1 X72.59765625 Y84.7265625
G0 X72.333984375 Y84.7265625
G1 X72.333984375 Y84.7265625
G0 X50.09765625 Y84.7265625
G1 X50.09765625 Y84.7265625
G0 X47.373046875 Y84.7265625
G1 X47.373046875 Y84.7265625
G0 X47.109375 Y84.7265625
G1 X47.109375 Y84.7265625
G0 X46.494140625 Y84.7265625
G1 X46.494140625 Y84.7265625
G0 X46.142578125 Y84.7265625
G1 X46.142578125 Y84.7265625
G1 X46.23046875 Y84.7265625
G0 X44.6484375 Y84.7265625
G1 X44.6484375 Y84.7265625
G0 X44.384765625 Y84.7265625
G1 X44.384765625 Y84.7265625
G0 X41.923828125 Y84.7265625
G1 X41.923828125 Y84.7265625
G0 X41.572265625 Y84.7265625
G1 X41.572265625 Y84.7265625
G0 X40.869140625 Y84.7265625
G1 X40.869140625 Y84.7265625
G0 X75.849609375 Y84.638671875
G1 X75.849609375 Y84.638671875
G1 X75.76171875 Y84.7265625
G1 X75.673828125 Y84.7265625
G1 X75.76171875 Y84.7265625
G1 X75.849609375 Y84.638671875
G1 X75.9375 Y84.7265625
G0 X75.41015625 Y84.638671875
G1 X75.41015625 Y84.638671875
G1 X75.498046875 Y84.7265625
G0 X46.93359375 Y84.638671875
G1 X46.93359375 Y84.638671875
G0 X46.669921875 Y84.638671875
G1 X46.669921875 Y84.638671875
G0 X45.17578125 Y84.638671875
G1 X45.17578125 Y84.638671875
G0 X75.146484375 Y84.55078125
G1 X75.146484375 Y84.55078125
G0 X74.794921875 Y84.55078125
G1 X74.794921875 Y84.55078125
G0 X74.53125 Y84.55078125
G1 X74.53125 Y84.55078125
G0 X73.916015625 Y84.55078125
G1 X73.916015625 Y84.55078125
G0 X73.564453125 Y84.55078125
G1 X73.564453125 Y84.55078125
G0 X73.30078125 Y84.55078125
G1 X73.30078125 Y84.55078125
G0 X73.037109375 Y84.55078125
G1 X73.037109375 Y84.55078125
G0 X72.685546875 Y84.55078125
G1 X72.685546875 Y84.55078125
G0 X72.509765625 Y84.55078125
G1 X72.509765625 Y84.55078125
G0 X48.33984375 Y84.55078125
G1 X48.33984375 Y84.55078125
G0 X46.318359375 Y84.55078125
G1 X46.318359375 Y84.55078125
G0 X45.703125 Y84.55078125
G1 X45.703125 Y84.55078125
G0 X43.76953125 Y84.55078125
G1 X43.76953125 Y84.55078125
G0 X43.505859375 Y84.55078125
G1 X43.505859375 Y84.55078125
G0 X43.2421875 Y84.55078125
G1 X43.2421875 Y84.55078125
G0 X42.978515625 Y84.55078125
G1 X42.978515625 Y84.55078125
G0 X9.66796875 Y84.55078125
G1 X9.66796875 Y84.55078125
G1 X9.84375 Y84.55078125
G0 X76.9921875 Y84.462890625
G1 X76.9921875 Y84.462890625
G1 X77.255859375 Y84.462890625
G1 X77.34375 Y84.55078125
G1 X77.51953125 Y84.55078125
G1 X77.51953125 Y84.462890625
G1 X77.431640625 Y84.462890625
G1 X77.34375 Y84.55078125
G1 X77.255859375 Y84.462890625
G0 X76.46484375 Y84.462890625
G1 X76.46484375 Y84.462890625
G1 X76.376953125 Y84.55078125
G1 X76.2890625 Y84.55078125
G1 X76.376953125 Y84.55078125
G1 X76.46484375 Y84.462890625
G1 X76.552734375 Y84.55078125
G1 X76.640625 Y84.55078125
G1 X76.552734375 Y84.55078125
G0 X76.025390625 Y84.462890625
G1 X76.025390625 Y84.462890625
G1 X76.11328125 Y84.462890625
G0 X72.333984375 Y84.462890625
G1 X72.333984375 Y84.462890625
G0 X50.2734375 Y84.462890625
G1 X50.2734375 Y84.462890625
G0 X50.009765625 Y84.462890625
G1 X50.009765625 Y84.462890625
G0 X47.4609375 Y84.462890625
G1 X47.4609375 Y84.462890625
G0 X11.337890625 Y84.462890625
G1 X11.337890625 Y84.462890625
G0 X10.37109375 Y84.462890625
G1 X10.37109375 Y84.462890625
G0 X10.1953125 Y84.462890625
G1 X10.1953125 Y84.462890625
G0 X9.4921875 Y84.462890625
G1 X9.4921875 Y84.462890625
G1 X9.4921875 Y84.55078125
G0 X75.498046875 Y84.375
G1 X75.498046875 Y84.375
G1 X75.498046875 Y84.462890625
G1 X75.673828125 Y84.462890625
G1 X75.5859375 Y84.462890625
G0 X75.234375 Y84.375
G1 X75.234375 Y84.375
G0 X74.8828125 Y84.375
G1 X74.8828125 Y84.375
G0 X74.00390625 Y84.375
G1 X74.00390625 Y84.375
G0 X73.125 Y84.375
G1 X73.125 Y84.375
G0 X72.861328125 Y84.375
G1 X72.861328125 Y84.375
G0 X72.509765625 Y84.375
G1 X72.509765625 Y84.375
G0 X71.806640625 Y84.375
G1 X71.806640625 Y84.375
G0 X49.74609375 Y84.375
G1 X49.74609375 Y84.375
G0 X49.482421875 Y84.375
G1 X49.482421875 Y84.375
G0 X45.966796875 Y84.375
G1 X45.966796875 Y84.375
G0 X35.244140625 Y84.375
G1 X35.244140625 Y84.375
G0 X34.453125 Y84.375
G1 X34.453125 Y84.375
G0 X11.77734375 Y84.375
G1 X11.77734375 Y84.375
G0 X8.7890625 Y84.375
G1 X8.7890625 Y84.375
G1 X8.7890625 Y84.55078125
G1 X9.228515625 Y84.55078125
G1 X9.140625 Y84.55078125
G1 X9.052734375 Y84.462890625
G1 X8.96484375 Y84.55078125
G1 X8.876953125 Y84.55078125
G1 X8.7890625 Y84.462890625
G0 X76.81640625 Y84.287109375
G1 X76.81640625 Y84.287109375
G1 X76.728515625 Y84.375
G1 X76.81640625 Y84.375
G0 X74.70703125 Y84.287109375
G1 X74.70703125 Y84.287109375
G0 X73.564453125 Y84.287109375
G1 X73.564453125 Y84.287109375
G1 X73.65234375 Y84.375
G0 X13.7109375 Y84.287109375
G1 X13.7109375 Y84.287109375
G0 X75.673828125 Y84.19921875
G1 X75.673828125 Y84.19921875
G1 X75.76171875 Y84.19921875
G1 X75.849609375 Y84.287109375
G1 X75.9375 Y84.287109375
G1 X75.849609375 Y84.287109375
G1 X75.76171875 Y84.19921875
G0 X74.970703125 Y84.19921875
G1 X74.970703125 Y84.19921875
G0 X74.091796875 Y84.19921875
G1 X74.091796875 Y84.19921875
G0 X73.30078125 Y84.19921875
G1 X73.30078125 Y84.19921875
G1 X73.388671875 Y84.19921875
G0 X72.94921875 Y84.19921875
G1 X72.94921875 Y84.19921875
G0 X72.685546875 Y84.19921875
G1 X72.685546875 Y84.19921875
G0 X50.712890625 Y84.19921875
G1 X50.712890625 Y84.19921875
G0 X50.44921875 Y84.19921875
G1 X50.44921875 Y84.19921875
G0 X50.185546875 Y84.19921875
G1 X50.185546875 Y84.19921875
G0 X49.921875 Y84.19921875
G1 X49.921875 Y84.19921875
G1 X49.921875 Y84.287109375
G0 X49.04296875 Y84.19921875
G1 X49.04296875 Y84.19921875
G0 X48.779296875 Y84.19921875
G1 X48.779296875 Y84.19921875
G0 X48.1640625 Y84.19921875
G1 X48.1640625 Y84.19921875
G1 X48.251953125 Y84.19921875
G0 X47.724609375 Y84.19921875
G1 X47.724609375 Y84.19921875
G0 X9.052734375 Y84.19921875
G1 X9.052734375 Y84.19921875
G0 X75.41015625 Y84.111328125
G1 X75.41015625 Y84.111328125
G1 X75.498046875 Y84.111328125
G0 X75.146484375 Y84.111328125
G1 X75.146484375 Y84.111328125
G0 X73.65234375 Y84.111328125
G1 X73.65234375 Y84.111328125
G1 X73.740234375 Y84.111328125
G0 X72.24609375 Y84.111328125
G1 X72.24609375 Y84.111328125
G1 X72.333984375 Y84.19921875
G0 X48.515625 Y84.111328125
G1 X48.515625 Y84.111328125
G0 X47.28515625 Y84.111328125
G1 X47.28515625 Y84.111328125
G0 X9.4921875 Y84.111328125
G1 X9.4921875 Y84.111328125
G0 X8.701171875 Y84.111328125
G1 X8.701171875 Y84.111328125
G1 X8.7890625 Y84.111328125
G0 X8.4375 Y84.111328125
G1 X8.4375 Y84.111328125
G1 X8.525390625 Y84.19921875
G0 X75.849609375 Y84.0234375
G1 X75.849609375 Y84.0234375
G0 X74.794921875 Y84.0234375
G1 X74.794921875 Y84.0234375
G0 X74.53125 Y84.0234375
G1 X74.53125 Y84.0234375
G0 X74.267578125 Y84.0234375
G1 X74.267578125 Y84.0234375
G0 X73.212890625 Y84.0234375
G1 X73.212890625 Y84.0234375
G0 X72.509765625 Y84.0234375
G1 X72.509765625 Y84.0234375
G0 X50.361328125 Y84.0234375
G1 X50.361328125 Y84.0234375
G0 X49.21875 Y84.0234375
G1 X49.21875 Y84.0234375
G1 X49.21875 Y84.111328125
G1 X49.306640625 Y84.19921875
G1 X49.21875 Y84.111328125
G0 X48.076171875 Y84.0234375
G1 X48.076171875 Y84.0234375
G0 X47.8125 Y84.0234375
G1 X47.8125 Y84.0234375
G0 X33.75 Y84.0234375
G1 X33.75 Y84.0234375
G0 X13.88671875 Y84.0234375
G1 X13.88671875 Y84.0234375
G0 X76.728515625 Y83.935546875
G1 X76.728515625 Y83.935546875
G0 X76.46484375 Y83.935546875
G1 X76.46484375 Y83.935546875
G1 X76.640625 Y84.111328125
G1 X76.46484375 Y84.287109375
G1 X76.376953125 Y84.287109375
G1 X76.46484375 Y84.287109375
G1 X76.640625 Y84.111328125
G0 X76.11328125 Y83.935546875
G1 X76.11328125 Y83.935546875
G1 X76.201171875 Y83.935546875
G1 X76.2890625 Y84.0234375
G1 X76.2890625 Y84.111328125
G1 X76.201171875 Y84.19921875
G1 X76.11328125 Y84.19921875
G1 X76.201171875 Y84.19921875
G1 X76.2890625 Y84.111328125
G1 X76.2890625 Y84.0234375
G1 X76.201171875 Y83.935546875
G0 X75.322265625 Y83.935546875
G1 X75.322265625 Y83.935546875
G0 X72.861328125 Y83.935546875
G1 X72.861328125 Y83.935546875
G0 X50.888671875 Y83.935546875
G1 X50.888671875 Y83.935546875
G0 X50.009765625 Y83.935546875
G1 X50.009765625 Y83.935546875
G1 X50.009765625 Y84.0234375
G0 X49.482421875 Y83.935546875
G1 X49.482421875 Y83.935546875
G1 X49.482421875 Y84.0234375
G1 X49.658203125 Y84.19921875
G1 X49.658203125 Y84.111328125
G1 X49.5703125 Y84.111328125
G1 X49.482421875 Y84.0234375
G0 X48.955078125 Y83.935546875
G1 X48.955078125 Y83.935546875
G1 X49.04296875 Y83.935546875
G0 X48.779296875 Y83.935546875
G1 X48.779296875 Y83.935546875
G0 X47.63671875 Y83.935546875
G1 X47.63671875 Y83.935546875
G0 X9.228515625 Y83.935546875
G1 X9.228515625 Y83.935546875
G0 X73.564453125 Y83.84765625
G1 X73.564453125 Y83.84765625
G1 X73.564453125 Y83.935546875
G0 X73.30078125 Y83.84765625
G1 X73.30078125 Y83.84765625
G0 X73.037109375 Y83.84765625
G1 X73.037109375 Y83.84765625
G0 X72.333984375 Y83.84765625
G1 X72.333984375 Y83.84765625
G0 X53.173828125 Y83.84765625
G1 X53.173828125 Y83.84765625
G0 X50.625 Y83.84765625
G1 X50.625 Y83.84765625
G1 X50.537109375 Y83.935546875
G1 X50.625 Y83.935546875
G1 X50.712890625 Y83.84765625
G0 X50.185546875 Y83.84765625
G1 X50.185546875 Y83.84765625
G0 X49.306640625 Y83.84765625
G1 X49.306640625 Y83.84765625
G0 X48.515625 Y83.84765625
G1 X48.515625 Y83.84765625
G0 X47.28515625 Y83.84765625
G1 X47.28515625 Y83.84765625
G1 X47.373046875 Y83.84765625
G0 X75.05859375 Y83.759765625
G1 X75.05859375 Y83.759765625
G1 X75.146484375 Y83.759765625
G0 X74.8828125 Y83.759765625
G1 X74.8828125 Y83.759765625
G0 X74.267578125 Y83.759765625
G1 X74.267578125 Y83.759765625
G0 X49.5703125 Y83.759765625
G1 X49.5703125 Y83.759765625
G1 X49.658203125 Y83.759765625
G1 X49.833984375 Y83.935546875
G1 X49.833984375 Y83.84765625
G1 X49.74609375 Y83.84765625
G1 X49.658203125 Y83.759765625
G0 X48.1640625 Y83.759765625
G1 X48.1640625 Y83.759765625
G1 X48.251953125 Y83.84765625
G0 X47.900390625 Y83.759765625
G1 X47.900390625 Y83.759765625
G0 X45.966796875 Y83.759765625
G1 X45.966796875 Y83.759765625
G0 X45.615234375 Y83.759765625
G1 X45.615234375 Y83.759765625
G0 X10.01953125 Y83.759765625
G1 X10.01953125 Y83.759765625
G0 X8.701171875 Y83.759765625
G1 X8.701171875 Y83.759765625
G1 X8.61328125 Y83.84765625
G1 X8.701171875 Y83.84765625
G1 X8.7890625 Y83.759765625
G0 X76.728515625 Y83.671875
G1 X76.728515625 Y83.671875
G1 X76.728515625 Y83.759765625
G1 X76.81640625 Y83.759765625
G1 X76.904296875 Y83.84765625
G1 X76.9921875 Y83.84765625
G1 X77.080078125 Y83.759765625
G1 X77.16796875 Y83.84765625
G1 X77.6953125 Y83.84765625
G1 X77.783203125 Y83.759765625
G1 X77.87109375 Y83.84765625
G1 X78.046875 Y83.84765625
G1 X78.046875 Y83.759765625
G1 X77.958984375 Y83.759765625
G1 X77.87109375 Y83.84765625
G1 X77.783203125 Y83.759765625
G1 X76.81640625 Y83.759765625
G0 X76.552734375 Y83.671875
G1 X76.552734375 Y83.671875
G1 X76.552734375 Y83.759765625
G0 X76.201171875 Y83.671875
G1 X76.201171875 Y83.671875
G1 X76.2890625 Y83.759765625
G1 X76.376953125 Y83.671875
G0 X76.025390625 Y83.671875
G1 X76.025390625 Y83.671875
G1 X75.9375 Y83.759765625
G0 X75.76171875 Y83.671875
G1 X75.76171875 Y83.671875
G1 X75.673828125 Y83.759765625
G1 X75.76171875 Y83.759765625
G0 X75.322265625 Y83.671875
G1 X75.322265625 Y83.671875
G1 X75.41015625 Y83.671875
G0 X74.53125 Y83.671875
G1 X74.53125 Y83.671875
G0 X73.916015625 Y83.671875
G1 X73.916015625 Y83.671875
G0 X73.388671875 Y83.671875
G1 X73.388671875 Y83.671875
G0 X72.7734375 Y83.671875
G1 X72.7734375 Y83.671875
G1 X72.861328125 Y83.671875
G0 X72.509765625 Y83.671875
G1 X72.509765625 Y83.671875
G0 X50.44921875 Y83.671875
G1 X50.44921875 Y83.671875
G1 X50.361328125 Y83.759765625
G1 X50.44921875 Y83.759765625
G1 X50.537109375 Y83.671875
G0 X49.921875 Y83.671875
G1 X49.921875 Y83.671875
G1 X50.009765625 Y83.671875
G0 X35.68359375 Y83.671875
G1 X35.68359375 Y83.671875
G0 X9.755859375 Y83.671875
G1 X9.755859375 Y83.671875
G0 X48.8671875 Y83.583984375
G1 X48.8671875 Y83.583984375
G1 X48.955078125 Y83.583984375
G1 X49.130859375 Y83.759765625
G1 X49.130859375 Y83.671875
G1 X49.04296875 Y83.671875
G1 X48.955078125 Y83.583984375
G0 X48.603515625 Y83.583984375
G1 X48.603515625 Y83.583984375
G1 X48.603515625 Y83.671875
G1 X48.69140625 Y83.671875
G0 X9.580078125 Y83.583984375
G1 X9.580078125 Y83.583984375
G1 X9.4921875 Y83.671875
G0 X8.96484375 Y83.583984375
G1 X8.96484375 Y83.583984375
G1 X9.052734375 Y83.671875
G1 X9.052734375 Y83.583984375
G0 X74.70703125 Y83.49609375
G1 X74.70703125 Y83.49609375
G0 X74.35546875 Y83.49609375
G1 X74.35546875 Y83.49609375
G0 X71.982421875 Y83.49609375
G1 X71.982421875 Y83.49609375
G0 X50.888671875 Y83.49609375
G1 X50.888671875 Y83.49609375
G1 X50.9765625 Y83.49609375
G0 X49.74609375 Y83.49609375
G1 X49.74609375 Y83.49609375
G0 X48.427734375 Y83.49609375
G1 X48.427734375 Y83.49609375
G0 X48.076171875 Y83.49609375
G1 X48.076171875 Y83.49609375
G0 X47.548828125 Y83.49609375
G1 X47.548828125 Y83.49609375
G1 X47.63671875 Y83.49609375
G0 X47.28515625 Y83.49609375
G1 X47.28515625 Y83.49609375
G0 X9.404296875 Y83.49609375
G1 X9.404296875 Y83.49609375
G0 X75.234375 Y83.408203125
G1 X75.234375 Y83.408203125
G1 X75.498046875 Y83.408203125
G0 X75.05859375 Y83.408203125
G1 X75.05859375 Y83.408203125
G0 X74.8828125 Y83.408203125
G1 X74.8828125 Y83.408203125
G0 X72.94921875 Y83.408203125
G1 X72.94921875 Y83.408203125
G0 X72.685546875 Y83.408203125
G1 X72.685546875 Y83.408203125
G1 X72.59765625 Y83.49609375
G0 X51.15234375 Y83.408203125
G1 X51.15234375 Y83.408203125
G1 X51.240234375 Y83.408203125
G0 X50.537109375 Y83.408203125
G1 X50.537109375 Y83.408203125
G0 X50.185546875 Y83.408203125
G1 X50.185546875 Y83.408203125
G1 X50.185546875 Y83.49609375
G0 X49.21875 Y83.408203125
G1 X49.21875 Y83.408203125
G1 X49.21875 Y83.49609375
G1 X49.482421875 Y83.49609375
G1 X49.306640625 Y83.49609375
G0 X73.388671875 Y83.3203125
G1 X73.388671875 Y83.3203125
G0 X72.333984375 Y83.3203125
G1 X72.333984375 Y83.3203125
G0 X72.0703125 Y83.3203125
G1 X72.0703125 Y83.3203125
G0 X49.5703125 Y83.3203125
G1 X49.5703125 Y83.3203125
G0 X49.04296875 Y83.3203125
G1 X49.04296875 Y83.3203125
G1 X49.04296875 Y83.408203125
G0 X48.251953125 Y83.3203125
G1 X48.251953125 Y83.3203125
G0 X39.19921875 Y83.3203125
G1 X39.19921875 Y83.3203125
G0 X9.755859375 Y83.3203125
G1 X9.755859375 Y83.3203125
G0 X9.140625 Y83.3203125
G1 X9.140625 Y83.3203125
G0 X74.619140625 Y83.232421875
G1 X74.619140625 Y83.232421875
G0 X51.50390625 Y83.232421875
G1 X51.50390625 Y83.232421875
G0 X50.80078125 Y83.232421875
G1 X50.80078125 Y83.232421875
G1 X50.888671875 Y83.232421875
G0 X49.921875 Y83.232421875
G1 X49.921875 Y83.232421875
G1 X49.921875 Y83.3203125
G1 X50.009765625 Y83.232421875
G0 X49.39453125 Y83.232421875
G1 X49.39453125 Y83.232421875
G0 X48.8671875 Y83.232421875
G1 X48.8671875 Y83.232421875
G0 X48.603515625 Y83.232421875
G1 X48.603515625 Y83.232421875
G1 X48.603515625 Y83.3203125
G1 X48.69140625 Y83.408203125
G1 X48.603515625 Y83.3203125
G0 X47.900390625 Y83.232421875
G1 X47.900390625 Y83.232421875
G0 X47.548828125 Y83.232421875
G1 X47.548828125 Y83.232421875
G0 X47.28515625 Y83.232421875
G1 X47.28515625 Y83.232421875
G0 X46.7578125 Y83.232421875
G1 X46.7578125 Y83.232421875
G0 X8.7890625 Y83.232421875
G1 X8.7890625 Y83.232421875
G0 X77.431640625 Y83.14453125
G1 X77.431640625 Y83.14453125
G0 X76.9921875 Y83.14453125
G1 X76.9921875 Y83.14453125
G0 X76.728515625 Y83.14453125
G1 X76.728515625 Y83.14453125
G1 X76.81640625 Y83.14453125
G0 X76.552734375 Y83.14453125
G1 X76.552734375 Y83.14453125
G0 X76.201171875 Y83.14453125
G1 X76.201171875 Y83.14453125
G1 X76.2890625 Y83.14453125
G0 X76.025390625 Y83.14453125
G1 X76.025390625 Y83.14453125
G0 X75.76171875 Y83.14453125
G1 X75.76171875 Y83.14453125
G0 X75.5859375 Y83.14453125
G1 X75.5859375 Y83.14453125
G0 X75.41015625 Y83.14453125
G1 X75.41015625 Y83.14453125
G0 X75.146484375 Y83.14453125
G1 X75.146484375 Y83.14453125
G0 X73.564453125 Y83.14453125
G1 X73.564453125 Y83.14453125
G0 X73.037109375 Y83.14453125
G1 X73.037109375 Y83.14453125
G0 X50.537109375 Y83.14453125
G1 X50.537109375 Y83.14453125
G1 X50.44921875 Y83.232421875
G1 X50.2734375 Y83.232421875
G1 X50.44921875 Y83.232421875
G0 X8.173828125 Y83.14453125
G1 X8.173828125 Y83.14453125
G1 X8.173828125 Y83.232421875
G1 X8.26171875 Y83.232421875
G0 X80.771484375 Y83.056640625
G1 X80.771484375 Y83.056640625
G1 X80.859375 Y83.14453125
G1 X81.2109375 Y83.14453125
G1 X81.03515625 Y83.14453125
G1 X80.947265625 Y83.056640625
G0 X80.419921875 Y83.056640625
G1 X80.419921875 Y83.056640625
G1 X80.5078125 Y83.056640625
G0 X77.958984375 Y83.056640625
G1 X77.958984375 Y83.056640625
G1 X77.87109375 Y83.14453125
G0 X77.6953125 Y83.056640625
G1 X77.6953125 Y83.056640625
G0 X72.861328125 Y83.056640625
G1 X72.861328125 Y83.056640625
G0 X49.833984375 Y83.056640625
G1 X49.833984375 Y83.056640625
G0 X49.04296875 Y83.056640625
G1 X49.04296875 Y83.056640625
G1 X49.130859375 Y83.14453125
G1 X49.21875 Y83.14453125
G1 X49.21875 Y83.056640625
G1 X49.130859375 Y83.14453125
G0 X48.69140625 Y83.056640625
G1 X48.69140625 Y83.056640625
G1 X48.8671875 Y83.056640625
G0 X48.251953125 Y83.056640625
G1 X48.251953125 Y83.056640625
G0 X8.701171875 Y83.056640625
G1 X8.701171875 Y83.056640625
G1 X8.876953125 Y83.056640625
G0 X81.2109375 Y82.96875
G1 X81.2109375 Y82.96875
G1 X81.73828125 Y82.96875
G0 X79.8046875 Y82.96875
G1 X79.8046875 Y82.96875
G1 X79.716796875 Y83.056640625
G1 X79.98046875 Y83.056640625
G1 X80.068359375 Y82.96875
G1 X80.15625 Y83.056640625
G1 X80.244140625 Y83.056640625
G1 X80.15625 Y83.056640625
G1 X80.068359375 Y82.96875
G1 X79.98046875 Y83.056640625
G1 X79.892578125 Y83.056640625
G0 X78.75 Y82.96875
G1 X78.75 Y82.96875
G0 X78.3984375 Y82.96875
G1 X78.3984375 Y82.96875
G1 X78.3984375 Y83.056640625
G0 X78.134765625 Y82.96875
G1 X78.134765625 Y82.96875
G0 X77.51953125 Y82.96875
G1 X77.51953125 Y82.96875
G0 X50.2734375 Y82.96875
G1 X50.2734375 Y82.96875
G0 X49.5703125 Y82.96875
G1 X49.5703125 Y82.96875
G1 X49.5703125 Y83.056640625
G0 X48.515625 Y82.96875
G1 X48.515625 Y82.96875
G0 X9.66796875 Y82.96875
G1 X9.66796875 Y82.96875
G0 X9.228515625 Y82.96875
G1 X9.228515625 Y82.96875
G0 X8.349609375 Y82.96875
G1 X8.349609375 Y82.96875
G1 X8.349609375 Y83.056640625
G1 X8.4375 Y83.056640625
G0 X79.189453125 Y82.880859375
G1 X79.189453125 Y82.880859375
G1 X79.1015625 Y82.96875
G1 X78.92578125 Y82.96875
G1 X79.365234375 Y82.96875
G1 X79.453125 Y83.056640625
G1 X79.453125 Y82.96875
G1 X79.27734375 Y82.96875
G0 X77.16796875 Y82.880859375
G1 X77.16796875 Y82.880859375
G0 X76.904296875 Y82.880859375
G1 X76.904296875 Y82.880859375
G0 X75.5859375 Y82.880859375
G1 X75.5859375 Y82.880859375
G0 X48.779296875 Y82.79296875
G1 X48.779296875 Y82.79296875
G0 X9.052734375 Y82.79296875
G1 X9.052734375 Y82.79296875
G0 X8.61328125 Y82.79296875
G1 X8.61328125 Y82.79296875
G1 X8.701171875 Y82.79296875
G0 X80.5078125 Y82.705078125
G1 X80.5078125 Y82.705078125
G1 X80.595703125 Y82.705078125
G0 X80.244140625 Y82.705078125
G1 X80.244140625 Y82.705078125
G1 X80.244140625 Y82.79296875
G0 X79.62890625 Y82.705078125
G1 X79.62890625 Y82.705078125
G1 X79.8046875 Y82.705078125
G0 X76.640625 Y82.705078125
G1 X76.640625 Y82.705078125
G0 X76.376953125 Y82.705078125
G1 X76.376953125 Y82.705078125
G0 X76.11328125 Y82.705078125
G1 X76.11328125 Y82.705078125
G0 X75.849609375 Y82.705078125
G1 X75.849609375 Y82.705078125
G0 X9.66796875 Y82.705078125
G1 X9.66796875 Y82.705078125
G0 X8.173828125 Y82.705078125
G1 X8.173828125 Y82.705078125
G0 X82.880859375 Y82.6171875
G1 X82.880859375 Y82.6171875
G1 X82.79296875 Y82.705078125
G1 X82.96875 Y82.705078125
G1 X83.056640625 Y82.79296875
G1 X83.14453125 Y82.79296875
G1 X83.14453125 Y82.705078125
G1 X82.96875 Y82.705078125
G0 X79.98046875 Y82.6171875
G1 X79.98046875 Y82.6171875
G1 X79.98046875 Y82.705078125
G0 X77.6953125 Y82.6171875
G1 X77.6953125 Y82.6171875
G1 X77.783203125 Y82.705078125
G1 X77.87109375 Y82.705078125
G1 X77.87109375 Y82.6171875
G1 X77.783203125 Y82.705078125
G0 X77.255859375 Y82.6171875
G1 X77.255859375 Y82.6171875
G1 X77.255859375 Y82.705078125
G1 X77.34375 Y82.705078125
G1 X77.431640625 Y82.6171875
G1 X77.51953125 Y82.705078125
G1 X77.51953125 Y82.6171875
G0 X77.080078125 Y82.6171875
G1 X77.080078125 Y82.6171875
G1 X76.9921875 Y82.705078125
G0 X76.81640625 Y82.6171875
G1 X76.81640625 Y82.6171875
G1 X76.81640625 Y82.705078125
G0 X8.876953125 Y82.6171875
G1 X8.876953125 Y82.6171875
G0 X78.3984375 Y82.529296875
G1 X78.3984375 Y82.529296875
G1 X78.486328125 Y82.6171875
G1 X78.3984375 Y82.705078125
G1 X78.22265625 Y82.705078125
G1 X78.134765625 Y82.6171875
G1 X78.046875 Y82.705078125
G1 X78.134765625 Y82.6171875
G1 X78.22265625 Y82.705078125
G1 X78.3984375 Y82.705078125
G1 X78.486328125 Y82.6171875
G1 X78.57421875 Y82.705078125
G1 X78.662109375 Y82.705078125
G1 X78.57421875 Y82.705078125
G1 X78.486328125 Y82.6171875
G1 X78.486328125 Y82.529296875
G0 X75.498046875 Y82.529296875
G1 X75.498046875 Y82.529296875
G1 X75.5859375 Y82.529296875
G0 X81.826171875 Y82.44140625
G1 X81.826171875 Y82.44140625
G1 X81.9140625 Y82.44140625
G1 X82.001953125 Y82.529296875
G1 X82.177734375 Y82.529296875
G1 X82.265625 Y82.6171875
G1 X82.08984375 Y82.79296875
G1 X82.001953125 Y82.705078125
G1 X81.9140625 Y82.705078125
G1 X81.826171875 Y82.6171875
G1 X81.73828125 Y82.6171875
G1 X81.650390625 Y82.705078125
G1 X81.38671875 Y82.705078125
G1 X81.298828125 Y82.6171875
G1 X81.2109375 Y82.705078125
G1 X81.123046875 Y82.705078125
G1 X81.03515625 Y82.79296875
G1 X80.947265625 Y82.705078125
G1 X80.771484375 Y82.705078125
G1 X80.771484375 Y82.79296875
G1 X81.123046875 Y82.79296875
G1 X81.2109375 Y82.705078125
G1 X81.9140625 Y82.705078125
G1 X82.001953125 Y82.79296875
G1 X82.177734375 Y82.79296875
G1 X82.353515625 Y82.6171875
G1 X82.529296875 Y82.6171875
G1 X82.6171875 Y82.705078125
G1 X82.529296875 Y82.79296875
G1 X82.44140625 Y82.79296875
G1 X82.529296875 Y82.880859375
G1 X82.529296875 Y82.79296875
G1 X82.6171875 Y82.705078125
G1 X82.6171875 Y82.6171875
G1 X82.265625 Y82.6171875
G1 X82.08984375 Y82.44140625
G0 X80.771484375 Y82.44140625
G1 X80.771484375 Y82.44140625
G1 X80.947265625 Y82.44140625
G1 X81.03515625 Y82.529296875
G1 X81.123046875 Y82.44140625
G0 X79.27734375 Y82.44140625
G1 X79.27734375 Y82.44140625
G0 X78.22265625 Y82.44140625
G1 X78.22265625 Y82.44140625
G0 X77.958984375 Y82.44140625
G1 X77.958984375 Y82.44140625
G1 X78.046875 Y82.44140625
G0 X77.431640625 Y82.44140625
G1 X77.431640625 Y82.44140625
G1 X77.51953125 Y82.44140625
G0 X76.81640625 Y82.44140625
G1 X76.81640625 Y82.44140625
G0 X76.2890625 Y82.44140625
G1 X76.2890625 Y82.44140625
G1 X76.552734375 Y82.44140625
G0 X75.9375 Y82.44140625
G1 X75.9375 Y82.44140625
G1 X76.11328125 Y82.44140625
G0 X75.76171875 Y82.44140625
G1 X75.76171875 Y82.44140625
G0 X75.322265625 Y82.44140625
G1 X75.322265625 Y82.44140625
G0 X74.53125 Y82.44140625
G1 X74.53125 Y82.44140625
G0 X74.35546875 Y82.44140625
G1 X74.35546875 Y82.44140625
G0 X73.388671875 Y82.44140625
G1 X73.388671875 Y82.44140625
G0 X9.404296875 Y82.44140625
G1 X9.404296875 Y82.44140625
G0 X81.474609375 Y82.353515625
G1 X81.474609375 Y82.353515625
G1 X81.38671875 Y82.44140625
G1 X81.5625 Y82.44140625
G0 X8.525390625 Y82.353515625
G1 X8.525390625 Y82.353515625
G1 X8.4375 Y82.44140625
G1 X8.525390625 Y82.529296875
G1 X8.4375 Y82.6171875
G1 X8.349609375 Y82.6171875
G1 X8.4375 Y82.6171875
G1 X8.525390625 Y82.529296875
G1 X8.61328125 Y82.529296875
G1 X8.525390625 Y82.529296875
G1 X8.4375 Y82.44140625
G0 X8.0859375 Y82.353515625
G1 X8.0859375 Y82.353515625
G1 X8.173828125 Y82.44140625
G0 X8.701171875 Y82.265625
G1 X8.701171875 Y82.265625
G1 X8.7890625 Y82.265625
G0 X81.5625 Y82.177734375
G1 X81.5625 Y82.177734375
G1 X81.650390625 Y82.177734375
G1 X81.73828125 Y82.265625
G1 X81.650390625 Y82.177734375
G0 X81.03515625 Y82.177734375
G1 X81.03515625 Y82.177734375
G1 X81.123046875 Y82.265625
G1 X81.2109375 Y82.265625
G1 X81.298828125 Y82.177734375
G1 X81.2109375 Y82.265625
G1 X81.123046875 Y82.265625
G0 X77.783203125 Y82.177734375
G1 X77.783203125 Y82.177734375
G1 X77.783203125 Y82.265625
G1 X77.6953125 Y82.353515625
G1 X77.6953125 Y82.44140625
G1 X77.783203125 Y82.44140625
G1 X77.6953125 Y82.353515625
G1 X77.783203125 Y82.265625
G1 X77.87109375 Y82.265625
G1 X77.958984375 Y82.177734375
G1 X78.046875 Y82.177734375
G1 X78.134765625 Y82.265625
G1 X78.22265625 Y82.265625
G1 X78.310546875 Y82.177734375
G1 X78.3984375 Y82.265625
G1 X78.486328125 Y82.265625
G1 X78.486328125 Y82.177734375
G1 X78.3984375 Y82.265625
G1 X78.310546875 Y82.177734375
G1 X78.22265625 Y82.177734375
G1 X78.134765625 Y82.265625
G1 X78.046875 Y82.177734375
G0 X77.431640625 Y82.177734375
G1 X77.431640625 Y82.177734375
G1 X77.51953125 Y82.265625
G1 X77.51953125 Y82.177734375
G0 X75.498046875 Y82.177734375
G1 X75.498046875 Y82.177734375
G1 X75.5859375 Y82.265625
G1 X75.673828125 Y82.177734375
G1 X75.76171875 Y82.265625
G1 X75.849609375 Y82.265625
G1 X75.849609375 Y82.177734375
G0 X75.234375 Y82.177734375
G1 X75.234375 Y82.177734375
G0 X74.970703125 Y82.177734375
G1 X74.970703125 Y82.177734375
G0 X74.70703125 Y82.177734375
G1 X74.70703125 Y82.177734375
G0 X8.525390625 Y82.08984375
G1 X8.525390625 Y82.08984375
G0 X77.34375 Y82.001953125
G1 X77.34375 Y82.001953125
G0 X8.173828125 Y82.001953125
G1 X8.173828125 Y82.001953125
G0 X82.529296875 Y81.9140625
G1 X82.529296875 Y81.9140625
G0 X78.310546875 Y81.9140625
G1 X78.310546875 Y81.9140625
G1 X78.310546875 Y82.001953125
G1 X78.662109375 Y82.001953125
G1 X78.57421875 Y81.9140625
G1 X78.486328125 Y82.001953125
G1 X78.3984375 Y82.001953125
G0 X77.783203125 Y81.9140625
G1 X77.783203125 Y81.9140625
G1 X77.6953125 Y82.001953125
G1 X77.51953125 Y82.001953125
G1 X78.134765625 Y82.001953125
G1 X78.046875 Y81.9140625
G1 X77.958984375 Y82.001953125
G1 X77.87109375 Y82.001953125
G0 X76.376953125 Y81.9140625
G1 X76.376953125 Y81.9140625
G0 X75.9375 Y81.9140625
G1 X75.9375 Y81.9140625
G1 X76.025390625 Y81.9140625
G0 X75.76171875 Y81.9140625
G1 X75.76171875 Y81.9140625
G0 X75.5859375 Y81.9140625
G1 X75.5859375 Y81.9140625
G0 X75.322265625 Y81.9140625
G1 X75.322265625 Y81.9140625
G0 X21.357421875 Y81.9140625
G1 X21.357421875 Y81.9140625
G0 X9.052734375 Y81.9140625
G1 X9.052734375 Y81.9140625
G0 X8.525390625 Y81.9140625
G1 X8.525390625 Y81.9140625
G1 X8.61328125 Y81.9140625
G0 X82.880859375 Y81.826171875
G1 X82.880859375 Y81.826171875
G1 X82.79296875 Y81.9140625
G1 X82.880859375 Y81.826171875
G1 X82.96875 Y81.9140625
G0 X76.81640625 Y81.826171875
G1 X76.81640625 Y81.826171875
G1 X76.81640625 Y81.9140625
G1 X76.728515625 Y82.001953125
G1 X76.640625 Y82.001953125
G1 X76.640625 Y82.08984375
G1 X76.552734375 Y82.177734375
G1 X76.2890625 Y82.177734375
G1 X76.201171875 Y82.265625
G1 X76.11328125 Y82.177734375
G1 X76.025390625 Y82.177734375
G1 X76.11328125 Y82.265625
G1 X76.201171875 Y82.265625
G1 X76.2890625 Y82.177734375
G1 X76.46484375 Y82.177734375
G1 X76.552734375 Y82.265625
G1 X76.640625 Y82.177734375
G1 X76.81640625 Y82.177734375
G1 X76.904296875 Y82.265625
G1 X76.9921875 Y82.265625
G1 X77.080078125 Y82.177734375
G1 X77.16796875 Y82.177734375
G1 X77.255859375 Y82.265625
G1 X77.255859375 Y82.353515625
G1 X77.16796875 Y82.44140625
G1 X77.080078125 Y82.44140625
G1 X77.16796875 Y82.44140625
G1 X77.255859375 Y82.353515625
G1 X77.255859375 Y82.177734375
G1 X76.9921875 Y82.177734375
G1 X76.904296875 Y82.265625
G1 X76.81640625 Y82.177734375
G1 X76.728515625 Y82.177734375
G1 X76.640625 Y82.08984375
G1 X76.81640625 Y81.9140625
G1 X76.904296875 Y82.001953125
G1 X77.080078125 Y82.001953125
G1 X77.16796875 Y81.9140625
G1 X77.080078125 Y82.001953125
G1 X76.9921875 Y81.9140625
G1 X76.904296875 Y81.9140625
G0 X82.265625 Y81.73828125
G1 X82.265625 Y81.73828125
G1 X82.353515625 Y81.826171875
G1 X82.353515625 Y81.73828125
G0 X71.806640625 Y81.73828125
G1 X71.806640625 Y81.73828125
G0 X8.173828125 Y81.73828125
G1 X8.173828125 Y81.73828125
G1 X8.349609375 Y81.73828125
G0 X81.73828125 Y81.650390625
G1 X81.73828125 Y81.650390625
G1 X81.826171875 Y81.650390625
G0 X76.9921875 Y81.650390625
G1 X76.9921875 Y81.650390625
G1 X77.080078125 Y81.650390625
G1 X77.16796875 Y81.73828125
G1 X77.255859375 Y81.73828125
G1 X77.255859375 Y81.650390625
G1 X77.16796875 Y81.73828125
G1 X77.080078125 Y81.650390625
G0 X76.728515625 Y81.650390625
G1 X76.728515625 Y81.650390625
G0 X76.11328125 Y81.650390625
G1 X76.11328125 Y81.650390625
G1 X76.201171875 Y81.650390625
G0 X75.849609375 Y81.650390625
G1 X75.849609375 Y81.650390625
G0 X75.673828125 Y81.650390625
G1 X75.673828125 Y81.650390625
G0 X76.552734375 Y81.5625
G1 X76.552734375 Y81.5625
G1 X76.552734375 Y81.650390625
G0 X46.494140625 Y81.5625
G1 X46.494140625 Y81.5625
G0 X12.216796875 Y81.5625
G1 X12.216796875 Y81.5625
G0 X9.052734375 Y81.5625
G1 X9.052734375 Y81.5625
G0 X8.525390625 Y81.5625
G1 X8.525390625 Y81.5625
G0 X82.79296875 Y81.474609375
G1 X82.79296875 Y81.474609375
G1 X82.79296875 Y81.5625
G1 X82.705078125 Y81.650390625
G1 X82.705078125 Y81.73828125
G1 X82.705078125 Y81.650390625
G1 X82.79296875 Y81.5625
G1 X82.880859375 Y81.650390625
G1 X82.79296875 Y81.5625
G1 X82.880859375 Y81.474609375
G1 X82.96875 Y81.474609375
G0 X77.080078125 Y81.474609375
G1 X77.080078125 Y81.474609375
G0 X8.173828125 Y81.474609375
G1 X8.173828125 Y81.474609375
G1 X8.26171875 Y81.474609375
G0 X82.6171875 Y81.38671875
G1 X82.6171875 Y81.38671875
G0 X82.353515625 Y81.38671875
G1 X82.353515625 Y81.38671875
G1 X82.44140625 Y81.474609375
G1 X82.44140625 Y81.5625
G1 X82.529296875 Y81.5625
G0 X80.771484375 Y81.38671875
G1 X80.771484375 Y81.38671875
G1 X80.68359375 Y81.474609375
G1 X80.5078125 Y81.474609375
G1 X80.5078125 Y81.5625
G1 X80.595703125 Y81.5625
G1 X80.68359375 Y81.474609375
G1 X80.859375 Y81.474609375
G1 X80.947265625 Y81.5625
G1 X80.947265625 Y81.650390625
G1 X80.859375 Y81.73828125
G1 X80.68359375 Y81.73828125
G1 X80.5078125 Y81.9140625
G1 X80.5078125 Y82.001953125
G1 X80.419921875 Y82.08984375
G1 X80.419921875 Y82.265625
G1 X80.5078125 Y82.353515625
G1 X80.5078125 Y82.44140625
G1 X80.5078125 Y82.353515625
G1 X80.595703125 Y82.265625
G1 X80.68359375 Y82.265625
G1 X80.771484375 Y82.177734375
G1 X80.859375 Y82.265625
G1 X80.771484375 Y82.177734375
G1 X80.771484375 Y82.08984375
G1 X80.859375 Y82.001953125
G1 X81.123046875 Y82.001953125
G1 X81.123046875 Y81.9140625
G1 X81.2109375 Y81.826171875
G1 X81.38671875 Y82.001953125
G1 X81.474609375 Y82.001953125
G1 X81.38671875 Y81.9140625
G1 X81.5625 Y81.73828125
G1 X81.474609375 Y81.73828125
G1 X81.474609375 Y81.826171875
G1 X81.38671875 Y81.9140625
G1 X81.298828125 Y81.9140625
G1 X81.2109375 Y81.826171875
G1 X81.2109375 Y81.650390625
G1 X81.298828125 Y81.5625
G1 X81.38671875 Y81.5625
G1 X81.2109375 Y81.38671875
G1 X81.123046875 Y81.38671875
G1 X80.947265625 Y81.5625
G0 X76.640625 Y81.38671875
G1 X76.640625 Y81.38671875
G0 X76.376953125 Y81.38671875
G1 X76.376953125 Y81.38671875
G0 X76.11328125 Y81.38671875
G1 X76.11328125 Y81.38671875
G1 X76.201171875 Y81.38671875
G0 X75.76171875 Y81.38671875
G1 X75.76171875 Y81.38671875
G1 X75.76171875 Y81.474609375
G1 X75.849609375 Y81.38671875
G0 X75.322265625 Y81.38671875
G1 X75.322265625 Y81.38671875
G0 X8.701171875 Y81.38671875
G1 X8.701171875 Y81.38671875
G0 X7.91015625 Y81.38671875
G1 X7.91015625 Y81.38671875
G1 X7.998046875 Y81.38671875
G0 X80.419921875 Y81.298828125
G1 X80.419921875 Y81.298828125
G1 X80.5078125 Y81.298828125
G0 X74.8828125 Y81.298828125
G1 X74.8828125 Y81.298828125
G0 X74.619140625 Y81.298828125
G1 X74.619140625 Y81.298828125
G0 X77.51953125 Y81.2109375
G1 X77.51953125 Y81.2109375
G1 X77.51953125 Y81.298828125
G1 X77.607421875 Y81.2109375
G0 X75.05859375 Y81.2109375
G1 X75.05859375 Y81.2109375
G0 X8.7890625 Y81.2109375
G1 X8.7890625 Y81.2109375
G0 X8.173828125 Y81.2109375
G1 X8.173828125 Y81.2109375
G0 X75.234375 Y81.123046875
G1 X75.234375 Y81.123046875
G1 X75.498046875 Y81.123046875
G1 X75.5859375 Y81.2109375
G1 X75.849609375 Y81.2109375
G1 X75.76171875 Y81.2109375
G1 X75.673828125 Y81.123046875
G0 X12.216796875 Y81.123046875
G1 X12.216796875 Y81.123046875
G0 X80.947265625 Y81.03515625
G1 X80.947265625 Y81.03515625
G1 X80.859375 Y81.123046875
G1 X80.68359375 Y81.123046875
G1 X80.68359375 Y81.2109375
G1 X80.947265625 Y81.2109375
G1 X81.03515625 Y81.123046875
G1 X81.123046875 Y81.123046875
G1 X81.2109375 Y81.2109375
G1 X81.298828125 Y81.2109375
G1 X81.2109375 Y81.123046875
G1 X81.03515625 Y81.123046875
G0 X72.7734375 Y81.03515625
G1 X72.7734375 Y81.03515625
G0 X9.140625 Y81.03515625
G1 X9.140625 Y81.03515625
G0 X8.525390625 Y81.03515625
G1 X8.525390625 Y81.03515625
G0 X7.91015625 Y81.03515625
G1 X7.91015625 Y81.03515625
G1 X7.822265625 Y81.123046875
G1 X7.998046875 Y81.123046875
G0 X75.673828125 Y80.947265625
G1 X75.673828125 Y80.947265625
G1 X75.849609375 Y80.947265625
G0 X74.970703125 Y80.947265625
G1 X74.970703125 Y80.947265625
G0 X8.26171875 Y80.947265625
G1 X8.26171875 Y80.947265625
G0 X76.376953125 Y80.859375
G1 X76.376953125 Y80.859375
G1 X76.46484375 Y80.859375
G0 X75.322265625 Y80.859375
G1 X75.322265625 Y80.859375
G1 X75.41015625 Y80.859375
G0 X26.806640625 Y80.859375
G1 X26.806640625 Y80.859375
G0 X81.474609375 Y80.771484375
G1 X81.474609375 Y80.771484375
G0 X8.96484375 Y80.771484375
G1 X8.96484375 Y80.771484375
G0 X8.4375 Y80.771484375
G1 X8.4375 Y80.771484375
G0 X7.998046875 Y80.771484375
G1 X7.998046875 Y80.771484375
G1 X7.998046875 Y80.859375
G1 X8.0859375 Y80.771484375
G0 X75.498046875 Y80.68359375
G1 X75.498046875 Y80.68359375
G1 X75.5859375 Y80.771484375
G1 X75.5859375 Y80.68359375
G0 X74.8828125 Y80.68359375
G1 X74.8828125 Y80.68359375
G0 X74.53125 Y80.68359375
G1 X74.53125 Y80.68359375
G0 X72.94921875 Y80.68359375
G1 X72.94921875 Y80.68359375
G0 X71.455078125 Y80.68359375
G1 X71.455078125 Y80.68359375
G0 X80.595703125 Y80.595703125
G1 X80.595703125 Y80.595703125
G1 X80.68359375 Y80.595703125
G1 X80.859375 Y80.771484375
G1 X80.771484375 Y80.859375
G1 X80.595703125 Y80.859375
G1 X80.595703125 Y80.947265625
G1 X80.5078125 Y81.03515625
G1 X80.419921875 Y81.03515625
G1 X80.5078125 Y81.03515625
G1 X80.595703125 Y80.947265625
G1 X80.68359375 Y80.947265625
G1 X80.771484375 Y80.859375
G1 X81.2109375 Y80.859375
G1 X80.947265625 Y80.859375
G1 X80.859375 Y80.771484375
G1 X81.03515625 Y80.595703125
G0 X7.822265625 Y80.595703125
G1 X7.822265625 Y80.595703125
G1 X7.91015625 Y80.595703125
G0 X82.6171875 Y80.5078125
G1 X82.6171875 Y80.5078125
G1 X82.705078125 Y80.595703125
G1 X82.6171875 Y80.68359375
G1 X82.529296875 Y80.68359375
G1 X82.44140625 Y80.595703125
G1 X82.353515625 Y80.595703125
G1 X82.44140625 Y80.68359375
G1 X82.529296875 Y80.68359375
G1 X82.6171875 Y80.771484375
G1 X82.44140625 Y80.947265625
G1 X82.44140625 Y81.03515625
G1 X82.353515625 Y81.123046875
G1 X82.265625 Y81.123046875
G1 X82.353515625 Y81.123046875
G1 X82.44140625 Y81.03515625
G1 X82.6171875 Y81.2109375
G1 X82.705078125 Y81.123046875
G1 X82.79296875 Y81.123046875
G1 X82.880859375 Y81.2109375
G1 X82.79296875 Y81.298828125
G1 X82.880859375 Y81.2109375
G1 X82.79296875 Y81.123046875
G1 X82.880859375 Y81.03515625
G1 X82.79296875 Y80.947265625
G1 X82.880859375 Y80.859375
G1 X82.880859375 Y80.771484375
G1 X82.705078125 Y80.771484375
G1 X82.6171875 Y80.68359375
G1 X82.79296875 Y80.5078125
G0 X81.298828125 Y80.5078125
G1 X81.298828125 Y80.5078125
G1 X81.2109375 Y80.595703125
G1 X81.298828125 Y80.68359375
G0 X75.5859375 Y80.5078125
G1 X75.5859375 Y80.5078125
G1 X75.673828125 Y80.5078125
G1 X75.76171875 Y80.595703125
G1 X75.76171875 Y80.68359375
G1 X75.849609375 Y80.771484375
G1 X75.9375 Y80.771484375
G1 X75.9375 Y80.68359375
G1 X76.025390625 Y80.595703125
G1 X76.11328125 Y80.595703125
G1 X76.025390625 Y80.5078125
G1 X75.849609375 Y80.68359375
G1 X75.76171875 Y80.595703125
G1 X75.76171875 Y80.5078125
G0 X75.322265625 Y80.5078125
G1 X75.322265625 Y80.5078125
G1 X75.41015625 Y80.5078125
G0 X48.955078125 Y80.5078125
G1 X48.955078125 Y80.5078125
G0 X9.052734375 Y80.5078125
G1 X9.052734375 Y80.5078125
G0 X8.349609375 Y80.5078125
G1 X8.349609375 Y80.5078125
G0 X75.05859375 Y80.419921875
G1 X75.05859375 Y80.419921875
G1 X75.146484375 Y80.5078125
G0 X74.8828125 Y80.419921875
G1 X74.8828125 Y80.419921875
G0 X74.70703125 Y80.419921875
G1 X74.70703125 Y80.419921875
G0 X77.16796875 Y80.33203125
G1 X77.16796875 Y80.33203125
G0 X76.904296875 Y80.33203125
G1 X76.904296875 Y80.33203125
G0 X78.486328125 Y80.244140625
G1 X78.486328125 Y80.244140625
G1 X78.57421875 Y80.33203125
G1 X78.662109375 Y80.244140625
G1 X78.57421875 Y80.33203125
G0 X75.9375 Y80.244140625
G1 X75.9375 Y80.244140625
G1 X76.025390625 Y80.244140625
G0 X75.146484375 Y80.244140625
G1 X75.146484375 Y80.244140625
G0 X74.970703125 Y80.244140625
G1 X74.970703125 Y80.244140625
G0 X49.306640625 Y80.244140625
G1 X49.306640625 Y80.244140625
G0 X8.876953125 Y80.244140625
G1 X8.876953125 Y80.244140625
G1 X8.876953125 Y80.33203125
G0 X81.2109375 Y80.15625
G1 X81.2109375 Y80.15625
G0 X76.46484375 Y80.15625
G1 X76.46484375 Y80.15625
G1 X76.552734375 Y80.244140625
G1 X76.640625 Y80.244140625
G1 X76.640625 Y80.15625
G0 X76.201171875 Y80.15625
G1 X76.201171875 Y80.15625
G1 X76.201171875 Y80.244140625
G1 X76.2890625 Y80.244140625
G0 X75.673828125 Y80.15625
G1 X75.673828125 Y80.15625
G1 X75.76171875 Y80.244140625
G1 X75.76171875 Y80.15625
G0 X75.41015625 Y80.15625
G1 X75.41015625 Y80.15625
G1 X75.498046875 Y80.244140625
G1 X75.498046875 Y80.15625
G0 X9.140625 Y80.15625
G1 X9.140625 Y80.15625
G0 X8.61328125 Y80.15625
G1 X8.61328125 Y80.15625
G0 X80.68359375 Y80.068359375
G1 X80.68359375 Y80.068359375
G1 X80.595703125 Y80.15625
G1 X80.859375 Y80.15625
G1 X80.771484375 Y80.068359375
G0 X48.515625 Y80.068359375
G1 X48.515625 Y80.068359375
G0 X7.91015625 Y80.068359375
G1 X7.91015625 Y80.068359375
G1 X7.998046875 Y80.15625
G0 X81.298828125 Y79.98046875
G1 X81.298828125 Y79.98046875
G1 X81.474609375 Y80.15625
G1 X81.474609375 Y80.068359375
G1 X81.38671875 Y80.068359375
G0 X79.892578125 Y79.98046875
G1 X79.892578125 Y79.98046875
G1 X79.8046875 Y80.068359375
G1 X80.244140625 Y80.068359375
G1 X80.419921875 Y80.244140625
G1 X80.33203125 Y80.33203125
G1 X80.419921875 Y80.419921875
G1 X80.33203125 Y80.5078125
G1 X80.15625 Y80.5078125
G1 X80.068359375 Y80.419921875
G1 X80.15625 Y80.33203125
G1 X80.068359375 Y80.244140625
G1 X79.62890625 Y80.244140625
G1 X79.541015625 Y80.33203125
G1 X79.453125 Y80.244140625
G1 X78.92578125 Y80.244140625
G1 X78.837890625 Y80.33203125
G1 X78.92578125 Y80.419921875
G1 X78.837890625 Y80.5078125
G1 X77.958984375 Y80.5078125
G1 X77.958984375 Y80.595703125
G1 X78.046875 Y80.595703125
G1 X78.134765625 Y80.68359375
G1 X78.046875 Y80.771484375
G1 X77.87109375 Y80.771484375
G1 X77.87109375 Y80.859375
G1 X77.6953125 Y81.03515625
G1 X77.607421875 Y80.947265625
G1 X77.607421875 Y80.859375
G1 X77.6953125 Y80.771484375
G1 X77.6953125 Y80.68359375
G1 X77.783203125 Y80.595703125
G1 X77.783203125 Y80.5078125
G1 X77.6953125 Y80.5078125
G1 X77.607421875 Y80.595703125
G1 X77.51953125 Y80.5078125
G1 X77.51953125 Y80.419921875
G1 X77.431640625 Y80.5078125
G1 X77.255859375 Y80.5078125
G1 X77.16796875 Y80.595703125
G1 X77.080078125 Y80.5078125
G1 X76.552734375 Y80.5078125
G1 X76.46484375 Y80.419921875
G1 X76.376953125 Y80.5078125
G1 X76.2890625 Y80.5078125
G1 X76.2890625 Y80.595703125
G1 X76.376953125 Y80.595703125
G1 X76.376953125 Y80.5078125
G1 X76.46484375 Y80.419921875
G1 X76.552734375 Y80.5078125
G1 X76.552734375 Y80.595703125
G1 X76.728515625 Y80.595703125
G1 X76.81640625 Y80.68359375
G1 X76.640625 Y80.859375
G1 X76.640625 Y81.03515625
G1 X76.552734375 Y81.123046875
G1 X76.46484375 Y81.03515625
G1 X76.376953125 Y81.123046875
G1 X76.2890625 Y81.123046875
G1 X76.11328125 Y80.947265625
G1 X76.201171875 Y80.859375
G1 X76.11328125 Y80.859375
G1 X76.11328125 Y80.947265625
G1 X76.025390625 Y81.03515625
G1 X76.025390625 Y81.123046875
G1 X76.025390625 Y81.03515625
G1 X76.11328125 Y80.947265625
G1 X76.2890625 Y81.123046875
G1 X76.552734375 Y81.123046875
G1 X76.640625 Y81.03515625
G1 X76.81640625 Y81.03515625
G1 X76.9921875 Y81.2109375
G1 X76.904296875 Y81.298828125
G1 X76.81640625 Y81.298828125
G1 X76.81640625 Y81.38671875
G1 X76.904296875 Y81.38671875
G1 X76.904296875 Y81.298828125
G1 X76.9921875 Y81.2109375
G1 X77.080078125 Y81.2109375
G1 X77.16796875 Y81.298828125
G1 X77.255859375 Y81.298828125
G1 X77.255859375 Y81.123046875
G1 X77.34375 Y81.03515625
G1 X77.783203125 Y81.03515625
G1 X77.87109375 Y81.123046875
G1 X77.87109375 Y81.2109375
G1 X77.783203125 Y81.298828125
G1 X77.783203125 Y81.38671875
G1 X77.6953125 Y81.474609375
G1 X77.255859375 Y81.474609375
G1 X77.431640625 Y81.474609375
G1 X77.51953125 Y81.5625
G1 X77.607421875 Y81.474609375
G1 X77.6953125 Y81.5625
G1 X77.783203125 Y81.5625
G1 X77.87109375 Y81.474609375
G1 X77.958984375 Y81.474609375
G1 X78.046875 Y81.5625
G1 X78.046875 Y81.650390625
G1 X77.958984375 Y81.73828125
G1 X77.607421875 Y81.73828125
G1 X78.22265625 Y81.73828125
G1 X78.310546875 Y81.650390625
G1 X78.3984375 Y81.73828125
G1 X79.013671875 Y81.73828125
G1 X79.189453125 Y81.9140625
G1 X79.1015625 Y82.001953125
G1 X78.837890625 Y82.001953125
G1 X79.013671875 Y82.001953125
G1 X79.1015625 Y82.08984375
G1 X79.1015625 Y82.177734375
G1 X79.013671875 Y82.265625
G1 X78.92578125 Y82.265625
G1 X78.837890625 Y82.177734375
G1 X78.75 Y82.265625
G1 X78.662109375 Y82.265625
G1 X78.837890625 Y82.265625
G1 X78.92578125 Y82.353515625
G1 X78.75 Y82.529296875
G1 X78.662109375 Y82.44140625
G1 X78.75 Y82.529296875
G1 X78.837890625 Y82.529296875
G1 X78.92578125 Y82.6171875
G1 X79.013671875 Y82.6171875
G1 X79.1015625 Y82.529296875
G1 X79.1015625 Y82.44140625
G1 X79.013671875 Y82.353515625
G1 X79.013671875 Y82.265625
G1 X79.1015625 Y82.177734375
G1 X79.189453125 Y82.265625
G1 X79.27734375 Y82.265625
G1 X79.189453125 Y82.265625
G1 X79.1015625 Y82.177734375
G1 X79.1015625 Y82.08984375
G1 X79.189453125 Y82.001953125
G1 X79.27734375 Y82.08984375
G1 X79.365234375 Y82.001953125
G1 X79.541015625 Y82.177734375
G1 X79.453125 Y82.265625
G1 X79.453125 Y82.44140625
G1 X79.541015625 Y82.529296875
G1 X79.453125 Y82.6171875
G1 X79.365234375 Y82.6171875
G1 X79.27734375 Y82.705078125
G1 X79.189453125 Y82.705078125
G1 X79.453125 Y82.705078125
G1 X79.453125 Y82.6171875
G1 X79.62890625 Y82.44140625
G1 X79.98046875 Y82.44140625
G1 X79.98046875 Y82.353515625
G1 X80.068359375 Y82.265625
G1 X80.15625 Y82.265625
G1 X80.244140625 Y82.353515625
G1 X80.15625 Y82.44140625
G1 X80.244140625 Y82.44140625
G1 X80.244140625 Y82.353515625
G1 X80.15625 Y82.265625
G1 X80.244140625 Y82.177734375
G1 X80.15625 Y82.08984375
G1 X80.068359375 Y82.177734375
G1 X79.98046875 Y82.177734375
G1 X79.98046875 Y82.265625
G1 X79.892578125 Y82.353515625
G1 X79.716796875 Y82.353515625
G1 X79.62890625 Y82.44140625
G1 X79.541015625 Y82.44140625
G1 X79.453125 Y82.353515625
G1 X79.453125 Y82.265625
G1 X79.62890625 Y82.08984375
G1 X79.716796875 Y82.177734375
G1 X79.8046875 Y82.177734375
G1 X79.8046875 Y82.08984375
G1 X79.541015625 Y82.08984375
G1 X79.453125 Y82.001953125
G1 X79.27734375 Y82.001953125
G1 X79.189453125 Y81.9140625
G1 X79.365234375 Y81.73828125
G1 X79.453125 Y81.826171875
G1 X79.8046875 Y81.826171875
G1 X79.892578125 Y81.9140625
G1 X80.15625 Y81.9140625
G1 X80.244140625 Y81.826171875
G1 X80.33203125 Y81.826171875
G1 X80.244140625 Y81.73828125
G1 X80.244140625 Y81.826171875
G1 X80.15625 Y81.9140625
G1 X80.068359375 Y81.826171875
G1 X79.98046875 Y81.826171875
G1 X79.892578125 Y81.73828125
G1 X79.892578125 Y81.650390625
G1 X79.98046875 Y81.5625
G1 X80.244140625 Y81.5625
G1 X80.15625 Y81.5625
G1 X80.068359375 Y81.474609375
G1 X79.98046875 Y81.474609375
G1 X79.892578125 Y81.38671875
G1 X79.98046875 Y81.298828125
G1 X80.15625 Y81.298828125
G1 X80.244140625 Y81.38671875
G1 X80.244140625 Y81.03515625
G1 X80.15625 Y80.947265625
G1 X80.244140625 Y80.859375
G1 X80.244140625 Y80.771484375
G1 X80.33203125 Y80.68359375
G1 X80.419921875 Y80.771484375
G1 X80.419921875 Y80.68359375
G1 X80.33203125 Y80.68359375
G1 X80.244140625 Y80.771484375
G1 X80.15625 Y80.771484375
G1 X80.068359375 Y80.68359375
G1 X80.068359375 Y80.595703125
G1 X80.15625 Y80.5078125
G1 X80.419921875 Y80.5078125
G1 X80.419921875 Y80.419921875
G1 X80.5078125 Y80.33203125
G1 X80.595703125 Y80.419921875
G1 X80.859375 Y80.419921875
G1 X80.947265625 Y80.33203125
G1 X81.03515625 Y80.33203125
G1 X81.123046875 Y80.419921875
G1 X81.03515625 Y80.33203125
G1 X81.03515625 Y80.244140625
G1 X80.859375 Y80.419921875
G1 X80.595703125 Y80.419921875
G1 X80.419921875 Y80.244140625
G1 X80.419921875 Y80.15625
G1 X80.33203125 Y80.068359375
G1 X79.98046875 Y80.068359375
G0 X78.22265625 Y79.98046875
G1 X78.22265625 Y79.98046875
G1 X78.134765625 Y80.068359375
G1 X78.486328125 Y80.068359375
G1 X78.310546875 Y80.068359375
G0 X8.876953125 Y79.98046875
G1 X8.876953125 Y79.98046875
G0 X8.4375 Y79.98046875
G1 X8.4375 Y79.98046875
G0 X82.353515625 Y79.892578125
G1 X82.353515625 Y79.892578125
G1 X82.177734375 Y80.068359375
G1 X82.08984375 Y80.068359375
G1 X82.001953125 Y79.98046875
G1 X81.9140625 Y80.068359375
G1 X81.73828125 Y80.068359375
G1 X81.73828125 Y80.244140625
G1 X81.826171875 Y80.33203125
G1 X81.73828125 Y80.419921875
G1 X81.5625 Y80.419921875
G1 X81.5625 Y80.5078125
G1 X81.73828125 Y80.68359375
G1 X81.826171875 Y80.68359375
G1 X81.9140625 Y80.771484375
G1 X81.826171875 Y80.859375
G1 X81.73828125 Y80.859375
G1 X81.73828125 Y80.947265625
G1 X81.650390625 Y81.03515625
G1 X81.5625 Y81.03515625
G1 X81.650390625 Y81.123046875
G1 X81.650390625 Y81.2109375
G1 X82.001953125 Y81.2109375
G1 X82.08984375 Y81.298828125
G1 X81.9140625 Y81.474609375
G1 X81.826171875 Y81.474609375
G1 X81.73828125 Y81.38671875
G1 X81.650390625 Y81.474609375
G1 X81.5625 Y81.38671875
G1 X81.474609375 Y81.38671875
G1 X81.5625 Y81.38671875
G1 X81.650390625 Y81.474609375
G1 X81.73828125 Y81.38671875
G1 X81.826171875 Y81.474609375
G1 X81.9140625 Y81.474609375
G1 X82.08984375 Y81.650390625
G1 X82.08984375 Y81.73828125
G1 X82.001953125 Y81.826171875
G1 X81.73828125 Y81.826171875
G1 X81.9140625 Y81.826171875
G1 X82.001953125 Y81.9140625
G1 X82.001953125 Y82.001953125
G1 X81.9140625 Y82.08984375
G1 X81.826171875 Y82.08984375
G1 X81.73828125 Y82.001953125
G1 X81.826171875 Y82.08984375
G1 X81.9140625 Y82.08984375
G1 X82.001953125 Y82.001953125
G1 X82.177734375 Y82.001953125
G1 X82.265625 Y82.08984375
G1 X82.177734375 Y82.177734375
G1 X82.08984375 Y82.177734375
G1 X82.08984375 Y82.265625
G1 X82.265625 Y82.265625
G1 X82.177734375 Y82.177734375
G1 X82.265625 Y82.08984375
G1 X82.44140625 Y82.08984375
G1 X82.353515625 Y82.08984375
G1 X82.265625 Y82.001953125
G1 X82.177734375 Y82.001953125
G1 X82.001953125 Y81.826171875
G1 X82.08984375 Y81.73828125
G1 X82.08984375 Y81.650390625
G1 X82.001953125 Y81.5625
G1 X82.08984375 Y81.474609375
G1 X82.08984375 Y81.2109375
G1 X82.001953125 Y81.123046875
G1 X82.08984375 Y81.03515625
G1 X82.08984375 Y80.859375
G1 X82.177734375 Y80.771484375
G1 X82.265625 Y80.771484375
G1 X82.08984375 Y80.595703125
G1 X82.177734375 Y80.5078125
G1 X82.177734375 Y80.419921875
G1 X82.265625 Y80.33203125
G1 X82.353515625 Y80.33203125
G1 X82.265625 Y80.33203125
G1 X82.177734375 Y80.244140625
G1 X82.177734375 Y80.068359375
G0 X78.92578125 Y79.892578125
G1 X78.92578125 Y79.892578125
G1 X78.92578125 Y79.98046875
G1 X78.837890625 Y80.068359375
G1 X78.662109375 Y80.068359375
G1 X78.92578125 Y80.068359375
G1 X79.013671875 Y79.98046875
G1 X79.1015625 Y79.98046875
G1 X79.189453125 Y80.068359375
G1 X79.27734375 Y79.98046875
G1 X79.365234375 Y79.98046875
G1 X79.453125 Y80.068359375
G1 X79.62890625 Y80.068359375
G1 X79.453125 Y80.068359375
G1 X79.365234375 Y79.98046875
G1 X79.453125 Y79.892578125
G1 X79.716796875 Y79.892578125
G1 X79.189453125 Y79.892578125
G1 X79.1015625 Y79.98046875
G1 X79.013671875 Y79.98046875
G0 X76.728515625 Y79.892578125
G1 X76.728515625 Y79.892578125
G1 X76.81640625 Y79.892578125
G0 X76.2890625 Y79.892578125
G1 X76.2890625 Y79.892578125
G0 X75.9375 Y79.892578125
G1 X75.9375 Y79.892578125
G0 X75.5859375 Y79.892578125
G1 X75.5859375 Y79.892578125
G1 X75.673828125 Y79.892578125
G0 X75.41015625 Y79.892578125
G1 X75.41015625 Y79.892578125
G0 X75.146484375 Y79.892578125
G1 X75.146484375 Y79.892578125
G0 X7.91015625 Y79.8046875
G1 X7.91015625 Y79.8046875
G0 X81.03515625 Y79.716796875
G1 X81.03515625 Y79.716796875
G1 X81.2109375 Y79.716796875
G1 X81.298828125 Y79.8046875
G1 X81.2109375 Y79.716796875
G0 X79.892578125 Y79.716796875
G1 X79.892578125 Y79.716796875
G1 X79.892578125 Y79.8046875
G1 X80.068359375 Y79.8046875
G1 X79.98046875 Y79.716796875
G0 X8.7890625 Y79.716796875
G1 X8.7890625 Y79.716796875
G1 X8.876953125 Y79.716796875
G0 X8.4375 Y79.716796875
G1 X8.4375 Y79.716796875
G0 X7.55859375 Y79.716796875
G1 X7.55859375 Y79.716796875
G1 X7.646484375 Y79.716796875
G0 X76.201171875 Y79.62890625
G1 X76.201171875 Y79.62890625
G1 X76.201171875 Y79.716796875
G1 X76.376953125 Y79.716796875
G1 X76.376953125 Y79.62890625
G0 X74.794921875 Y79.62890625
G1 X74.794921875 Y79.62890625
G1 X74.8828125 Y79.62890625
G0 X75.41015625 Y79.453125
G1 X75.41015625 Y79.453125
G0 X75.146484375 Y79.453125
G1 X75.146484375 Y79.453125
G0 X8.7890625 Y79.453125
G1 X8.7890625 Y79.453125
G1 X8.876953125 Y79.541015625
G1 X8.876953125 Y79.453125
G0 X7.91015625 Y79.453125
G1 X7.91015625 Y79.453125
G1 X7.998046875 Y79.453125
G0 X81.2109375 Y79.365234375
G1 X81.2109375 Y79.365234375
G1 X81.2109375 Y79.453125
G1 X81.298828125 Y79.541015625
G1 X81.38671875 Y79.541015625
G1 X81.298828125 Y79.453125
G1 X81.298828125 Y79.365234375
G0 X75.673828125 Y79.365234375
G1 X75.673828125 Y79.365234375
G1 X75.849609375 Y79.365234375
G1 X75.9375 Y79.453125
G1 X75.9375 Y79.541015625
G1 X75.76171875 Y79.716796875
G1 X75.5859375 Y79.541015625
G1 X75.5859375 Y79.62890625
G1 X75.673828125 Y79.62890625
G1 X75.76171875 Y79.716796875
G1 X75.9375 Y79.716796875
G1 X75.849609375 Y79.62890625
G1 X75.9375 Y79.541015625
G1 X76.025390625 Y79.541015625
G1 X76.025390625 Y79.453125
G1 X75.9375 Y79.453125
G1 X75.849609375 Y79.365234375
G0 X74.794921875 Y79.365234375
G1 X74.794921875 Y79.365234375
G0 X81.474609375 Y79.27734375
G1 X81.474609375 Y79.27734375
G1 X81.5625 Y79.27734375
G0 X75.322265625 Y79.27734375
G1 X75.322265625 Y79.27734375
G0 X75.146484375 Y79.189453125
G1 X75.146484375 Y79.189453125
G0 X8.7890625 Y79.189453125
G1 X8.7890625 Y79.189453125
G1 X8.876953125 Y79.189453125
G0 X75.849609375 Y79.1015625
G1 X75.849609375 Y79.1015625
G1 X75.9375 Y79.1015625
G0 X74.8828125 Y79.1015625
G1 X74.8828125 Y79.1015625
G0 X75.5859375 Y79.013671875
G1 X75.5859375 Y79.013671875
G1 X75.5859375 Y79.1015625
G1 X75.673828125 Y79.1015625
G0 X75.322265625 Y79.013671875
G1 X75.322265625 Y79.013671875
G1 X75.41015625 Y79.013671875
G0 X76.11328125 Y78.92578125
G1 X76.11328125 Y78.92578125
G0 X75.146484375 Y78.92578125
G1 X75.146484375 Y78.92578125
G0 X8.876953125 Y78.92578125
G1 X8.876953125 Y78.92578125
G1 X8.876953125 Y79.013671875
G0 X81.474609375 Y78.837890625
G1 X81.474609375 Y78.837890625
G0 X81.123046875 Y78.837890625
G1 X81.123046875 Y78.837890625
G1 X81.2109375 Y78.92578125
G1 X81.2109375 Y79.013671875
G1 X81.298828125 Y79.013671875
G1 X81.298828125 Y78.92578125
G1 X81.2109375 Y78.837890625
G0 X23.02734375 Y78.837890625
G1 X23.02734375 Y78.837890625
G0 X7.822265625 Y78.837890625
G1 X7.822265625 Y78.837890625
G1 X7.822265625 Y78.92578125
G0 X67.1484375 Y78.75
G1 X67.1484375 Y78.75
G0 X81.298828125 Y78.662109375
G1 X81.298828125 Y78.662109375
G0 X75.5859375 Y78.662109375
G1 X75.5859375 Y78.662109375
G1 X75.76171875 Y78.837890625
G1 X75.849609375 Y78.837890625
G1 X75.76171875 Y78.837890625
G1 X75.673828125 Y78.75
G1 X75.76171875 Y78.662109375
G1 X75.849609375 Y78.662109375
G0 X12.216796875 Y78.662109375
G1 X12.216796875 Y78.662109375
G0 X8.7890625 Y78.662109375
G1 X8.7890625 Y78.662109375
G1 X8.876953125 Y78.75
G1 X8.876953125 Y78.662109375
G0 X7.3828125 Y78.662109375
G1 X7.3828125 Y78.662109375
G1 X7.3828125 Y78.75
G1 X7.470703125 Y78.75
G0 X79.98046875 Y78.57421875
G1 X79.98046875 Y78.57421875
G1 X79.892578125 Y78.662109375
G1 X79.8046875 Y78.662109375
G1 X79.8046875 Y78.75
G1 X79.892578125 Y78.75
G1 X79.98046875 Y78.662109375
G0 X77.87109375 Y78.57421875
G1 X77.87109375 Y78.57421875
G1 X77.87109375 Y78.662109375
G1 X77.958984375 Y78.662109375
G1 X77.958984375 Y78.57421875
G0 X76.2890625 Y78.57421875
G1 X76.2890625 Y78.57421875
G1 X76.11328125 Y78.75
G1 X76.201171875 Y78.75
G1 X76.201171875 Y78.662109375
G1 X76.2890625 Y78.57421875
G1 X76.376953125 Y78.57421875
G1 X76.46484375 Y78.662109375
G1 X76.552734375 Y78.662109375
G1 X76.46484375 Y78.662109375
G1 X76.376953125 Y78.57421875
G0 X75.41015625 Y78.57421875
G1 X75.41015625 Y78.57421875
G0 X46.7578125 Y78.57421875
G1 X46.7578125 Y78.57421875
G0 X45.3515625 Y78.57421875
G1 X45.3515625 Y78.57421875
G0 X78.22265625 Y78.486328125
G1 X78.22265625 Y78.486328125
G1 X78.22265625 Y78.57421875
G1 X78.134765625 Y78.662109375
G1 X78.22265625 Y78.57421875
G1 X78.310546875 Y78.57421875
G0 X74.443359375 Y78.486328125
G1 X74.443359375 Y78.486328125
G0 X12.568359375 Y78.486328125
G1 X12.568359375 Y78.486328125
G0 X78.486328125 Y78.3984375
G1 X78.486328125 Y78.3984375
G1 X78.486328125 Y78.486328125
G0 X75.146484375 Y78.3984375
G1 X75.146484375 Y78.3984375
G0 X8.7890625 Y78.3984375
G1 X8.7890625 Y78.3984375
G1 X8.876953125 Y78.3984375
G0 X78.22265625 Y78.310546875
G1 X78.22265625 Y78.310546875
G1 X78.310546875 Y78.310546875
G0 X76.81640625 Y78.310546875
G1 X76.81640625 Y78.310546875
G1 X76.81640625 Y78.3984375
G1 X76.904296875 Y78.3984375
G1 X76.904296875 Y78.310546875
G0 X76.11328125 Y78.310546875
G1 X76.11328125 Y78.310546875
G1 X76.11328125 Y78.486328125
G1 X76.201171875 Y78.3984375
G1 X76.201171875 Y78.310546875
G0 X75.849609375 Y78.310546875
G1 X75.849609375 Y78.310546875
G1 X75.76171875 Y78.3984375
G1 X75.5859375 Y78.3984375
G1 X75.849609375 Y78.3984375
G0 X12.568359375 Y78.22265625
G1 X12.568359375 Y78.22265625
G0 X7.646484375 Y78.22265625
G1 X7.646484375 Y78.22265625
G1 X7.646484375 Y78.310546875
G1 X7.734375 Y78.310546875
G1 X7.734375 Y78.22265625
G0 X81.650390625 Y78.134765625
G1 X81.650390625 Y78.134765625
G1 X81.73828125 Y78.134765625
G0 X79.013671875 Y78.134765625
G1 X79.013671875 Y78.134765625
G1 X79.013671875 Y78.22265625
G1 X79.1015625 Y78.22265625
G1 X79.1015625 Y78.134765625
G0 X75.5859375 Y78.134765625
G1 X75.5859375 Y78.134765625
G1 X75.673828125 Y78.134765625
G0 X82.08984375 Y78.046875
G1 X82.08984375 Y78.046875
G1 X81.9140625 Y78.22265625
G1 X81.9140625 Y78.310546875
G1 X81.826171875 Y78.3984375
G1 X81.5625 Y78.3984375
G1 X81.474609375 Y78.486328125
G1 X81.5625 Y78.57421875
G1 X81.5625 Y78.662109375
G1 X81.5625 Y78.486328125
G1 X81.650390625 Y78.3984375
G1 X81.73828125 Y78.486328125
G1 X81.826171875 Y78.486328125
G1 X81.826171875 Y78.3984375
G1 X81.9140625 Y78.310546875
G1 X82.001953125 Y78.310546875
G1 X81.9140625 Y78.22265625
G1 X82.001953125 Y78.134765625
G1 X82.177734375 Y78.134765625
G0 X81.03515625 Y78.046875
G1 X81.03515625 Y78.046875
G1 X80.859375 Y78.22265625
G1 X80.859375 Y78.310546875
G1 X81.03515625 Y78.310546875
G1 X80.947265625 Y78.22265625
G1 X80.947265625 Y78.134765625
G1 X81.03515625 Y78.046875
G1 X81.123046875 Y78.046875
G1 X81.298828125 Y78.22265625
G1 X81.474609375 Y78.22265625
G1 X81.298828125 Y78.22265625
G1 X81.123046875 Y78.046875
G0 X78.22265625 Y78.046875
G1 X78.22265625 Y78.046875
G1 X78.310546875 Y78.046875
G0 X77.34375 Y78.046875
G1 X77.34375 Y78.046875
G0 X76.728515625 Y78.046875
G1 X76.728515625 Y78.046875
G1 X76.552734375 Y78.22265625
G1 X76.46484375 Y78.22265625
G1 X76.376953125 Y78.134765625
G1 X76.376953125 Y78.22265625
G1 X76.46484375 Y78.22265625
G1 X76.552734375 Y78.310546875
G1 X76.46484375 Y78.3984375
G1 X76.552734375 Y78.3984375
G1 X76.640625 Y78.486328125
G1 X76.640625 Y78.3984375
G1 X76.552734375 Y78.310546875
G1 X76.728515625 Y78.134765625
G0 X76.11328125 Y78.046875
G1 X76.11328125 Y78.046875
G1 X76.201171875 Y78.046875
G0 X75.849609375 Y78.046875
G1 X75.849609375 Y78.046875
G1 X75.849609375 Y78.134765625
G1 X75.9375 Y78.134765625
G0 X81.38671875 Y77.958984375
G1 X81.38671875 Y77.958984375
G1 X81.474609375 Y77.958984375
G0 X76.46484375 Y77.958984375
G1 X76.46484375 Y77.958984375
G1 X76.552734375 Y77.958984375
G0 X75.146484375 Y77.958984375
G1 X75.146484375 Y77.958984375
G0 X8.876953125 Y77.958984375
G1 X8.876953125 Y77.958984375
G0 X8.701171875 Y77.958984375
G1 X8.701171875 Y77.958984375
G0 X7.646484375 Y77.958984375
G1 X7.646484375 Y77.958984375
G1 X7.55859375 Y78.046875
G1 X7.646484375 Y77.958984375
G1 X7.734375 Y77.958984375
G1 X7.822265625 Y78.046875
G1 X7.91015625 Y78.046875
G1 X7.822265625 Y78.046875
G1 X7.734375 Y77.958984375
G0 X76.025390625 Y77.87109375
G1 X76.025390625 Y77.87109375
G0 X75.673828125 Y77.87109375
G1 X75.673828125 Y77.87109375
G0 X74.443359375 Y77.87109375
G1 X74.443359375 Y77.87109375
G0 X81.5625 Y77.783203125
G1 X81.5625 Y77.783203125
G1 X81.650390625 Y77.87109375
G1 X81.650390625 Y77.783203125
G0 X77.16796875 Y77.783203125
G1 X77.16796875 Y77.783203125
G1 X77.16796875 Y77.958984375
G1 X76.9921875 Y78.134765625
G1 X77.080078125 Y78.134765625
G1 X77.080078125 Y78.046875
G1 X77.16796875 Y77.958984375
G0 X75.849609375 Y77.783203125
G1 X75.849609375 Y77.783203125
G0 X81.2109375 Y77.6953125
G1 X81.2109375 Y77.6953125
G1 X81.298828125 Y77.6953125
G0 X76.9921875 Y77.6953125
G1 X76.9921875 Y77.6953125
G1 X76.9921875 Y77.783203125
G1 X76.904296875 Y77.87109375
G1 X76.81640625 Y77.87109375
G1 X76.904296875 Y77.958984375
G1 X76.904296875 Y77.87109375
G1 X76.9921875 Y77.783203125
G0 X8.876953125 Y77.6953125
G1 X8.876953125 Y77.6953125
G1 X8.96484375 Y77.6953125
G0 X80.859375 Y77.607421875
G1 X80.859375 Y77.607421875
G1 X81.03515625 Y77.607421875
G0 X77.255859375 Y77.607421875
G1 X77.255859375 Y77.607421875
G1 X77.34375 Y77.607421875
G0 X76.552734375 Y77.607421875
G1 X76.552734375 Y77.607421875
G0 X76.201171875 Y77.607421875
G1 X76.201171875 Y77.607421875
G1 X76.201171875 Y77.6953125
G0 X75.9375 Y77.607421875
G1 X75.9375 Y77.607421875
G0 X74.794921875 Y77.607421875
G1 X74.794921875 Y77.607421875
G0 X74.443359375 Y77.607421875
G1 X74.443359375 Y77.607421875
G0 X74.1796875 Y77.607421875
G1 X74.1796875 Y77.607421875
G0 X80.5078125 Y77.51953125
G1 X80.5078125 Y77.51953125
G1 X80.595703125 Y77.607421875
G1 X80.5078125 Y77.6953125
G1 X80.419921875 Y77.6953125
G1 X80.33203125 Y77.607421875
G1 X80.244140625 Y77.607421875
G1 X80.33203125 Y77.607421875
G1 X80.5078125 Y77.783203125
G1 X80.419921875 Y77.87109375
G1 X80.595703125 Y78.046875
G1 X80.5078125 Y78.134765625
G1 X80.419921875 Y78.134765625
G1 X80.244140625 Y77.958984375
G1 X80.244140625 Y77.87109375
G1 X80.15625 Y77.87109375
G1 X80.068359375 Y77.783203125
G1 X79.98046875 Y77.783203125
G1 X79.98046875 Y77.87109375
G1 X80.15625 Y77.87109375
G1 X80.244140625 Y77.958984375
G1 X80.244140625 Y78.046875
G1 X80.33203125 Y78.046875
G1 X80.5078125 Y78.22265625
G1 X80.5078125 Y78.3984375
G1 X80.419921875 Y78.486328125
G1 X80.244140625 Y78.486328125
G1 X80.33203125 Y78.486328125
G1 X80.419921875 Y78.57421875
G1 X80.419921875 Y78.662109375
G1 X80.33203125 Y78.75
G1 X80.15625 Y78.75
G1 X80.33203125 Y78.75
G1 X80.419921875 Y78.662109375
G1 X80.595703125 Y78.837890625
G1 X80.5078125 Y78.92578125
G1 X80.419921875 Y78.92578125
G1 X80.33203125 Y79.013671875
G1 X80.244140625 Y79.013671875
G1 X80.244140625 Y79.1015625
G1 X80.15625 Y79.189453125
G1 X79.98046875 Y79.189453125
G1 X79.892578125 Y79.1015625
G1 X79.892578125 Y79.013671875
G1 X79.98046875 Y78.92578125
G1 X80.068359375 Y79.013671875
G1 X80.068359375 Y78.92578125
G1 X79.716796875 Y78.92578125
G1 X79.62890625 Y79.013671875
G1 X79.541015625 Y78.92578125
G1 X79.27734375 Y78.92578125
G1 X79.27734375 Y79.013671875
G1 X79.365234375 Y79.013671875
G1 X79.453125 Y78.92578125
G1 X79.541015625 Y79.013671875
G1 X79.62890625 Y79.013671875
G1 X79.716796875 Y78.92578125
G1 X79.892578125 Y79.1015625
G1 X79.8046875 Y79.189453125
G1 X79.189453125 Y79.189453125
G1 X79.1015625 Y79.1015625
G1 X79.1015625 Y79.013671875
G1 X79.013671875 Y78.92578125
G1 X78.837890625 Y78.92578125
G1 X78.662109375 Y79.1015625
G1 X78.57421875 Y79.1015625
G1 X78.57421875 Y79.189453125
G1 X78.662109375 Y79.27734375
G1 X78.57421875 Y79.365234375
G1 X78.486328125 Y79.365234375
G1 X78.662109375 Y79.365234375
G1 X78.662109375 Y79.27734375
G1 X78.75 Y79.189453125
G1 X78.837890625 Y79.189453125
G1 X78.92578125 Y79.27734375
G1 X78.92578125 Y79.365234375
G1 X78.662109375 Y79.62890625
G1 X78.57421875 Y79.541015625
G1 X78.3984375 Y79.541015625
G1 X78.310546875 Y79.453125
G1 X78.310546875 Y79.365234375
G1 X78.22265625 Y79.365234375
G1 X78.310546875 Y79.453125
G1 X78.310546875 Y79.541015625
G1 X78.22265625 Y79.62890625
G1 X78.046875 Y79.453125
G1 X78.046875 Y79.365234375
G1 X77.958984375 Y79.27734375
G1 X77.958984375 Y79.189453125
G1 X78.046875 Y79.1015625
G1 X78.134765625 Y79.189453125
G1 X78.22265625 Y79.189453125
G1 X78.310546875 Y79.1015625
G1 X78.310546875 Y79.013671875
G1 X78.3984375 Y78.92578125
G1 X78.486328125 Y78.92578125
G1 X78.486328125 Y78.837890625
G1 X78.57421875 Y78.75
G1 X78.486328125 Y78.75
G1 X78.310546875 Y78.92578125
G1 X78.22265625 Y78.837890625
G1 X77.958984375 Y78.837890625
G1 X77.87109375 Y78.92578125
G1 X77.607421875 Y78.662109375
G1 X77.607421875 Y78.57421875
G1 X77.51953125 Y78.57421875
G1 X77.34375 Y78.3984375
G1 X77.431640625 Y78.310546875
G1 X77.607421875 Y78.310546875
G1 X77.6953125 Y78.3984375
G1 X77.783203125 Y78.3984375
G1 X77.87109375 Y78.310546875
G1 X77.958984375 Y78.3984375
G1 X78.046875 Y78.3984375
G1 X77.87109375 Y78.22265625
G1 X77.87109375 Y78.134765625
G1 X77.958984375 Y78.046875
G1 X78.046875 Y78.046875
G1 X77.958984375 Y78.046875
G1 X77.87109375 Y78.134765625
G1 X77.87109375 Y78.22265625
G1 X77.783203125 Y78.310546875
G1 X77.607421875 Y78.310546875
G1 X77.51953125 Y78.22265625
G1 X77.51953125 Y78.134765625
G1 X77.607421875 Y78.046875
G1 X77.6953125 Y78.046875
G1 X77.607421875 Y78.046875
G1 X77.51953125 Y78.134765625
G1 X77.51953125 Y78.22265625
G1 X77.431640625 Y78.310546875
G1 X77.34375 Y78.310546875
G1 X77.255859375 Y78.22265625
G1 X77.255859375 Y78.310546875
G1 X77.51953125 Y78.57421875
G1 X77.51953125 Y78.662109375
G1 X77.431640625 Y78.75
G1 X77.34375 Y78.75
G1 X77.51953125 Y78.92578125
G1 X77.51953125 Y79.013671875
G1 X77.431640625 Y79.1015625
G1 X77.34375 Y79.1015625
G1 X77.255859375 Y79.013671875
G1 X77.255859375 Y78.92578125
G1 X77.080078125 Y78.92578125
G1 X76.904296875 Y78.75
G1 X76.9921875 Y78.662109375
G1 X77.16796875 Y78.662109375
G1 X77.16796875 Y78.486328125
G1 X77.080078125 Y78.486328125
G1 X77.080078125 Y78.57421875
G1 X76.9921875 Y78.662109375
G1 X76.904296875 Y78.662109375
G1 X76.81640625 Y78.57421875
G1 X76.728515625 Y78.662109375
G1 X76.81640625 Y78.75
G1 X76.904296875 Y78.75
G1 X76.9921875 Y78.837890625
G1 X76.9921875 Y78.92578125
G1 X76.904296875 Y79.013671875
G1 X76.81640625 Y79.013671875
G1 X76.728515625 Y78.92578125
G1 X76.46484375 Y78.92578125
G1 X76.376953125 Y78.837890625
G1 X76.376953125 Y78.92578125
G1 X76.46484375 Y78.92578125
G1 X76.552734375 Y79.013671875
G1 X76.552734375 Y79.1015625
G1 X76.46484375 Y79.189453125
G1 X76.376953125 Y79.189453125
G1 X76.2890625 Y79.1015625
G1 X76.2890625 Y79.189453125
G1 X76.201171875 Y79.27734375
G1 X76.11328125 Y79.27734375
G1 X76.2890625 Y79.453125
G1 X76.552734375 Y79.453125
G1 X76.640625 Y79.365234375
G1 X76.728515625 Y79.365234375
G1 X76.904296875 Y79.541015625
G1 X76.81640625 Y79.62890625
G1 X76.552734375 Y79.62890625
G1 X76.552734375 Y79.8046875
G1 X76.46484375 Y79.892578125
G1 X76.552734375 Y79.892578125
G1 X76.552734375 Y79.8046875
G1 X76.728515625 Y79.62890625
G1 X76.81640625 Y79.716796875
G1 X76.904296875 Y79.716796875
G1 X76.9921875 Y79.8046875
G1 X76.9921875 Y79.892578125
G1 X77.080078125 Y79.892578125
G1 X77.080078125 Y79.8046875
G1 X77.255859375 Y79.62890625
G1 X77.34375 Y79.62890625
G1 X77.431640625 Y79.716796875
G1 X77.255859375 Y79.892578125
G1 X77.34375 Y79.98046875
G1 X77.431640625 Y79.892578125
G1 X77.607421875 Y80.068359375
G1 X77.607421875 Y80.15625
G1 X77.51953125 Y80.244140625
G1 X77.431640625 Y80.244140625
G1 X77.34375 Y80.15625
G1 X77.080078125 Y80.15625
G1 X76.9921875 Y80.068359375
G1 X76.904296875 Y80.068359375
G1 X76.904296875 Y80.15625
G1 X77.34375 Y80.15625
G1 X77.431640625 Y80.244140625
G1 X77.607421875 Y80.244140625
G1 X77.6953125 Y80.33203125
G1 X77.783203125 Y80.244140625
G1 X77.958984375 Y80.244140625
G1 X78.046875 Y80.33203125
G1 X78.134765625 Y80.244140625
G1 X78.22265625 Y80.244140625
G1 X78.310546875 Y80.33203125
G1 X78.22265625 Y80.244140625
G1 X77.6953125 Y80.244140625
G1 X77.607421875 Y80.15625
G1 X77.607421875 Y80.068359375
G1 X77.6953125 Y79.98046875
G1 X77.783203125 Y79.98046875
G1 X77.87109375 Y80.068359375
G1 X77.958984375 Y80.068359375
G1 X77.958984375 Y79.98046875
G1 X77.783203125 Y79.98046875
G1 X77.6953125 Y79.892578125
G1 X77.607421875 Y79.98046875
G1 X77.51953125 Y79.98046875
G1 X77.431640625 Y79.892578125
G1 X77.431640625 Y79.8046875
G1 X77.607421875 Y79.62890625
G1 X77.6953125 Y79.716796875
G1 X77.87109375 Y79.716796875
G1 X77.958984375 Y79.8046875
G1 X78.046875 Y79.8046875
G1 X77.958984375 Y79.8046875
G1 X77.87109375 Y79.716796875
G1 X77.958984375 Y79.62890625
G1 X77.783203125 Y79.62890625
G1 X77.6953125 Y79.716796875
G1 X77.607421875 Y79.62890625
G1 X77.431640625 Y79.62890625
G1 X77.255859375 Y79.453125
G1 X77.431640625 Y79.27734375
G1 X77.51953125 Y79.365234375
G1 X77.51953125 Y79.453125
G1 X77.607421875 Y79.365234375
G1 X77.6953125 Y79.453125
G1 X77.6953125 Y79.189453125
G1 X77.783203125 Y79.1015625
G1 X77.958984375 Y79.27734375
G1 X77.87109375 Y79.365234375
G1 X77.87109375 Y79.453125
G1 X78.046875 Y79.453125
G1 X78.134765625 Y79.541015625
G1 X78.134765625 Y79.62890625
G1 X78.22265625 Y79.716796875
G1 X78.22265625 Y79.8046875
G1 X78.310546875 Y79.8046875
G1 X78.22265625 Y79.716796875
G1 X78.310546875 Y79.62890625
G1 X78.57421875 Y79.62890625
G1 X78.662109375 Y79.716796875
G1 X78.57421875 Y79.8046875
G1 X78.486328125 Y79.8046875
G1 X78.486328125 Y79.892578125
G1 X78.57421875 Y79.892578125
G1 X78.662109375 Y79.8046875
G1 X78.75 Y79.8046875
G1 X78.662109375 Y79.716796875
G1 X78.75 Y79.62890625
G1 X78.837890625 Y79.62890625
G1 X78.92578125 Y79.716796875
G1 X79.189453125 Y79.716796875
G1 X79.27734375 Y79.62890625
G1 X79.365234375 Y79.716796875
G1 X79.716796875 Y79.716796875
G1 X79.541015625 Y79.716796875
G1 X79.453125 Y79.62890625
G1 X79.27734375 Y79.62890625
G1 X79.189453125 Y79.716796875
G1 X79.1015625 Y79.62890625
G1 X79.013671875 Y79.62890625
G1 X78.92578125 Y79.716796875
G1 X78.75 Y79.541015625
G1 X78.837890625 Y79.453125
G1 X79.189453125 Y79.453125
G1 X79.013671875 Y79.453125
G1 X78.92578125 Y79.365234375
G1 X79.1015625 Y79.189453125
G1 X79.189453125 Y79.27734375
G1 X79.27734375 Y79.27734375
G1 X79.365234375 Y79.189453125
G1 X79.716796875 Y79.189453125
G1 X79.892578125 Y79.365234375
G1 X79.8046875 Y79.453125
G1 X79.62890625 Y79.453125
G1 X79.541015625 Y79.365234375
G1 X79.453125 Y79.365234375
G1 X79.365234375 Y79.453125
G1 X79.716796875 Y79.453125
G1 X79.8046875 Y79.541015625
G1 X79.98046875 Y79.541015625
G1 X79.98046875 Y79.453125
G1 X79.8046875 Y79.27734375
G1 X79.892578125 Y79.189453125
G1 X80.068359375 Y79.189453125
G1 X80.33203125 Y79.453125
G1 X80.15625 Y79.62890625
G1 X80.244140625 Y79.62890625
G1 X80.244140625 Y79.541015625
G1 X80.33203125 Y79.453125
G1 X80.419921875 Y79.453125
G1 X80.5078125 Y79.541015625
G1 X80.5078125 Y79.62890625
G1 X80.419921875 Y79.716796875
G1 X80.419921875 Y79.8046875
G1 X80.33203125 Y79.892578125
G1 X80.244140625 Y79.892578125
G1 X80.419921875 Y79.892578125
G1 X80.5078125 Y79.98046875
G1 X80.595703125 Y79.892578125
G1 X80.859375 Y79.892578125
G1 X80.947265625 Y79.98046875
G1 X81.03515625 Y79.98046875
G1 X81.03515625 Y79.892578125
G1 X80.947265625 Y79.892578125
G1 X80.859375 Y79.8046875
G1 X80.771484375 Y79.8046875
G1 X80.68359375 Y79.892578125
G1 X80.5078125 Y79.892578125
G1 X80.419921875 Y79.8046875
G1 X80.419921875 Y79.716796875
G1 X80.5078125 Y79.62890625
G1 X80.859375 Y79.62890625
G1 X80.859375 Y79.541015625
G1 X80.947265625 Y79.453125
G1 X81.03515625 Y79.453125
G1 X80.947265625 Y79.365234375
G1 X80.859375 Y79.365234375
G1 X80.771484375 Y79.27734375
G1 X80.68359375 Y79.27734375
G1 X80.5078125 Y79.453125
G1 X80.33203125 Y79.453125
G1 X80.244140625 Y79.365234375
G1 X80.244140625 Y79.27734375
G1 X80.15625 Y79.189453125
G1 X80.419921875 Y78.92578125
G1 X80.595703125 Y79.1015625
G1 X80.5078125 Y79.189453125
G1 X80.419921875 Y79.189453125
G1 X80.5078125 Y79.189453125
G1 X80.68359375 Y79.013671875
G1 X80.771484375 Y79.013671875
G1 X80.947265625 Y79.189453125
G1 X81.123046875 Y79.189453125
G1 X80.947265625 Y79.189453125
G1 X80.771484375 Y79.013671875
G1 X80.595703125 Y79.013671875
G1 X80.5078125 Y78.92578125
G1 X80.595703125 Y78.837890625
G1 X80.859375 Y78.837890625
G1 X80.947265625 Y78.92578125
G1 X80.771484375 Y78.75
G1 X80.595703125 Y78.75
G1 X80.5078125 Y78.662109375
G1 X80.68359375 Y78.486328125
G1 X80.771484375 Y78.486328125
G1 X80.947265625 Y78.662109375
G1 X81.03515625 Y78.662109375
G1 X81.2109375 Y78.486328125
G1 X81.298828125 Y78.486328125
G1 X81.298828125 Y78.3984375
G1 X81.2109375 Y78.3984375
G1 X81.2109375 Y78.486328125
G1 X81.123046875 Y78.57421875
G1 X81.03515625 Y78.57421875
G1 X80.947265625 Y78.486328125
G1 X80.595703125 Y78.486328125
G1 X80.5078125 Y78.3984375
G1 X80.595703125 Y78.310546875
G1 X80.68359375 Y78.310546875
G1 X80.595703125 Y78.310546875
G1 X80.5078125 Y78.22265625
G1 X80.5078125 Y78.134765625
G1 X80.595703125 Y78.046875
G1 X80.771484375 Y78.046875
G1 X80.771484375 Y77.958984375
G1 X80.859375 Y77.87109375
G1 X81.123046875 Y77.87109375
G1 X80.947265625 Y77.87109375
G1 X80.859375 Y77.783203125
G1 X80.595703125 Y77.783203125
G1 X80.5078125 Y77.6953125
G1 X80.68359375 Y77.51953125
G0 X78.57421875 Y77.51953125
G1 X78.57421875 Y77.51953125
G1 X78.57421875 Y77.607421875
G1 X78.75 Y77.783203125
G1 X78.837890625 Y77.783203125
G1 X78.92578125 Y77.87109375
G1 X78.837890625 Y77.958984375
G1 X78.75 Y77.958984375
G1 X78.75 Y78.134765625
G1 X78.662109375 Y78.22265625
G1 X78.57421875 Y78.134765625
G1 X78.486328125 Y78.134765625
G1 X78.486328125 Y78.22265625
G1 X78.837890625 Y78.22265625
G1 X78.837890625 Y78.046875
G1 X78.92578125 Y77.958984375
G1 X79.27734375 Y77.958984375
G1 X79.365234375 Y77.87109375
G1 X79.27734375 Y77.958984375
G1 X79.013671875 Y77.958984375
G1 X78.837890625 Y77.783203125
G1 X78.837890625 Y77.6953125
G1 X78.662109375 Y77.6953125
G1 X78.57421875 Y77.607421875
G1 X78.662109375 Y77.51953125
G0 X78.046875 Y77.51953125
G1 X78.046875 Y77.51953125
G1 X78.046875 Y77.607421875
G1 X78.3984375 Y77.607421875
G1 X78.134765625 Y77.607421875
G0 X77.6953125 Y77.51953125
G1 X77.6953125 Y77.51953125
G1 X77.6953125 Y77.607421875
G1 X77.51953125 Y77.783203125
G1 X77.431640625 Y77.783203125
G1 X77.431640625 Y77.87109375
G1 X77.51953125 Y77.783203125
G1 X77.607421875 Y77.783203125
G1 X77.6953125 Y77.87109375
G1 X77.783203125 Y77.87109375
G1 X77.87109375 Y77.783203125
G1 X77.958984375 Y77.783203125
G1 X78.046875 Y77.87109375
G1 X78.486328125 Y77.87109375
G1 X78.57421875 Y77.958984375
G1 X78.57421875 Y77.87109375
G1 X78.310546875 Y77.87109375
G1 X78.22265625 Y77.783203125
G1 X78.134765625 Y77.87109375
G1 X78.046875 Y77.87109375
G1 X77.783203125 Y77.607421875
G1 X77.783203125 Y77.51953125
G0 X76.81640625 Y77.51953125
G1 X76.81640625 Y77.51953125
G0 X7.822265625 Y77.51953125
G1 X7.822265625 Y77.51953125
G1 X7.646484375 Y77.6953125
G1 X7.734375 Y77.6953125
G1 X7.822265625 Y77.783203125
G1 X7.91015625 Y77.783203125
G1 X7.822265625 Y77.783203125
G1 X7.734375 Y77.6953125
G1 X7.734375 Y77.607421875
G1 X7.822265625 Y77.51953125
G1 X7.91015625 Y77.51953125
G0 X77.431640625 Y77.431640625
G1 X77.431640625 Y77.431640625
G0 X75.76171875 Y77.431640625
G1 X75.76171875 Y77.431640625
G1 X75.76171875 Y77.51953125
G0 X80.244140625 Y77.34375
G1 X80.244140625 Y77.34375
G1 X80.33203125 Y77.34375
G0 X79.716796875 Y77.34375
G1 X79.716796875 Y77.34375
G1 X79.716796875 Y77.431640625
G0 X78.134765625 Y77.34375
G1 X78.134765625 Y77.34375
G1 X78.486328125 Y77.34375
G0 X76.552734375 Y77.34375
G1 X76.552734375 Y77.34375
G1 X76.46484375 Y77.431640625
G1 X76.376953125 Y77.431640625
G1 X76.46484375 Y77.431640625
G1 X76.552734375 Y77.34375
G1 X76.640625 Y77.34375
G0 X76.11328125 Y77.34375
G1 X76.11328125 Y77.34375
G1 X76.025390625 Y77.431640625
G1 X76.11328125 Y77.431640625
G0 X75.498046875 Y77.34375
G1 X75.498046875 Y77.34375
G0 X74.794921875 Y77.34375
G1 X74.794921875 Y77.34375
G1 X74.8828125 Y77.34375
G0 X77.87109375 Y77.255859375
G1 X77.87109375 Y77.255859375
G1 X77.958984375 Y77.255859375
G0 X77.607421875 Y77.255859375
G1 X77.607421875 Y77.255859375
G1 X77.607421875 Y77.34375
G0 X76.9921875 Y77.255859375
G1 X76.9921875 Y77.255859375
G1 X77.080078125 Y77.34375
G1 X76.9921875 Y77.431640625
G1 X77.080078125 Y77.51953125
G1 X76.9921875 Y77.431640625
G1 X77.080078125 Y77.34375
G1 X77.16796875 Y77.34375
G1 X77.080078125 Y77.34375
G0 X75.849609375 Y77.255859375
G1 X75.849609375 Y77.255859375
G1 X75.9375 Y77.255859375
G0 X7.734375 Y77.255859375
G1 X7.734375 Y77.255859375
G1 X7.91015625 Y77.255859375
G0 X77.431640625 Y77.16796875
G1 X77.431640625 Y77.16796875
G0 X76.81640625 Y77.16796875
G1 X76.81640625 Y77.16796875
G0 X76.201171875 Y77.16796875
G1 X76.201171875 Y77.16796875
G1 X76.2890625 Y77.255859375
G0 X8.7890625 Y77.16796875
G1 X8.7890625 Y77.16796875
G1 X8.876953125 Y77.16796875
G0 X79.62890625 Y77.080078125
G1 X79.62890625 Y77.080078125
G1 X79.716796875 Y77.16796875
G1 X79.716796875 Y77.080078125
G0 X78.3984375 Y77.080078125
G1 X78.3984375 Y77.080078125
G1 X78.486328125 Y77.16796875
G1 X78.486328125 Y77.080078125
G0 X78.134765625 Y77.080078125
G1 X78.134765625 Y77.080078125
G1 X78.22265625 Y77.16796875
G1 X78.22265625 Y77.080078125
G0 X77.255859375 Y77.080078125
G1 X77.255859375 Y77.080078125
G0 X75.673828125 Y77.080078125
G1 X75.673828125 Y77.080078125
G0 X81.826171875 Y76.9921875
G1 X81.826171875 Y76.9921875
G1 X81.826171875 Y77.080078125
G1 X81.9140625 Y77.16796875
G1 X81.826171875 Y77.255859375
G1 X82.001953125 Y77.080078125
G1 X81.9140625 Y77.080078125
G0 X80.5078125 Y76.9921875
G1 X80.5078125 Y76.9921875
G1 X80.5078125 Y77.080078125
G1 X80.419921875 Y77.16796875
G1 X80.33203125 Y77.16796875
G1 X80.244140625 Y77.080078125
G1 X80.244140625 Y77.16796875
G1 X80.419921875 Y77.16796875
G1 X80.5078125 Y77.255859375
G1 X80.5078125 Y77.34375
G1 X80.595703125 Y77.34375
G1 X80.419921875 Y77.16796875
G1 X80.5078125 Y77.080078125
G1 X80.595703125 Y77.080078125
G1 X80.595703125 Y76.9921875
G0 X77.958984375 Y76.9921875
G1 X77.958984375 Y76.9921875
G0 X76.904296875 Y76.9921875
G1 X76.904296875 Y76.9921875
G1 X76.9921875 Y77.080078125
G0 X76.46484375 Y76.9921875
G1 X76.46484375 Y76.9921875
G1 X76.552734375 Y77.080078125
G0 X76.025390625 Y76.9921875
G1 X76.025390625 Y76.9921875
G0 X12.568359375 Y76.9921875
G1 X12.568359375 Y76.9921875
G0 X7.734375 Y76.9921875
G1 X7.734375 Y76.9921875
G1 X7.822265625 Y76.9921875
G0 X78.486328125 Y76.904296875
G1 X78.486328125 Y76.904296875
G1 X78.57421875 Y76.904296875
G0 X77.607421875 Y76.904296875
G1 X77.607421875 Y76.904296875
G1 X77.51953125 Y76.9921875
G1 X77.607421875 Y76.9921875
G1 X77.6953125 Y77.080078125
G1 X77.783203125 Y77.080078125
G1 X77.6953125 Y77.080078125
G1 X77.607421875 Y76.9921875
G0 X80.33203125 Y76.81640625
G1 X80.33203125 Y76.81640625
G1 X80.244140625 Y76.904296875
G1 X80.33203125 Y76.904296875
G0 X78.22265625 Y76.81640625
G1 X78.22265625 Y76.81640625
G1 X78.22265625 Y76.904296875
G1 X78.310546875 Y76.904296875
G1 X78.310546875 Y76.81640625
G0 X77.783203125 Y76.81640625
G1 X77.783203125 Y76.81640625
G1 X77.87109375 Y76.81640625
G0 X77.34375 Y76.81640625
G1 X77.34375 Y76.81640625
G0 X76.9921875 Y76.81640625
G1 X76.9921875 Y76.81640625
G1 X77.080078125 Y76.904296875
G0 X76.640625 Y76.81640625
G1 X76.640625 Y76.81640625
G1 X76.728515625 Y76.81640625
G0 X76.201171875 Y76.81640625
G1 X76.201171875 Y76.81640625
G0 X75.849609375 Y76.81640625
G1 X75.849609375 Y76.81640625
G0 X81.2109375 Y76.728515625
G1 X81.2109375 Y76.728515625
G1 X81.2109375 Y76.81640625
G1 X81.298828125 Y76.81640625
G1 X81.298828125 Y76.728515625
G0 X78.57421875 Y76.728515625
G1 X78.57421875 Y76.728515625
G0 X76.025390625 Y76.728515625
G1 X76.025390625 Y76.728515625
G0 X81.73828125 Y76.640625
G1 X81.73828125 Y76.640625
G1 X81.826171875 Y76.728515625
G1 X81.9140625 Y76.728515625
G1 X81.9140625 Y76.640625
G0 X80.068359375 Y76.640625
G1 X80.068359375 Y76.640625
G1 X80.068359375 Y76.728515625
G1 X79.98046875 Y76.81640625
G1 X79.8046875 Y76.81640625
G1 X79.716796875 Y76.904296875
G1 X79.8046875 Y76.904296875
G1 X79.892578125 Y76.81640625
G1 X79.98046875 Y76.904296875
G1 X79.98046875 Y77.16796875
G1 X79.892578125 Y77.255859375
G1 X80.068359375 Y77.431640625
G1 X80.068359375 Y77.51953125
G1 X79.98046875 Y77.607421875
G1 X79.716796875 Y77.607421875
G1 X79.716796875 Y77.6953125
G1 X79.62890625 Y77.783203125
G1 X79.541015625 Y77.783203125
G1 X79.62890625 Y77.87109375
G1 X79.716796875 Y77.87109375
G1 X79.8046875 Y77.958984375
G1 X79.8046875 Y78.134765625
G1 X79.716796875 Y78.22265625
G1 X79.541015625 Y78.046875
G1 X79.453125 Y78.046875
G1 X79.365234375 Y78.134765625
G1 X79.27734375 Y78.134765625
G1 X79.27734375 Y78.22265625
G1 X79.453125 Y78.3984375
G1 X79.453125 Y78.486328125
G1 X79.541015625 Y78.57421875
G1 X79.453125 Y78.662109375
G1 X79.365234375 Y78.662109375
G1 X79.27734375 Y78.57421875
G1 X79.27734375 Y78.486328125
G1 X79.189453125 Y78.3984375
G1 X78.75 Y78.3984375
G1 X78.75 Y78.486328125
G1 X78.837890625 Y78.486328125
G1 X78.92578125 Y78.3984375
G1 X79.1015625 Y78.3984375
G1 X79.27734375 Y78.57421875
G1 X79.27734375 Y78.662109375
G1 X79.189453125 Y78.75
G1 X79.1015625 Y78.662109375
G1 X78.75 Y78.662109375
G1 X78.75 Y78.75
G1 X78.837890625 Y78.662109375
G1 X79.013671875 Y78.662109375
G1 X79.1015625 Y78.75
G1 X79.189453125 Y78.75
G1 X79.27734375 Y78.662109375
G1 X79.365234375 Y78.75
G1 X79.453125 Y78.662109375
G1 X79.541015625 Y78.75
G1 X79.62890625 Y78.75
G1 X79.541015625 Y78.662109375
G1 X79.8046875 Y78.3984375
G1 X80.068359375 Y78.3984375
G1 X80.068359375 Y78.310546875
G1 X80.15625 Y78.22265625
G1 X80.244140625 Y78.22265625
G1 X80.15625 Y78.22265625
G1 X80.068359375 Y78.134765625
G1 X79.98046875 Y78.134765625
G1 X79.62890625 Y77.783203125
G1 X79.716796875 Y77.6953125
G1 X79.8046875 Y77.6953125
G1 X79.892578125 Y77.607421875
G1 X80.068359375 Y77.607421875
G1 X80.068359375 Y77.34375
G1 X79.98046875 Y77.255859375
G1 X79.98046875 Y77.080078125
G1 X80.068359375 Y76.9921875
G1 X79.98046875 Y76.904296875
G1 X79.98046875 Y76.81640625
G1 X80.15625 Y76.640625
G0 X79.541015625 Y76.640625
G1 X79.541015625 Y76.640625
G1 X79.453125 Y76.728515625
G1 X79.189453125 Y76.728515625
G1 X79.1015625 Y76.81640625
G1 X79.013671875 Y76.81640625
G1 X78.837890625 Y76.9921875
G1 X78.75 Y76.904296875
G1 X78.75 Y76.81640625
G1 X78.75 Y76.904296875
G1 X78.837890625 Y76.9921875
G1 X78.662109375 Y77.16796875
G1 X78.75 Y77.16796875
G1 X78.837890625 Y77.255859375
G1 X78.75 Y77.34375
G1 X78.837890625 Y77.431640625
G1 X78.837890625 Y77.51953125
G1 X78.92578125 Y77.51953125
G1 X78.75 Y77.34375
G1 X78.837890625 Y77.255859375
G1 X79.1015625 Y77.255859375
G1 X79.189453125 Y77.16796875
G1 X79.365234375 Y77.34375
G1 X79.27734375 Y77.431640625
G1 X79.1015625 Y77.431640625
G1 X79.1015625 Y77.51953125
G1 X79.189453125 Y77.51953125
G1 X79.27734375 Y77.431640625
G1 X79.365234375 Y77.431640625
G1 X79.453125 Y77.51953125
G1 X79.27734375 Y77.6953125
G1 X79.1015625 Y77.6953125
G1 X79.1015625 Y77.783203125
G1 X79.189453125 Y77.6953125
G1 X79.365234375 Y77.6953125
G1 X79.541015625 Y77.51953125
G1 X79.453125 Y77.51953125
G1 X79.365234375 Y77.431640625
G1 X79.365234375 Y77.34375
G1 X79.453125 Y77.255859375
G1 X79.541015625 Y77.255859375
G1 X79.27734375 Y77.255859375
G1 X79.013671875 Y76.9921875
G1 X79.013671875 Y76.904296875
G1 X79.1015625 Y76.81640625
G1 X79.189453125 Y76.81640625
G1 X79.27734375 Y76.904296875
G1 X79.27734375 Y76.9921875
G1 X79.365234375 Y76.9921875
G1 X79.453125 Y77.080078125
G1 X79.365234375 Y76.9921875
G1 X79.453125 Y76.904296875
G1 X79.541015625 Y76.904296875
G1 X79.541015625 Y76.81640625
G1 X79.453125 Y76.728515625
G1 X79.541015625 Y76.640625
G1 X79.62890625 Y76.640625
G0 X77.87109375 Y76.640625
G1 X77.87109375 Y76.640625
G1 X77.958984375 Y76.640625
G0 X77.607421875 Y76.640625
G1 X77.607421875 Y76.640625
G1 X77.6953125 Y76.640625
G0 X77.431640625 Y76.640625
G1 X77.431640625 Y76.640625
G0 X77.080078125 Y76.640625
G1 X77.080078125 Y76.640625
G1 X77.16796875 Y76.640625
G0 X76.81640625 Y76.640625
G1 X76.81640625 Y76.640625
G0 X7.734375 Y76.640625
G1 X7.734375 Y76.640625
G0 X79.8046875 Y76.552734375
G1 X79.8046875 Y76.552734375
G1 X79.892578125 Y76.552734375
G0 X78.310546875 Y76.552734375
G1 X78.310546875 Y76.552734375
G1 X78.310546875 Y76.640625
G1 X78.3984375 Y76.640625
G0 X76.640625 Y76.552734375
G1 X76.640625 Y76.552734375
G0 X76.201171875 Y76.552734375
G1 X76.201171875 Y76.552734375
G0 X12.568359375 Y76.552734375
G1 X12.568359375 Y76.552734375
G0 X8.7890625 Y76.552734375
G1 X8.7890625 Y76.552734375
G0 X80.15625 Y76.46484375
G1 X80.15625 Y76.46484375
G1 X80.244140625 Y76.46484375
G1 X80.33203125 Y76.552734375
G1 X80.33203125 Y76.640625
G1 X80.33203125 Y76.552734375
G1 X80.244140625 Y76.46484375
G0 X79.013671875 Y76.46484375
G1 X79.013671875 Y76.46484375
G1 X78.837890625 Y76.640625
G1 X79.013671875 Y76.640625
G1 X78.92578125 Y76.552734375
G0 X78.57421875 Y76.46484375
G1 X78.57421875 Y76.46484375
G1 X78.662109375 Y76.46484375
G0 X77.16796875 Y76.46484375
G1 X77.16796875 Y76.46484375
G0 X76.904296875 Y76.46484375
G1 X76.904296875 Y76.46484375
G0 X79.453125 Y76.376953125
G1 X79.453125 Y76.376953125
G1 X79.365234375 Y76.46484375
G1 X79.27734375 Y76.46484375
G1 X79.27734375 Y76.552734375
G1 X79.453125 Y76.376953125
G1 X79.541015625 Y76.46484375
G1 X79.62890625 Y76.46484375
G1 X79.541015625 Y76.376953125
G0 X77.87109375 Y76.376953125
G1 X77.87109375 Y76.376953125
G0 X77.51953125 Y76.376953125
G1 X77.51953125 Y76.376953125
G1 X77.607421875 Y76.46484375
G0 X76.640625 Y76.376953125
G1 X76.640625 Y76.376953125
G0 X79.8046875 Y76.2890625
G1 X79.8046875 Y76.2890625
G1 X79.892578125 Y76.376953125
G1 X79.98046875 Y76.376953125
G1 X79.98046875 Y76.2890625
G0 X78.75 Y76.2890625
G1 X78.75 Y76.2890625
G1 X78.837890625 Y76.2890625
G0 X77.34375 Y76.2890625
G1 X77.34375 Y76.2890625
G0 X12.48046875 Y76.2890625
G1 X12.48046875 Y76.2890625
G1 X12.568359375 Y76.2890625
G0 X8.701171875 Y76.2890625
G1 X8.701171875 Y76.2890625
G0 X7.734375 Y76.2890625
G1 X7.734375 Y76.2890625
G0 X81.123046875 Y76.201171875
G1 X81.123046875 Y76.201171875
G1 X81.123046875 Y76.2890625
G0 X79.013671875 Y76.201171875
G1 X79.013671875 Y76.201171875
G1 X79.1015625 Y76.2890625
G0 X76.376953125 Y76.201171875
G1 X76.376953125 Y76.201171875
G0 X75.849609375 Y76.201171875
G1 X75.849609375 Y76.201171875
G0 X80.68359375 Y76.11328125
G1 X80.68359375 Y76.11328125
G1 X80.595703125 Y76.201171875
G1 X80.595703125 Y76.2890625
G1 X80.5078125 Y76.376953125
G1 X80.419921875 Y76.376953125
G1 X80.33203125 Y76.2890625
G1 X80.5078125 Y76.46484375
G1 X80.5078125 Y76.376953125
G1 X80.68359375 Y76.201171875
G0 X80.15625 Y76.11328125
G1 X80.15625 Y76.11328125
G1 X80.15625 Y76.201171875
G0 X79.62890625 Y76.11328125
G1 X79.62890625 Y76.11328125
G1 X79.541015625 Y76.201171875
G1 X79.62890625 Y76.201171875
G0 X78.486328125 Y76.11328125
G1 X78.486328125 Y76.11328125
G1 X78.57421875 Y76.201171875
G1 X78.486328125 Y76.2890625
G1 X78.57421875 Y76.201171875
G0 X77.080078125 Y76.11328125
G1 X77.080078125 Y76.11328125
G0 X8.7890625 Y76.11328125
G1 X8.7890625 Y76.11328125
G0 X80.419921875 Y76.025390625
G1 X80.419921875 Y76.025390625
G1 X80.419921875 Y76.11328125
G1 X80.5078125 Y76.025390625
G0 X79.892578125 Y76.025390625
G1 X79.892578125 Y76.025390625
G1 X79.892578125 Y76.11328125
G1 X79.98046875 Y76.025390625
G0 X78.662109375 Y76.025390625
G1 X78.662109375 Y76.025390625
G1 X78.75 Y76.11328125
G0 X78.134765625 Y76.025390625
G1 X78.134765625 Y76.025390625
G1 X78.22265625 Y76.11328125
G1 X78.310546875 Y76.11328125
G1 X78.22265625 Y76.11328125
G0 X77.87109375 Y76.025390625
G1 X77.87109375 Y76.025390625
G1 X77.87109375 Y76.11328125
G0 X12.48046875 Y76.025390625
G1 X12.48046875 Y76.025390625
G0 X81.5625 Y75.9375
G1 X81.5625 Y75.9375
G1 X81.474609375 Y76.025390625
G1 X81.2109375 Y76.025390625
G1 X81.474609375 Y76.025390625
G1 X81.5625 Y76.11328125
G1 X81.474609375 Y76.201171875
G1 X81.38671875 Y76.201171875
G1 X81.38671875 Y76.46484375
G1 X81.298828125 Y76.552734375
G1 X81.2109375 Y76.552734375
G1 X81.5625 Y76.552734375
G1 X81.474609375 Y76.552734375
G1 X81.38671875 Y76.46484375
G1 X81.38671875 Y76.376953125
G1 X81.474609375 Y76.2890625
G1 X81.474609375 Y76.201171875
G1 X81.5625 Y76.11328125
G1 X81.650390625 Y76.11328125
G1 X81.5625 Y76.11328125
G1 X81.474609375 Y76.025390625
G0 X79.365234375 Y75.9375
G1 X79.365234375 Y75.9375
G1 X79.365234375 Y76.025390625
G1 X79.27734375 Y76.11328125
G1 X79.27734375 Y76.201171875
G1 X79.365234375 Y76.201171875
G1 X79.365234375 Y76.025390625
G1 X79.453125 Y75.9375
G0 X76.904296875 Y75.9375
G1 X76.904296875 Y75.9375
G0 X80.68359375 Y75.849609375
G1 X80.68359375 Y75.849609375
G0 X78.837890625 Y75.849609375
G1 X78.837890625 Y75.849609375
G1 X78.92578125 Y75.9375
G1 X78.92578125 Y76.025390625
G1 X79.013671875 Y76.025390625
G0 X78.310546875 Y75.849609375
G1 X78.310546875 Y75.849609375
G0 X78.134765625 Y75.849609375
G1 X78.134765625 Y75.849609375
G0 X77.87109375 Y75.849609375
G1 X77.87109375 Y75.849609375
G0 X77.16796875 Y75.849609375
G1 X77.16796875 Y75.849609375
G0 X76.640625 Y75.849609375
G1 X76.640625 Y75.849609375
G0 X8.96484375 Y75.849609375
G1 X8.96484375 Y75.849609375
G1 X8.96484375 Y75.9375
G0 X8.701171875 Y75.849609375
G1 X8.701171875 Y75.849609375
G0 X76.904296875 Y75.76171875
G1 X76.904296875 Y75.76171875
G0 X81.5625 Y75.673828125
G1 X81.5625 Y75.673828125
G0 X81.38671875 Y75.673828125
G1 X81.38671875 Y75.673828125
G1 X81.298828125 Y75.76171875
G1 X81.38671875 Y75.76171875
G0 X79.27734375 Y75.673828125
G1 X79.27734375 Y75.673828125
G1 X79.27734375 Y75.76171875
G1 X79.189453125 Y75.849609375
G1 X79.1015625 Y75.849609375
G1 X79.189453125 Y75.849609375
G1 X79.27734375 Y75.76171875
G1 X79.365234375 Y75.76171875
G0 X78.75 Y75.673828125
G1 X78.75 Y75.673828125
G1 X78.837890625 Y75.673828125
G0 X78.57421875 Y75.673828125
G1 X78.57421875 Y75.673828125
G1 X78.57421875 Y75.76171875
G1 X78.486328125 Y75.849609375
G1 X78.57421875 Y75.76171875
G0 X75.849609375 Y75.673828125
G1 X75.849609375 Y75.673828125
G0 X7.470703125 Y75.673828125
G1 X7.470703125 Y75.673828125
G1 X7.3828125 Y75.76171875
G1 X7.470703125 Y75.849609375
G1 X7.3828125 Y75.76171875
G0 X81.826171875 Y75.5859375
G1 X81.826171875 Y75.5859375
G1 X81.826171875 Y75.673828125
G1 X81.73828125 Y75.76171875
G1 X81.73828125 Y75.849609375
G1 X81.826171875 Y75.849609375
G1 X81.73828125 Y75.76171875
G1 X81.826171875 Y75.673828125
G1 X82.001953125 Y75.673828125
G1 X81.9140625 Y75.673828125
G0 X79.541015625 Y75.5859375
G1 X79.541015625 Y75.5859375
G1 X79.541015625 Y75.673828125
G1 X79.716796875 Y75.849609375
G1 X79.716796875 Y75.9375
G1 X79.716796875 Y75.849609375
G1 X79.541015625 Y75.673828125
G0 X78.310546875 Y75.5859375
G1 X78.310546875 Y75.5859375
G1 X78.3984375 Y75.5859375
G0 X78.046875 Y75.5859375
G1 X78.046875 Y75.5859375
G0 X76.201171875 Y75.5859375
G1 X76.201171875 Y75.5859375
G0 X8.876953125 Y75.5859375
G1 X8.876953125 Y75.5859375
G1 X8.96484375 Y75.673828125
G1 X8.96484375 Y75.5859375
G0 X82.705078125 Y75.498046875
G1 X82.705078125 Y75.498046875
G1 X82.79296875 Y75.498046875
G1 X82.880859375 Y75.5859375
G1 X82.79296875 Y75.673828125
G1 X82.880859375 Y75.5859375
G1 X82.79296875 Y75.498046875
G0 X81.123046875 Y75.498046875
G1 X81.123046875 Y75.498046875
G1 X81.123046875 Y75.673828125
G1 X81.03515625 Y75.76171875
G1 X81.03515625 Y75.849609375
G1 X80.859375 Y76.025390625
G1 X80.947265625 Y76.11328125
G1 X80.947265625 Y76.201171875
G1 X80.947265625 Y75.9375
G1 X81.03515625 Y75.849609375
G1 X81.03515625 Y75.76171875
G1 X81.123046875 Y75.673828125
G1 X81.123046875 Y75.5859375
G1 X81.2109375 Y75.498046875
G0 X80.859375 Y75.498046875
G1 X80.859375 Y75.498046875
G1 X80.68359375 Y75.673828125
G1 X80.771484375 Y75.5859375
G1 X80.859375 Y75.5859375
G0 X79.27734375 Y75.498046875
G1 X79.27734375 Y75.498046875
G1 X79.365234375 Y75.498046875
G0 X77.783203125 Y75.498046875
G1 X77.783203125 Y75.498046875
G0 X77.51953125 Y75.498046875
G1 X77.51953125 Y75.498046875
G0 X81.474609375 Y75.41015625
G1 X81.474609375 Y75.41015625
G1 X81.38671875 Y75.498046875
G0 X79.98046875 Y75.41015625
G1 X79.98046875 Y75.41015625
G1 X79.98046875 Y75.498046875
G1 X79.892578125 Y75.5859375
G1 X79.98046875 Y75.673828125
G1 X79.892578125 Y75.76171875
G1 X79.892578125 Y75.849609375
G1 X79.98046875 Y75.76171875
G1 X80.068359375 Y75.76171875
G1 X80.15625 Y75.849609375
G1 X80.15625 Y75.9375
G1 X80.244140625 Y75.9375
G1 X80.419921875 Y75.76171875
G1 X80.419921875 Y75.673828125
G1 X80.5078125 Y75.5859375
G1 X80.419921875 Y75.5859375
G1 X80.419921875 Y75.76171875
G1 X80.33203125 Y75.849609375
G1 X80.15625 Y75.849609375
G1 X80.068359375 Y75.76171875
G1 X80.244140625 Y75.5859375
G1 X80.068359375 Y75.76171875
G1 X79.892578125 Y75.5859375
G1 X80.068359375 Y75.41015625
G0 X79.716796875 Y75.41015625
G1 X79.716796875 Y75.41015625
G1 X79.716796875 Y75.498046875
G0 X79.1015625 Y75.41015625
G1 X79.1015625 Y75.41015625
G1 X79.013671875 Y75.498046875
G1 X79.013671875 Y75.5859375
G1 X79.1015625 Y75.5859375
G1 X79.013671875 Y75.498046875
G0 X78.57421875 Y75.41015625
G1 X78.57421875 Y75.41015625
G1 X78.662109375 Y75.498046875
G0 X78.046875 Y75.41015625
G1 X78.046875 Y75.41015625
G0 X76.728515625 Y75.41015625
G1 X76.728515625 Y75.41015625
G0 X7.734375 Y75.41015625
G1 X7.734375 Y75.41015625
G0 X7.3828125 Y75.41015625
G1 X7.3828125 Y75.41015625
G1 X7.3828125 Y75.498046875
G1 X7.470703125 Y75.498046875
G0 X80.5078125 Y75.322265625
G1 X80.5078125 Y75.322265625
G1 X80.595703125 Y75.41015625
G1 X80.68359375 Y75.322265625
G1 X80.595703125 Y75.41015625
G0 X80.33203125 Y75.322265625
G1 X80.33203125 Y75.322265625
G1 X80.33203125 Y75.41015625
G0 X78.837890625 Y75.322265625
G1 X78.837890625 Y75.322265625
G1 X78.837890625 Y75.41015625
G0 X78.3984375 Y75.322265625
G1 X78.3984375 Y75.322265625
G0 X77.783203125 Y75.322265625
G1 X77.783203125 Y75.322265625
G0 X77.51953125 Y75.322265625
G1 X77.51953125 Y75.322265625
G0 X76.9921875 Y75.322265625
G1 X76.9921875 Y75.322265625
G0 X8.96484375 Y75.322265625
G1 X8.96484375 Y75.322265625
G0 X81.826171875 Y75.234375
G1 X81.826171875 Y75.234375
G1 X81.650390625 Y75.41015625
G1 X81.650390625 Y75.498046875
G1 X81.650390625 Y75.41015625
G1 X81.73828125 Y75.322265625
G1 X81.826171875 Y75.322265625
G0 X80.947265625 Y75.234375
G1 X80.947265625 Y75.234375
G1 X80.859375 Y75.322265625
G1 X80.947265625 Y75.322265625
G0 X79.8046875 Y75.234375
G1 X79.8046875 Y75.234375
G1 X79.892578125 Y75.234375
G0 X79.541015625 Y75.234375
G1 X79.541015625 Y75.234375
G0 X79.189453125 Y75.234375
G1 X79.189453125 Y75.234375
G1 X79.27734375 Y75.234375
G0 X78.662109375 Y75.234375
G1 X78.662109375 Y75.234375
G0 X78.046875 Y75.234375
G1 X78.046875 Y75.234375
G0 X76.728515625 Y75.234375
G1 X76.728515625 Y75.234375
G0 X12.48046875 Y75.234375
G1 X12.48046875 Y75.234375
G1 X12.568359375 Y75.234375
G0 X8.701171875 Y75.234375
G1 X8.701171875 Y75.234375
G0 X7.3828125 Y75.234375
G1 X7.3828125 Y75.234375
G1 X7.470703125 Y75.234375
G0 X80.419921875 Y75.146484375
G1 X80.419921875 Y75.146484375
G0 X79.013671875 Y75.146484375
G1 X79.013671875 Y75.146484375
G0 X77.783203125 Y75.146484375
G1 X77.783203125 Y75.146484375
G0 X76.9921875 Y75.146484375
G1 X76.9921875 Y75.146484375
G0 X7.734375 Y75.146484375
G1 X7.734375 Y75.146484375
G0 X79.892578125 Y75.05859375
G1 X79.892578125 Y75.05859375
G0 X79.62890625 Y75.05859375
G1 X79.62890625 Y75.05859375
G1 X79.716796875 Y75.05859375
G0 X79.365234375 Y75.05859375
G1 X79.365234375 Y75.05859375
G0 X78.046875 Y75.05859375
G1 X78.046875 Y75.05859375
G0 X77.51953125 Y75.05859375
G1 X77.51953125 Y75.05859375
G0 X80.068359375 Y74.970703125
G1 X80.068359375 Y74.970703125
G1 X80.15625 Y75.05859375
G1 X80.068359375 Y75.146484375
G1 X80.15625 Y75.05859375
G0 X79.189453125 Y74.970703125
G1 X79.189453125 Y74.970703125
G0 X77.783203125 Y74.970703125
G1 X77.783203125 Y74.970703125
G0 X76.9921875 Y74.970703125
G1 X76.9921875 Y74.970703125
G0 X12.48046875 Y74.970703125
G1 X12.48046875 Y74.970703125
G0 X8.7890625 Y74.970703125
G1 X8.7890625 Y74.970703125
G0 X7.734375 Y74.970703125
G1 X7.734375 Y74.970703125
G0 X81.123046875 Y74.8828125
G1 X81.123046875 Y74.8828125
G1 X81.123046875 Y74.970703125
G1 X81.03515625 Y75.05859375
G1 X80.947265625 Y74.970703125
G1 X80.859375 Y74.970703125
G1 X80.947265625 Y74.970703125
G1 X81.03515625 Y75.05859375
G1 X81.123046875 Y75.05859375
G1 X81.123046875 Y74.970703125
G1 X81.2109375 Y74.8828125
G1 X81.38671875 Y75.05859375
G1 X81.2109375 Y75.234375
G1 X81.298828125 Y75.234375
G1 X81.38671875 Y75.146484375
G1 X81.38671875 Y75.05859375
G1 X81.298828125 Y74.970703125
G1 X81.38671875 Y74.8828125
G1 X81.474609375 Y74.8828125
G1 X81.38671875 Y74.8828125
G1 X81.298828125 Y74.970703125
G1 X81.2109375 Y74.8828125
G0 X80.419921875 Y74.8828125
G1 X80.419921875 Y74.8828125
G0 X79.541015625 Y74.8828125
G1 X79.541015625 Y74.8828125
G0 X79.013671875 Y74.8828125
G1 X79.013671875 Y74.8828125
G0 X78.662109375 Y74.8828125
G1 X78.662109375 Y74.8828125
G0 X78.310546875 Y74.8828125
G1 X78.310546875 Y74.8828125
G0 X77.255859375 Y74.8828125
G1 X77.255859375 Y74.8828125
G0 X7.3828125 Y74.8828125
G1 X7.3828125 Y74.8828125
G1 X7.3828125 Y74.970703125
G1 X7.470703125 Y74.970703125
G1 X7.470703125 Y74.8828125
G0 X76.552734375 Y74.794921875
G1 X76.552734375 Y74.794921875
G0 X7.734375 Y74.794921875
G1 X7.734375 Y74.794921875
G0 X81.5625 Y74.70703125
G1 X81.5625 Y74.70703125
G1 X81.650390625 Y74.70703125
G0 X80.5078125 Y74.70703125
G1 X80.5078125 Y74.70703125
G0 X80.244140625 Y74.70703125
G1 X80.244140625 Y74.70703125
G1 X80.244140625 Y74.794921875
G0 X79.98046875 Y74.70703125
G1 X79.98046875 Y74.70703125
G1 X79.892578125 Y74.794921875
G1 X79.892578125 Y74.8828125
G1 X79.892578125 Y74.794921875
G0 X79.62890625 Y74.70703125
G1 X79.62890625 Y74.70703125
G1 X79.716796875 Y74.70703125
G0 X79.365234375 Y74.70703125
G1 X79.365234375 Y74.70703125
G0 X78.837890625 Y74.70703125
G1 X78.837890625 Y74.70703125
G0 X78.134765625 Y74.70703125
G1 X78.134765625 Y74.70703125
G0 X77.783203125 Y74.70703125
G1 X77.783203125 Y74.70703125
G0 X12.48046875 Y74.70703125
G1 X12.48046875 Y74.70703125
G0 X80.859375 Y74.619140625
G1 X80.859375 Y74.619140625
G1 X80.771484375 Y74.70703125
G1 X80.68359375 Y74.70703125
G1 X80.771484375 Y74.794921875
G1 X80.68359375 Y74.8828125
G1 X80.68359375 Y74.970703125
G1 X80.68359375 Y74.8828125
G1 X80.771484375 Y74.794921875
G1 X80.771484375 Y74.70703125
G1 X80.859375 Y74.619140625
G1 X80.947265625 Y74.619140625
G0 X8.173828125 Y74.619140625
G1 X8.173828125 Y74.619140625
G0 X80.33203125 Y74.53125
G1 X80.33203125 Y74.53125
G1 X80.419921875 Y74.53125
G0 X79.8046875 Y74.53125
G1 X79.8046875 Y74.53125
G0 X79.453125 Y74.53125
G1 X79.453125 Y74.53125
G1 X79.541015625 Y74.53125
G0 X79.189453125 Y74.53125
G1 X79.189453125 Y74.53125
G0 X78.310546875 Y74.53125
G1 X78.310546875 Y74.53125
G0 X78.75 Y74.443359375
G1 X78.75 Y74.443359375
G1 X78.662109375 Y74.53125
G0 X12.48046875 Y74.443359375
G1 X12.48046875 Y74.443359375
G0 X8.701171875 Y74.443359375
G1 X8.701171875 Y74.443359375
G0 X7.91015625 Y74.443359375
G1 X7.91015625 Y74.443359375
G0 X7.646484375 Y74.443359375
G1 X7.646484375 Y74.443359375
G1 X7.646484375 Y74.53125
G0 X78.486328125 Y74.35546875
G1 X78.486328125 Y74.35546875
G0 X8.876953125 Y74.35546875
G1 X8.876953125 Y74.35546875
G1 X8.96484375 Y74.35546875
G0 X81.2109375 Y74.267578125
G1 X81.2109375 Y74.267578125
G1 X81.298828125 Y74.267578125
G0 X79.98046875 Y74.267578125
G1 X79.98046875 Y74.267578125
G1 X79.892578125 Y74.35546875
G1 X80.068359375 Y74.53125
G1 X80.068359375 Y74.443359375
G1 X80.15625 Y74.35546875
G1 X80.068359375 Y74.267578125
G0 X79.453125 Y74.267578125
G1 X79.453125 Y74.267578125
G1 X79.541015625 Y74.267578125
G1 X79.62890625 Y74.35546875
G1 X79.541015625 Y74.267578125
G0 X79.27734375 Y74.267578125
G1 X79.27734375 Y74.267578125
G1 X79.27734375 Y74.35546875
G0 X78.837890625 Y74.267578125
G1 X78.837890625 Y74.267578125
G0 X8.525390625 Y74.267578125
G1 X8.525390625 Y74.267578125
G0 X79.716796875 Y74.1796875
G1 X79.716796875 Y74.1796875
G0 X79.013671875 Y74.1796875
G1 X79.013671875 Y74.1796875
G0 X78.57421875 Y74.1796875
G1 X78.57421875 Y74.1796875
G0 X12.48046875 Y74.1796875
G1 X12.48046875 Y74.1796875
G0 X9.052734375 Y74.1796875
G1 X9.052734375 Y74.1796875
G0 X7.91015625 Y74.1796875
G1 X7.91015625 Y74.1796875
G0 X81.474609375 Y74.091796875
G1 X81.474609375 Y74.091796875
G0 X81.123046875 Y74.091796875
G1 X81.123046875 Y74.091796875
G0 X80.595703125 Y74.091796875
G1 X80.595703125 Y74.091796875
G0 X80.33203125 Y74.091796875
G1 X80.33203125 Y74.091796875
G1 X80.33203125 Y74.1796875
G0 X79.892578125 Y74.091796875
G1 X79.892578125 Y74.091796875
G0 X79.365234375 Y74.091796875
G1 X79.365234375 Y74.091796875
G0 X78.310546875 Y74.091796875
G1 X78.310546875 Y74.091796875
G0 X78.046875 Y74.091796875
G1 X78.046875 Y74.091796875
G0 X8.701171875 Y74.091796875
G1 X8.701171875 Y74.091796875
G1 X8.7890625 Y74.1796875
G1 X8.7890625 Y74.091796875
G0 X81.650390625 Y74.00390625
G1 X81.650390625 Y74.00390625
G0 X80.859375 Y74.00390625
G1 X80.859375 Y74.00390625
G1 X80.859375 Y74.267578125
G1 X80.771484375 Y74.35546875
G1 X80.947265625 Y74.1796875
G1 X80.859375 Y74.091796875
G0 X80.068359375 Y74.00390625
G1 X80.068359375 Y74.00390625
G1 X80.15625 Y74.091796875
G0 X79.189453125 Y74.00390625
G1 X79.189453125 Y74.00390625
G0 X78.837890625 Y74.00390625
G1 X78.837890625 Y74.00390625
G0 X81.38671875 Y73.916015625
G1 X81.38671875 Y73.916015625
G1 X81.298828125 Y74.00390625
G0 X79.541015625 Y73.916015625
G1 X79.541015625 Y73.916015625
G1 X79.62890625 Y74.00390625
G0 X78.486328125 Y73.916015625
G1 X78.486328125 Y73.916015625
G0 X8.876953125 Y73.916015625
G1 X8.876953125 Y73.916015625
G0 X8.701171875 Y73.916015625
G1 X8.701171875 Y73.916015625
G0 X8.525390625 Y73.916015625
G1 X8.525390625 Y73.916015625
G0 X80.859375 Y73.828125
G1 X80.859375 Y73.828125
G1 X81.03515625 Y73.828125
G0 X80.595703125 Y73.828125
G1 X80.595703125 Y73.828125
G0 X80.244140625 Y73.828125
G1 X80.244140625 Y73.828125
G0 X79.716796875 Y73.828125
G1 X79.716796875 Y73.828125
G0 X79.27734375 Y73.828125
G1 X79.27734375 Y73.828125
G0 X78.046875 Y73.828125
G1 X78.046875 Y73.828125
G0 X81.650390625 Y73.740234375
G1 X81.650390625 Y73.740234375
G1 X81.5625 Y73.828125
G0 X80.068359375 Y73.740234375
G1 X80.068359375 Y73.740234375
G0 X78.837890625 Y73.740234375
G1 X78.837890625 Y73.740234375
G0 X9.140625 Y73.740234375
G1 X9.140625 Y73.740234375
G0 X7.91015625 Y73.740234375
G1 X7.91015625 Y73.740234375
G0 X81.474609375 Y73.65234375
G1 X81.474609375 Y73.65234375
G0 X81.123046875 Y73.65234375
G1 X81.123046875 Y73.65234375
G1 X81.2109375 Y73.65234375
G1 X81.298828125 Y73.740234375
G1 X81.298828125 Y73.65234375
G0 X80.68359375 Y73.65234375
G1 X80.68359375 Y73.65234375
G0 X80.419921875 Y73.65234375
G1 X80.419921875 Y73.65234375
G0 X79.1015625 Y73.65234375
G1 X79.1015625 Y73.65234375
G0 X8.701171875 Y73.65234375
G1 X8.701171875 Y73.65234375
G1 X8.7890625 Y73.65234375
G0 X8.0859375 Y73.65234375
G1 X8.0859375 Y73.65234375
G0 X7.3828125 Y73.65234375
G1 X7.3828125 Y73.65234375
G1 X7.294921875 Y73.740234375
G1 X7.3828125 Y73.740234375
G0 X80.244140625 Y73.564453125
G1 X80.244140625 Y73.564453125
G0 X79.453125 Y73.564453125
G1 X79.453125 Y73.564453125
G1 X79.541015625 Y73.65234375
G0 X7.734375 Y73.564453125
G1 X7.734375 Y73.564453125
G1 X7.646484375 Y73.65234375
G1 X7.646484375 Y73.740234375
G1 X7.646484375 Y73.65234375
G0 X80.947265625 Y73.4765625
G1 X80.947265625 Y73.4765625
G1 X80.859375 Y73.564453125
G0 X80.595703125 Y73.4765625
G1 X80.595703125 Y73.4765625
G0 X79.716796875 Y73.4765625
G1 X79.716796875 Y73.4765625
G0 X80.068359375 Y73.388671875
G1 X80.068359375 Y73.388671875
G1 X80.068359375 Y73.4765625
G0 X79.189453125 Y73.388671875
G1 X79.189453125 Y73.388671875
G0 X8.96484375 Y73.388671875
G1 X8.96484375 Y73.388671875
G1 X9.052734375 Y73.388671875
G0 X7.3828125 Y73.388671875
G1 X7.3828125 Y73.388671875
G1 X7.3828125 Y73.4765625
G1 X7.470703125 Y73.4765625
G1 X7.470703125 Y73.388671875
G0 X80.68359375 Y73.30078125
G1 X80.68359375 Y73.30078125
G0 X80.33203125 Y73.30078125
G1 X80.33203125 Y73.30078125
G1 X80.419921875 Y73.388671875
G1 X80.419921875 Y73.30078125
G0 X79.892578125 Y73.30078125
G1 X79.892578125 Y73.30078125
G0 X78.92578125 Y73.30078125
G1 X78.92578125 Y73.30078125
G0 X78.662109375 Y73.30078125
G1 X78.662109375 Y73.30078125
G0 X8.701171875 Y73.30078125
G1 X8.701171875 Y73.30078125
G1 X8.701171875 Y73.388671875
G0 X80.859375 Y73.212890625
G1 X80.859375 Y73.212890625
G1 X81.03515625 Y73.212890625
G0 X8.173828125 Y73.212890625
G1 X8.173828125 Y73.212890625
G1 X8.173828125 Y73.30078125
G0 X7.91015625 Y73.212890625
G1 X7.91015625 Y73.212890625
G0 X79.98046875 Y73.125
G1 X79.98046875 Y73.125
G1 X80.068359375 Y73.125
G0 X79.453125 Y73.125
G1 X79.453125 Y73.125
G0 X78.837890625 Y73.125
G1 X78.837890625 Y73.125
G0 X78.486328125 Y73.125
G1 X78.486328125 Y73.125
G0 X8.96484375 Y73.125
G1 X8.96484375 Y73.125
G1 X9.052734375 Y73.125
G0 X80.947265625 Y73.037109375
G1 X80.947265625 Y73.037109375
G0 X80.68359375 Y73.037109375
G1 X80.68359375 Y73.037109375
G1 X80.771484375 Y73.037109375
G0 X80.419921875 Y73.037109375
G1 X80.419921875 Y73.037109375
G0 X8.4375 Y73.037109375
G1 X8.4375 Y73.037109375
G0 X79.8046875 Y72.94921875
G1 X79.8046875 Y72.94921875
G0 X79.62890625 Y72.94921875
G1 X79.62890625 Y72.94921875
G0 X79.27734375 Y72.94921875
G1 X79.27734375 Y72.94921875
G0 X78.92578125 Y72.94921875
G1 X78.92578125 Y72.94921875
G1 X79.013671875 Y73.037109375
G0 X8.173828125 Y72.94921875
G1 X8.173828125 Y72.94921875
G0 X7.646484375 Y72.94921875
G1 X7.646484375 Y72.94921875
G1 X7.646484375 Y73.037109375
G0 X81.03515625 Y72.861328125
G1 X81.03515625 Y72.861328125
G1 X81.123046875 Y72.94921875
G1 X81.123046875 Y72.861328125
G0 X8.96484375 Y72.861328125
G1 X8.96484375 Y72.861328125
G1 X9.052734375 Y72.861328125
G0 X80.5078125 Y72.7734375
G1 X80.5078125 Y72.7734375
G0 X80.33203125 Y72.7734375
G1 X80.33203125 Y72.7734375
G0 X80.068359375 Y72.7734375
G1 X80.068359375 Y72.7734375
G1 X80.068359375 Y72.861328125
G0 X79.453125 Y72.7734375
G1 X79.453125 Y72.7734375
G0 X78.57421875 Y72.7734375
G1 X78.57421875 Y72.7734375
G0 X7.470703125 Y72.7734375
G1 X7.470703125 Y72.7734375
G0 X7.03125 Y72.7734375
G1 X7.03125 Y72.7734375
G1 X7.119140625 Y72.861328125
G1 X7.119140625 Y72.94921875
G1 X7.20703125 Y72.94921875
G1 X7.294921875 Y72.861328125
G1 X7.119140625 Y72.861328125
G0 X79.27734375 Y72.685546875
G1 X79.27734375 Y72.685546875
G0 X7.998046875 Y72.685546875
G1 X7.998046875 Y72.685546875
G0 X7.646484375 Y72.685546875
G1 X7.646484375 Y72.685546875
G0 X80.947265625 Y72.59765625
G1 X80.947265625 Y72.59765625
G1 X81.03515625 Y72.685546875
G1 X81.123046875 Y72.685546875
G1 X81.03515625 Y72.59765625
G0 X80.68359375 Y72.59765625
G1 X80.68359375 Y72.59765625
G1 X80.771484375 Y72.685546875
G1 X80.68359375 Y72.7734375
G1 X80.771484375 Y72.7734375
G1 X80.771484375 Y72.685546875
G0 X80.419921875 Y72.59765625
G1 X80.419921875 Y72.59765625
G0 X79.62890625 Y72.59765625
G1 X79.62890625 Y72.59765625
G1 X79.716796875 Y72.685546875
G0 X8.96484375 Y72.59765625
G1 X8.96484375 Y72.59765625
G1 X8.96484375 Y72.685546875
G0 X8.701171875 Y72.59765625
G1 X8.701171875 Y72.59765625
G1 X8.701171875 Y72.685546875
G1 X8.7890625 Y72.7734375
G1 X8.701171875 Y72.861328125
G1 X8.701171875 Y72.94921875
G1 X8.7890625 Y73.037109375
G1 X8.701171875 Y73.125
G1 X8.7890625 Y73.037109375
G1 X8.701171875 Y72.94921875
G1 X8.701171875 Y72.861328125
G1 X8.7890625 Y72.7734375
G1 X8.701171875 Y72.685546875
G1 X8.7890625 Y72.59765625
G0 X79.98046875 Y72.509765625
G1 X79.98046875 Y72.509765625
G1 X79.98046875 Y72.59765625
G0 X9.140625 Y72.509765625
G1 X9.140625 Y72.509765625
G0 X81.123046875 Y72.421875
G1 X81.123046875 Y72.421875
G0 X80.771484375 Y72.421875
G1 X80.771484375 Y72.421875
G0 X80.244140625 Y72.421875
G1 X80.244140625 Y72.421875
G0 X79.716796875 Y72.421875
G1 X79.716796875 Y72.421875
G1 X79.8046875 Y72.421875
G0 X79.013671875 Y72.421875
G1 X79.013671875 Y72.421875
G0 X78.3984375 Y72.421875
G1 X78.3984375 Y72.421875
G0 X8.701171875 Y72.421875
G1 X8.701171875 Y72.421875
G0 X7.91015625 Y72.421875
G1 X7.91015625 Y72.421875
G1 X8.0859375 Y72.421875
G0 X79.365234375 Y72.333984375
G1 X79.365234375 Y72.333984375
G1 X79.365234375 Y72.421875
G0 X8.96484375 Y72.333984375
G1 X8.96484375 Y72.333984375
G1 X8.96484375 Y72.421875
G0 X7.734375 Y72.333984375
G1 X7.734375 Y72.333984375
G0 X7.470703125 Y72.333984375
G1 X7.470703125 Y72.333984375
G1 X7.3828125 Y72.421875
G1 X7.3828125 Y72.509765625
G1 X7.294921875 Y72.59765625
G1 X7.20703125 Y72.59765625
G1 X7.119140625 Y72.509765625
G1 X7.119140625 Y72.59765625
G1 X7.294921875 Y72.59765625
G1 X7.3828125 Y72.509765625
G1 X7.470703125 Y72.509765625
G0 X7.119140625 Y72.333984375
G1 X7.119140625 Y72.333984375
G1 X7.20703125 Y72.333984375
G0 X80.947265625 Y72.24609375
G1 X80.947265625 Y72.24609375
G0 X80.595703125 Y72.24609375
G1 X80.595703125 Y72.24609375
G0 X79.98046875 Y72.24609375
G1 X79.98046875 Y72.24609375
G0 X9.140625 Y72.24609375
G1 X9.140625 Y72.24609375
G0 X80.244140625 Y72.158203125
G1 X80.244140625 Y72.158203125
G0 X8.96484375 Y72.158203125
G1 X8.96484375 Y72.158203125
G0 X8.701171875 Y72.158203125
G1 X8.701171875 Y72.158203125
G1 X8.7890625 Y72.158203125
G0 X7.91015625 Y72.158203125
G1 X7.91015625 Y72.158203125
G1 X7.998046875 Y72.158203125
G0 X81.03515625 Y72.0703125
G1 X81.03515625 Y72.0703125
G0 X80.68359375 Y72.0703125
G1 X80.68359375 Y72.0703125
G1 X80.771484375 Y72.0703125
G0 X79.27734375 Y72.0703125
G1 X79.27734375 Y72.0703125
G0 X9.66796875 Y72.0703125
G1 X9.66796875 Y72.0703125
G0 X7.646484375 Y72.0703125
G1 X7.646484375 Y72.0703125
G0 X7.3828125 Y72.0703125
G1 X7.3828125 Y72.0703125
G1 X7.470703125 Y72.158203125
G1 X7.470703125 Y72.0703125
G0 X7.119140625 Y72.0703125
G1 X7.119140625 Y72.0703125
G1 X7.20703125 Y72.0703125
G0 X79.98046875 Y71.982421875
G1 X79.98046875 Y71.982421875
G0 X79.62890625 Y71.982421875
G1 X79.62890625 Y71.982421875
G0 X9.140625 Y71.982421875
G1 X9.140625 Y71.982421875
G0 X8.701171875 Y71.982421875
G1 X8.701171875 Y71.982421875
G1 X8.7890625 Y71.982421875
G0 X80.859375 Y71.89453125
G1 X80.859375 Y71.89453125
G0 X80.5078125 Y71.89453125
G1 X80.5078125 Y71.89453125
G1 X80.595703125 Y71.89453125
G0 X80.33203125 Y71.89453125
G1 X80.33203125 Y71.89453125
G0 X8.96484375 Y71.89453125
G1 X8.96484375 Y71.89453125
G0 X7.91015625 Y71.89453125
G1 X7.91015625 Y71.89453125
G0 X7.470703125 Y71.89453125
G1 X7.470703125 Y71.89453125
G0 X9.66796875 Y71.806640625
G1 X9.66796875 Y71.806640625
G0 X7.119140625 Y71.806640625
G1 X7.119140625 Y71.806640625
G1 X7.03125 Y71.89453125
G1 X7.119140625 Y71.89453125
G0 X81.2109375 Y71.71875
G1 X81.2109375 Y71.71875
G1 X81.298828125 Y71.71875
G0 X80.947265625 Y71.71875
G1 X80.947265625 Y71.71875
G1 X81.03515625 Y71.71875
G0 X80.419921875 Y71.71875
G1 X80.419921875 Y71.71875
G0 X79.27734375 Y71.71875
G1 X79.27734375 Y71.71875
G0 X9.140625 Y71.71875
G1 X9.140625 Y71.71875
G0 X8.876953125 Y71.71875
G1 X8.876953125 Y71.71875
G0 X8.701171875 Y71.71875
G1 X8.701171875 Y71.71875
G0 X8.4375 Y71.71875
G1 X8.4375 Y71.71875
G0 X80.68359375 Y71.630859375
G1 X80.68359375 Y71.630859375
G1 X80.771484375 Y71.630859375
G0 X80.068359375 Y71.630859375
G1 X80.068359375 Y71.630859375
G0 X7.3828125 Y71.630859375
G1 X7.3828125 Y71.630859375
G1 X7.470703125 Y71.630859375
G0 X8.349609375 Y71.54296875
G1 X8.349609375 Y71.54296875
G0 X9.140625 Y71.455078125
G1 X9.140625 Y71.455078125
G0 X8.701171875 Y71.455078125
G1 X8.701171875 Y71.455078125
G1 X8.7890625 Y71.54296875
G1 X8.876953125 Y71.54296875
G1 X8.876953125 Y71.455078125
G0 X80.68359375 Y71.3671875
G1 X80.68359375 Y71.3671875
G1 X80.771484375 Y71.3671875
G0 X8.349609375 Y71.3671875
G1 X8.349609375 Y71.3671875
G1 X8.4375 Y71.3671875
G0 X7.822265625 Y71.3671875
G1 X7.822265625 Y71.3671875
G1 X7.646484375 Y71.54296875
G1 X7.646484375 Y71.630859375
G1 X7.646484375 Y71.54296875
G0 X7.3828125 Y71.3671875
G1 X7.3828125 Y71.3671875
G1 X7.3828125 Y71.455078125
G1 X7.470703125 Y71.3671875
G0 X81.123046875 Y71.279296875
G1 X81.123046875 Y71.279296875
G0 X79.62890625 Y71.279296875
G1 X79.62890625 Y71.279296875
G0 X9.140625 Y71.279296875
G1 X9.140625 Y71.279296875
G0 X80.5078125 Y71.19140625
G1 X80.5078125 Y71.19140625
G0 X79.98046875 Y71.19140625
G1 X79.98046875 Y71.19140625
G0 X7.91015625 Y71.19140625
G1 X7.91015625 Y71.19140625
G0 X7.646484375 Y71.19140625
G1 X7.646484375 Y71.19140625
G0 X80.68359375 Y71.103515625
G1 X80.68359375 Y71.103515625
G0 X80.244140625 Y71.103515625
G1 X80.244140625 Y71.103515625
G0 X8.701171875 Y71.103515625
G1 X8.701171875 Y71.103515625
G1 X8.7890625 Y71.19140625
G1 X8.701171875 Y71.279296875
G1 X8.61328125 Y71.279296875
G1 X8.701171875 Y71.279296875
G1 X8.7890625 Y71.19140625
G1 X8.876953125 Y71.279296875
G1 X8.7890625 Y71.19140625
G1 X8.7890625 Y71.103515625
G0 X8.4375 Y71.103515625
G1 X8.4375 Y71.103515625
G0 X7.470703125 Y71.103515625
G1 X7.470703125 Y71.103515625
G0 X8.0859375 Y71.015625
G1 X8.0859375 Y71.015625
G0 X7.734375 Y71.015625
G1 X7.734375 Y71.015625
G0 X7.20703125 Y71.015625
G1 X7.20703125 Y71.015625
G0 X8.701171875 Y70.927734375
G1 X8.701171875 Y70.927734375
G1 X8.876953125 Y70.927734375
G0 X8.349609375 Y70.927734375
G1 X8.349609375 Y70.927734375
G1 X8.4375 Y70.927734375
G0 X80.68359375 Y70.83984375
G1 X80.68359375 Y70.83984375
G1 X80.771484375 Y70.927734375
G0 X7.470703125 Y70.751953125
G1 X7.470703125 Y70.751953125
G1 X7.3828125 Y70.83984375
G0 X80.5078125 Y70.6640625
G1 X80.5078125 Y70.6640625
G0 X8.701171875 Y70.6640625
G1 X8.701171875 Y70.6640625
G1 X8.7890625 Y70.6640625
G0 X80.771484375 Y70.576171875
G1 X80.771484375 Y70.576171875
G0 X9.140625 Y70.576171875
G1 X9.140625 Y70.576171875
G1 X9.140625 Y70.6640625
G0 X8.349609375 Y70.576171875
G1 X8.349609375 Y70.576171875
G1 X8.4375 Y70.6640625
G0 X80.947265625 Y70.48828125
G1 X80.947265625 Y70.48828125
G1 X81.03515625 Y70.48828125
G1 X81.2109375 Y70.6640625
G1 X81.123046875 Y70.751953125
G1 X81.03515625 Y70.751953125
G1 X81.03515625 Y70.83984375
G1 X81.123046875 Y70.927734375
G1 X81.03515625 Y71.015625
G1 X81.03515625 Y71.103515625
G1 X80.947265625 Y71.19140625
G1 X80.859375 Y71.19140625
G1 X80.947265625 Y71.19140625
G1 X81.03515625 Y71.103515625
G1 X81.03515625 Y71.015625
G1 X81.123046875 Y70.927734375
G1 X81.2109375 Y70.927734375
G1 X81.123046875 Y70.927734375
G1 X81.03515625 Y70.83984375
G1 X81.2109375 Y70.6640625
G1 X81.03515625 Y70.48828125
G0 X8.0859375 Y70.48828125
G1 X8.0859375 Y70.48828125
G0 X7.734375 Y70.48828125
G1 X7.734375 Y70.48828125
G1 X7.646484375 Y70.576171875
G0 X7.119140625 Y70.48828125
G1 X7.119140625 Y70.48828125
G1 X7.119140625 Y70.576171875
G0 X9.140625 Y70.400390625
G1 X9.140625 Y70.400390625
G0 X8.7890625 Y70.400390625
G1 X8.7890625 Y70.400390625
G1 X8.7890625 Y70.48828125
G1 X8.876953125 Y70.48828125
G0 X7.470703125 Y70.400390625
G1 X7.470703125 Y70.400390625
G1 X7.3828125 Y70.48828125
G1 X7.470703125 Y70.48828125
G0 X80.771484375 Y70.3125
G1 X80.771484375 Y70.3125
G1 X80.68359375 Y70.400390625
G0 X80.244140625 Y70.3125
G1 X80.244140625 Y70.3125
G0 X7.91015625 Y70.3125
G1 X7.91015625 Y70.3125
G0 X7.3828125 Y70.224609375
G1 X7.3828125 Y70.224609375
G0 X80.947265625 Y70.13671875
G1 X80.947265625 Y70.13671875
G1 X80.947265625 Y70.224609375
G0 X80.595703125 Y70.13671875
G1 X80.595703125 Y70.13671875
G0 X7.119140625 Y70.13671875
G1 X7.119140625 Y70.13671875
G1 X7.119140625 Y70.3125
G0 X80.771484375 Y70.048828125
G1 X80.771484375 Y70.048828125
G0 X81.38671875 Y69.9609375
G1 X81.38671875 Y69.9609375
G0 X81.03515625 Y69.9609375
G1 X81.03515625 Y69.9609375
G1 X81.123046875 Y69.9609375
G0 X7.470703125 Y69.9609375
G1 X7.470703125 Y69.9609375
G1 X7.55859375 Y70.048828125
G1 X7.55859375 Y70.224609375
G1 X7.55859375 Y69.9609375
G0 X80.595703125 Y69.873046875
G1 X80.595703125 Y69.873046875
G0 X7.294921875 Y69.873046875
G1 X7.294921875 Y69.873046875
G0 X81.123046875 Y69.78515625
G1 X81.123046875 Y69.78515625
G0 X80.859375 Y69.78515625
G1 X80.859375 Y69.78515625
G0 X8.7890625 Y69.697265625
G1 X8.7890625 Y69.697265625
G1 X8.7890625 Y69.78515625
G1 X8.876953125 Y69.873046875
G1 X8.7890625 Y69.9609375
G1 X8.7890625 Y70.13671875
G1 X8.876953125 Y70.13671875
G1 X8.876953125 Y70.048828125
G1 X8.7890625 Y69.9609375
G1 X8.876953125 Y69.873046875
G1 X8.7890625 Y69.78515625
G0 X7.822265625 Y69.697265625
G1 X7.822265625 Y69.697265625
G0 X81.298828125 Y69.609375
G1 X81.298828125 Y69.609375
G0 X80.947265625 Y69.609375
G1 X80.947265625 Y69.609375
G0 X80.68359375 Y69.609375
G1 X80.68359375 Y69.609375
G0 X7.55859375 Y69.609375
G1 X7.55859375 Y69.609375
G1 X7.470703125 Y69.697265625
G1 X7.55859375 Y69.78515625
G0 X7.119140625 Y69.609375
G1 X7.119140625 Y69.609375
G1 X7.119140625 Y69.697265625
G1 X7.03125 Y69.78515625
G1 X7.119140625 Y69.873046875
G1 X7.03125 Y69.9609375
G1 X7.119140625 Y69.9609375
G1 X7.119140625 Y69.873046875
G1 X7.03125 Y69.78515625
G1 X7.119140625 Y69.697265625
G0 X81.03515625 Y69.43359375
G1 X81.03515625 Y69.43359375
G1 X81.123046875 Y69.521484375
G1 X81.123046875 Y69.43359375
G0 X9.052734375 Y69.43359375
G1 X9.052734375 Y69.43359375
G0 X7.734375 Y69.43359375
G1 X7.734375 Y69.43359375
G0 X7.55859375 Y69.43359375
G1 X7.55859375 Y69.43359375
G0 X81.474609375 Y69.345703125
G1 X81.474609375 Y69.345703125
G1 X81.38671875 Y69.43359375
G1 X81.474609375 Y69.43359375
G0 X7.119140625 Y69.345703125
G1 X7.119140625 Y69.345703125
G1 X7.20703125 Y69.43359375
G0 X81.2109375 Y69.2578125
G1 X81.2109375 Y69.2578125
G0 X7.3828125 Y69.2578125
G1 X7.3828125 Y69.2578125
G0 X80.771484375 Y69.08203125
G1 X80.771484375 Y69.08203125
G0 X7.55859375 Y69.08203125
G1 X7.55859375 Y69.08203125
G1 X7.55859375 Y69.169921875
G0 X7.119140625 Y68.994140625
G1 X7.119140625 Y68.994140625
G1 X7.119140625 Y69.08203125
G0 X81.123046875 Y68.90625
G1 X81.123046875 Y68.90625
G1 X81.123046875 Y68.994140625
G1 X81.03515625 Y69.08203125
G1 X81.03515625 Y69.169921875
G1 X80.947265625 Y69.2578125
G1 X81.03515625 Y69.169921875
G1 X81.03515625 Y69.08203125
G1 X81.123046875 Y68.994140625
G1 X81.2109375 Y68.994140625
G0 X7.294921875 Y68.90625
G1 X7.294921875 Y68.90625
G1 X7.294921875 Y68.994140625
G0 X81.474609375 Y68.818359375
G1 X81.474609375 Y68.818359375
G1 X81.474609375 Y68.90625
G1 X81.5625 Y68.818359375
G0 X80.947265625 Y68.818359375
G1 X80.947265625 Y68.818359375
G1 X80.859375 Y68.90625
G0 X79.716796875 Y68.818359375
G1 X79.716796875 Y68.818359375
G0 X7.55859375 Y68.818359375
G1 X7.55859375 Y68.818359375
G1 X7.646484375 Y68.90625
G1 X7.646484375 Y68.818359375
G0 X7.119140625 Y68.818359375
G1 X7.119140625 Y68.818359375
G0 X81.298828125 Y68.73046875
G1 X81.298828125 Y68.73046875
G0 X80.859375 Y68.642578125
G1 X80.859375 Y68.642578125
G0 X7.91015625 Y68.642578125
G1 X7.91015625 Y68.642578125
G0 X82.96875 Y68.5546875
G1 X82.96875 Y68.5546875
G0 X81.650390625 Y68.5546875
G1 X81.650390625 Y68.5546875
G1 X81.650390625 Y68.642578125
G0 X81.123046875 Y68.5546875
G1 X81.123046875 Y68.5546875
G1 X81.123046875 Y68.642578125
G0 X79.98046875 Y68.5546875
G1 X79.98046875 Y68.5546875
G0 X9.052734375 Y68.5546875
G1 X9.052734375 Y68.5546875
G0 X80.947265625 Y68.466796875
G1 X80.947265625 Y68.466796875
G0 X7.646484375 Y68.466796875
G1 X7.646484375 Y68.466796875
G1 X7.55859375 Y68.5546875
G0 X81.5625 Y68.37890625
G1 X81.5625 Y68.37890625
G1 X81.38671875 Y68.5546875
G1 X81.474609375 Y68.5546875
G1 X81.474609375 Y68.466796875
G0 X80.68359375 Y68.37890625
G1 X80.68359375 Y68.37890625
G0 X79.453125 Y68.37890625
G1 X79.453125 Y68.37890625
G0 X7.822265625 Y68.37890625
G1 X7.822265625 Y68.37890625
G0 X7.20703125 Y68.37890625
G1 X7.20703125 Y68.37890625
G1 X7.294921875 Y68.466796875
G0 X82.705078125 Y68.291015625
G1 X82.705078125 Y68.291015625
G1 X82.79296875 Y68.37890625
G0 X81.650390625 Y68.203125
G1 X81.650390625 Y68.203125
G0 X81.298828125 Y68.203125
G1 X81.298828125 Y68.203125
G1 X81.2109375 Y68.291015625
G1 X80.947265625 Y68.291015625
G1 X81.2109375 Y68.291015625
G1 X81.298828125 Y68.37890625
G1 X81.2109375 Y68.291015625
G1 X81.298828125 Y68.203125
G1 X81.38671875 Y68.203125
G0 X80.771484375 Y68.203125
G1 X80.771484375 Y68.203125
G0 X8.7890625 Y68.203125
G1 X8.7890625 Y68.203125
G1 X8.7890625 Y69.521484375
G1 X8.7890625 Y69.345703125
G1 X8.876953125 Y69.2578125
G1 X8.7890625 Y69.169921875
G1 X8.7890625 Y68.818359375
G1 X8.876953125 Y68.73046875
G1 X8.7890625 Y68.642578125
G0 X7.91015625 Y68.203125
G1 X7.91015625 Y68.203125
G0 X7.55859375 Y68.203125
G1 X7.55859375 Y68.203125
G1 X7.55859375 Y68.291015625
G0 X7.294921875 Y68.203125
G1 X7.294921875 Y68.203125
G0 X82.79296875 Y68.115234375
G1 X82.79296875 Y68.115234375
G0 X6.85546875 Y68.115234375
G1 X6.85546875 Y68.115234375
G1 X6.85546875 Y68.203125
G1 X6.943359375 Y68.203125
G0 X81.474609375 Y68.02734375
G1 X81.474609375 Y68.02734375
G0 X81.123046875 Y68.02734375
G1 X81.123046875 Y68.02734375
G0 X80.859375 Y68.02734375
G1 X80.859375 Y68.02734375
G0 X81.298828125 Y67.939453125
G1 X81.298828125 Y67.939453125
G0 X7.3828125 Y67.939453125
G1 X7.3828125 Y67.939453125
G1 X7.470703125 Y67.939453125
G0 X7.20703125 Y67.939453125
G1 X7.20703125 Y67.939453125
G0 X7.822265625 Y67.8515625
G1 X7.822265625 Y67.8515625
G1 X7.646484375 Y68.02734375
G1 X7.734375 Y67.939453125
G1 X7.822265625 Y67.939453125
G0 X9.052734375 Y67.763671875
G1 X9.052734375 Y67.763671875
G0 X81.650390625 Y67.67578125
G1 X81.650390625 Y67.67578125
G0 X81.2109375 Y67.67578125
G1 X81.2109375 Y67.67578125
G0 X80.859375 Y67.67578125
G1 X80.859375 Y67.67578125
G0 X7.55859375 Y67.67578125
G1 X7.55859375 Y67.67578125
G1 X7.55859375 Y67.763671875
G1 X7.646484375 Y67.763671875
G0 X7.294921875 Y67.67578125
G1 X7.294921875 Y67.67578125
G0 X7.119140625 Y67.67578125
G1 X7.119140625 Y67.67578125
G0 X81.38671875 Y67.5
G1 X81.38671875 Y67.5
G0 X80.947265625 Y67.5
G1 X80.947265625 Y67.5
G0 X11.953125 Y67.5
G1 X11.953125 Y67.5
G0 X8.7890625 Y67.5
G1 X8.7890625 Y67.5
G1 X8.7890625 Y68.02734375
G0 X7.734375 Y67.5
G1 X7.734375 Y67.5
G1 X7.734375 Y67.587890625
G0 X7.119140625 Y67.412109375
G1 X7.119140625 Y67.412109375
G0 X81.123046875 Y67.32421875
G1 X81.123046875 Y67.32421875
G0 X80.68359375 Y67.32421875
G1 X80.68359375 Y67.32421875
G0 X8.7890625 Y67.32421875
G1 X8.7890625 Y67.32421875
G1 X8.876953125 Y67.32421875
G0 X7.3828125 Y67.32421875
G1 X7.3828125 Y67.32421875
G1 X7.3828125 Y67.412109375
G1 X7.470703125 Y67.412109375
G0 X7.734375 Y67.236328125
G1 X7.734375 Y67.236328125
G1 X7.734375 Y67.32421875
G1 X7.822265625 Y67.236328125
G0 X83.583984375 Y67.1484375
G1 X83.583984375 Y67.1484375
G1 X83.49609375 Y67.236328125
G1 X83.3203125 Y67.236328125
G1 X83.49609375 Y67.236328125
G0 X81.73828125 Y67.1484375
G1 X81.73828125 Y67.1484375
G1 X81.5625 Y67.32421875
G1 X81.5625 Y67.412109375
G1 X81.5625 Y67.32421875
G1 X81.650390625 Y67.236328125
G1 X81.826171875 Y67.236328125
G0 X81.38671875 Y67.1484375
G1 X81.38671875 Y67.1484375
G0 X80.859375 Y67.1484375
G1 X80.859375 Y67.1484375
G0 X8.7890625 Y67.1484375
G1 X8.7890625 Y67.1484375
G0 X7.119140625 Y67.1484375
G1 X7.119140625 Y67.1484375
G1 X7.119140625 Y67.236328125
G0 X83.3203125 Y67.060546875
G1 X83.3203125 Y67.060546875
G0 X82.79296875 Y66.97265625
G1 X82.79296875 Y66.97265625
G0 X7.734375 Y66.97265625
G1 X7.734375 Y66.97265625
G1 X7.822265625 Y66.97265625
G0 X7.3828125 Y66.97265625
G1 X7.3828125 Y66.97265625
G1 X7.294921875 Y67.060546875
G1 X7.3828125 Y67.1484375
G1 X7.55859375 Y67.1484375
G1 X7.470703125 Y67.1484375
G1 X7.3828125 Y67.060546875
G0 X83.408203125 Y66.884765625
G1 X83.408203125 Y66.884765625
G0 X81.03515625 Y66.884765625
G1 X81.03515625 Y66.884765625
G0 X8.7890625 Y66.884765625
G1 X8.7890625 Y66.884765625
G1 X8.876953125 Y66.97265625
G0 X81.2109375 Y66.796875
G1 X81.2109375 Y66.796875
G0 X80.419921875 Y66.796875
G1 X80.419921875 Y66.796875
G0 X9.84375 Y66.796875
G1 X9.84375 Y66.796875
G0 X7.91015625 Y66.796875
G1 X7.91015625 Y66.796875
G0 X7.3828125 Y66.796875
G1 X7.3828125 Y66.796875
G1 X7.470703125 Y66.796875
G0 X7.03125 Y66.796875
G1 X7.03125 Y66.796875
G1 X7.119140625 Y66.884765625
G1 X7.119140625 Y66.97265625
G1 X7.119140625 Y66.796875
G0 X82.705078125 Y66.708984375
G1 X82.705078125 Y66.708984375
G1 X82.6171875 Y66.796875
G1 X82.705078125 Y66.796875
G0 X81.38671875 Y66.708984375
G1 X81.38671875 Y66.708984375
G0 X80.771484375 Y66.708984375
G1 X80.771484375 Y66.708984375
G0 X83.3203125 Y66.62109375
G1 X83.3203125 Y66.62109375
G0 X81.650390625 Y66.62109375
G1 X81.650390625 Y66.62109375
G1 X81.650390625 Y66.708984375
G1 X81.5625 Y66.796875
G1 X81.5625 Y66.884765625
G1 X81.474609375 Y66.97265625
G1 X81.5625 Y66.884765625
G1 X81.650390625 Y66.884765625
G1 X81.5625 Y66.796875
G1 X81.650390625 Y66.708984375
G1 X81.9140625 Y66.708984375
G1 X81.73828125 Y66.708984375
G0 X81.123046875 Y66.62109375
G1 X81.123046875 Y66.62109375
G0 X8.7890625 Y66.62109375
G1 X8.7890625 Y66.62109375
G1 X8.876953125 Y66.708984375
G0 X84.111328125 Y66.533203125
G1 X84.111328125 Y66.533203125
G0 X7.734375 Y66.533203125
G1 X7.734375 Y66.533203125
G1 X7.734375 Y66.62109375
G1 X7.646484375 Y66.708984375
G1 X7.734375 Y66.708984375
G0 X7.03125 Y66.533203125
G1 X7.03125 Y66.533203125
G1 X7.119140625 Y66.62109375
G1 X7.119140625 Y66.533203125
G0 X83.232421875 Y66.4453125
G1 X83.232421875 Y66.4453125
G0 X82.96875 Y66.4453125
G1 X82.96875 Y66.4453125
G1 X82.96875 Y66.533203125
G1 X83.056640625 Y66.62109375
G1 X82.96875 Y66.708984375
G1 X82.96875 Y66.796875
G1 X83.056640625 Y66.884765625
G1 X83.056640625 Y66.97265625
G1 X82.96875 Y67.060546875
G1 X82.96875 Y67.236328125
G1 X83.056640625 Y67.236328125
G1 X83.14453125 Y67.32421875
G1 X83.056640625 Y67.412109375
G1 X82.96875 Y67.412109375
G1 X83.14453125 Y67.412109375
G1 X83.14453125 Y67.32421875
G1 X83.056640625 Y67.236328125
G1 X83.056640625 Y67.1484375
G1 X83.14453125 Y67.060546875
G1 X83.056640625 Y66.97265625
G1 X83.056640625 Y66.884765625
G1 X83.14453125 Y66.796875
G1 X83.056640625 Y66.884765625
G1 X82.96875 Y66.796875
G1 X82.96875 Y66.708984375
G1 X83.056640625 Y66.62109375
G1 X83.056640625 Y66.533203125
G0 X81.2109375 Y66.4453125
G1 X81.2109375 Y66.4453125
G0 X80.771484375 Y66.4453125
G1 X80.771484375 Y66.4453125
G0 X7.91015625 Y66.4453125
G1 X7.91015625 Y66.4453125
G0 X83.935546875 Y66.357421875
G1 X83.935546875 Y66.357421875
G1 X83.84765625 Y66.4453125
G1 X83.935546875 Y66.4453125
G0 X81.650390625 Y66.357421875
G1 X81.650390625 Y66.357421875
G0 X11.953125 Y66.357421875
G1 X11.953125 Y66.357421875
G0 X8.7890625 Y66.357421875
G1 X8.7890625 Y66.357421875
G1 X8.876953125 Y66.4453125
G1 X8.876953125 Y66.357421875
G0 X84.111328125 Y66.26953125
G1 X84.111328125 Y66.26953125
G0 X83.583984375 Y66.26953125
G1 X83.583984375 Y66.26953125
G1 X83.671875 Y66.26953125
G0 X82.96875 Y66.26953125
G1 X82.96875 Y66.26953125
G1 X83.056640625 Y66.26953125
G0 X81.03515625 Y66.26953125
G1 X81.03515625 Y66.26953125
G0 X7.03125 Y66.26953125
G1 X7.03125 Y66.26953125
G1 X7.03125 Y66.357421875
G1 X7.119140625 Y66.357421875
G1 X7.119140625 Y66.26953125
G0 X83.408203125 Y66.181640625
G1 X83.408203125 Y66.181640625
G1 X83.408203125 Y66.357421875
G1 X83.49609375 Y66.4453125
G1 X83.583984375 Y66.4453125
G1 X83.49609375 Y66.4453125
G1 X83.408203125 Y66.357421875
G0 X81.73828125 Y66.181640625
G1 X81.73828125 Y66.181640625
G1 X81.826171875 Y66.181640625
G0 X81.474609375 Y66.181640625
G1 X81.474609375 Y66.181640625
G1 X81.38671875 Y66.26953125
G1 X81.38671875 Y66.357421875
G1 X81.474609375 Y66.4453125
G1 X81.474609375 Y66.533203125
G1 X81.474609375 Y66.4453125
G1 X81.38671875 Y66.357421875
G1 X81.474609375 Y66.26953125
G0 X84.7265625 Y66.09375
G1 X84.7265625 Y66.09375
G1 X84.814453125 Y66.09375
G0 X83.759765625 Y66.09375
G1 X83.759765625 Y66.09375
G1 X83.84765625 Y66.09375
G0 X83.232421875 Y66.09375
G1 X83.232421875 Y66.09375
G1 X83.232421875 Y66.181640625
G0 X82.265625 Y66.09375
G1 X82.265625 Y66.09375
G0 X81.2109375 Y66.09375
G1 X81.2109375 Y66.09375
G1 X81.298828125 Y66.09375
G0 X8.7890625 Y66.09375
G1 X8.7890625 Y66.09375
G1 X8.876953125 Y66.09375
G0 X84.55078125 Y66.005859375
G1 X84.55078125 Y66.005859375
G0 X84.19921875 Y66.005859375
G1 X84.19921875 Y66.005859375
G1 X84.287109375 Y66.09375
G0 X83.49609375 Y66.005859375
G1 X83.49609375 Y66.005859375
G0 X82.96875 Y66.005859375
G1 X82.96875 Y66.005859375
G0 X81.474609375 Y66.005859375
G1 X81.474609375 Y66.005859375
G1 X81.5625 Y66.005859375
G0 X7.646484375 Y66.005859375
G1 X7.646484375 Y66.005859375
G1 X7.734375 Y66.005859375
G1 X7.822265625 Y66.09375
G1 X7.646484375 Y66.26953125
G1 X7.734375 Y66.26953125
G1 X7.734375 Y66.181640625
G1 X7.822265625 Y66.09375
G1 X7.734375 Y66.005859375
G0 X81.123046875 Y65.91796875
G1 X81.123046875 Y65.91796875
G0 X17.138671875 Y65.91796875
G1 X17.138671875 Y65.91796875
G0 X85.166015625 Y65.830078125
G1 X85.166015625 Y65.830078125
G1 X84.990234375 Y66.005859375
G1 X84.990234375 Y66.09375
G1 X84.990234375 Y66.005859375
G1 X85.078125 Y65.91796875
G1 X85.166015625 Y65.91796875
G1 X85.25390625 Y65.830078125
G0 X84.7265625 Y65.830078125
G1 X84.7265625 Y65.830078125
G1 X84.814453125 Y65.830078125
G0 X84.375 Y65.830078125
G1 X84.375 Y65.830078125
G0 X83.759765625 Y65.830078125
G1 X83.759765625 Y65.830078125
G1 X83.84765625 Y65.830078125
G0 X82.79296875 Y65.830078125
G1 X82.79296875 Y65.830078125
G0 X7.998046875 Y65.830078125
G1 X7.998046875 Y65.830078125
G0 X7.3828125 Y65.830078125
G1 X7.3828125 Y65.830078125
G1 X7.3828125 Y65.91796875
G1 X7.470703125 Y66.005859375
G1 X7.470703125 Y66.09375
G1 X7.3828125 Y66.181640625
G1 X7.294921875 Y66.181640625
G1 X7.470703125 Y66.357421875
G1 X7.470703125 Y66.4453125
G1 X7.3828125 Y66.533203125
G1 X7.470703125 Y66.533203125
G1 X7.470703125 Y66.26953125
G1 X7.3828125 Y66.181640625
G1 X7.470703125 Y66.09375
G1 X7.470703125 Y66.005859375
G1 X7.3828125 Y65.91796875
G0 X84.0234375 Y65.7421875
G1 X84.0234375 Y65.7421875
G0 X17.314453125 Y65.7421875
G1 X17.314453125 Y65.7421875
G0 X16.962890625 Y65.7421875
G1 X16.962890625 Y65.7421875
G0 X8.876953125 Y65.7421875
G1 X8.876953125 Y65.7421875
G0 X7.119140625 Y65.7421875
G1 X7.119140625 Y65.7421875
G1 X7.03125 Y65.830078125
G1 X7.03125 Y66.09375
G1 X7.119140625 Y66.09375
G1 X7.119140625 Y66.005859375
G1 X7.03125 Y65.91796875
G1 X7.20703125 Y65.7421875
G0 X82.96875 Y65.654296875
G1 X82.96875 Y65.654296875
G1 X82.96875 Y65.7421875
G0 X81.5625 Y65.654296875
G1 X81.5625 Y65.654296875
G1 X81.474609375 Y65.7421875
G1 X81.5625 Y65.7421875
G0 X7.822265625 Y65.654296875
G1 X7.822265625 Y65.654296875
G0 X7.646484375 Y65.654296875
G1 X7.646484375 Y65.654296875
G1 X7.646484375 Y65.7421875
G0 X84.638671875 Y65.56640625
G1 X84.638671875 Y65.56640625
G1 X84.55078125 Y65.654296875
G0 X84.19921875 Y65.56640625
G1 X84.19921875 Y65.56640625
G1 X84.19921875 Y65.654296875
G1 X84.287109375 Y65.654296875
G1 X84.375 Y65.56640625
G0 X81.298828125 Y65.56640625
G1 X81.298828125 Y65.56640625
G0 X7.998046875 Y65.56640625
G1 X7.998046875 Y65.56640625
G0 X7.3828125 Y65.56640625
G1 X7.3828125 Y65.56640625
G1 X7.3828125 Y65.654296875
G0 X83.759765625 Y65.478515625
G1 X83.759765625 Y65.478515625
G1 X83.84765625 Y65.56640625
G0 X82.96875 Y65.478515625
G1 X82.96875 Y65.478515625
G0 X7.646484375 Y65.478515625
G1 X7.646484375 Y65.478515625
G1 X7.734375 Y65.478515625
G0 X81.73828125 Y65.390625
G1 X81.73828125 Y65.390625
G0 X81.474609375 Y65.390625
G1 X81.474609375 Y65.390625
G0 X16.435546875 Y65.390625
G1 X16.435546875 Y65.390625
G0 X85.341796875 Y65.302734375
G1 X85.341796875 Y65.302734375
G1 X85.341796875 Y65.390625
G1 X85.4296875 Y65.390625
G0 X84.7265625 Y65.302734375
G1 X84.7265625 Y65.302734375
G1 X84.638671875 Y65.390625
G1 X84.462890625 Y65.390625
G1 X84.638671875 Y65.390625
G1 X84.7265625 Y65.302734375
G1 X84.814453125 Y65.390625
G1 X84.90234375 Y65.302734375
G1 X84.990234375 Y65.390625
G1 X84.990234375 Y65.478515625
G1 X84.90234375 Y65.56640625
G1 X84.90234375 Y65.654296875
G1 X84.990234375 Y65.654296875
G1 X84.90234375 Y65.56640625
G1 X85.078125 Y65.390625
G1 X84.990234375 Y65.302734375
G0 X84.19921875 Y65.302734375
G1 X84.19921875 Y65.302734375
G0 X84.0234375 Y65.302734375
G1 X84.0234375 Y65.302734375
G0 X83.056640625 Y65.302734375
G1 X83.056640625 Y65.302734375
G0 X9.052734375 Y65.302734375
G1 X9.052734375 Y65.302734375
G0 X7.91015625 Y65.302734375
G1 X7.91015625 Y65.302734375
G0 X7.3828125 Y65.302734375
G1 X7.3828125 Y65.302734375
G1 X7.3828125 Y65.390625
G0 X84.55078125 Y65.21484375
G1 X84.55078125 Y65.21484375
G0 X83.84765625 Y65.21484375
G1 X83.84765625 Y65.21484375
G0 X16.171875 Y65.21484375
G1 X16.171875 Y65.21484375
G0 X8.701171875 Y65.21484375
G1 X8.701171875 Y65.21484375
G0 X85.166015625 Y65.126953125
G1 X85.166015625 Y65.126953125
G1 X85.166015625 Y65.21484375
G0 X83.14453125 Y65.126953125
G1 X83.14453125 Y65.126953125
G0 X81.5625 Y65.126953125
G1 X81.5625 Y65.126953125
G1 X81.474609375 Y65.21484375
G1 X81.5625 Y65.126953125
G1 X81.650390625 Y65.21484375
G1 X81.73828125 Y65.21484375
G1 X81.650390625 Y65.21484375
G0 X16.611328125 Y65.126953125
G1 X16.611328125 Y65.126953125
G0 X84.638671875 Y65.0390625
G1 X84.638671875 Y65.0390625
G1 X84.90234375 Y65.0390625
G0 X84.111328125 Y65.0390625
G1 X84.111328125 Y65.0390625
G0 X82.880859375 Y65.0390625
G1 X82.880859375 Y65.0390625
G0 X81.73828125 Y65.0390625
G1 X81.73828125 Y65.0390625
G1 X81.9140625 Y65.0390625
G1 X82.001953125 Y65.126953125
G1 X82.001953125 Y65.21484375
G1 X82.08984375 Y65.126953125
G1 X82.08984375 Y65.0390625
G0 X81.298828125 Y65.0390625
G1 X81.298828125 Y65.0390625
G0 X85.341796875 Y64.951171875
G1 X85.341796875 Y64.951171875
G0 X9.052734375 Y64.951171875
G1 X9.052734375 Y64.951171875
G0 X84.287109375 Y64.86328125
G1 X84.287109375 Y64.86328125
G0 X83.3203125 Y64.86328125
G1 X83.3203125 Y64.86328125
G1 X83.408203125 Y64.86328125
G0 X83.056640625 Y64.86328125
G1 X83.056640625 Y64.86328125
G1 X83.14453125 Y64.86328125
G0 X82.177734375 Y64.86328125
G1 X82.177734375 Y64.86328125
G0 X81.474609375 Y64.86328125
G1 X81.474609375 Y64.86328125
G1 X81.5625 Y64.86328125
G0 X7.998046875 Y64.86328125
G1 X7.998046875 Y64.86328125
G0 X85.60546875 Y64.775390625
G1 X85.60546875 Y64.775390625
G0 X82.79296875 Y64.775390625
G1 X82.79296875 Y64.775390625
G0 X7.646484375 Y64.775390625
G1 X7.646484375 Y64.775390625
G1 X7.55859375 Y64.86328125
G1 X7.734375 Y64.86328125
G1 X7.734375 Y64.775390625
G0 X85.341796875 Y64.6875
G1 X85.341796875 Y64.6875
G1 X85.4296875 Y64.6875
G0 X84.90234375 Y64.6875
G1 X84.90234375 Y64.6875
G0 X84.462890625 Y64.6875
G1 X84.462890625 Y64.6875
G0 X82.265625 Y64.6875
G1 X82.265625 Y64.6875
G0 X81.650390625 Y64.6875
G1 X81.650390625 Y64.6875
G0 X8.96484375 Y64.6875
G1 X8.96484375 Y64.6875
G1 X9.052734375 Y64.6875
G0 X8.173828125 Y64.6875
G1 X8.173828125 Y64.6875
G0 X85.078125 Y64.599609375
G1 X85.078125 Y64.599609375
G0 X84.7265625 Y64.599609375
G1 X84.7265625 Y64.599609375
G0 X84.19921875 Y64.599609375
G1 X84.19921875 Y64.599609375
G0 X83.3203125 Y64.599609375
G1 X83.3203125 Y64.599609375
G0 X83.056640625 Y64.599609375
G1 X83.056640625 Y64.599609375
G1 X83.14453125 Y64.599609375
G0 X82.001953125 Y64.599609375
G1 X82.001953125 Y64.599609375
G1 X82.001953125 Y64.6875
G1 X81.9140625 Y64.775390625
G1 X81.826171875 Y64.775390625
G1 X81.826171875 Y64.86328125
G1 X81.9140625 Y64.86328125
G1 X81.9140625 Y64.775390625
G1 X82.001953125 Y64.6875
G0 X7.294921875 Y64.599609375
G1 X7.294921875 Y64.599609375
G1 X7.3828125 Y64.599609375
G0 X85.60546875 Y64.51171875
G1 X85.60546875 Y64.51171875
G1 X85.693359375 Y64.599609375
G0 X82.79296875 Y64.51171875
G1 X82.79296875 Y64.51171875
G0 X81.73828125 Y64.51171875
G1 X81.73828125 Y64.51171875
G1 X81.826171875 Y64.599609375
G1 X81.826171875 Y64.51171875
G0 X15.908203125 Y64.51171875
G1 X15.908203125 Y64.51171875
G1 X16.083984375 Y64.6875
G1 X16.083984375 Y64.775390625
G1 X16.171875 Y64.775390625
G1 X16.435546875 Y65.0390625
G0 X15.380859375 Y64.51171875
G1 X15.380859375 Y64.51171875
G0 X7.646484375 Y64.51171875
G1 X7.646484375 Y64.51171875
G1 X7.646484375 Y64.599609375
G1 X7.822265625 Y64.599609375
G1 X7.734375 Y64.599609375
G0 X85.341796875 Y64.423828125
G1 X85.341796875 Y64.423828125
G0 X82.177734375 Y64.423828125
G1 X82.177734375 Y64.423828125
G0 X9.404296875 Y64.423828125
G1 X9.404296875 Y64.423828125
G0 X9.052734375 Y64.423828125
G1 X9.052734375 Y64.423828125
G0 X8.7890625 Y64.423828125
G1 X8.7890625 Y64.423828125
G0 X85.517578125 Y64.3359375
G1 X85.517578125 Y64.3359375
G0 X83.3203125 Y64.3359375
G1 X83.3203125 Y64.3359375
G1 X83.408203125 Y64.3359375
G0 X81.9140625 Y64.3359375
G1 X81.9140625 Y64.3359375
G0 X81.474609375 Y64.3359375
G1 X81.474609375 Y64.3359375
G0 X15.64453125 Y64.3359375
G1 X15.64453125 Y64.3359375
G1 X15.732421875 Y64.423828125
G0 X85.341796875 Y64.248046875
G1 X85.341796875 Y64.248046875
G0 X84.19921875 Y64.248046875
G1 X84.19921875 Y64.248046875
G0 X7.646484375 Y64.248046875
G1 X7.646484375 Y64.248046875
G1 X7.55859375 Y64.3359375
G1 X7.734375 Y64.3359375
G1 X7.734375 Y64.248046875
G0 X83.671875 Y64.16015625
G1 X83.671875 Y64.16015625
G0 X82.44140625 Y64.16015625
G1 X82.44140625 Y64.16015625
G1 X82.44140625 Y64.423828125
G1 X82.529296875 Y64.51171875
G1 X82.6171875 Y64.51171875
G1 X82.44140625 Y64.3359375
G1 X82.529296875 Y64.248046875
G1 X82.529296875 Y64.16015625
G0 X81.826171875 Y64.16015625
G1 X81.826171875 Y64.16015625
G1 X81.73828125 Y64.248046875
G0 X81.2109375 Y64.16015625
G1 X81.2109375 Y64.16015625
G0 X7.3828125 Y64.16015625
G1 X7.3828125 Y64.16015625
G1 X7.20703125 Y64.3359375
G1 X7.294921875 Y64.3359375
G1 X7.3828125 Y64.248046875
G0 X15.64453125 Y64.072265625
G1 X15.64453125 Y64.072265625
G0 X85.25390625 Y63.984375
G1 X85.25390625 Y63.984375
G1 X85.341796875 Y63.984375
G0 X82.96875 Y63.984375
G1 X82.96875 Y63.984375
G0 X81.474609375 Y63.984375
G1 X81.474609375 Y63.984375
G0 X81.298828125 Y63.984375
G1 X81.298828125 Y63.984375
G0 X14.853515625 Y63.984375
G1 X14.853515625 Y63.984375
G0 X84.19921875 Y63.896484375
G1 X84.19921875 Y63.896484375
G0 X82.265625 Y63.896484375
G1 X82.265625 Y63.896484375
G1 X82.265625 Y63.984375
G1 X82.177734375 Y64.072265625
G1 X82.08984375 Y64.072265625
G1 X82.001953125 Y64.16015625
G1 X82.08984375 Y64.16015625
G1 X82.177734375 Y64.248046875
G1 X82.265625 Y64.248046875
G1 X82.177734375 Y64.16015625
G1 X82.177734375 Y64.072265625
G1 X82.265625 Y63.984375
G0 X16.875 Y63.896484375
G1 X16.875 Y63.896484375
G0 X15.556640625 Y63.896484375
G1 X15.556640625 Y63.896484375
G0 X9.404296875 Y63.896484375
G1 X9.404296875 Y63.896484375
G0 X81.474609375 Y63.80859375
G1 X81.474609375 Y63.80859375
G1 X81.5625 Y63.80859375
G0 X9.052734375 Y63.80859375
G1 X9.052734375 Y63.80859375
G0 X85.166015625 Y63.720703125
G1 X85.166015625 Y63.720703125
G0 X84.7265625 Y63.720703125
G1 X84.7265625 Y63.720703125
G0 X84.287109375 Y63.720703125
G1 X84.287109375 Y63.720703125
G0 X81.298828125 Y63.720703125
G1 X81.298828125 Y63.720703125
G0 X85.60546875 Y63.6328125
G1 X85.60546875 Y63.6328125
G0 X84.111328125 Y63.6328125
G1 X84.111328125 Y63.6328125
G0 X82.177734375 Y63.6328125
G1 X82.177734375 Y63.6328125
G1 X82.177734375 Y63.720703125
G1 X82.08984375 Y63.80859375
G1 X82.001953125 Y63.80859375
G1 X81.9140625 Y63.896484375
G1 X81.826171875 Y63.896484375
G1 X81.73828125 Y63.984375
G1 X81.826171875 Y63.896484375
G1 X81.9140625 Y63.896484375
G1 X82.001953125 Y63.80859375
G1 X82.08984375 Y63.80859375
G1 X82.177734375 Y63.720703125
G0 X8.173828125 Y63.6328125
G1 X8.173828125 Y63.6328125
G0 X82.44140625 Y63.544921875
G1 X82.44140625 Y63.544921875
G1 X82.44140625 Y63.896484375
G1 X82.6171875 Y63.896484375
G1 X82.529296875 Y63.896484375
G1 X82.44140625 Y63.80859375
G1 X82.44140625 Y63.720703125
G1 X82.529296875 Y63.6328125
G1 X82.529296875 Y63.544921875
G0 X81.826171875 Y63.544921875
G1 X81.826171875 Y63.544921875
G1 X81.73828125 Y63.6328125
G1 X81.826171875 Y63.6328125
G0 X16.787109375 Y63.544921875
G1 X16.787109375 Y63.544921875
G0 X15.029296875 Y63.544921875
G1 X15.029296875 Y63.544921875
G0 X14.4140625 Y63.544921875
G1 X14.4140625 Y63.544921875
G0 X82.79296875 Y63.45703125
G1 X82.79296875 Y63.45703125
G0 X9.140625 Y63.45703125
G1 X9.140625 Y63.45703125
G1 X9.052734375 Y63.544921875
G1 X9.052734375 Y63.6328125
G1 X9.052734375 Y63.544921875
G0 X8.349609375 Y63.45703125
G1 X8.349609375 Y63.45703125
G0 X85.4296875 Y63.369140625
G1 X85.4296875 Y63.369140625
G0 X82.353515625 Y63.369140625
G1 X82.353515625 Y63.369140625
G1 X82.265625 Y63.45703125
G0 X82.001953125 Y63.369140625
G1 X82.001953125 Y63.369140625
G1 X82.001953125 Y63.45703125
G0 X15.380859375 Y63.369140625
G1 X15.380859375 Y63.369140625
G0 X14.94140625 Y63.369140625
G1 X14.94140625 Y63.369140625
G0 X14.23828125 Y63.369140625
G1 X14.23828125 Y63.369140625
G0 X84.287109375 Y63.28125
G1 X84.287109375 Y63.28125
G1 X84.375 Y63.28125
G0 X82.529296875 Y63.28125
G1 X82.529296875 Y63.28125
G1 X82.6171875 Y63.28125
G0 X8.26171875 Y63.28125
G1 X8.26171875 Y63.28125
G0 X85.60546875 Y63.193359375
G1 X85.60546875 Y63.193359375
G1 X85.693359375 Y63.28125
G1 X85.693359375 Y63.369140625
G1 X85.78125 Y63.369140625
G1 X85.78125 Y63.28125
G1 X85.693359375 Y63.28125
G0 X82.96875 Y63.193359375
G1 X82.96875 Y63.193359375
G0 X82.177734375 Y63.193359375
G1 X82.177734375 Y63.193359375
G0 X81.73828125 Y63.193359375
G1 X81.73828125 Y63.193359375
G0 X81.38671875 Y63.193359375
G1 X81.38671875 Y63.193359375
G0 X16.611328125 Y63.193359375
G1 X16.611328125 Y63.193359375
G0 X15.380859375 Y63.193359375
G1 X15.380859375 Y63.193359375
G0 X14.4140625 Y63.193359375
G1 X14.4140625 Y63.193359375
G1 X15.380859375 Y64.16015625
G1 X15.46875 Y64.16015625
G1 X15.380859375 Y64.16015625
G1 X15.205078125 Y63.984375
G1 X15.205078125 Y63.896484375
G1 X15.1171875 Y63.896484375
G1 X14.501953125 Y63.28125
G1 X14.501953125 Y63.193359375
G0 X13.974609375 Y63.193359375
G1 X13.974609375 Y63.193359375
G0 X85.341796875 Y63.10546875
G1 X85.341796875 Y63.10546875
G0 X85.693359375 Y63.017578125
G1 X85.693359375 Y63.017578125
G0 X82.265625 Y63.017578125
G1 X82.265625 Y63.017578125
G1 X82.353515625 Y63.017578125
G1 X82.44140625 Y63.10546875
G1 X82.529296875 Y63.10546875
G1 X82.529296875 Y63.017578125
G1 X82.44140625 Y63.10546875
G1 X82.353515625 Y63.017578125
G0 X82.001953125 Y63.017578125
G1 X82.001953125 Y63.017578125
G0 X85.4296875 Y62.9296875
G1 X85.4296875 Y62.9296875
G1 X85.517578125 Y62.9296875
G0 X84.990234375 Y62.9296875
G1 X84.990234375 Y62.9296875
G0 X82.705078125 Y62.9296875
G1 X82.705078125 Y62.9296875
G0 X8.349609375 Y62.9296875
G1 X8.349609375 Y62.9296875
G0 X82.96875 Y62.841796875
G1 X82.96875 Y62.841796875
G0 X81.826171875 Y62.841796875
G1 X81.826171875 Y62.841796875
G0 X14.4140625 Y62.841796875
G1 X14.4140625 Y62.841796875
G0 X8.701171875 Y62.841796875
G1 X8.701171875 Y62.841796875
G0 X85.693359375 Y62.75390625
G1 X85.693359375 Y62.75390625
G0 X85.25390625 Y62.75390625
G1 X85.25390625 Y62.75390625
G0 X82.44140625 Y62.75390625
G1 X82.44140625 Y62.75390625
G0 X82.177734375 Y62.75390625
G1 X82.177734375 Y62.75390625
G1 X82.08984375 Y62.841796875
G1 X82.177734375 Y62.841796875
G0 X81.5625 Y62.75390625
G1 X81.5625 Y62.75390625
G0 X13.798828125 Y62.75390625
G1 X13.798828125 Y62.75390625
G0 X84.814453125 Y62.666015625
G1 X84.814453125 Y62.666015625
G0 X15.29296875 Y62.666015625
G1 X15.29296875 Y62.666015625
G0 X14.23828125 Y62.666015625
G1 X14.23828125 Y62.666015625
G0 X8.349609375 Y62.666015625
G1 X8.349609375 Y62.666015625
G0 X85.517578125 Y62.578125
G1 X85.517578125 Y62.578125
G0 X85.166015625 Y62.578125
G1 X85.166015625 Y62.578125
G0 X82.79296875 Y62.578125
G1 X82.79296875 Y62.578125
G0 X82.001953125 Y62.578125
G1 X82.001953125 Y62.578125
G0 X81.650390625 Y62.578125
G1 X81.650390625 Y62.578125
G0 X15.64453125 Y62.578125
G1 X15.64453125 Y62.578125
G0 X85.78125 Y62.490234375
G1 X85.78125 Y62.490234375
G1 X85.78125 Y62.578125
G1 X85.869140625 Y62.578125
G1 X85.869140625 Y62.490234375
G0 X84.814453125 Y62.490234375
G1 X84.814453125 Y62.490234375
G0 X81.826171875 Y62.490234375
G1 X81.826171875 Y62.490234375
G0 X15.46875 Y62.490234375
G1 X15.46875 Y62.490234375
G0 X85.25390625 Y62.40234375
G1 X85.25390625 Y62.40234375
G0 X83.232421875 Y62.40234375
G1 X83.232421875 Y62.40234375
G0 X82.001953125 Y62.314453125
G1 X82.001953125 Y62.314453125
G1 X82.001953125 Y62.40234375
G0 X14.0625 Y62.314453125
G1 X14.0625 Y62.314453125
G0 X8.701171875 Y62.314453125
G1 X8.701171875 Y62.314453125
G0 X7.91015625 Y62.314453125
G1 X7.91015625 Y62.314453125
G0 X85.166015625 Y62.2265625
G1 X85.166015625 Y62.2265625
G0 X82.44140625 Y62.2265625
G1 X82.44140625 Y62.2265625
G1 X82.44140625 Y62.314453125
G1 X82.265625 Y62.490234375
G1 X82.177734375 Y62.490234375
G1 X82.265625 Y62.490234375
G1 X82.44140625 Y62.314453125
G1 X82.529296875 Y62.314453125
G1 X82.6171875 Y62.40234375
G1 X82.529296875 Y62.490234375
G1 X82.529296875 Y62.578125
G1 X82.529296875 Y62.490234375
G1 X82.6171875 Y62.40234375
G0 X15.380859375 Y62.2265625
G1 X15.380859375 Y62.2265625
G0 X14.4140625 Y62.2265625
G1 X14.4140625 Y62.2265625
G0 X84.814453125 Y62.138671875
G1 X84.814453125 Y62.138671875
G0 X82.705078125 Y62.138671875
G1 X82.705078125 Y62.138671875
G1 X82.79296875 Y62.2265625
G0 X82.177734375 Y62.138671875
G1 X82.177734375 Y62.138671875
G0 X14.853515625 Y62.138671875
G1 X14.853515625 Y62.138671875
G0 X13.88671875 Y62.138671875
G1 X13.88671875 Y62.138671875
G0 X8.26171875 Y62.138671875
G1 X8.26171875 Y62.138671875
G0 X85.78125 Y62.05078125
G1 X85.78125 Y62.05078125
G1 X85.693359375 Y62.138671875
G1 X85.693359375 Y62.2265625
G1 X85.693359375 Y62.138671875
G1 X85.78125 Y62.05078125
G1 X85.869140625 Y62.05078125
G0 X15.205078125 Y62.05078125
G1 X15.205078125 Y62.05078125
G0 X14.677734375 Y62.05078125
G1 X14.677734375 Y62.05078125
G0 X14.150390625 Y62.05078125
G1 X14.150390625 Y62.05078125
G0 X10.8984375 Y62.05078125
G1 X10.8984375 Y62.05078125
G0 X8.701171875 Y62.05078125
G1 X8.701171875 Y62.05078125
G0 X7.91015625 Y62.05078125
G1 X7.91015625 Y62.05078125
G0 X82.529296875 Y61.962890625
G1 X82.529296875 Y61.962890625
G0 X13.7109375 Y61.962890625
G1 X13.7109375 Y61.962890625
G0 X86.044921875 Y61.875
G1 X86.044921875 Y61.875
G0 X85.693359375 Y61.875
G1 X85.693359375 Y61.875
G0 X84.814453125 Y61.875
G1 X84.814453125 Y61.875
G0 X82.08984375 Y61.875
G1 X82.08984375 Y61.875
G0 X14.326171875 Y61.875
G1 X14.326171875 Y61.875
G0 X85.4296875 Y61.787109375
G1 X85.4296875 Y61.787109375
G0 X12.919921875 Y61.787109375
G1 X12.919921875 Y61.787109375
G0 X8.701171875 Y61.787109375
G1 X8.701171875 Y61.787109375
G0 X81.9140625 Y61.69921875
G1 X81.9140625 Y61.69921875
G0 X15.1171875 Y61.69921875
G1 X15.1171875 Y61.69921875
G0 X8.349609375 Y61.69921875
G1 X8.349609375 Y61.69921875
G1 X8.26171875 Y61.787109375
G1 X8.26171875 Y61.962890625
G1 X8.26171875 Y61.875
G1 X8.349609375 Y61.787109375
G0 X85.166015625 Y61.611328125
G1 X85.166015625 Y61.611328125
G0 X82.08984375 Y61.611328125
G1 X82.08984375 Y61.611328125
G1 X82.177734375 Y61.611328125
G0 X85.60546875 Y61.5234375
G1 X85.60546875 Y61.5234375
G1 X85.693359375 Y61.611328125
G1 X85.693359375 Y61.5234375
G0 X84.814453125 Y61.5234375
G1 X84.814453125 Y61.5234375
G1 X84.90234375 Y61.5234375
G0 X82.529296875 Y61.5234375
G1 X82.529296875 Y61.5234375
G0 X81.826171875 Y61.5234375
G1 X81.826171875 Y61.5234375
G0 X14.677734375 Y61.5234375
G1 X14.677734375 Y61.5234375
G0 X13.88671875 Y61.5234375
G1 X13.88671875 Y61.5234375
G0 X12.744140625 Y61.5234375
G1 X12.744140625 Y61.5234375
G0 X85.341796875 Y61.435546875
G1 X85.341796875 Y61.435546875
G0 X13.271484375 Y61.435546875
G1 X13.271484375 Y61.435546875
G0 X8.96484375 Y61.435546875
G1 X8.96484375 Y61.435546875
G0 X8.349609375 Y61.435546875
G1 X8.349609375 Y61.435546875
G1 X8.26171875 Y61.5234375
G1 X8.173828125 Y61.5234375
G1 X8.26171875 Y61.5234375
G0 X83.408203125 Y61.34765625
G1 X83.408203125 Y61.34765625
G0 X82.08984375 Y61.34765625
G1 X82.08984375 Y61.34765625
G0 X15.556640625 Y61.34765625
G1 X15.556640625 Y61.34765625
G0 X9.140625 Y61.34765625
G1 X9.140625 Y61.34765625
G0 X84.814453125 Y61.259765625
G1 X84.814453125 Y61.259765625
G1 X84.814453125 Y61.34765625
G1 X84.90234375 Y61.34765625
G0 X13.18359375 Y61.259765625
G1 X13.18359375 Y61.259765625
G0 X8.701171875 Y61.259765625
G1 X8.701171875 Y61.259765625
G0 X8.26171875 Y61.259765625
G1 X8.26171875 Y61.259765625
G1 X8.349609375 Y61.259765625
G0 X85.25390625 Y61.171875
G1 X85.25390625 Y61.171875
G1 X85.341796875 Y61.171875
G0 X14.677734375 Y61.171875
G1 X14.677734375 Y61.171875
G0 X11.07421875 Y61.171875
G1 X11.07421875 Y61.171875
G0 X10.634765625 Y61.171875
G1 X10.634765625 Y61.171875
G0 X10.283203125 Y61.171875
G1 X10.283203125 Y61.171875
G0 X9.931640625 Y61.171875
G1 X9.931640625 Y61.171875
G0 X85.693359375 Y61.083984375
G1 X85.693359375 Y61.083984375
G1 X85.693359375 Y61.171875
G0 X85.078125 Y61.083984375
G1 X85.078125 Y61.083984375
G0 X84.814453125 Y61.083984375
G1 X84.814453125 Y61.083984375
G1 X84.90234375 Y61.083984375
G0 X15.29296875 Y61.083984375
G1 X15.29296875 Y61.083984375
G0 X14.326171875 Y61.083984375
G1 X14.326171875 Y61.083984375
G1 X14.326171875 Y61.171875
G0 X8.0859375 Y61.083984375
G1 X8.0859375 Y61.083984375
G0 X14.150390625 Y60.99609375
G1 X14.150390625 Y60.99609375
G0 X10.8984375 Y60.99609375
G1 X10.8984375 Y60.99609375
G0 X10.107421875 Y60.99609375
G1 X10.107421875 Y60.99609375
G0 X9.755859375 Y60.99609375
G1 X9.755859375 Y60.99609375
G0 X9.228515625 Y60.99609375
G1 X9.228515625 Y60.99609375
G0 X85.166015625 Y60.908203125
G1 X85.166015625 Y60.908203125
G0 X8.349609375 Y60.908203125
G1 X8.349609375 Y60.908203125
G1 X8.26171875 Y60.99609375
G0 X10.283203125 Y60.8203125
G1 X10.283203125 Y60.8203125
G0 X9.931640625 Y60.8203125
G1 X9.931640625 Y60.8203125
G0 X9.580078125 Y60.8203125
G1 X9.580078125 Y60.8203125
G0 X9.052734375 Y60.8203125
G1 X9.052734375 Y60.8203125
G0 X8.701171875 Y60.8203125
G1 X8.701171875 Y60.8203125
G0 X85.693359375 Y60.732421875
G1 X85.693359375 Y60.732421875
G1 X85.693359375 Y60.8203125
G0 X84.7265625 Y60.732421875
G1 X84.7265625 Y60.732421875
G1 X84.7265625 Y60.8203125
G1 X84.814453125 Y60.8203125
G1 X84.814453125 Y60.732421875
G0 X15.205078125 Y60.732421875
G1 X15.205078125 Y60.732421875
G0 X14.94140625 Y60.732421875
G1 X14.94140625 Y60.732421875
G0 X14.23828125 Y60.732421875
G1 X14.23828125 Y60.732421875
G1 X14.326171875 Y60.8203125
G0 X7.734375 Y60.732421875
G1 X7.734375 Y60.732421875
G1 X7.734375 Y60.8203125
G1 X7.822265625 Y60.908203125
G1 X7.734375 Y60.8203125
G0 X86.044921875 Y60.64453125
G1 X86.044921875 Y60.64453125
G1 X86.044921875 Y60.732421875
G0 X14.677734375 Y60.64453125
G1 X14.677734375 Y60.64453125
G0 X9.755859375 Y60.64453125
G1 X9.755859375 Y60.64453125
G0 X9.404296875 Y60.64453125
G1 X9.404296875 Y60.64453125
G0 X8.525390625 Y60.64453125
G1 X8.525390625 Y60.64453125
G0 X8.26171875 Y60.64453125
G1 X8.26171875 Y60.64453125
G1 X8.26171875 Y60.732421875
G0 X85.166015625 Y60.556640625
G1 X85.166015625 Y60.556640625
G0 X84.90234375 Y60.556640625
G1 X84.90234375 Y60.556640625
G0 X10.37109375 Y60.556640625
G1 X10.37109375 Y60.556640625
G0 X8.701171875 Y60.556640625
G1 X8.701171875 Y60.556640625
G0 X7.55859375 Y60.556640625
G1 X7.55859375 Y60.556640625
G1 X7.55859375 Y60.64453125
G1 X7.646484375 Y60.556640625
G0 X84.0234375 Y60.46875
G1 X84.0234375 Y60.46875
G0 X14.150390625 Y60.46875
G1 X14.150390625 Y60.46875
G0 X9.84375 Y60.46875
G1 X9.84375 Y60.46875
G1 X9.931640625 Y60.46875
G0 X9.580078125 Y60.46875
G1 X9.580078125 Y60.46875
G0 X9.228515625 Y60.46875
G1 X9.228515625 Y60.46875
G0 X8.349609375 Y60.46875
G1 X8.349609375 Y60.46875
G0 X7.91015625 Y60.46875
G1 X7.91015625 Y60.46875
G1 X7.91015625 Y60.64453125
G1 X8.0859375 Y60.8203125
G1 X7.91015625 Y60.64453125
G1 X7.91015625 Y60.556640625
G1 X7.998046875 Y60.46875
G0 X84.990234375 Y60.380859375
G1 X84.990234375 Y60.380859375
G0 X83.583984375 Y60.380859375
G1 X83.583984375 Y60.380859375
G0 X13.623046875 Y60.380859375
G1 X13.623046875 Y60.380859375
G0 X10.1953125 Y60.29296875
G1 X10.1953125 Y60.29296875
G1 X10.1953125 Y60.380859375
G0 X9.404296875 Y60.29296875
G1 X9.404296875 Y60.29296875
G0 X9.052734375 Y60.29296875
G1 X9.052734375 Y60.29296875
G0 X8.0859375 Y60.29296875
G1 X8.0859375 Y60.29296875
G0 X84.814453125 Y60.205078125
G1 X84.814453125 Y60.205078125
G0 X14.765625 Y60.205078125
G1 X14.765625 Y60.205078125
G0 X14.501953125 Y60.205078125
G1 X14.501953125 Y60.205078125
G0 X14.150390625 Y60.205078125
G1 X14.150390625 Y60.205078125
G0 X9.931640625 Y60.205078125
G1 X9.931640625 Y60.205078125
G1 X10.01953125 Y60.29296875
G1 X10.01953125 Y60.205078125
G0 X9.66796875 Y60.205078125
G1 X9.66796875 Y60.205078125
G0 X85.693359375 Y60.1171875
G1 X85.693359375 Y60.1171875
G0 X13.623046875 Y60.1171875
G1 X13.623046875 Y60.1171875
G0 X10.37109375 Y60.1171875
G1 X10.37109375 Y60.1171875
G1 X10.546875 Y60.29296875
G0 X9.228515625 Y60.1171875
G1 X9.228515625 Y60.1171875
G0 X8.876953125 Y60.1171875
G1 X8.876953125 Y60.1171875
G0 X7.91015625 Y60.1171875
G1 X7.91015625 Y60.1171875
G1 X7.998046875 Y60.1171875
G0 X84.990234375 Y60.029296875
G1 X84.990234375 Y60.029296875
G1 X85.078125 Y60.029296875
G0 X10.634765625 Y60.029296875
G1 X10.634765625 Y60.029296875
G0 X10.1953125 Y60.029296875
G1 X10.1953125 Y60.029296875
G0 X9.4921875 Y60.029296875
G1 X9.4921875 Y60.029296875
G0 X8.61328125 Y60.029296875
G1 X8.61328125 Y60.029296875
G1 X8.701171875 Y60.029296875
G0 X9.84375 Y59.94140625
G1 X9.84375 Y59.94140625
G0 X9.052734375 Y59.94140625
G1 X9.052734375 Y59.94140625
G0 X8.349609375 Y59.94140625
G1 X8.349609375 Y59.94140625
G1 X8.26171875 Y60.029296875
G1 X8.349609375 Y60.1171875
G1 X8.26171875 Y60.205078125
G1 X8.349609375 Y60.205078125
G1 X8.349609375 Y60.029296875
G1 X8.4375 Y59.94140625
G0 X85.869140625 Y59.853515625
G1 X85.869140625 Y59.853515625
G0 X84.814453125 Y59.853515625
G1 X84.814453125 Y59.853515625
G0 X11.07421875 Y59.853515625
G1 X11.07421875 Y59.853515625
G0 X10.546875 Y59.853515625
G1 X10.546875 Y59.853515625
G0 X9.66796875 Y59.853515625
G1 X9.66796875 Y59.853515625
G0 X9.31640625 Y59.853515625
G1 X9.31640625 Y59.853515625
G0 X7.998046875 Y59.853515625
G1 X7.998046875 Y59.853515625
G1 X8.0859375 Y59.853515625
G0 X7.646484375 Y59.853515625
G1 X7.646484375 Y59.853515625
G1 X7.646484375 Y59.94140625
G1 X7.734375 Y59.94140625
G1 X7.734375 Y59.853515625
G0 X86.044921875 Y59.765625
G1 X86.044921875 Y59.765625
G0 X85.166015625 Y59.765625
G1 X85.166015625 Y59.765625
G0 X13.974609375 Y59.765625
G1 X13.974609375 Y59.765625
G0 X10.01953125 Y59.765625
G1 X10.01953125 Y59.765625
G0 X8.876953125 Y59.765625
G1 X8.876953125 Y59.765625
G0 X8.525390625 Y59.765625
G1 X8.525390625 Y59.765625
G0 X84.990234375 Y59.677734375
G1 X84.990234375 Y59.677734375
G0 X13.798828125 Y59.677734375
G1 X13.798828125 Y59.677734375
G0 X11.42578125 Y59.677734375
G1 X11.42578125 Y59.677734375
G1 X11.337890625 Y59.765625
G1 X11.42578125 Y59.853515625
G1 X11.513671875 Y59.853515625
G1 X12.65625 Y60.99609375
G1 X12.65625 Y61.083984375
G1 X13.0078125 Y61.435546875
G1 X13.0078125 Y61.5234375
G1 X13.359375 Y61.875
G1 X13.359375 Y61.962890625
G1 X13.447265625 Y61.962890625
G1 X13.53515625 Y62.05078125
G1 X13.53515625 Y62.138671875
G1 X13.798828125 Y62.40234375
G1 X13.798828125 Y62.490234375
G1 X14.0625 Y62.75390625
G1 X14.0625 Y62.841796875
G1 X14.150390625 Y62.841796875
G1 X14.23828125 Y62.9296875
G1 X14.23828125 Y63.017578125
G1 X14.326171875 Y63.017578125
G1 X13.974609375 Y62.666015625
G1 X13.974609375 Y62.578125
G1 X13.623046875 Y62.2265625
G1 X13.623046875 Y62.138671875
G1 X13.18359375 Y61.69921875
G1 X13.18359375 Y61.611328125
G1 X12.744140625 Y61.171875
G1 X12.744140625 Y61.083984375
G1 X12.392578125 Y60.732421875
G1 X12.392578125 Y60.64453125
G1 X12.3046875 Y60.556640625
G1 X12.216796875 Y60.556640625
G1 X11.953125 Y60.29296875
G1 X11.953125 Y60.205078125
G1 X11.513671875 Y59.765625
G1 X11.513671875 Y59.677734375
G0 X10.986328125 Y59.677734375
G1 X10.986328125 Y59.677734375
G0 X9.4921875 Y59.677734375
G1 X9.4921875 Y59.677734375
G0 X9.140625 Y59.677734375
G1 X9.140625 Y59.677734375
G0 X7.03125 Y59.677734375
G1 X7.03125 Y59.677734375
G1 X7.119140625 Y59.677734375
G0 X85.78125 Y59.58984375
G1 X85.78125 Y59.58984375
G1 X85.869140625 Y59.58984375
G0 X10.1953125 Y59.58984375
G1 X10.1953125 Y59.58984375
G1 X10.283203125 Y59.58984375
G0 X8.701171875 Y59.58984375
G1 X8.701171875 Y59.58984375
G1 X8.701171875 Y59.677734375
G0 X85.4296875 Y59.501953125
G1 X85.4296875 Y59.501953125
G0 X84.90234375 Y59.501953125
G1 X84.90234375 Y59.501953125
G1 X84.990234375 Y59.501953125
G0 X13.53515625 Y59.501953125
G1 X13.53515625 Y59.501953125
G0 X9.84375 Y59.501953125
G1 X9.84375 Y59.501953125
G1 X9.84375 Y59.58984375
G0 X9.31640625 Y59.501953125
G1 X9.31640625 Y59.501953125
G1 X9.404296875 Y59.501953125
G0 X8.96484375 Y59.501953125
G1 X8.96484375 Y59.501953125
G0 X8.4375 Y59.501953125
G1 X8.4375 Y59.501953125
G1 X8.26171875 Y59.677734375
G1 X8.26171875 Y59.765625
G1 X8.349609375 Y59.677734375
G1 X8.349609375 Y59.58984375
G1 X8.4375 Y59.501953125
G1 X8.525390625 Y59.501953125
G0 X85.869140625 Y59.4140625
G1 X85.869140625 Y59.4140625
G0 X84.7265625 Y59.4140625
G1 X84.7265625 Y59.4140625
G0 X13.974609375 Y59.4140625
G1 X13.974609375 Y59.4140625
G0 X10.634765625 Y59.4140625
G1 X10.634765625 Y59.4140625
G0 X10.107421875 Y59.4140625
G1 X10.107421875 Y59.4140625
G0 X14.326171875 Y59.326171875
G1 X14.326171875 Y59.326171875
G0 X9.580078125 Y59.326171875
G1 X9.580078125 Y59.326171875
G0 X85.869140625 Y59.23828125
G1 X85.869140625 Y59.23828125
G0 X84.814453125 Y59.23828125
G1 X84.814453125 Y59.23828125
G1 X84.990234375 Y59.23828125
G0 X10.283203125 Y59.23828125
G1 X10.283203125 Y59.23828125
G0 X9.755859375 Y59.23828125
G1 X9.755859375 Y59.23828125
G1 X9.84375 Y59.23828125
G0 X9.228515625 Y59.23828125
G1 X9.228515625 Y59.23828125
G0 X8.26171875 Y59.23828125
G1 X8.26171875 Y59.23828125
G1 X8.26171875 Y59.326171875
G1 X8.173828125 Y59.4140625
G1 X8.0859375 Y59.4140625
G1 X8.173828125 Y59.4140625
G1 X8.26171875 Y59.326171875
G1 X8.349609375 Y59.326171875
G1 X8.349609375 Y59.23828125
G0 X7.998046875 Y59.23828125
G1 X7.998046875 Y59.23828125
G0 X82.705078125 Y59.150390625
G1 X82.705078125 Y59.150390625
G0 X13.623046875 Y59.150390625
G1 X13.623046875 Y59.150390625
G0 X10.107421875 Y59.150390625
G1 X10.107421875 Y59.150390625
G0 X8.96484375 Y59.150390625
G1 X8.96484375 Y59.150390625
G0 X8.61328125 Y59.150390625
G1 X8.61328125 Y59.150390625
G1 X8.61328125 Y59.23828125
G1 X8.701171875 Y59.326171875
G1 X8.7890625 Y59.326171875
G1 X8.701171875 Y59.326171875
G1 X8.61328125 Y59.23828125
G0 X13.271484375 Y59.0625
G1 X13.271484375 Y59.0625
G0 X10.8984375 Y59.0625
G1 X10.8984375 Y59.0625
G1 X10.986328125 Y59.0625
G0 X9.31640625 Y59.0625
G1 X9.31640625 Y59.0625
G0 X7.734375 Y59.0625
G1 X7.734375 Y59.0625
G1 X7.822265625 Y59.150390625
G1 X7.734375 Y59.23828125
G1 X7.646484375 Y59.23828125
G1 X7.822265625 Y59.4140625
G1 X7.734375 Y59.501953125
G1 X7.734375 Y59.58984375
G1 X7.822265625 Y59.677734375
G1 X7.91015625 Y59.677734375
G1 X7.998046875 Y59.58984375
G1 X7.91015625 Y59.677734375
G1 X7.822265625 Y59.677734375
G1 X7.734375 Y59.58984375
G1 X7.734375 Y59.501953125
G1 X7.822265625 Y59.4140625
G1 X7.734375 Y59.326171875
G1 X7.734375 Y59.23828125
G1 X7.822265625 Y59.150390625
G1 X7.822265625 Y59.0625
G0 X85.95703125 Y58.974609375
G1 X85.95703125 Y58.974609375
G0 X85.693359375 Y58.974609375
G1 X85.693359375 Y58.974609375
G0 X10.283203125 Y58.974609375
G1 X10.283203125 Y58.974609375
G0 X9.66796875 Y58.974609375
G1 X9.66796875 Y58.974609375
G1 X9.755859375 Y58.974609375
G0 X9.140625 Y58.974609375
G1 X9.140625 Y58.974609375
G0 X8.701171875 Y58.974609375
G1 X8.701171875 Y58.974609375
G1 X8.7890625 Y58.974609375
G0 X84.90234375 Y58.88671875
G1 X84.90234375 Y58.88671875
G1 X84.90234375 Y58.974609375
G1 X85.078125 Y58.974609375
G1 X84.990234375 Y58.88671875
G0 X13.623046875 Y58.88671875
G1 X13.623046875 Y58.88671875
G0 X10.01953125 Y58.88671875
G1 X10.01953125 Y58.88671875
G0 X86.044921875 Y58.798828125
G1 X86.044921875 Y58.798828125
G0 X85.4296875 Y58.798828125
G1 X85.4296875 Y58.798828125
G1 X85.517578125 Y58.798828125
G0 X85.078125 Y58.7109375
G1 X85.078125 Y58.7109375
G1 X85.166015625 Y58.7109375
G0 X84.7265625 Y58.7109375
G1 X84.7265625 Y58.7109375
G1 X84.814453125 Y58.7109375
G0 X13.798828125 Y58.7109375
G1 X13.798828125 Y58.7109375
G0 X13.447265625 Y58.7109375
G1 X13.447265625 Y58.7109375
G0 X10.986328125 Y58.7109375
G1 X10.986328125 Y58.7109375
G0 X10.1953125 Y58.7109375
G1 X10.1953125 Y58.7109375
G0 X9.84375 Y58.7109375
G1 X9.84375 Y58.7109375
G1 X9.931640625 Y58.7109375
G0 X9.4921875 Y58.7109375
G1 X9.4921875 Y58.7109375
G1 X9.580078125 Y58.798828125
G1 X9.580078125 Y58.7109375
G0 X8.61328125 Y58.7109375
G1 X8.61328125 Y58.7109375
G1 X8.701171875 Y58.798828125
G1 X8.701171875 Y58.7109375
G0 X8.349609375 Y58.7109375
G1 X8.349609375 Y58.7109375
G1 X8.26171875 Y58.798828125
G1 X8.173828125 Y58.798828125
G1 X8.173828125 Y58.88671875
G1 X8.0859375 Y58.974609375
G1 X8.0859375 Y59.0625
G1 X8.0859375 Y58.974609375
G1 X8.173828125 Y58.88671875
G1 X8.26171875 Y58.88671875
G1 X8.349609375 Y58.974609375
G1 X8.349609375 Y59.0625
G1 X8.4375 Y59.0625
G1 X8.349609375 Y58.974609375
G1 X8.4375 Y58.88671875
G1 X8.525390625 Y58.88671875
G1 X8.4375 Y58.88671875
G1 X8.349609375 Y58.798828125
G0 X9.228515625 Y58.623046875
G1 X9.228515625 Y58.623046875
G1 X9.31640625 Y58.623046875
G0 X8.876953125 Y58.623046875
G1 X8.876953125 Y58.623046875
G1 X8.96484375 Y58.7109375
G1 X8.96484375 Y58.623046875
G0 X85.4296875 Y58.53515625
G1 X85.4296875 Y58.53515625
G1 X85.60546875 Y58.53515625
G0 X85.078125 Y58.53515625
G1 X85.078125 Y58.53515625
G0 X13.974609375 Y58.53515625
G1 X13.974609375 Y58.53515625
G0 X8.349609375 Y58.53515625
G1 X8.349609375 Y58.53515625
G1 X8.4375 Y58.53515625
G0 X8.0859375 Y58.53515625
G1 X8.0859375 Y58.53515625
G1 X8.0859375 Y58.623046875
G1 X8.173828125 Y58.623046875
G1 X8.173828125 Y58.53515625
G0 X7.822265625 Y58.53515625
G1 X7.822265625 Y58.53515625
G1 X7.734375 Y58.623046875
G1 X7.734375 Y58.7109375
G1 X7.91015625 Y58.88671875
G1 X7.998046875 Y58.798828125
G1 X7.822265625 Y58.798828125
G1 X7.734375 Y58.7109375
G1 X7.822265625 Y58.623046875
G0 X84.90234375 Y58.447265625
G1 X84.90234375 Y58.447265625
G0 X84.7265625 Y58.447265625
G1 X84.7265625 Y58.447265625
G0 X10.37109375 Y58.447265625
G1 X10.37109375 Y58.447265625
G0 X9.84375 Y58.447265625
G1 X9.84375 Y58.447265625
G1 X9.931640625 Y58.447265625
G0 X9.580078125 Y58.447265625
G1 X9.580078125 Y58.447265625
G1 X9.580078125 Y58.53515625
G0 X13.271484375 Y58.359375
G1 X13.271484375 Y58.359375
G0 X11.162109375 Y58.359375
G1 X11.162109375 Y58.359375
G0 X8.7890625 Y58.359375
G1 X8.7890625 Y58.359375
G1 X8.701171875 Y58.447265625
G1 X8.7890625 Y58.447265625
G0 X85.517578125 Y58.271484375
G1 X85.517578125 Y58.271484375
G1 X85.693359375 Y58.271484375
G1 X85.78125 Y58.359375
G1 X85.869140625 Y58.359375
G1 X85.78125 Y58.359375
G1 X85.693359375 Y58.271484375
G0 X85.078125 Y58.271484375
G1 X85.078125 Y58.271484375
G1 X85.25390625 Y58.271484375
G0 X9.755859375 Y58.271484375
G1 X9.755859375 Y58.271484375
G0 X8.96484375 Y58.271484375
G1 X8.96484375 Y58.271484375
G1 X9.052734375 Y58.359375
G1 X9.140625 Y58.359375
G1 X9.052734375 Y58.359375
G0 X7.646484375 Y58.271484375
G1 X7.646484375 Y58.271484375
G1 X7.734375 Y58.271484375
G1 X7.822265625 Y58.359375
G1 X7.91015625 Y58.359375
G1 X7.822265625 Y58.359375
G1 X7.734375 Y58.271484375
G0 X84.7265625 Y58.18359375
G1 X84.7265625 Y58.18359375
G1 X84.814453125 Y58.18359375
G0 X13.798828125 Y58.18359375
G1 X13.798828125 Y58.18359375
G0 X13.447265625 Y58.18359375
G1 X13.447265625 Y58.18359375
G0 X10.986328125 Y58.18359375
G1 X10.986328125 Y58.18359375
G0 X10.37109375 Y58.18359375
G1 X10.37109375 Y58.18359375
G0 X10.01953125 Y58.18359375
G1 X10.01953125 Y58.18359375
G1 X10.107421875 Y58.18359375
G0 X8.61328125 Y58.18359375
G1 X8.61328125 Y58.18359375
G1 X8.525390625 Y58.271484375
G1 X8.61328125 Y58.18359375
G1 X8.701171875 Y58.18359375
G0 X7.998046875 Y58.18359375
G1 X7.998046875 Y58.18359375
G1 X8.0859375 Y58.18359375
G1 X8.173828125 Y58.271484375
G1 X8.173828125 Y58.359375
G1 X8.26171875 Y58.359375
G1 X8.26171875 Y58.271484375
G1 X8.349609375 Y58.18359375
G1 X8.26171875 Y58.271484375
G1 X8.173828125 Y58.271484375
G1 X8.0859375 Y58.18359375
G0 X7.3828125 Y58.18359375
G1 X7.3828125 Y58.18359375
G1 X7.294921875 Y58.271484375
G1 X7.3828125 Y58.271484375
G1 X7.470703125 Y58.18359375
G0 X11.25 Y58.095703125
G1 X11.25 Y58.095703125
G0 X9.228515625 Y58.095703125
G1 X9.228515625 Y58.095703125
G1 X9.228515625 Y58.18359375
G0 X85.341796875 Y58.0078125
G1 X85.341796875 Y58.0078125
G1 X85.693359375 Y58.0078125
G0 X85.078125 Y58.0078125
G1 X85.078125 Y58.0078125
G1 X84.990234375 Y58.095703125
G0 X10.810546875 Y58.0078125
G1 X10.810546875 Y58.0078125
G0 X10.283203125 Y58.0078125
G1 X10.283203125 Y58.0078125
G0 X9.84375 Y58.0078125
G1 X9.84375 Y58.0078125
G0 X9.580078125 Y58.0078125
G1 X9.580078125 Y58.0078125
G0 X8.96484375 Y58.0078125
G1 X8.96484375 Y58.0078125
G1 X9.052734375 Y58.0078125
G0 X8.7890625 Y58.0078125
G1 X8.7890625 Y58.0078125
G0 X7.20703125 Y58.0078125
G1 X7.20703125 Y58.0078125
G0 X85.869140625 Y57.83203125
G1 X85.869140625 Y57.83203125
G1 X85.95703125 Y57.919921875
G0 X85.166015625 Y57.83203125
G1 X85.166015625 Y57.83203125
G0 X10.01953125 Y57.83203125
G1 X10.01953125 Y57.83203125
G0 X9.228515625 Y57.83203125
G1 X9.228515625 Y57.83203125
G0 X8.61328125 Y57.83203125
G1 X8.61328125 Y57.83203125
G1 X8.61328125 Y57.919921875
G0 X85.4296875 Y57.744140625
G1 X85.4296875 Y57.744140625
G1 X85.693359375 Y57.744140625
G0 X84.638671875 Y57.744140625
G1 X84.638671875 Y57.744140625
G0 X10.8984375 Y57.744140625
G1 X10.8984375 Y57.744140625
G0 X10.37109375 Y57.744140625
G1 X10.37109375 Y57.744140625
G0 X9.580078125 Y57.744140625
G1 X9.580078125 Y57.744140625
G0 X9.052734375 Y57.744140625
G1 X9.052734375 Y57.744140625
G0 X8.7890625 Y57.744140625
G1 X8.7890625 Y57.744140625
G1 X8.876953125 Y57.744140625
G0 X83.3203125 Y57.65625
G1 X83.3203125 Y57.65625
G0 X82.353515625 Y57.65625
G1 X82.353515625 Y57.65625
G0 X10.634765625 Y57.65625
G1 X10.634765625 Y57.65625
G1 X10.72265625 Y57.65625
G0 X9.84375 Y57.65625
G1 X9.84375 Y57.65625
G1 X9.931640625 Y57.65625
G0 X84.814453125 Y57.568359375
G1 X84.814453125 Y57.568359375
G1 X84.814453125 Y57.65625
G1 X84.90234375 Y57.744140625
G1 X84.90234375 Y57.83203125
G1 X84.814453125 Y57.919921875
G1 X84.90234375 Y57.919921875
G1 X84.90234375 Y57.744140625
G1 X84.814453125 Y57.65625
G1 X84.90234375 Y57.568359375
G1 X84.990234375 Y57.568359375
G0 X82.79296875 Y57.568359375
G1 X82.79296875 Y57.568359375
G0 X11.07421875 Y57.568359375
G1 X11.07421875 Y57.568359375
G1 X11.162109375 Y57.65625
G0 X9.580078125 Y57.568359375
G1 X9.580078125 Y57.568359375
G0 X9.140625 Y57.568359375
G1 X9.140625 Y57.568359375
G0 X7.03125 Y57.568359375
G1 X7.03125 Y57.568359375
G1 X7.119140625 Y57.568359375
G1 X7.20703125 Y57.65625
G1 X7.119140625 Y57.568359375
G0 X85.60546875 Y57.48046875
G1 X85.60546875 Y57.48046875
G1 X85.693359375 Y57.48046875
G0 X10.283203125 Y57.48046875
G1 X10.283203125 Y57.48046875
G0 X9.404296875 Y57.48046875
G1 X9.404296875 Y57.48046875
G0 X8.876953125 Y57.48046875
G1 X8.876953125 Y57.48046875
G0 X8.61328125 Y57.48046875
G1 X8.61328125 Y57.48046875
G1 X8.61328125 Y57.568359375
G1 X8.525390625 Y57.65625
G1 X8.4375 Y57.65625
G1 X8.525390625 Y57.65625
G1 X8.61328125 Y57.568359375
G0 X7.91015625 Y57.48046875
G1 X7.91015625 Y57.48046875
G1 X7.91015625 Y57.568359375
G1 X7.734375 Y57.744140625
G1 X7.734375 Y57.83203125
G1 X7.822265625 Y57.919921875
G1 X7.822265625 Y58.0078125
G1 X7.734375 Y58.095703125
G1 X7.646484375 Y58.095703125
G1 X7.55859375 Y58.0078125
G1 X7.55859375 Y57.919921875
G1 X7.470703125 Y57.919921875
G1 X7.3828125 Y57.83203125
G1 X7.3828125 Y57.744140625
G1 X7.294921875 Y57.83203125
G1 X7.3828125 Y57.83203125
G1 X7.646484375 Y58.095703125
G1 X7.734375 Y58.095703125
G1 X7.822265625 Y58.0078125
G1 X7.91015625 Y58.0078125
G1 X7.998046875 Y57.919921875
G1 X7.998046875 Y57.83203125
G1 X8.0859375 Y57.744140625
G1 X8.173828125 Y57.744140625
G1 X8.26171875 Y57.83203125
G1 X8.26171875 Y57.919921875
G1 X8.173828125 Y58.0078125
G1 X8.26171875 Y57.919921875
G1 X8.349609375 Y57.919921875
G1 X8.4375 Y58.0078125
G1 X8.349609375 Y57.919921875
G1 X8.349609375 Y57.83203125
G1 X8.26171875 Y57.83203125
G1 X8.0859375 Y57.65625
G1 X8.173828125 Y57.568359375
G1 X8.26171875 Y57.568359375
G1 X8.26171875 Y57.48046875
G1 X8.0859375 Y57.65625
G1 X7.998046875 Y57.568359375
G1 X7.998046875 Y57.48046875
G0 X7.3828125 Y57.48046875
G1 X7.3828125 Y57.48046875
G1 X7.470703125 Y57.568359375
G1 X7.646484375 Y57.568359375
G1 X7.470703125 Y57.568359375
G0 X86.1328125 Y57.392578125
G1 X86.1328125 Y57.392578125
G1 X86.1328125 Y57.48046875
G1 X86.044921875 Y57.568359375
G1 X85.869140625 Y57.568359375
G1 X85.95703125 Y57.568359375
G1 X86.044921875 Y57.65625
G1 X86.044921875 Y57.568359375
G1 X86.1328125 Y57.48046875
G0 X85.341796875 Y57.392578125
G1 X85.341796875 Y57.392578125
G1 X85.341796875 Y57.48046875
G0 X10.72265625 Y57.392578125
G1 X10.72265625 Y57.392578125
G0 X85.869140625 Y57.3046875
G1 X85.869140625 Y57.3046875
G1 X85.869140625 Y57.392578125
G0 X84.7265625 Y57.3046875
G1 X84.7265625 Y57.3046875
G0 X11.07421875 Y57.3046875
G1 X11.07421875 Y57.3046875
G1 X11.162109375 Y57.3046875
G0 X10.107421875 Y57.3046875
G1 X10.107421875 Y57.3046875
G0 X9.4921875 Y57.3046875
G1 X9.4921875 Y57.3046875
G1 X9.580078125 Y57.3046875
G0 X9.228515625 Y57.3046875
G1 X9.228515625 Y57.3046875
G0 X7.734375 Y57.3046875
G1 X7.734375 Y57.3046875
G1 X7.822265625 Y57.3046875
G0 X7.470703125 Y57.3046875
G1 X7.470703125 Y57.3046875
G1 X7.55859375 Y57.3046875
G0 X85.4296875 Y57.216796875
G1 X85.4296875 Y57.216796875
G0 X85.25390625 Y57.216796875
G1 X85.25390625 Y57.216796875
G0 X10.810546875 Y57.216796875
G1 X10.810546875 Y57.216796875
G0 X10.283203125 Y57.216796875
G1 X10.283203125 Y57.216796875
G0 X9.052734375 Y57.216796875
G1 X9.052734375 Y57.216796875
G0 X84.814453125 Y57.12890625
G1 X84.814453125 Y57.12890625
G0 X82.353515625 Y57.12890625
G1 X82.353515625 Y57.12890625
G0 X11.25 Y57.12890625
G1 X11.25 Y57.12890625
G0 X10.546875 Y57.12890625
G1 X10.546875 Y57.12890625
G0 X9.931640625 Y57.12890625
G1 X9.931640625 Y57.12890625
G0 X8.7890625 Y57.12890625
G1 X8.7890625 Y57.12890625
G1 X8.61328125 Y57.3046875
G1 X8.701171875 Y57.3046875
G1 X8.7890625 Y57.216796875
G0 X85.95703125 Y57.041015625
G1 X85.95703125 Y57.041015625
G1 X86.044921875 Y57.12890625
G0 X10.8984375 Y57.041015625
G1 X10.8984375 Y57.041015625
G1 X10.986328125 Y57.12890625
G0 X10.283203125 Y57.041015625
G1 X10.283203125 Y57.041015625
G0 X9.66796875 Y57.041015625
G1 X9.66796875 Y57.041015625
G0 X7.734375 Y57.041015625
G1 X7.734375 Y57.041015625
G1 X7.822265625 Y57.041015625
G1 X7.91015625 Y57.12890625
G1 X7.91015625 Y57.041015625
G0 X7.3828125 Y57.041015625
G1 X7.3828125 Y57.041015625
G1 X7.470703125 Y57.041015625
G1 X7.55859375 Y57.12890625
G1 X7.470703125 Y57.041015625
G0 X83.232421875 Y56.953125
G1 X83.232421875 Y56.953125
G0 X10.634765625 Y56.953125
G1 X10.634765625 Y56.953125
G0 X10.107421875 Y56.953125
G1 X10.107421875 Y56.953125
G0 X9.4921875 Y56.953125
G1 X9.4921875 Y56.953125
G0 X9.140625 Y56.953125
G1 X9.140625 Y56.953125
G1 X9.228515625 Y56.953125
G0 X8.876953125 Y56.953125
G1 X8.876953125 Y56.953125
G0 X8.61328125 Y56.953125
G1 X8.61328125 Y56.953125
G0 X86.044921875 Y56.865234375
G1 X86.044921875 Y56.865234375
G0 X84.990234375 Y56.865234375
G1 X84.990234375 Y56.865234375
G1 X84.990234375 Y56.953125
G0 X11.07421875 Y56.865234375
G1 X11.07421875 Y56.865234375
G1 X11.162109375 Y56.865234375
G0 X7.55859375 Y56.865234375
G1 X7.55859375 Y56.865234375
G0 X85.869140625 Y56.77734375
G1 X85.869140625 Y56.77734375
G1 X85.693359375 Y56.953125
G1 X85.60546875 Y56.953125
G1 X85.517578125 Y56.865234375
G1 X85.4296875 Y56.865234375
G1 X85.341796875 Y56.953125
G1 X85.4296875 Y56.865234375
G1 X85.517578125 Y56.865234375
G1 X85.78125 Y57.12890625
G1 X85.693359375 Y57.041015625
G1 X85.693359375 Y56.953125
G0 X10.810546875 Y56.77734375
G1 X10.810546875 Y56.77734375
G0 X9.4921875 Y56.77734375
G1 X9.4921875 Y56.77734375
G1 X9.580078125 Y56.77734375
G0 X8.96484375 Y56.77734375
G1 X8.96484375 Y56.77734375
G1 X9.052734375 Y56.77734375
G0 X85.166015625 Y56.689453125
G1 X85.166015625 Y56.689453125
G1 X85.25390625 Y56.77734375
G1 X85.25390625 Y56.689453125
G0 X83.14453125 Y56.689453125
G1 X83.14453125 Y56.689453125
G0 X82.6171875 Y56.689453125
G1 X82.6171875 Y56.689453125
G0 X9.228515625 Y56.689453125
G1 X9.228515625 Y56.689453125
G0 X8.525390625 Y56.689453125
G1 X8.525390625 Y56.689453125
G1 X8.61328125 Y56.77734375
G1 X8.701171875 Y56.77734375
G1 X8.61328125 Y56.77734375
G0 X84.990234375 Y56.6015625
G1 X84.990234375 Y56.6015625
G0 X11.07421875 Y56.6015625
G1 X11.07421875 Y56.6015625
G1 X11.162109375 Y56.6015625
G0 X10.546875 Y56.6015625
G1 X10.546875 Y56.6015625
G0 X10.283203125 Y56.6015625
G1 X10.283203125 Y56.6015625
G0 X8.7890625 Y56.6015625
G1 X8.7890625 Y56.6015625
G0 X10.810546875 Y56.513671875
G1 X10.810546875 Y56.513671875
G1 X10.8984375 Y56.6015625
G0 X9.4921875 Y56.513671875
G1 X9.4921875 Y56.513671875
G1 X9.580078125 Y56.513671875
G0 X7.20703125 Y56.513671875
G1 X7.20703125 Y56.513671875
G1 X7.294921875 Y56.513671875
G1 X7.3828125 Y56.6015625
G1 X7.470703125 Y56.6015625
G1 X7.3828125 Y56.6015625
G1 X7.294921875 Y56.513671875
G0 X85.869140625 Y56.42578125
G1 X85.869140625 Y56.42578125
G1 X85.60546875 Y56.689453125
G1 X85.693359375 Y56.689453125
G1 X85.693359375 Y56.6015625
G1 X85.78125 Y56.513671875
G1 X85.95703125 Y56.513671875
G1 X86.044921875 Y56.6015625
G1 X86.1328125 Y56.6015625
G1 X86.044921875 Y56.6015625
G1 X85.95703125 Y56.513671875
G1 X85.95703125 Y56.42578125
G0 X85.25390625 Y56.42578125
G1 X85.25390625 Y56.42578125
G1 X85.341796875 Y56.513671875
G1 X85.4296875 Y56.513671875
G1 X85.341796875 Y56.42578125
G0 X10.458984375 Y56.42578125
G1 X10.458984375 Y56.42578125
G0 X9.84375 Y56.42578125
G1 X9.84375 Y56.42578125
G0 X8.96484375 Y56.42578125
G1 X8.96484375 Y56.42578125
G1 X9.052734375 Y56.42578125
G0 X8.349609375 Y56.42578125
G1 X8.349609375 Y56.42578125
G1 X8.26171875 Y56.513671875
G1 X8.26171875 Y56.6015625
G1 X8.173828125 Y56.689453125
G1 X8.173828125 Y56.77734375
G1 X8.0859375 Y56.865234375
G1 X7.91015625 Y56.865234375
G1 X7.822265625 Y56.77734375
G1 X7.822265625 Y56.865234375
G1 X7.998046875 Y56.865234375
G1 X8.0859375 Y56.953125
G1 X8.0859375 Y57.041015625
G1 X8.173828125 Y57.12890625
G1 X8.173828125 Y57.216796875
G1 X8.0859375 Y57.3046875
G1 X7.998046875 Y57.3046875
G1 X8.0859375 Y57.3046875
G1 X8.173828125 Y57.216796875
G1 X8.26171875 Y57.216796875
G1 X8.349609375 Y57.3046875
G1 X8.349609375 Y57.216796875
G1 X8.4375 Y57.12890625
G1 X8.349609375 Y57.041015625
G1 X8.349609375 Y56.953125
G1 X8.4375 Y56.865234375
G1 X8.26171875 Y56.689453125
G1 X8.26171875 Y56.6015625
G1 X8.349609375 Y56.513671875
G0 X84.990234375 Y56.337890625
G1 X84.990234375 Y56.337890625
G0 X10.8984375 Y56.337890625
G1 X10.8984375 Y56.337890625
G1 X10.986328125 Y56.337890625
G0 X10.634765625 Y56.337890625
G1 X10.634765625 Y56.337890625
G0 X9.404296875 Y56.337890625
G1 X9.404296875 Y56.337890625
G0 X8.61328125 Y56.337890625
G1 X8.61328125 Y56.337890625
G1 X8.61328125 Y56.513671875
G1 X8.61328125 Y56.42578125
G1 X8.701171875 Y56.337890625
G0 X7.3828125 Y56.337890625
G1 X7.3828125 Y56.337890625
G1 X7.470703125 Y56.337890625
G1 X7.55859375 Y56.42578125
G1 X7.470703125 Y56.337890625
G0 X86.044921875 Y56.25
G1 X86.044921875 Y56.25
G1 X86.1328125 Y56.337890625
G1 X86.1328125 Y56.25
G0 X8.876953125 Y56.25
G1 X8.876953125 Y56.25
G0 X8.173828125 Y56.25
G1 X8.173828125 Y56.25
G0 X6.50390625 Y56.25
G1 X6.50390625 Y56.25
G1 X6.591796875 Y56.25
G1 X6.6796875 Y56.337890625
G1 X6.6796875 Y56.42578125
G1 X6.767578125 Y56.337890625
G1 X6.85546875 Y56.337890625
G1 X6.943359375 Y56.42578125
G1 X6.85546875 Y56.513671875
G1 X6.85546875 Y56.6015625
G1 X6.943359375 Y56.6015625
G1 X6.85546875 Y56.513671875
G1 X7.03125 Y56.337890625
G1 X7.119140625 Y56.337890625
G1 X7.03125 Y56.337890625
G1 X6.943359375 Y56.42578125
G1 X6.85546875 Y56.337890625
G1 X6.6796875 Y56.337890625
G1 X6.591796875 Y56.25
G0 X83.84765625 Y56.162109375
G1 X83.84765625 Y56.162109375
G0 X9.755859375 Y56.162109375
G1 X9.755859375 Y56.162109375
G0 X9.052734375 Y56.162109375
G1 X9.052734375 Y56.162109375
G1 X9.140625 Y56.162109375
G0 X6.85546875 Y56.162109375
G1 X6.85546875 Y56.162109375
G1 X6.943359375 Y56.162109375
G0 X84.990234375 Y56.07421875
G1 X84.990234375 Y56.07421875
G0 X82.44140625 Y56.07421875
G1 X82.44140625 Y56.07421875
G0 X10.634765625 Y56.07421875
G1 X10.634765625 Y56.07421875
G0 X10.107421875 Y56.07421875
G1 X10.107421875 Y56.07421875
G0 X7.998046875 Y56.07421875
G1 X7.998046875 Y56.07421875
G1 X7.998046875 Y56.162109375
G1 X7.91015625 Y56.25
G1 X7.822265625 Y56.25
G1 X7.734375 Y56.162109375
G1 X7.646484375 Y56.162109375
G1 X7.646484375 Y56.25
G1 X7.734375 Y56.162109375
G1 X7.822265625 Y56.25
G1 X7.822265625 Y56.337890625
G1 X7.734375 Y56.42578125
G1 X7.91015625 Y56.6015625
G1 X7.998046875 Y56.6015625
G1 X8.0859375 Y56.513671875
G1 X8.0859375 Y56.42578125
G1 X8.0859375 Y56.513671875
G1 X7.998046875 Y56.6015625
G1 X7.91015625 Y56.6015625
G1 X7.822265625 Y56.513671875
G1 X7.822265625 Y56.42578125
G1 X7.91015625 Y56.337890625
G1 X7.91015625 Y56.25
G1 X7.998046875 Y56.162109375
G0 X7.822265625 Y55.986328125
G1 X7.822265625 Y55.986328125
G0 X82.6171875 Y55.8984375
G1 X82.6171875 Y55.8984375
G0 X10.283203125 Y55.8984375
G1 X10.283203125 Y55.8984375
G0 X9.84375 Y55.8984375
G1 X9.84375 Y55.8984375
G0 X9.31640625 Y55.8984375
G1 X9.31640625 Y55.8984375
G1 X9.404296875 Y55.8984375
G0 X7.470703125 Y55.8984375
G1 X7.470703125 Y55.8984375
G1 X7.294921875 Y56.07421875
G1 X7.20703125 Y56.07421875
G1 X7.294921875 Y56.07421875
G1 X7.470703125 Y55.8984375
G1 X7.646484375 Y55.8984375
G0 X10.634765625 Y55.810546875
G1 X10.634765625 Y55.810546875
G1 X10.72265625 Y55.8984375
G1 X10.810546875 Y55.8984375
G1 X10.72265625 Y55.8984375
G0 X7.998046875 Y55.810546875
G1 X7.998046875 Y55.810546875
G1 X7.998046875 Y55.8984375
G1 X8.0859375 Y55.8984375
G1 X8.26171875 Y56.07421875
G1 X8.349609375 Y55.986328125
G1 X8.525390625 Y56.162109375
G1 X8.4375 Y56.25
G1 X8.349609375 Y56.25
G1 X8.4375 Y56.25
G1 X8.525390625 Y56.162109375
G1 X8.525390625 Y56.07421875
G1 X8.61328125 Y55.986328125
G1 X8.701171875 Y55.986328125
G1 X8.7890625 Y56.07421875
G1 X8.701171875 Y55.986328125
G1 X8.701171875 Y55.8984375
G1 X8.7890625 Y55.810546875
G1 X8.876953125 Y55.810546875
G1 X8.96484375 Y55.8984375
G1 X8.876953125 Y55.810546875
G1 X8.7890625 Y55.810546875
G1 X8.701171875 Y55.8984375
G1 X8.61328125 Y55.8984375
G1 X8.61328125 Y55.986328125
G1 X8.525390625 Y56.07421875
G1 X8.4375 Y56.07421875
G1 X8.349609375 Y55.986328125
G1 X8.173828125 Y55.986328125
G1 X8.0859375 Y55.8984375
G1 X8.0859375 Y55.810546875
G0 X85.166015625 Y55.72265625
G1 X85.166015625 Y55.72265625
G1 X85.078125 Y55.810546875
G1 X85.078125 Y55.8984375
G1 X85.078125 Y55.810546875
G0 X83.408203125 Y55.72265625
G1 X83.408203125 Y55.72265625
G0 X10.810546875 Y55.72265625
G1 X10.810546875 Y55.72265625
G1 X10.8984375 Y55.72265625
G0 X9.140625 Y55.72265625
G1 X9.140625 Y55.72265625
G0 X8.349609375 Y55.72265625
G1 X8.349609375 Y55.72265625
G1 X8.4375 Y55.810546875
G1 X8.4375 Y55.72265625
G0 X7.822265625 Y55.72265625
G1 X7.822265625 Y55.72265625
G0 X8.96484375 Y55.634765625
G1 X8.96484375 Y55.634765625
G0 X8.61328125 Y55.634765625
G1 X8.61328125 Y55.634765625
G1 X8.701171875 Y55.634765625
G0 X7.470703125 Y55.634765625
G1 X7.470703125 Y55.634765625
G1 X7.55859375 Y55.634765625
G0 X84.90234375 Y55.546875
G1 X84.90234375 Y55.546875
G1 X84.90234375 Y55.634765625
G0 X83.759765625 Y55.546875
G1 X83.759765625 Y55.546875
G0 X82.880859375 Y55.546875
G1 X82.880859375 Y55.546875
G0 X9.404296875 Y55.546875
G1 X9.404296875 Y55.546875
G0 X9.052734375 Y55.458984375
G1 X9.052734375 Y55.458984375
G0 X8.26171875 Y55.458984375
G1 X8.26171875 Y55.458984375
G1 X8.173828125 Y55.546875
G1 X8.173828125 Y55.634765625
G1 X8.173828125 Y55.546875
G1 X8.26171875 Y55.458984375
G1 X8.349609375 Y55.458984375
G1 X8.4375 Y55.546875
G1 X8.349609375 Y55.458984375
G0 X7.734375 Y55.458984375
G1 X7.734375 Y55.458984375
G1 X7.822265625 Y55.458984375
G1 X7.91015625 Y55.546875
G1 X7.822265625 Y55.458984375
G0 X7.20703125 Y55.458984375
G1 X7.20703125 Y55.458984375
G1 X7.294921875 Y55.546875
G1 X7.294921875 Y55.458984375
G0 X6.591796875 Y55.458984375
G1 X6.591796875 Y55.458984375
G1 X6.6796875 Y55.546875
G1 X6.591796875 Y55.634765625
G1 X6.591796875 Y55.72265625
G1 X6.591796875 Y55.634765625
G1 X6.6796875 Y55.546875
G1 X6.85546875 Y55.72265625
G1 X6.943359375 Y55.72265625
G1 X7.03125 Y55.634765625
G1 X7.03125 Y55.546875
G1 X6.943359375 Y55.634765625
G1 X6.767578125 Y55.634765625
G1 X6.6796875 Y55.546875
G1 X6.6796875 Y55.458984375
G0 X83.935546875 Y55.37109375
G1 X83.935546875 Y55.37109375
G0 X8.876953125 Y55.37109375
G1 X8.876953125 Y55.37109375
G1 X8.7890625 Y55.458984375
G0 X8.61328125 Y55.37109375
G1 X8.61328125 Y55.37109375
G1 X8.61328125 Y55.458984375
G0 X7.470703125 Y55.37109375
G1 X7.470703125 Y55.37109375
G1 X7.55859375 Y55.37109375
G0 X6.85546875 Y55.37109375
G1 X6.85546875 Y55.37109375
G1 X6.943359375 Y55.37109375
G0 X84.7265625 Y55.283203125
G1 X84.7265625 Y55.283203125
G1 X84.814453125 Y55.37109375
G0 X82.44140625 Y55.283203125
G1 X82.44140625 Y55.283203125
G0 X83.14453125 Y55.1953125
G1 X83.14453125 Y55.1953125
G1 X83.232421875 Y55.1953125
G0 X82.79296875 Y55.1953125
G1 X82.79296875 Y55.1953125
G0 X9.052734375 Y55.1953125
G1 X9.052734375 Y55.1953125
G0 X8.701171875 Y55.1953125
G1 X8.701171875 Y55.1953125
G0 X8.4375 Y55.1953125
G1 X8.4375 Y55.1953125
G1 X8.4375 Y55.283203125
G0 X6.591796875 Y55.1953125
G1 X6.591796875 Y55.1953125
G1 X6.6796875 Y55.1953125
G0 X10.986328125 Y55.107421875
G1 X10.986328125 Y55.107421875
G0 X7.294921875 Y55.107421875
G1 X7.294921875 Y55.107421875
G1 X7.119140625 Y55.283203125
G1 X7.20703125 Y55.1953125
G1 X7.294921875 Y55.1953125
G1 X7.3828125 Y55.107421875
G1 X7.470703125 Y55.107421875
G1 X7.55859375 Y55.1953125
G1 X7.470703125 Y55.107421875
G0 X84.90234375 Y55.01953125
G1 X84.90234375 Y55.01953125
G1 X84.90234375 Y55.107421875
G0 X82.96875 Y55.01953125
G1 X82.96875 Y55.01953125
G0 X7.998046875 Y55.01953125
G1 X7.998046875 Y55.01953125
G1 X8.173828125 Y55.1953125
G1 X8.0859375 Y55.283203125
G1 X7.998046875 Y55.283203125
G1 X7.998046875 Y55.37109375
G1 X8.0859375 Y55.37109375
G1 X8.0859375 Y55.283203125
G1 X8.173828125 Y55.1953125
G1 X8.26171875 Y55.1953125
G1 X8.173828125 Y55.107421875
G1 X8.26171875 Y55.01953125
G1 X8.349609375 Y55.01953125
G1 X8.26171875 Y55.01953125
G1 X8.173828125 Y55.107421875
G1 X8.0859375 Y55.107421875
G0 X11.6015625 Y54.931640625
G1 X11.6015625 Y54.931640625
G1 X11.42578125 Y55.107421875
G1 X11.42578125 Y55.283203125
G1 X11.6015625 Y55.283203125
G0 X6.416015625 Y54.931640625
G1 X6.416015625 Y54.931640625
G1 X6.50390625 Y55.01953125
G0 X85.78125 Y54.84375
G1 X85.78125 Y54.84375
G1 X85.693359375 Y54.931640625
G1 X85.693359375 Y55.01953125
G1 X85.78125 Y55.107421875
G1 X85.693359375 Y55.1953125
G1 X85.60546875 Y55.1953125
G1 X85.4296875 Y55.37109375
G1 X85.60546875 Y55.546875
G1 X85.517578125 Y55.634765625
G1 X85.4296875 Y55.634765625
G1 X85.341796875 Y55.546875
G1 X85.25390625 Y55.546875
G1 X85.341796875 Y55.546875
G1 X85.4296875 Y55.634765625
G1 X85.4296875 Y55.72265625
G1 X85.517578125 Y55.810546875
G1 X85.517578125 Y55.8984375
G1 X85.4296875 Y55.986328125
G1 X85.341796875 Y55.986328125
G1 X85.25390625 Y56.07421875
G1 X85.25390625 Y56.162109375
G1 X85.166015625 Y56.25
G1 X85.25390625 Y56.162109375
G1 X85.341796875 Y56.162109375
G1 X85.4296875 Y56.25
G1 X85.60546875 Y56.07421875
G1 X85.693359375 Y56.07421875
G1 X85.78125 Y56.162109375
G1 X85.78125 Y56.25
G1 X85.693359375 Y56.337890625
G1 X85.60546875 Y56.337890625
G1 X85.693359375 Y56.337890625
G1 X85.78125 Y56.25
G1 X85.869140625 Y56.25
G1 X85.693359375 Y56.07421875
G1 X85.78125 Y55.986328125
G1 X85.869140625 Y55.986328125
G1 X85.95703125 Y56.07421875
G1 X86.1328125 Y56.07421875
G1 X86.220703125 Y55.986328125
G1 X86.220703125 Y55.8984375
G1 X86.1328125 Y55.8984375
G1 X86.220703125 Y55.986328125
G1 X86.1328125 Y56.07421875
G1 X85.95703125 Y56.07421875
G1 X85.869140625 Y55.986328125
G1 X85.693359375 Y55.986328125
G1 X85.60546875 Y55.8984375
G1 X85.60546875 Y55.810546875
G1 X85.693359375 Y55.72265625
G1 X85.78125 Y55.72265625
G1 X85.869140625 Y55.810546875
G1 X85.95703125 Y55.810546875
G1 X85.869140625 Y55.72265625
G1 X85.95703125 Y55.634765625
G1 X85.869140625 Y55.546875
G1 X85.95703125 Y55.458984375
G1 X86.044921875 Y55.458984375
G1 X86.044921875 Y55.37109375
G1 X85.95703125 Y55.37109375
G1 X85.869140625 Y55.283203125
G1 X85.869140625 Y55.107421875
G1 X85.95703125 Y55.01953125
G1 X85.95703125 Y54.931640625
G1 X85.869140625 Y54.84375
G0 X84.638671875 Y54.84375
G1 X84.638671875 Y54.84375
G0 X83.671875 Y54.84375
G1 X83.671875 Y54.84375
G1 X83.759765625 Y54.84375
G0 X83.056640625 Y54.84375
G1 X83.056640625 Y54.84375
G0 X8.701171875 Y54.84375
G1 X8.701171875 Y54.84375
G1 X8.525390625 Y55.01953125
G1 X8.61328125 Y54.931640625
G1 X8.701171875 Y54.931640625
G1 X8.7890625 Y55.01953125
G1 X8.876953125 Y55.01953125
G1 X8.7890625 Y55.01953125
G1 X8.701171875 Y54.931640625
G0 X8.0859375 Y54.84375
G1 X8.0859375 Y54.84375
G1 X8.173828125 Y54.84375
G0 X84.462890625 Y54.755859375
G1 X84.462890625 Y54.755859375
G0 X8.876953125 Y54.755859375
G1 X8.876953125 Y54.755859375
G0 X8.4375 Y54.755859375
G1 X8.4375 Y54.755859375
G1 X8.349609375 Y54.84375
G1 X8.4375 Y54.84375
G0 X7.55859375 Y54.755859375
G1 X7.55859375 Y54.755859375
G1 X7.55859375 Y54.84375
G0 X6.50390625 Y54.755859375
G1 X6.50390625 Y54.755859375
G1 X6.591796875 Y54.755859375
G0 X84.111328125 Y54.66796875
G1 X84.111328125 Y54.66796875
G0 X9.31640625 Y54.66796875
G1 X9.31640625 Y54.66796875
G0 X9.052734375 Y54.66796875
G1 X9.052734375 Y54.66796875
G0 X7.91015625 Y54.66796875
G1 X7.91015625 Y54.66796875
G1 X7.822265625 Y54.755859375
G1 X7.822265625 Y54.931640625
G1 X7.734375 Y55.01953125
G1 X7.822265625 Y55.107421875
G1 X7.822265625 Y55.1953125
G1 X7.734375 Y55.283203125
G1 X7.822265625 Y55.283203125
G1 X7.822265625 Y55.107421875
G1 X7.734375 Y55.01953125
G1 X7.822265625 Y54.931640625
G1 X7.822265625 Y54.755859375
G1 X7.91015625 Y54.66796875
G1 X7.998046875 Y54.66796875
G0 X84.287109375 Y54.580078125
G1 X84.287109375 Y54.580078125
G0 X83.583984375 Y54.580078125
G1 X83.583984375 Y54.580078125
G1 X83.49609375 Y54.66796875
G1 X83.583984375 Y54.66796875
G0 X11.77734375 Y54.580078125
G1 X11.77734375 Y54.580078125
G0 X8.61328125 Y54.580078125
G1 X8.61328125 Y54.580078125
G1 X8.61328125 Y54.66796875
G1 X8.701171875 Y54.66796875
G0 X7.294921875 Y54.580078125
G1 X7.294921875 Y54.580078125
G1 X7.294921875 Y54.66796875
G1 X7.3828125 Y54.66796875
G1 X7.470703125 Y54.580078125
G1 X7.55859375 Y54.580078125
G1 X7.470703125 Y54.580078125
G1 X7.3828125 Y54.66796875
G0 X83.935546875 Y54.4921875
G1 X83.935546875 Y54.4921875
G1 X83.935546875 Y54.580078125
G0 X8.876953125 Y54.4921875
G1 X8.876953125 Y54.4921875
G0 X7.734375 Y54.4921875
G1 X7.734375 Y54.4921875
G1 X7.822265625 Y54.4921875
G0 X6.15234375 Y54.4921875
G1 X6.15234375 Y54.4921875
G1 X6.240234375 Y54.4921875
G0 X84.55078125 Y54.404296875
G1 X84.55078125 Y54.404296875
G1 X84.638671875 Y54.4921875
G0 X84.111328125 Y54.404296875
G1 X84.111328125 Y54.404296875
G0 X82.880859375 Y54.404296875
G1 X82.880859375 Y54.404296875
G0 X9.4921875 Y54.404296875
G1 X9.4921875 Y54.404296875
G0 X83.671875 Y54.31640625
G1 X83.671875 Y54.31640625
G1 X83.759765625 Y54.31640625
G0 X83.232421875 Y54.31640625
G1 X83.232421875 Y54.31640625
G0 X9.228515625 Y54.31640625
G1 X9.228515625 Y54.31640625
G1 X9.140625 Y54.404296875
G0 X8.61328125 Y54.31640625
G1 X8.61328125 Y54.31640625
G1 X8.701171875 Y54.404296875
G0 X7.998046875 Y54.31640625
G1 X7.998046875 Y54.31640625
G1 X8.173828125 Y54.4921875
G1 X8.173828125 Y54.580078125
G1 X8.26171875 Y54.66796875
G1 X8.4375 Y54.4921875
G1 X8.4375 Y54.404296875
G1 X8.4375 Y54.4921875
G1 X8.349609375 Y54.580078125
G1 X8.26171875 Y54.580078125
G1 X8.173828125 Y54.4921875
G1 X8.173828125 Y54.404296875
G1 X8.26171875 Y54.31640625
G1 X8.173828125 Y54.404296875
G1 X8.0859375 Y54.404296875
G0 X7.646484375 Y54.31640625
G1 X7.646484375 Y54.31640625
G0 X10.72265625 Y54.228515625
G1 X10.72265625 Y54.228515625
G0 X8.876953125 Y54.228515625
G1 X8.876953125 Y54.228515625
G1 X8.96484375 Y54.31640625
G1 X8.96484375 Y54.228515625
G0 X84.814453125 Y54.140625
G1 X84.814453125 Y54.140625
G0 X84.462890625 Y54.140625
G1 X84.462890625 Y54.140625
G0 X83.935546875 Y54.140625
G1 X83.935546875 Y54.140625
G0 X83.583984375 Y54.140625
G1 X83.583984375 Y54.140625
G0 X83.408203125 Y54.140625
G1 X83.408203125 Y54.140625
G0 X83.056640625 Y54.140625
G1 X83.056640625 Y54.140625
G0 X8.349609375 Y54.140625
G1 X8.349609375 Y54.140625
G1 X8.4375 Y54.140625
G0 X7.734375 Y54.140625
G1 X7.734375 Y54.140625
G1 X7.822265625 Y54.140625
G0 X7.3828125 Y54.140625
G1 X7.3828125 Y54.140625
G1 X7.470703125 Y54.140625
G0 X7.119140625 Y54.140625
G1 X7.119140625 Y54.140625
G0 X6.591796875 Y54.140625
G1 X6.591796875 Y54.140625
G1 X6.591796875 Y54.228515625
G1 X6.50390625 Y54.31640625
G1 X6.416015625 Y54.31640625
G1 X6.50390625 Y54.31640625
G1 X6.591796875 Y54.228515625
G1 X6.6796875 Y54.228515625
G0 X5.712890625 Y54.140625
G1 X5.712890625 Y54.140625
G1 X5.80078125 Y54.228515625
G1 X5.888671875 Y54.140625
G1 X5.9765625 Y54.140625
G0 X84.287109375 Y54.052734375
G1 X84.287109375 Y54.052734375
G1 X84.19921875 Y54.140625
G1 X84.287109375 Y54.140625
G0 X6.15234375 Y54.052734375
G1 X6.15234375 Y54.052734375
G1 X6.240234375 Y54.140625
G0 X84.638671875 Y53.96484375
G1 X84.638671875 Y53.96484375
G0 X83.14453125 Y53.96484375
G1 X83.14453125 Y53.96484375
G1 X83.232421875 Y53.96484375
G0 X9.052734375 Y53.96484375
G1 X9.052734375 Y53.96484375
G1 X9.052734375 Y54.052734375
G0 X7.646484375 Y53.96484375
G1 X7.646484375 Y53.96484375
G0 X7.20703125 Y53.96484375
G1 X7.20703125 Y53.96484375
G1 X7.294921875 Y53.96484375
G0 X83.583984375 Y53.876953125
G1 X83.583984375 Y53.876953125
G0 X83.056640625 Y53.7890625
G1 X83.056640625 Y53.7890625
G0 X9.228515625 Y53.7890625
G1 X9.228515625 Y53.7890625
G0 X8.61328125 Y53.7890625
G1 X8.61328125 Y53.7890625
G1 X8.7890625 Y53.96484375
G1 X8.701171875 Y54.052734375
G1 X8.7890625 Y53.96484375
G0 X7.3828125 Y53.7890625
G1 X7.3828125 Y53.7890625
G1 X7.470703125 Y53.7890625
G0 X6.240234375 Y53.7890625
G1 X6.240234375 Y53.7890625
G1 X6.240234375 Y53.876953125
G0 X84.287109375 Y53.701171875
G1 X84.287109375 Y53.701171875
G1 X84.375 Y53.7890625
G1 X84.462890625 Y53.7890625
G1 X84.375 Y53.7890625
G0 X8.96484375 Y53.701171875
G1 X8.96484375 Y53.701171875
G1 X8.876953125 Y53.7890625
G0 X5.80078125 Y53.701171875
G1 X5.80078125 Y53.701171875
G1 X5.9765625 Y53.701171875
G0 X83.759765625 Y53.61328125
G1 X83.759765625 Y53.61328125
G1 X83.759765625 Y53.701171875
G1 X83.84765625 Y53.7890625
G1 X83.935546875 Y53.7890625
G1 X84.0234375 Y53.876953125
G1 X84.111328125 Y53.876953125
G1 X84.0234375 Y53.876953125
G1 X83.935546875 Y53.7890625
G1 X83.84765625 Y53.7890625
G1 X83.759765625 Y53.701171875
G0 X83.49609375 Y53.61328125
G1 X83.49609375 Y53.61328125
G1 X83.408203125 Y53.701171875
G1 X83.3203125 Y53.701171875
G1 X83.408203125 Y53.701171875
G0 X82.880859375 Y53.61328125
G1 X82.880859375 Y53.61328125
G0 X7.20703125 Y53.61328125
G1 X7.20703125 Y53.61328125
G1 X7.294921875 Y53.61328125
G0 X84.111328125 Y53.525390625
G1 X84.111328125 Y53.525390625
G0 X83.232421875 Y53.525390625
G1 X83.232421875 Y53.525390625
G0 X9.140625 Y53.525390625
G1 X9.140625 Y53.525390625
G0 X8.7890625 Y53.525390625
G1 X8.7890625 Y53.525390625
G0 X83.84765625 Y53.4375
G1 X83.84765625 Y53.4375
G0 X83.583984375 Y53.4375
G1 X83.583984375 Y53.4375
G0 X83.056640625 Y53.4375
G1 X83.056640625 Y53.4375
G0 X82.705078125 Y53.4375
G1 X82.705078125 Y53.4375
G0 X6.240234375 Y53.4375
G1 X6.240234375 Y53.4375
G0 X8.96484375 Y53.349609375
G1 X8.96484375 Y53.349609375
G1 X9.052734375 Y53.349609375
G0 X84.287109375 Y53.26171875
G1 X84.287109375 Y53.26171875
G1 X84.375 Y53.349609375
G0 X84.0234375 Y53.26171875
G1 X84.0234375 Y53.26171875
G0 X83.232421875 Y53.26171875
G1 X83.232421875 Y53.26171875
G0 X82.880859375 Y53.26171875
G1 X82.880859375 Y53.26171875
G0 X8.7890625 Y53.26171875
G1 X8.7890625 Y53.26171875
G0 X83.49609375 Y53.173828125
G1 X83.49609375 Y53.173828125
G1 X83.408203125 Y53.26171875
G1 X83.49609375 Y53.173828125
G1 X83.583984375 Y53.173828125
G1 X83.671875 Y53.26171875
G1 X83.759765625 Y53.26171875
G1 X83.671875 Y53.26171875
G1 X83.583984375 Y53.173828125
G0 X84.638671875 Y53.0859375
G1 X84.638671875 Y53.0859375
G1 X84.55078125 Y53.173828125
G1 X84.638671875 Y53.173828125
G0 X83.232421875 Y53.0859375
G1 X83.232421875 Y53.0859375
G0 X9.140625 Y53.0859375
G1 X9.140625 Y53.0859375
G0 X6.416015625 Y53.0859375
G1 X6.416015625 Y53.0859375
G0 X84.19921875 Y52.998046875
G1 X84.19921875 Y52.998046875
G1 X84.111328125 Y53.0859375
G0 X83.935546875 Y52.998046875
G1 X83.935546875 Y52.998046875
G1 X83.84765625 Y53.0859375
G0 X83.408203125 Y52.998046875
G1 X83.408203125 Y52.998046875
G0 X84.814453125 Y52.91015625
G1 X84.814453125 Y52.91015625
G0 X84.462890625 Y52.91015625
G1 X84.462890625 Y52.91015625
G1 X84.462890625 Y52.998046875
G0 X83.583984375 Y52.91015625
G1 X83.583984375 Y52.91015625
G0 X6.15234375 Y52.91015625
G1 X6.15234375 Y52.91015625
G0 X84.0234375 Y52.734375
G1 X84.0234375 Y52.734375
G1 X84.0234375 Y52.822265625
G0 X83.49609375 Y52.734375
G1 X83.49609375 Y52.734375
G0 X9.140625 Y52.734375
G1 X9.140625 Y52.734375
G0 X5.009765625 Y52.734375
G1 X5.009765625 Y52.734375
G0 X84.638671875 Y52.646484375
G1 X84.638671875 Y52.646484375
G0 X84.19921875 Y52.646484375
G1 X84.19921875 Y52.646484375
G1 X84.287109375 Y52.646484375
G1 X84.375 Y52.734375
G1 X84.287109375 Y52.646484375
G0 X6.240234375 Y52.646484375
G1 X6.240234375 Y52.646484375
G0 X8.61328125 Y52.55859375
G1 X8.61328125 Y52.55859375
G1 X8.701171875 Y52.55859375
G0 X84.462890625 Y52.470703125
G1 X84.462890625 Y52.470703125
G1 X84.462890625 Y52.55859375
G1 X84.55078125 Y52.470703125
G0 X83.49609375 Y52.470703125
G1 X83.49609375 Y52.470703125
G0 X84.287109375 Y52.3828125
G1 X84.287109375 Y52.3828125
G0 X84.0234375 Y52.3828125
G1 X84.0234375 Y52.3828125
G1 X84.0234375 Y52.470703125
G0 X83.759765625 Y52.3828125
G1 X83.759765625 Y52.3828125
G0 X8.525390625 Y52.3828125
G1 X8.525390625 Y52.3828125
G0 X84.638671875 Y52.294921875
G1 X84.638671875 Y52.294921875
G0 X7.470703125 Y52.294921875
G1 X7.470703125 Y52.294921875
G0 X83.84765625 Y52.20703125
G1 X83.84765625 Y52.20703125
G0 X8.61328125 Y52.20703125
G1 X8.61328125 Y52.20703125
G1 X8.701171875 Y52.20703125
G1 X8.7890625 Y52.294921875
G1 X8.7890625 Y52.3828125
G1 X8.876953125 Y52.3828125
G1 X8.96484375 Y52.470703125
G1 X8.96484375 Y52.55859375
G1 X9.052734375 Y52.55859375
G1 X8.701171875 Y52.20703125
G0 X6.591796875 Y52.20703125
G1 X6.591796875 Y52.20703125
G0 X84.19921875 Y52.119140625
G1 X84.19921875 Y52.119140625
G0 X8.96484375 Y52.119140625
G1 X8.96484375 Y52.119140625
G0 X84.462890625 Y52.03125
G1 X84.462890625 Y52.03125
G1 X84.462890625 Y52.119140625
G0 X83.935546875 Y52.03125
G1 X83.935546875 Y52.03125
G0 X83.671875 Y52.03125
G1 X83.671875 Y52.03125
G0 X7.822265625 Y52.03125
G1 X7.822265625 Y52.03125
G1 X7.91015625 Y52.03125
G0 X7.55859375 Y52.03125
G1 X7.55859375 Y52.03125
G1 X7.55859375 Y52.119140625
G0 X84.287109375 Y51.943359375
G1 X84.287109375 Y51.943359375
G0 X8.7890625 Y51.943359375
G1 X8.7890625 Y51.943359375
G1 X8.7890625 Y52.03125
G1 X8.876953125 Y51.943359375
G0 X6.591796875 Y51.943359375
G1 X6.591796875 Y51.943359375
G1 X6.591796875 Y52.03125
G0 X5.185546875 Y51.943359375
G1 X5.185546875 Y51.943359375
G0 X84.111328125 Y51.85546875
G1 X84.111328125 Y51.85546875
G0 X9.052734375 Y51.85546875
G1 X9.052734375 Y51.85546875
G0 X7.646484375 Y51.85546875
G1 X7.646484375 Y51.85546875
G0 X7.3828125 Y51.85546875
G1 X7.3828125 Y51.85546875
G0 X5.9765625 Y51.85546875
G1 X5.9765625 Y51.85546875
G0 X84.462890625 Y51.767578125
G1 X84.462890625 Y51.767578125
G1 X84.55078125 Y51.85546875
G1 X84.55078125 Y51.767578125
G0 X83.84765625 Y51.767578125
G1 X83.84765625 Y51.767578125
G0 X8.26171875 Y51.767578125
G1 X8.26171875 Y51.767578125
G1 X8.349609375 Y51.85546875
G1 X8.173828125 Y52.03125
G1 X7.998046875 Y51.85546875
G1 X8.173828125 Y52.03125
G1 X7.998046875 Y52.20703125
G1 X7.998046875 Y52.294921875
G1 X7.91015625 Y52.3828125
G1 X7.91015625 Y52.470703125
G1 X7.55859375 Y52.822265625
G1 X7.646484375 Y52.822265625
G1 X7.646484375 Y52.734375
G1 X7.734375 Y52.646484375
G1 X7.822265625 Y52.646484375
G1 X7.822265625 Y52.55859375
G1 X7.91015625 Y52.470703125
G1 X7.998046875 Y52.470703125
G1 X8.0859375 Y52.55859375
G1 X8.173828125 Y52.470703125
G1 X8.26171875 Y52.470703125
G1 X8.349609375 Y52.55859375
G1 X8.173828125 Y52.3828125
G1 X8.349609375 Y52.20703125
G1 X8.173828125 Y52.3828125
G1 X8.0859375 Y52.294921875
G1 X8.0859375 Y52.119140625
G1 X8.26171875 Y51.943359375
G1 X8.349609375 Y51.943359375
G1 X8.4375 Y52.03125
G1 X8.525390625 Y52.03125
G1 X8.4375 Y52.03125
G1 X8.349609375 Y51.943359375
G1 X8.349609375 Y51.85546875
G0 X6.591796875 Y51.767578125
G1 X6.591796875 Y51.767578125
G0 X84.90234375 Y51.6796875
G1 X84.90234375 Y51.6796875
G1 X84.90234375 Y51.767578125
G1 X84.7265625 Y51.943359375
G1 X84.7265625 Y52.03125
G1 X84.7265625 Y51.943359375
G1 X84.90234375 Y51.767578125
G0 X7.822265625 Y51.6796875
G1 X7.822265625 Y51.6796875
G0 X5.185546875 Y51.6796875
G1 X5.185546875 Y51.6796875
G0 X84.375 Y51.591796875
G1 X84.375 Y51.591796875
G0 X8.701171875 Y51.591796875
G1 X8.701171875 Y51.591796875
G1 X8.701171875 Y51.6796875
G1 X8.61328125 Y51.767578125
G1 X8.525390625 Y51.767578125
G1 X8.61328125 Y51.85546875
G1 X8.61328125 Y51.767578125
G1 X8.701171875 Y51.6796875
G1 X8.876953125 Y51.6796875
G1 X8.96484375 Y51.591796875
G1 X8.876953125 Y51.6796875
G1 X8.7890625 Y51.6796875
G0 X5.712890625 Y51.591796875
G1 X5.712890625 Y51.591796875
G1 X5.625 Y51.6796875
G1 X5.712890625 Y51.6796875
G0 X84.638671875 Y51.50390625
G1 X84.638671875 Y51.50390625
G1 X84.7265625 Y51.591796875
G0 X84.111328125 Y51.50390625
G1 X84.111328125 Y51.50390625
G0 X6.50390625 Y51.50390625
G1 X6.50390625 Y51.50390625
G0 X5.537109375 Y51.50390625
G1 X5.537109375 Y51.50390625
G0 X5.2734375 Y51.50390625
G1 X5.2734375 Y51.50390625
G1 X5.361328125 Y51.50390625
G0 X8.701171875 Y51.416015625
G1 X8.701171875 Y51.416015625
G0 X7.734375 Y51.416015625
G1 X7.734375 Y51.416015625
G1 X7.646484375 Y51.50390625
G1 X7.646484375 Y51.591796875
G1 X7.55859375 Y51.6796875
G1 X7.470703125 Y51.6796875
G1 X7.55859375 Y51.6796875
G1 X7.646484375 Y51.591796875
G1 X7.646484375 Y51.50390625
G1 X7.734375 Y51.416015625
G1 X7.822265625 Y51.416015625
G1 X7.91015625 Y51.50390625
G1 X7.822265625 Y51.416015625
G0 X84.814453125 Y51.328125
G1 X84.814453125 Y51.328125
G0 X84.462890625 Y51.328125
G1 X84.462890625 Y51.328125
G0 X9.052734375 Y51.328125
G1 X9.052734375 Y51.328125
G0 X8.349609375 Y51.328125
G1 X8.349609375 Y51.328125
G1 X8.173828125 Y51.50390625
G1 X8.0859375 Y51.416015625
G1 X8.173828125 Y51.50390625
G1 X8.0859375 Y51.591796875
G1 X8.0859375 Y51.6796875
G1 X8.0859375 Y51.591796875
G1 X8.26171875 Y51.416015625
G1 X8.349609375 Y51.416015625
G1 X8.4375 Y51.50390625
G1 X8.349609375 Y51.591796875
G1 X8.4375 Y51.50390625
G1 X8.525390625 Y51.50390625
G1 X8.4375 Y51.50390625
G1 X8.349609375 Y51.416015625
G0 X7.470703125 Y51.328125
G1 X7.470703125 Y51.328125
G0 X6.591796875 Y51.328125
G1 X6.591796875 Y51.328125
G0 X5.712890625 Y51.328125
G1 X5.712890625 Y51.328125
G0 X5.09765625 Y51.328125
G1 X5.09765625 Y51.328125
G0 X84.19921875 Y51.240234375
G1 X84.19921875 Y51.240234375
G1 X84.287109375 Y51.240234375
G0 X8.525390625 Y51.240234375
G1 X8.525390625 Y51.240234375
G0 X84.55078125 Y51.15234375
G1 X84.55078125 Y51.15234375
G1 X84.638671875 Y51.15234375
G0 X8.876953125 Y51.15234375
G1 X8.876953125 Y51.15234375
G0 X7.91015625 Y51.15234375
G1 X7.91015625 Y51.15234375
G1 X7.998046875 Y51.15234375
G1 X8.0859375 Y51.240234375
G1 X8.173828125 Y51.240234375
G1 X8.0859375 Y51.240234375
G1 X7.998046875 Y51.15234375
G0 X7.646484375 Y51.15234375
G1 X7.646484375 Y51.15234375
G0 X6.064453125 Y51.15234375
G1 X6.064453125 Y51.15234375
G0 X5.537109375 Y51.15234375
G1 X5.537109375 Y51.15234375
G1 X5.361328125 Y51.328125
G0 X5.185546875 Y51.15234375
G1 X5.185546875 Y51.15234375
G0 X9.052734375 Y51.064453125
G1 X9.052734375 Y51.064453125
G0 X8.26171875 Y51.064453125
G1 X8.26171875 Y51.064453125
G1 X8.349609375 Y51.064453125
G0 X5.888671875 Y51.064453125
G1 X5.888671875 Y51.064453125
G0 X84.7265625 Y50.9765625
G1 X84.7265625 Y50.9765625
G0 X84.19921875 Y50.9765625
G1 X84.19921875 Y50.9765625
G1 X84.287109375 Y50.9765625
G0 X8.701171875 Y50.9765625
G1 X8.701171875 Y50.9765625
G1 X8.61328125 Y51.064453125
G1 X8.701171875 Y51.064453125
G0 X7.734375 Y50.9765625
G1 X7.734375 Y50.9765625
G1 X7.822265625 Y50.9765625
G0 X7.470703125 Y50.9765625
G1 X7.470703125 Y50.9765625
G0 X6.85546875 Y50.9765625
G1 X6.85546875 Y50.9765625
G1 X6.943359375 Y50.9765625
G0 X6.591796875 Y50.9765625
G1 X6.591796875 Y50.9765625
G0 X8.4375 Y50.888671875
G1 X8.4375 Y50.888671875
G0 X8.0859375 Y50.888671875
G1 X8.0859375 Y50.888671875
G1 X8.173828125 Y50.888671875
G0 X5.9765625 Y50.888671875
G1 X5.9765625 Y50.888671875
G1 X6.064453125 Y50.888671875
G0 X84.90234375 Y50.80078125
G1 X84.90234375 Y50.80078125
G1 X84.990234375 Y50.80078125
G0 X8.7890625 Y50.80078125
G1 X8.7890625 Y50.80078125
G0 X7.55859375 Y50.80078125
G1 X7.55859375 Y50.80078125
G1 X7.646484375 Y50.80078125
G0 X7.294921875 Y50.80078125
G1 X7.294921875 Y50.80078125
G1 X7.294921875 Y50.888671875
G1 X7.20703125 Y50.9765625
G1 X7.119140625 Y50.9765625
G1 X7.119140625 Y51.064453125
G1 X6.943359375 Y51.240234375
G1 X6.85546875 Y51.240234375
G1 X6.767578125 Y51.15234375
G1 X6.6796875 Y51.15234375
G1 X6.767578125 Y51.15234375
G1 X6.943359375 Y51.328125
G1 X6.85546875 Y51.416015625
G1 X6.85546875 Y51.50390625
G1 X6.767578125 Y51.591796875
G1 X6.6796875 Y51.591796875
G1 X6.767578125 Y51.591796875
G1 X6.85546875 Y51.6796875
G1 X6.85546875 Y51.767578125
G1 X6.767578125 Y51.85546875
G1 X6.85546875 Y51.767578125
G1 X6.943359375 Y51.767578125
G1 X7.03125 Y51.85546875
G1 X7.03125 Y51.943359375
G1 X6.85546875 Y52.119140625
G1 X6.85546875 Y52.20703125
G1 X6.6796875 Y52.3828125
G1 X6.85546875 Y52.55859375
G1 X6.767578125 Y52.646484375
G1 X6.6796875 Y52.646484375
G1 X6.591796875 Y52.55859375
G1 X6.591796875 Y52.646484375
G1 X6.6796875 Y52.646484375
G1 X6.767578125 Y52.734375
G1 X6.767578125 Y52.822265625
G1 X6.6796875 Y52.91015625
G1 X6.6796875 Y52.998046875
G1 X6.767578125 Y53.0859375
G1 X6.767578125 Y53.173828125
G1 X6.6796875 Y53.26171875
G1 X6.591796875 Y53.26171875
G1 X6.767578125 Y53.4375
G1 X6.6796875 Y53.525390625
G1 X6.6796875 Y53.701171875
G1 X6.591796875 Y53.7890625
G1 X6.6796875 Y53.701171875
G1 X6.767578125 Y53.701171875
G1 X6.85546875 Y53.7890625
G1 X6.6796875 Y53.96484375
G1 X6.767578125 Y53.96484375
G1 X6.85546875 Y53.876953125
G1 X6.943359375 Y53.96484375
G1 X6.943359375 Y54.052734375
G1 X6.85546875 Y54.140625
G1 X6.943359375 Y54.228515625
G1 X6.6796875 Y54.4921875
G1 X6.591796875 Y54.4921875
G1 X6.6796875 Y54.4921875
G1 X6.767578125 Y54.404296875
G1 X6.85546875 Y54.404296875
G1 X6.943359375 Y54.4921875
G1 X6.943359375 Y54.580078125
G1 X6.85546875 Y54.66796875
G1 X6.85546875 Y54.755859375
G1 X6.943359375 Y54.84375
G1 X6.85546875 Y54.931640625
G1 X6.6796875 Y54.931640625
G1 X6.85546875 Y55.107421875
G1 X6.85546875 Y55.1953125
G1 X6.943359375 Y55.1953125
G1 X6.943359375 Y55.107421875
G1 X7.03125 Y55.01953125
G1 X7.119140625 Y55.01953125
G1 X7.20703125 Y54.931640625
G1 X7.294921875 Y54.931640625
G1 X7.294921875 Y54.84375
G1 X7.119140625 Y55.01953125
G1 X7.03125 Y55.01953125
G1 X6.943359375 Y54.931640625
G1 X6.943359375 Y54.84375
G1 X7.03125 Y54.755859375
G1 X7.119140625 Y54.755859375
G1 X6.943359375 Y54.755859375
G1 X6.85546875 Y54.66796875
G1 X6.943359375 Y54.580078125
G1 X7.03125 Y54.580078125
G1 X7.03125 Y54.4921875
G1 X6.943359375 Y54.4921875
G1 X6.85546875 Y54.404296875
G1 X6.943359375 Y54.31640625
G1 X7.119140625 Y54.31640625
G1 X7.20703125 Y54.404296875
G1 X7.294921875 Y54.31640625
G1 X7.20703125 Y54.404296875
G1 X7.119140625 Y54.31640625
G1 X7.03125 Y54.31640625
G1 X6.943359375 Y54.228515625
G1 X6.943359375 Y54.052734375
G1 X7.03125 Y53.96484375
G1 X6.943359375 Y53.96484375
G1 X6.85546875 Y53.876953125
G1 X7.03125 Y53.701171875
G1 X7.119140625 Y53.7890625
G1 X7.03125 Y53.701171875
G1 X7.03125 Y53.61328125
G1 X6.943359375 Y53.61328125
G1 X6.85546875 Y53.525390625
G1 X6.85546875 Y53.4375
G1 X6.943359375 Y53.349609375
G1 X7.03125 Y53.4375
G1 X7.119140625 Y53.4375
G1 X6.85546875 Y53.173828125
G1 X6.943359375 Y53.0859375
G1 X7.03125 Y53.0859375
G1 X7.20703125 Y53.26171875
G1 X7.20703125 Y53.173828125
G1 X7.3828125 Y52.998046875
G1 X7.470703125 Y52.998046875
G1 X7.55859375 Y53.0859375
G1 X7.470703125 Y53.173828125
G1 X7.470703125 Y53.26171875
G1 X7.3828125 Y53.349609375
G1 X7.3828125 Y53.4375
G1 X7.470703125 Y53.4375
G1 X7.55859375 Y53.525390625
G1 X7.55859375 Y53.61328125
G1 X7.91015625 Y53.96484375
G1 X7.998046875 Y53.96484375
G1 X8.0859375 Y54.052734375
G1 X8.0859375 Y54.140625
G1 X8.173828125 Y54.140625
G1 X8.173828125 Y54.052734375
G1 X8.349609375 Y53.876953125
G1 X8.4375 Y53.96484375
G1 X8.525390625 Y53.96484375
G1 X8.4375 Y53.96484375
G1 X8.349609375 Y53.876953125
G1 X8.349609375 Y53.7890625
G1 X8.4375 Y53.701171875
G1 X8.4375 Y53.525390625
G1 X8.349609375 Y53.525390625
G1 X8.26171875 Y53.4375
G1 X8.26171875 Y53.525390625
G1 X8.349609375 Y53.525390625
G1 X8.4375 Y53.61328125
G1 X8.4375 Y53.701171875
G1 X8.349609375 Y53.7890625
G1 X8.26171875 Y53.7890625
G1 X7.822265625 Y53.349609375
G1 X7.822265625 Y53.26171875
G1 X7.91015625 Y53.173828125
G1 X7.998046875 Y53.173828125
G1 X8.0859375 Y53.26171875
G1 X8.0859375 Y53.349609375
G1 X8.26171875 Y53.173828125
G1 X8.349609375 Y53.173828125
G1 X8.4375 Y53.26171875
G1 X8.4375 Y53.349609375
G1 X8.525390625 Y53.349609375
G1 X8.61328125 Y53.4375
G1 X8.4375 Y53.26171875
G1 X8.4375 Y53.173828125
G1 X8.525390625 Y53.0859375
G1 X8.61328125 Y53.0859375
G1 X8.61328125 Y52.998046875
G1 X8.7890625 Y52.822265625
G1 X8.876953125 Y52.822265625
G1 X8.96484375 Y52.91015625
G1 X8.96484375 Y52.998046875
G1 X8.876953125 Y53.0859375
G1 X8.96484375 Y52.998046875
G1 X8.96484375 Y52.91015625
G1 X8.876953125 Y52.822265625
G1 X8.876953125 Y52.734375
G1 X8.61328125 Y52.998046875
G1 X8.525390625 Y52.998046875
G1 X8.4375 Y52.91015625
G1 X8.4375 Y52.822265625
G1 X8.525390625 Y52.734375
G1 X8.26171875 Y52.998046875
G1 X8.173828125 Y52.998046875
G1 X8.26171875 Y53.0859375
G1 X8.26171875 Y53.173828125
G1 X8.173828125 Y53.26171875
G1 X8.0859375 Y53.26171875
G1 X7.998046875 Y53.173828125
G1 X7.998046875 Y53.0859375
G1 X7.91015625 Y52.998046875
G1 X8.173828125 Y52.734375
G1 X8.26171875 Y52.734375
G1 X8.173828125 Y52.734375
G1 X8.0859375 Y52.822265625
G1 X7.998046875 Y52.734375
G1 X7.998046875 Y52.91015625
G1 X7.91015625 Y52.998046875
G1 X7.734375 Y52.998046875
G1 X7.646484375 Y53.0859375
G1 X7.55859375 Y53.0859375
G1 X7.119140625 Y52.646484375
G1 X7.119140625 Y52.55859375
G1 X7.20703125 Y52.470703125
G1 X7.294921875 Y52.470703125
G1 X7.3828125 Y52.55859375
G1 X7.3828125 Y52.646484375
G1 X7.470703125 Y52.646484375
G1 X7.470703125 Y52.55859375
G1 X7.55859375 Y52.470703125
G1 X7.646484375 Y52.470703125
G1 X7.646484375 Y52.3828125
G1 X7.470703125 Y52.55859375
G1 X7.3828125 Y52.55859375
G1 X7.294921875 Y52.470703125
G1 X7.294921875 Y52.3828125
G1 X7.20703125 Y52.3828125
G1 X7.119140625 Y52.294921875
G1 X7.119140625 Y52.20703125
G1 X7.294921875 Y52.03125
G1 X7.20703125 Y52.03125
G1 X7.20703125 Y52.119140625
G1 X6.85546875 Y52.470703125
G1 X6.767578125 Y52.3828125
G1 X6.767578125 Y52.294921875
G1 X6.85546875 Y52.20703125
G1 X6.85546875 Y52.119140625
G1 X7.294921875 Y51.6796875
G1 X7.20703125 Y51.6796875
G1 X7.119140625 Y51.591796875
G1 X7.119140625 Y51.50390625
G1 X7.20703125 Y51.416015625
G1 X7.294921875 Y51.416015625
G1 X7.20703125 Y51.328125
G1 X7.20703125 Y51.416015625
G1 X7.119140625 Y51.50390625
G1 X7.03125 Y51.50390625
G1 X7.03125 Y51.591796875
G1 X6.943359375 Y51.6796875
G1 X6.85546875 Y51.6796875
G1 X6.767578125 Y51.591796875
G1 X6.85546875 Y51.50390625
G1 X6.85546875 Y51.416015625
G1 X6.943359375 Y51.328125
G1 X6.943359375 Y51.240234375
G1 X7.03125 Y51.15234375
G1 X7.294921875 Y51.15234375
G1 X7.20703125 Y51.15234375
G1 X7.119140625 Y51.064453125
G1 X7.294921875 Y50.888671875
G0 X5.44921875 Y50.80078125
G1 X5.44921875 Y50.80078125
G1 X5.712890625 Y51.064453125
G1 X5.712890625 Y50.9765625
G1 X5.625 Y50.9765625
G1 X5.537109375 Y50.888671875
G1 X5.537109375 Y50.80078125
G0 X8.26171875 Y50.712890625
G1 X8.26171875 Y50.712890625
G0 X5.80078125 Y50.712890625
G1 X5.80078125 Y50.712890625
G1 X5.80078125 Y50.80078125
G0 X84.55078125 Y50.625
G1 X84.55078125 Y50.625
G0 X8.96484375 Y50.625
G1 X8.96484375 Y50.625
G0 X8.61328125 Y50.625
G1 X8.61328125 Y50.625
G1 X8.61328125 Y50.712890625
G0 X7.3828125 Y50.625
G1 X7.3828125 Y50.625
G1 X7.470703125 Y50.625
G0 X84.990234375 Y50.537109375
G1 X84.990234375 Y50.537109375
G0 X5.2734375 Y50.537109375
G1 X5.2734375 Y50.537109375
G1 X5.2734375 Y50.625
G1 X5.361328125 Y50.625
G0 X8.7890625 Y50.44921875
G1 X8.7890625 Y50.44921875
G0 X8.349609375 Y50.44921875
G1 X8.349609375 Y50.44921875
G1 X8.4375 Y50.537109375
G1 X8.4375 Y50.44921875
G0 X6.6796875 Y50.44921875
G1 X6.6796875 Y50.44921875
G0 X5.712890625 Y50.44921875
G1 X5.712890625 Y50.44921875
G1 X5.625 Y50.537109375
G1 X5.537109375 Y50.537109375
G1 X5.537109375 Y50.625
G1 X5.625 Y50.625
G1 X5.625 Y50.537109375
G0 X84.7265625 Y50.361328125
G1 X84.7265625 Y50.361328125
G0 X84.462890625 Y50.361328125
G1 X84.462890625 Y50.361328125
G0 X84.111328125 Y50.2734375
G1 X84.111328125 Y50.2734375
G0 X7.998046875 Y50.2734375
G1 X7.998046875 Y50.2734375
G1 X7.91015625 Y50.361328125
G1 X7.822265625 Y50.361328125
G1 X7.822265625 Y50.44921875
G1 X7.734375 Y50.537109375
G1 X7.734375 Y50.625
G1 X7.734375 Y50.537109375
G1 X7.822265625 Y50.44921875
G1 X7.91015625 Y50.44921875
G1 X7.998046875 Y50.537109375
G1 X7.998046875 Y50.625
G1 X7.91015625 Y50.712890625
G1 X8.173828125 Y50.44921875
G1 X8.0859375 Y50.537109375
G1 X7.998046875 Y50.537109375
G1 X7.91015625 Y50.44921875
G1 X7.91015625 Y50.361328125
G0 X5.888671875 Y50.2734375
G1 X5.888671875 Y50.2734375
G0 X5.537109375 Y50.2734375
G1 X5.537109375 Y50.2734375
G1 X5.44921875 Y50.361328125
G1 X5.361328125 Y50.361328125
G1 X5.44921875 Y50.361328125
G0 X8.61328125 Y50.185546875
G1 X8.61328125 Y50.185546875
G1 X8.525390625 Y50.2734375
G0 X5.2734375 Y50.185546875
G1 X5.2734375 Y50.185546875
G0 X84.814453125 Y50.09765625
G1 X84.814453125 Y50.09765625
G0 X84.55078125 Y50.09765625
G1 X84.55078125 Y50.09765625
G0 X84.19921875 Y50.09765625
G1 X84.19921875 Y50.09765625
G0 X7.822265625 Y50.09765625
G1 X7.822265625 Y50.09765625
G1 X7.734375 Y50.185546875
G1 X7.822265625 Y50.185546875
G0 X8.4375 Y50.009765625
G1 X8.4375 Y50.009765625
G0 X8.0859375 Y50.009765625
G1 X8.0859375 Y50.009765625
G1 X8.0859375 Y50.09765625
G1 X8.26171875 Y50.2734375
G1 X8.26171875 Y50.185546875
G1 X8.173828125 Y50.185546875
G1 X8.0859375 Y50.09765625
G0 X5.44921875 Y50.009765625
G1 X5.44921875 Y50.009765625
G1 X5.537109375 Y50.009765625
G1 X5.625 Y50.09765625
G1 X5.537109375 Y50.009765625
G0 X84.287109375 Y49.921875
G1 X84.287109375 Y49.921875
G0 X7.91015625 Y49.921875
G1 X7.91015625 Y49.921875
G0 X7.55859375 Y49.921875
G1 X7.55859375 Y49.921875
G1 X7.55859375 Y50.009765625
G0 X5.80078125 Y49.921875
G1 X5.80078125 Y49.921875
G0 X8.26171875 Y49.833984375
G1 X8.26171875 Y49.833984375
G0 X4.921875 Y49.833984375
G1 X4.921875 Y49.833984375
G1 X4.921875 Y49.921875
G1 X5.09765625 Y50.09765625
G1 X5.09765625 Y50.009765625
G1 X5.009765625 Y50.009765625
G1 X4.921875 Y49.921875
G0 X84.0234375 Y49.74609375
G1 X84.0234375 Y49.74609375
G0 X8.0859375 Y49.74609375
G1 X8.0859375 Y49.74609375
G0 X5.9765625 Y49.74609375
G1 X5.9765625 Y49.74609375
G0 X84.19921875 Y49.658203125
G1 X84.19921875 Y49.658203125
G0 X5.44921875 Y49.658203125
G1 X5.44921875 Y49.658203125
G1 X5.44921875 Y49.74609375
G1 X5.625 Y49.74609375
G1 X5.537109375 Y49.658203125
G0 X5.09765625 Y49.658203125
G1 X5.09765625 Y49.658203125
G1 X5.09765625 Y49.74609375
G1 X5.185546875 Y49.74609375
G1 X5.2734375 Y49.833984375
G1 X5.2734375 Y49.921875
G1 X5.2734375 Y49.833984375
G1 X5.185546875 Y49.74609375
G1 X5.185546875 Y49.658203125
G0 X83.84765625 Y49.5703125
G1 X83.84765625 Y49.5703125
G0 X5.80078125 Y49.5703125
G1 X5.80078125 Y49.5703125
G0 X84.55078125 Y49.482421875
G1 X84.55078125 Y49.482421875
G0 X8.26171875 Y49.482421875
G1 X8.26171875 Y49.482421875
G0 X7.822265625 Y49.482421875
G1 X7.822265625 Y49.482421875
G1 X7.91015625 Y49.482421875
G1 X7.998046875 Y49.5703125
G1 X7.91015625 Y49.658203125
G1 X7.998046875 Y49.5703125
G1 X7.91015625 Y49.482421875
G0 X8.701171875 Y49.39453125
G1 X8.701171875 Y49.39453125
G0 X5.2734375 Y49.39453125
G1 X5.2734375 Y49.39453125
G1 X5.2734375 Y49.482421875
G1 X5.44921875 Y49.482421875
G1 X5.361328125 Y49.482421875
G0 X83.935546875 Y49.306640625
G1 X83.935546875 Y49.306640625
G0 X8.96484375 Y49.306640625
G1 X8.96484375 Y49.306640625
G0 X8.4375 Y49.306640625
G1 X8.4375 Y49.306640625
G0 X8.0859375 Y49.306640625
G1 X8.0859375 Y49.306640625
G1 X8.173828125 Y49.306640625
G0 X4.74609375 Y49.306640625
G1 X4.74609375 Y49.306640625
G1 X4.833984375 Y49.306640625
G1 X4.921875 Y49.39453125
G1 X4.921875 Y49.482421875
G1 X5.009765625 Y49.482421875
G1 X4.833984375 Y49.306640625
G0 X8.26171875 Y49.130859375
G1 X8.26171875 Y49.130859375
G0 X7.91015625 Y49.130859375
G1 X7.91015625 Y49.130859375
G1 X7.998046875 Y49.130859375
G0 X5.44921875 Y49.130859375
G1 X5.44921875 Y49.130859375
G1 X5.44921875 Y49.21875
G1 X5.537109375 Y49.130859375
G0 X84.55078125 Y49.04296875
G1 X84.55078125 Y49.04296875
G0 X8.96484375 Y49.04296875
G1 X8.96484375 Y49.04296875
G0 X7.3828125 Y49.04296875
G1 X7.3828125 Y49.04296875
G0 X85.166015625 Y48.955078125
G1 X85.166015625 Y48.955078125
G0 X7.998046875 Y48.955078125
G1 X7.998046875 Y48.955078125
G0 X8.701171875 Y48.8671875
G1 X8.701171875 Y48.8671875
G0 X7.822265625 Y48.8671875
G1 X7.822265625 Y48.8671875
G0 X7.470703125 Y48.8671875
G1 X7.470703125 Y48.8671875
G1 X7.646484375 Y49.04296875
G1 X7.55859375 Y49.130859375
G1 X7.55859375 Y49.21875
G1 X7.55859375 Y49.130859375
G1 X7.646484375 Y49.04296875
G0 X6.943359375 Y48.8671875
G1 X6.943359375 Y48.8671875
G0 X5.44921875 Y48.8671875
G1 X5.44921875 Y48.8671875
G1 X5.537109375 Y48.8671875
G0 X8.349609375 Y48.779296875
G1 X8.349609375 Y48.779296875
G1 X8.26171875 Y48.8671875
G0 X7.91015625 Y48.69140625
G1 X7.91015625 Y48.69140625
G0 X7.646484375 Y48.69140625
G1 X7.646484375 Y48.69140625
G1 X7.646484375 Y48.779296875
G0 X7.294921875 Y48.69140625
G1 X7.294921875 Y48.69140625
G1 X7.20703125 Y48.779296875
G1 X7.20703125 Y48.8671875
G1 X7.119140625 Y48.955078125
G1 X7.119140625 Y49.04296875
G1 X6.943359375 Y49.21875
G1 X6.85546875 Y49.21875
G1 X7.03125 Y49.39453125
G1 X7.03125 Y49.482421875
G1 X6.943359375 Y49.5703125
G1 X6.767578125 Y49.39453125
G1 X6.943359375 Y49.5703125
G1 X6.85546875 Y49.658203125
G1 X6.85546875 Y49.833984375
G1 X6.767578125 Y49.921875
G1 X6.85546875 Y49.833984375
G1 X6.943359375 Y49.833984375
G1 X7.03125 Y49.921875
G1 X7.119140625 Y49.921875
G1 X7.20703125 Y50.009765625
G1 X7.20703125 Y50.09765625
G1 X7.119140625 Y50.185546875
G1 X7.03125 Y50.185546875
G1 X6.943359375 Y50.09765625
G1 X6.767578125 Y50.2734375
G1 X6.6796875 Y50.185546875
G1 X6.767578125 Y50.2734375
G1 X6.943359375 Y50.09765625
G1 X7.03125 Y50.185546875
G1 X7.03125 Y50.361328125
G1 X6.943359375 Y50.44921875
G1 X6.943359375 Y50.537109375
G1 X6.85546875 Y50.625
G1 X6.85546875 Y50.712890625
G1 X6.767578125 Y50.80078125
G1 X6.85546875 Y50.712890625
G1 X6.943359375 Y50.80078125
G1 X7.03125 Y50.80078125
G1 X6.943359375 Y50.80078125
G1 X6.85546875 Y50.712890625
G1 X6.85546875 Y50.625
G1 X6.943359375 Y50.537109375
G1 X7.03125 Y50.537109375
G1 X7.119140625 Y50.625
G1 X7.294921875 Y50.44921875
G1 X7.119140625 Y50.2734375
G1 X7.119140625 Y50.185546875
G1 X7.20703125 Y50.09765625
G1 X7.294921875 Y50.09765625
G1 X7.3828125 Y50.185546875
G1 X7.3828125 Y50.2734375
G1 X7.470703125 Y50.2734375
G1 X7.55859375 Y50.361328125
G1 X7.55859375 Y50.44921875
G1 X7.55859375 Y50.361328125
G1 X7.294921875 Y50.09765625
G1 X7.294921875 Y50.009765625
G1 X7.20703125 Y50.009765625
G1 X7.119140625 Y49.921875
G1 X7.03125 Y49.921875
G1 X6.943359375 Y49.833984375
G1 X6.943359375 Y49.74609375
G1 X7.03125 Y49.658203125
G1 X7.119140625 Y49.74609375
G1 X7.20703125 Y49.74609375
G1 X7.294921875 Y49.833984375
G1 X7.3828125 Y49.833984375
G1 X7.55859375 Y49.658203125
G1 X7.646484375 Y49.658203125
G1 X7.734375 Y49.74609375
G1 X7.734375 Y49.833984375
G1 X7.734375 Y49.74609375
G1 X7.55859375 Y49.5703125
G1 X7.55859375 Y49.482421875
G1 X7.734375 Y49.306640625
G1 X7.55859375 Y49.482421875
G1 X7.470703125 Y49.482421875
G1 X7.3828125 Y49.39453125
G1 X7.3828125 Y49.306640625
G1 X7.119140625 Y49.04296875
G1 X7.119140625 Y48.955078125
G1 X7.20703125 Y48.8671875
G1 X7.20703125 Y48.779296875
G0 X7.03125 Y48.69140625
G1 X7.03125 Y48.69140625
G0 X8.173828125 Y48.603515625
G1 X8.173828125 Y48.603515625
G1 X8.173828125 Y48.69140625
G0 X6.85546875 Y48.603515625
G1 X6.85546875 Y48.603515625
G0 X5.185546875 Y48.603515625
G1 X5.185546875 Y48.603515625
G1 X5.2734375 Y48.69140625
G1 X5.361328125 Y48.69140625
G1 X5.2734375 Y48.69140625
G0 X84.462890625 Y48.515625
G1 X84.462890625 Y48.515625
G0 X84.0234375 Y48.515625
G1 X84.0234375 Y48.515625
G1 X84.111328125 Y48.515625
G0 X7.3828125 Y48.515625
G1 X7.3828125 Y48.515625
G0 X7.119140625 Y48.515625
G1 X7.119140625 Y48.515625
G0 X5.9765625 Y48.515625
G1 X5.9765625 Y48.515625
G0 X5.44921875 Y48.515625
G1 X5.44921875 Y48.515625
G0 X8.96484375 Y48.427734375
G1 X8.96484375 Y48.427734375
G0 X5.2734375 Y48.427734375
G1 X5.2734375 Y48.427734375
G0 X8.0859375 Y48.33984375
G1 X8.0859375 Y48.33984375
G0 X7.822265625 Y48.33984375
G1 X7.822265625 Y48.33984375
G0 X6.943359375 Y48.33984375
G1 X6.943359375 Y48.33984375
G1 X6.943359375 Y48.427734375
G0 X5.44921875 Y48.33984375
G1 X5.44921875 Y48.33984375
G1 X5.537109375 Y48.33984375
G0 X9.052734375 Y48.1640625
G1 X9.052734375 Y48.1640625
G0 X8.26171875 Y48.1640625
G1 X8.26171875 Y48.1640625
G0 X7.294921875 Y48.1640625
G1 X7.294921875 Y48.1640625
G1 X7.20703125 Y48.251953125
G1 X7.119140625 Y48.251953125
G1 X7.20703125 Y48.33984375
G1 X7.20703125 Y48.251953125
G1 X7.294921875 Y48.1640625
G1 X7.3828125 Y48.1640625
G0 X6.943359375 Y48.1640625
G1 X6.943359375 Y48.1640625
G0 X7.55859375 Y48.076171875
G1 X7.55859375 Y48.076171875
G1 X7.646484375 Y48.1640625
G1 X7.646484375 Y48.251953125
G1 X7.55859375 Y48.33984375
G1 X7.470703125 Y48.33984375
G1 X7.55859375 Y48.427734375
G1 X7.646484375 Y48.427734375
G1 X7.734375 Y48.515625
G1 X7.55859375 Y48.33984375
G1 X7.734375 Y48.1640625
G1 X7.646484375 Y48.1640625
G0 X5.09765625 Y48.076171875
G1 X5.09765625 Y48.076171875
G1 X5.185546875 Y48.076171875
G0 X85.078125 Y47.98828125
G1 X85.078125 Y47.98828125
G0 X7.91015625 Y47.98828125
G1 X7.91015625 Y47.98828125
G0 X7.03125 Y47.98828125
G1 X7.03125 Y47.98828125
G1 X7.119140625 Y47.98828125
G0 X5.44921875 Y47.98828125
G1 X5.44921875 Y47.98828125
G0 X7.294921875 Y47.900390625
G1 X7.294921875 Y47.900390625
G1 X7.3828125 Y47.900390625
G0 X83.935546875 Y47.8125
G1 X83.935546875 Y47.8125
G0 X8.525390625 Y47.8125
G1 X8.525390625 Y47.8125
G0 X7.998046875 Y47.8125
G1 X7.998046875 Y47.8125
G0 X7.646484375 Y47.8125
G1 X7.646484375 Y47.8125
G1 X7.646484375 Y47.900390625
G1 X7.734375 Y47.900390625
G0 X85.25390625 Y47.724609375
G1 X85.25390625 Y47.724609375
G1 X85.341796875 Y47.724609375
G0 X7.470703125 Y47.724609375
G1 X7.470703125 Y47.724609375
G0 X7.119140625 Y47.724609375
G1 X7.119140625 Y47.724609375
G0 X5.185546875 Y47.724609375
G1 X5.185546875 Y47.724609375
G1 X5.09765625 Y47.8125
G1 X5.185546875 Y47.8125
G0 X8.349609375 Y47.63671875
G1 X8.349609375 Y47.63671875
G0 X7.822265625 Y47.63671875
G1 X7.822265625 Y47.63671875
G1 X7.91015625 Y47.63671875
G0 X8.7890625 Y47.4609375
G1 X8.7890625 Y47.4609375
G0 X8.0859375 Y47.4609375
G1 X8.0859375 Y47.4609375
G0 X5.44921875 Y47.4609375
G1 X5.44921875 Y47.4609375
G0 X7.119140625 Y47.373046875
G1 X7.119140625 Y47.373046875
G0 X8.61328125 Y47.28515625
G1 X8.61328125 Y47.28515625
G0 X7.734375 Y47.28515625
G1 X7.734375 Y47.28515625
G0 X7.3828125 Y47.28515625
G1 X7.3828125 Y47.28515625
G0 X5.185546875 Y47.28515625
G1 X5.185546875 Y47.28515625
G0 X7.119140625 Y47.197265625
G1 X7.119140625 Y47.197265625
G0 X85.166015625 Y47.109375
G1 X85.166015625 Y47.109375
G1 X85.341796875 Y47.109375
G0 X5.712890625 Y47.109375
G1 X5.712890625 Y47.109375
G0 X8.4375 Y47.021484375
G1 X8.4375 Y47.021484375
G0 X8.173828125 Y46.93359375
G1 X8.173828125 Y46.93359375
G0 X7.646484375 Y46.93359375
G1 X7.646484375 Y46.93359375
G1 X7.646484375 Y47.021484375
G0 X7.822265625 Y46.845703125
G1 X7.822265625 Y46.845703125
G0 X85.341796875 Y46.669921875
G1 X85.341796875 Y46.669921875
G0 X7.294921875 Y46.669921875
G1 X7.294921875 Y46.669921875
G0 X8.4375 Y46.58203125
G1 X8.4375 Y46.58203125
G0 X7.55859375 Y46.58203125
G1 X7.55859375 Y46.58203125
G1 X7.55859375 Y46.669921875
G1 X7.646484375 Y46.58203125
G0 X5.537109375 Y46.58203125
G1 X5.537109375 Y46.58203125
G0 X85.166015625 Y46.40625
G1 X85.166015625 Y46.40625
G0 X5.09765625 Y46.40625
G1 X5.09765625 Y46.40625
G1 X5.185546875 Y46.40625
G0 X84.19921875 Y46.318359375
G1 X84.19921875 Y46.318359375
G0 X7.3828125 Y46.318359375
G1 X7.3828125 Y46.318359375
G0 X85.341796875 Y46.23046875
G1 X85.341796875 Y46.23046875
G0 X7.55859375 Y46.23046875
G1 X7.55859375 Y46.23046875
G0 X5.185546875 Y46.23046875
G1 X5.185546875 Y46.23046875
G0 X7.119140625 Y46.142578125
G1 X7.119140625 Y46.142578125
G0 X84.19921875 Y46.0546875
G1 X84.19921875 Y46.0546875
G0 X7.998046875 Y46.0546875
G1 X7.998046875 Y46.0546875
G0 X7.822265625 Y45.87890625
G1 X7.822265625 Y45.87890625
G0 X7.294921875 Y45.87890625
G1 X7.294921875 Y45.87890625
G1 X7.294921875 Y45.966796875
G1 X7.3828125 Y46.0546875
G1 X7.294921875 Y45.966796875
G0 X7.55859375 Y45.791015625
G1 X7.55859375 Y45.791015625
G1 X7.55859375 Y45.87890625
G0 X85.341796875 Y45.703125
G1 X85.341796875 Y45.703125
G0 X8.525390625 Y45.703125
G1 X8.525390625 Y45.703125
G0 X7.294921875 Y45.615234375
G1 X7.294921875 Y45.615234375
G1 X7.294921875 Y45.703125
G1 X7.3828125 Y45.703125
G0 X5.09765625 Y45.52734375
G1 X5.09765625 Y45.52734375
G0 X4.921875 Y45.439453125
G1 X4.921875 Y45.439453125
G1 X4.74609375 Y45.615234375
G1 X4.658203125 Y45.615234375
G1 X4.833984375 Y45.615234375
G1 X4.921875 Y45.703125
G1 X5.009765625 Y45.703125
G1 X4.921875 Y45.703125
G1 X4.833984375 Y45.615234375
G1 X4.833984375 Y45.52734375
G0 X85.341796875 Y45.3515625
G1 X85.341796875 Y45.3515625
G0 X7.822265625 Y45.3515625
G1 X7.822265625 Y45.3515625
G0 X5.09765625 Y45.263671875
G1 X5.09765625 Y45.263671875
G0 X85.4296875 Y45.17578125
G1 X85.4296875 Y45.17578125
G1 X85.517578125 Y45.17578125
G0 X7.3828125 Y45.17578125
G1 X7.3828125 Y45.17578125
G0 X4.658203125 Y45.0
G1 X4.658203125 Y45.0
G1 X4.74609375 Y45.0
G1 X4.921875 Y45.17578125
G1 X4.833984375 Y45.263671875
G1 X4.74609375 Y45.263671875
G1 X4.658203125 Y45.3515625
G1 X4.5703125 Y45.263671875
G1 X4.5703125 Y45.17578125
G1 X4.482421875 Y45.17578125
G1 X4.482421875 Y45.263671875
G1 X4.5703125 Y45.263671875
G1 X4.658203125 Y45.3515625
G1 X4.74609375 Y45.3515625
G1 X4.921875 Y45.17578125
G1 X4.833984375 Y45.087890625
G1 X4.833984375 Y45.0
G0 X8.4375 Y44.912109375
G1 X8.4375 Y44.912109375
G0 X4.04296875 Y44.912109375
G1 X4.04296875 Y44.912109375
G1 X4.130859375 Y44.912109375
G0 X4.74609375 Y44.736328125
G1 X4.74609375 Y44.736328125
G1 X4.833984375 Y44.736328125
G1 X4.921875 Y44.82421875
G1 X4.921875 Y44.736328125
G0 X85.517578125 Y44.6484375
G1 X85.517578125 Y44.6484375
G1 X85.60546875 Y44.736328125
G1 X85.60546875 Y44.82421875
G1 X85.517578125 Y44.912109375
G1 X85.517578125 Y45.0
G1 X85.60546875 Y45.0
G1 X85.517578125 Y44.912109375
G1 X85.60546875 Y44.82421875
G1 X85.693359375 Y44.82421875
G1 X85.693359375 Y44.736328125
G1 X85.60546875 Y44.736328125
G0 X4.482421875 Y44.6484375
G1 X4.482421875 Y44.6484375
G1 X4.5703125 Y44.6484375
G0 X4.39453125 Y44.384765625
G1 X4.39453125 Y44.384765625
G1 X4.482421875 Y44.47265625
G1 X4.5703125 Y44.47265625
G1 X4.482421875 Y44.384765625
G0 X4.04296875 Y44.384765625
G1 X4.04296875 Y44.384765625
G1 X4.130859375 Y44.384765625
G1 X4.21875 Y44.47265625
G1 X4.21875 Y44.736328125
G1 X4.21875 Y44.47265625
G1 X4.130859375 Y44.384765625
G0 X85.341796875 Y43.9453125
G1 X85.341796875 Y43.9453125
G0 X4.833984375 Y43.9453125
G1 X4.833984375 Y43.9453125
G1 X4.921875 Y43.9453125
G1 X5.009765625 Y44.033203125
G1 X4.74609375 Y44.296875
G1 X4.658203125 Y44.208984375
G1 X4.5703125 Y44.208984375
G1 X4.482421875 Y44.12109375
G1 X4.39453125 Y44.208984375
G1 X4.306640625 Y44.208984375
G1 X4.130859375 Y44.033203125
G1 X4.130859375 Y44.12109375
G1 X4.21875 Y44.12109375
G1 X4.306640625 Y44.208984375
G1 X4.39453125 Y44.208984375
G1 X4.482421875 Y44.12109375
G1 X4.5703125 Y44.208984375
G1 X4.658203125 Y44.208984375
G1 X4.833984375 Y44.384765625
G1 X4.74609375 Y44.47265625
G1 X4.921875 Y44.47265625
G1 X5.009765625 Y44.560546875
G1 X5.09765625 Y44.560546875
G1 X5.009765625 Y44.560546875
G1 X4.921875 Y44.47265625
G1 X4.921875 Y44.384765625
G1 X4.833984375 Y44.384765625
G1 X4.74609375 Y44.296875
G1 X4.833984375 Y44.208984375
G1 X5.009765625 Y44.208984375
G1 X4.921875 Y44.12109375
G1 X5.009765625 Y44.033203125
G1 X4.921875 Y43.9453125
G0 X4.39453125 Y43.857421875
G1 X4.39453125 Y43.857421875
G1 X4.39453125 Y43.9453125
G1 X4.5703125 Y43.9453125
G1 X4.482421875 Y43.857421875
G0 X85.166015625 Y43.76953125
G1 X85.166015625 Y43.76953125
G0 X4.130859375 Y43.76953125
G1 X4.130859375 Y43.76953125
G0 X4.39453125 Y43.59375
G1 X4.39453125 Y43.59375
G1 X4.39453125 Y43.681640625
G1 X4.482421875 Y43.681640625
G1 X4.482421875 Y43.59375
G0 X85.4296875 Y43.41796875
G1 X85.4296875 Y43.41796875
G1 X85.4296875 Y43.505859375
G1 X85.341796875 Y43.59375
G1 X85.4296875 Y43.505859375
G0 X85.166015625 Y43.41796875
G1 X85.166015625 Y43.41796875
G0 X4.833984375 Y43.41796875
G1 X4.833984375 Y43.41796875
G1 X4.921875 Y43.505859375
G1 X4.921875 Y43.59375
G1 X4.833984375 Y43.681640625
G1 X4.921875 Y43.681640625
G1 X4.921875 Y43.41796875
G0 X84.990234375 Y43.2421875
G1 X84.990234375 Y43.2421875
G0 X4.39453125 Y43.2421875
G1 X4.39453125 Y43.2421875
G1 X4.39453125 Y43.41796875
G1 X4.482421875 Y43.41796875
G1 X4.39453125 Y43.330078125
G0 X85.341796875 Y43.154296875
G1 X85.341796875 Y43.154296875
G0 X4.21875 Y43.154296875
G1 X4.21875 Y43.154296875
G1 X4.21875 Y43.2421875
G0 X85.166015625 Y43.06640625
G1 X85.166015625 Y43.06640625
G0 X84.814453125 Y43.06640625
G1 X84.814453125 Y43.06640625
G0 X4.921875 Y43.06640625
G1 X4.921875 Y43.06640625
G1 X4.921875 Y43.2421875
G0 X4.39453125 Y42.978515625
G1 X4.39453125 Y42.978515625
G1 X4.39453125 Y43.06640625
G0 X85.25390625 Y42.890625
G1 X85.25390625 Y42.890625
G0 X84.638671875 Y42.890625
G1 X84.638671875 Y42.890625
G0 X5.009765625 Y42.890625
G1 X5.009765625 Y42.890625
G0 X4.921875 Y42.71484375
G1 X4.921875 Y42.71484375
G0 X84.638671875 Y42.626953125
G1 X84.638671875 Y42.626953125
G0 X85.25390625 Y42.5390625
G1 X85.25390625 Y42.5390625
G1 X85.078125 Y42.71484375
G0 X84.814453125 Y42.451171875
G1 X84.814453125 Y42.451171875
G0 X84.990234375 Y42.36328125
G1 X84.990234375 Y42.36328125
G0 X4.306640625 Y42.36328125
G1 X4.306640625 Y42.36328125
G1 X4.306640625 Y42.451171875
G1 X4.39453125 Y42.5390625
G1 X4.306640625 Y42.626953125
G1 X4.306640625 Y42.71484375
G1 X4.39453125 Y42.71484375
G1 X4.39453125 Y42.36328125
G0 X85.166015625 Y42.1875
G1 X85.166015625 Y42.1875
G0 X84.814453125 Y42.1875
G1 X84.814453125 Y42.1875
G0 X84.638671875 Y42.01171875
G1 X84.638671875 Y42.01171875
G0 X4.306640625 Y42.01171875
G1 X4.306640625 Y42.01171875
G1 X4.21875 Y42.099609375
G1 X4.306640625 Y42.099609375
G1 X4.39453125 Y42.1875
G1 X4.39453125 Y42.099609375
G0 X84.462890625 Y41.8359375
G1 X84.462890625 Y41.8359375
G0 X84.111328125 Y41.8359375
G1 X84.111328125 Y41.8359375
G0 X4.21875 Y41.8359375
G1 X4.21875 Y41.8359375
G1 X4.39453125 Y41.8359375
G0 X85.4296875 Y41.748046875
G1 X85.4296875 Y41.748046875
G1 X85.25390625 Y41.923828125
G1 X85.25390625 Y42.01171875
G1 X85.25390625 Y41.923828125
G1 X85.341796875 Y41.8359375
G1 X85.4296875 Y41.8359375
G0 X85.078125 Y41.748046875
G1 X85.078125 Y41.748046875
G0 X84.287109375 Y41.66015625
G1 X84.287109375 Y41.66015625
G0 X80.595703125 Y41.66015625
G1 X80.595703125 Y41.66015625
G0 X85.25390625 Y41.484375
G1 X85.25390625 Y41.484375
G0 X84.638671875 Y41.484375
G1 X84.638671875 Y41.484375
G0 X84.111328125 Y41.484375
G1 X84.111328125 Y41.484375
G0 X84.814453125 Y41.30859375
G1 X84.814453125 Y41.30859375
G0 X84.90234375 Y41.1328125
G1 X84.90234375 Y41.1328125
G0 X85.078125 Y40.95703125
G1 X85.078125 Y40.95703125
G0 X84.375 Y40.95703125
G1 X84.375 Y40.95703125
G0 X4.5703125 Y40.869140625
G1 X4.5703125 Y40.869140625
G0 X85.78125 Y40.78125
G1 X85.78125 Y40.78125
G1 X85.693359375 Y40.869140625
G1 X85.517578125 Y40.869140625
G1 X85.60546875 Y40.869140625
G1 X85.693359375 Y40.95703125
G1 X85.693359375 Y40.869140625
G1 X85.78125 Y40.78125
G1 X85.869140625 Y40.78125
G0 X4.921875 Y40.78125
G1 X4.921875 Y40.78125
G0 X85.60546875 Y40.60546875
G1 X85.60546875 Y40.60546875
G1 X85.693359375 Y40.60546875
G0 X85.341796875 Y40.60546875
G1 X85.341796875 Y40.60546875
G0 X4.482421875 Y40.517578125
G1 X4.482421875 Y40.517578125
G0 X85.517578125 Y40.4296875
G1 X85.517578125 Y40.4296875
G0 X85.341796875 Y40.341796875
G1 X85.341796875 Y40.341796875
G0 X7.3828125 Y40.25390625
G1 X7.3828125 Y40.25390625
G0 X4.482421875 Y40.25390625
G1 X4.482421875 Y40.25390625
G1 X4.5703125 Y40.25390625
G0 X85.60546875 Y39.990234375
G1 X85.60546875 Y39.990234375
G1 X85.693359375 Y39.990234375
G0 X84.638671875 Y39.990234375
G1 X84.638671875 Y39.990234375
G0 X5.44921875 Y39.990234375
G1 X5.44921875 Y39.990234375
G0 X5.009765625 Y39.990234375
G1 X5.009765625 Y39.990234375
G0 X4.658203125 Y39.990234375
G1 X4.658203125 Y39.990234375
G0 X85.869140625 Y39.90234375
G1 X85.869140625 Y39.90234375
G0 X4.833984375 Y39.814453125
G1 X4.833984375 Y39.814453125
G0 X4.482421875 Y39.814453125
G1 X4.482421875 Y39.814453125
G0 X85.60546875 Y39.7265625
G1 X85.60546875 Y39.7265625
G1 X85.517578125 Y39.814453125
G1 X85.60546875 Y39.814453125
G1 X85.693359375 Y39.7265625
G0 X5.537109375 Y39.7265625
G1 X5.537109375 Y39.7265625
G0 X5.2734375 Y39.7265625
G1 X5.2734375 Y39.7265625
G0 X85.60546875 Y39.55078125
G1 X85.60546875 Y39.55078125
G0 X5.361328125 Y39.55078125
G1 X5.361328125 Y39.55078125
G0 X4.482421875 Y39.55078125
G1 X4.482421875 Y39.55078125
G1 X4.5703125 Y39.638671875
G1 X4.658203125 Y39.638671875
G1 X4.5703125 Y39.638671875
G0 X4.04296875 Y39.55078125
G1 X4.04296875 Y39.55078125
G1 X4.04296875 Y39.90234375
G1 X4.130859375 Y39.990234375
G1 X4.04296875 Y40.078125
G1 X3.955078125 Y40.078125
G1 X4.130859375 Y40.25390625
G1 X4.21875 Y40.25390625
G1 X4.306640625 Y40.166015625
G1 X4.306640625 Y40.078125
G1 X4.21875 Y40.166015625
G1 X4.130859375 Y40.166015625
G1 X4.04296875 Y40.078125
G1 X4.21875 Y39.90234375
G1 X4.130859375 Y39.814453125
G1 X4.21875 Y39.7265625
G1 X4.21875 Y39.638671875
G1 X4.130859375 Y39.55078125
G0 X86.484375 Y39.462890625
G1 X86.484375 Y39.462890625
G1 X86.484375 Y39.55078125
G1 X86.572265625 Y39.55078125
G1 X86.572265625 Y39.462890625
G0 X85.869140625 Y39.462890625
G1 X85.869140625 Y39.462890625
G1 X85.869140625 Y39.638671875
G1 X85.95703125 Y39.7265625
G1 X85.869140625 Y39.638671875
G0 X5.537109375 Y39.462890625
G1 X5.537109375 Y39.462890625
G0 X85.95703125 Y39.287109375
G1 X85.95703125 Y39.287109375
G0 X85.60546875 Y39.287109375
G1 X85.60546875 Y39.287109375
G1 X85.693359375 Y39.375
G1 X85.693359375 Y39.287109375
G0 X6.064453125 Y39.287109375
G1 X6.064453125 Y39.287109375
G0 X4.39453125 Y39.287109375
G1 X4.39453125 Y39.287109375
G0 X86.572265625 Y39.19921875
G1 X86.572265625 Y39.19921875
G1 X86.572265625 Y39.287109375
G0 X86.396484375 Y39.19921875
G1 X86.396484375 Y39.19921875
G0 X5.537109375 Y39.19921875
G1 X5.537109375 Y39.19921875
G0 X5.185546875 Y39.19921875
G1 X5.185546875 Y39.19921875
G1 X5.185546875 Y39.287109375
G0 X6.064453125 Y39.0234375
G1 X6.064453125 Y39.0234375
G0 X5.712890625 Y39.0234375
G1 X5.712890625 Y39.0234375
G0 X5.361328125 Y39.0234375
G1 X5.361328125 Y39.0234375
G0 X4.04296875 Y39.0234375
G1 X4.04296875 Y39.0234375
G1 X4.04296875 Y39.375
G1 X4.130859375 Y39.375
G1 X4.130859375 Y39.19921875
G1 X4.21875 Y39.111328125
G1 X4.130859375 Y39.0234375
G0 X86.484375 Y38.935546875
G1 X86.484375 Y38.935546875
G1 X86.484375 Y39.0234375
G1 X86.572265625 Y39.0234375
G1 X86.572265625 Y38.935546875
G0 X85.60546875 Y38.935546875
G1 X85.60546875 Y38.935546875
G1 X85.60546875 Y39.0234375
G1 X85.693359375 Y39.0234375
G1 X85.693359375 Y38.935546875
G0 X5.09765625 Y38.935546875
G1 X5.09765625 Y38.935546875
G0 X5.537109375 Y38.84765625
G1 X5.537109375 Y38.84765625
G0 X4.5703125 Y38.84765625
G1 X4.5703125 Y38.84765625
G0 X85.869140625 Y38.759765625
G1 X85.869140625 Y38.759765625
G0 X5.80078125 Y38.759765625
G1 X5.80078125 Y38.759765625
G1 X5.888671875 Y38.759765625
G0 X5.2734375 Y38.759765625
G1 X5.2734375 Y38.759765625
G0 X86.572265625 Y38.671875
G1 X86.572265625 Y38.671875
G1 X86.572265625 Y38.759765625
G1 X86.66015625 Y38.759765625
G0 X85.60546875 Y38.671875
G1 X85.60546875 Y38.671875
G1 X85.693359375 Y38.671875
G0 X5.009765625 Y38.671875
G1 X5.009765625 Y38.671875
G1 X5.09765625 Y38.671875
G0 X4.39453125 Y38.671875
G1 X4.39453125 Y38.671875
G0 X4.130859375 Y38.671875
G1 X4.130859375 Y38.671875
G1 X4.04296875 Y38.759765625
G1 X4.04296875 Y38.84765625
G1 X4.21875 Y38.84765625
G1 X4.130859375 Y38.759765625
G0 X6.064453125 Y38.583984375
G1 X6.064453125 Y38.583984375
G0 X5.888671875 Y38.49609375
G1 X5.888671875 Y38.49609375
G0 X4.833984375 Y38.49609375
G1 X4.833984375 Y38.49609375
G0 X4.482421875 Y38.49609375
G1 X4.482421875 Y38.49609375
G0 X85.60546875 Y38.408203125
G1 X85.60546875 Y38.408203125
G0 X5.09765625 Y38.408203125
G1 X5.09765625 Y38.408203125
G0 X86.572265625 Y38.3203125
G1 X86.572265625 Y38.3203125
G1 X86.572265625 Y38.408203125
G1 X86.484375 Y38.49609375
G1 X86.572265625 Y38.49609375
G1 X86.66015625 Y38.408203125
G1 X86.66015625 Y38.3203125
G0 X85.869140625 Y38.3203125
G1 X85.869140625 Y38.3203125
G1 X85.78125 Y38.408203125
G1 X85.869140625 Y38.408203125
G0 X4.658203125 Y38.3203125
G1 X4.658203125 Y38.3203125
G0 X5.9765625 Y38.232421875
G1 X5.9765625 Y38.232421875
G1 X6.064453125 Y38.232421875
G0 X5.537109375 Y38.232421875
G1 X5.537109375 Y38.232421875
G1 X5.625 Y38.232421875
G0 X86.484375 Y38.14453125
G1 X86.484375 Y38.14453125
G1 X86.572265625 Y38.14453125
G0 X5.2734375 Y38.14453125
G1 X5.2734375 Y38.14453125
G0 X5.009765625 Y38.14453125
G1 X5.009765625 Y38.14453125
G0 X85.60546875 Y38.056640625
G1 X85.60546875 Y38.056640625
G1 X85.60546875 Y38.14453125
G1 X85.693359375 Y38.232421875
G1 X85.693359375 Y38.14453125
G0 X4.21875 Y38.056640625
G1 X4.21875 Y38.056640625
G0 X81.650390625 Y37.96875
G1 X81.650390625 Y37.96875
G0 X5.361328125 Y37.96875
G1 X5.361328125 Y37.96875
G0 X4.658203125 Y37.96875
G1 X4.658203125 Y37.96875
G0 X4.39453125 Y37.96875
G1 X4.39453125 Y37.96875
G0 X85.60546875 Y37.880859375
G1 X85.60546875 Y37.880859375
G1 X85.869140625 Y37.880859375
G0 X5.9765625 Y37.880859375
G1 X5.9765625 Y37.880859375
G0 X5.537109375 Y37.880859375
G1 X5.537109375 Y37.880859375
G1 X5.625 Y37.880859375
G1 X5.80078125 Y38.056640625
G1 X5.80078125 Y38.14453125
G1 X5.80078125 Y38.056640625
G1 X5.625 Y37.880859375
G0 X4.833984375 Y37.880859375
G1 X4.833984375 Y37.880859375
G0 X86.044921875 Y37.79296875
G1 X86.044921875 Y37.79296875
G1 X86.1328125 Y37.880859375
G1 X86.220703125 Y37.880859375
G1 X86.220703125 Y37.79296875
G0 X5.009765625 Y37.79296875
G1 X5.009765625 Y37.79296875
G0 X5.625 Y37.705078125
G1 X5.625 Y37.705078125
G1 X5.712890625 Y37.705078125
G0 X4.5703125 Y37.705078125
G1 X4.5703125 Y37.705078125
G1 X4.658203125 Y37.705078125
G0 X4.21875 Y37.705078125
G1 X4.21875 Y37.705078125
G1 X4.306640625 Y37.705078125
G1 X4.39453125 Y37.79296875
G1 X4.306640625 Y37.705078125
G0 X86.044921875 Y37.6171875
G1 X86.044921875 Y37.6171875
G0 X6.50390625 Y37.6171875
G1 X6.50390625 Y37.6171875
G0 X4.833984375 Y37.6171875
G1 X4.833984375 Y37.6171875
G0 X6.064453125 Y37.529296875
G1 X6.064453125 Y37.529296875
G0 X5.09765625 Y37.529296875
G1 X5.09765625 Y37.529296875
G0 X86.484375 Y37.44140625
G1 X86.484375 Y37.44140625
G1 X86.484375 Y37.529296875
G1 X86.396484375 Y37.6171875
G1 X86.30859375 Y37.6171875
G1 X86.396484375 Y37.6171875
G1 X86.484375 Y37.529296875
G0 X5.537109375 Y37.44140625
G1 X5.537109375 Y37.44140625
G1 X5.361328125 Y37.6171875
G1 X5.361328125 Y37.705078125
G1 X5.361328125 Y37.6171875
G0 X4.658203125 Y37.44140625
G1 X4.658203125 Y37.44140625
G0 X4.39453125 Y37.44140625
G1 X4.39453125 Y37.44140625
G1 X4.39453125 Y37.529296875
G1 X4.482421875 Y37.44140625
G0 X4.130859375 Y37.44140625
G1 X4.130859375 Y37.44140625
G1 X4.130859375 Y37.529296875
G1 X4.21875 Y37.529296875
G0 X5.888671875 Y37.353515625
G1 X5.888671875 Y37.353515625
G1 X5.80078125 Y37.44140625
G0 X5.2734375 Y37.353515625
G1 X5.2734375 Y37.353515625
G1 X5.361328125 Y37.353515625
G0 X6.15234375 Y37.265625
G1 X6.15234375 Y37.265625
G0 X4.833984375 Y37.265625
G1 X4.833984375 Y37.265625
G0 X85.60546875 Y37.177734375
G1 X85.60546875 Y37.177734375
G1 X85.60546875 Y37.353515625
G1 X85.693359375 Y37.44140625
G1 X85.60546875 Y37.529296875
G1 X85.60546875 Y37.6171875
G1 X85.78125 Y37.6171875
G1 X85.693359375 Y37.529296875
G1 X85.78125 Y37.44140625
G1 X85.60546875 Y37.265625
G1 X85.693359375 Y37.177734375
G1 X85.78125 Y37.177734375
G0 X5.44921875 Y37.177734375
G1 X5.44921875 Y37.177734375
G0 X86.044921875 Y37.08984375
G1 X86.044921875 Y37.08984375
G1 X86.044921875 Y37.177734375
G0 X5.712890625 Y37.08984375
G1 X5.712890625 Y37.08984375
G0 X85.95703125 Y36.826171875
G1 X85.95703125 Y36.826171875
G0 X5.80078125 Y36.826171875
G1 X5.80078125 Y36.826171875
G1 X5.888671875 Y36.9140625
G1 X5.9765625 Y36.826171875
G1 X6.064453125 Y36.9140625
G1 X5.9765625 Y36.826171875
G1 X5.888671875 Y36.9140625
G0 X5.09765625 Y36.826171875
G1 X5.09765625 Y36.826171875
G1 X4.921875 Y37.001953125
G1 X4.74609375 Y37.001953125
G1 X4.658203125 Y37.08984375
G1 X4.658203125 Y37.177734375
G1 X4.5703125 Y37.265625
G1 X4.658203125 Y37.177734375
G1 X4.658203125 Y37.08984375
G1 X4.74609375 Y37.001953125
G1 X4.833984375 Y37.001953125
G1 X5.009765625 Y37.177734375
G1 X5.185546875 Y37.177734375
G1 X5.009765625 Y37.177734375
G1 X4.921875 Y37.08984375
G1 X5.009765625 Y37.001953125
G1 X5.009765625 Y36.9140625
G1 X5.09765625 Y36.826171875
G1 X5.185546875 Y36.826171875
G1 X5.2734375 Y36.9140625
G1 X5.2734375 Y37.001953125
G1 X5.44921875 Y36.826171875
G1 X5.537109375 Y36.9140625
G1 X5.44921875 Y36.826171875
G1 X5.361328125 Y36.9140625
G1 X5.2734375 Y36.9140625
G1 X5.185546875 Y36.826171875
G0 X85.693359375 Y36.73828125
G1 X85.693359375 Y36.73828125
G1 X85.60546875 Y36.826171875
G1 X85.693359375 Y36.9140625
G0 X6.240234375 Y36.73828125
G1 X6.240234375 Y36.73828125
G0 X4.658203125 Y36.73828125
G1 X4.658203125 Y36.73828125
G1 X4.5703125 Y36.826171875
G1 X4.658203125 Y36.826171875
G0 X4.921875 Y36.650390625
G1 X4.921875 Y36.650390625
G1 X4.921875 Y36.73828125
G0 X86.044921875 Y36.5625
G1 X86.044921875 Y36.5625
G1 X86.220703125 Y36.73828125
G1 X86.220703125 Y36.826171875
G1 X86.1328125 Y36.9140625
G1 X86.220703125 Y36.9140625
G1 X86.30859375 Y36.826171875
G1 X86.30859375 Y36.73828125
G1 X86.220703125 Y36.73828125
G0 X6.064453125 Y36.5625
G1 X6.064453125 Y36.5625
G0 X5.625 Y36.5625
G1 X5.625 Y36.5625
G1 X5.712890625 Y36.5625
G0 X5.2734375 Y36.5625
G1 X5.2734375 Y36.5625
G1 X5.2734375 Y36.650390625
G0 X85.693359375 Y36.474609375
G1 X85.693359375 Y36.474609375
G1 X85.60546875 Y36.5625
G1 X85.78125 Y36.5625
G0 X4.658203125 Y36.474609375
G1 X4.658203125 Y36.474609375
G1 X4.74609375 Y36.474609375
G0 X6.15234375 Y36.38671875
G1 X6.15234375 Y36.38671875
G0 X5.009765625 Y36.38671875
G1 X5.009765625 Y36.38671875
G1 X5.009765625 Y36.474609375
G1 X5.09765625 Y36.474609375
G1 X5.09765625 Y36.38671875
G0 X85.693359375 Y36.298828125
G1 X85.693359375 Y36.298828125
G1 X85.78125 Y36.298828125
G0 X6.50390625 Y36.298828125
G1 X6.50390625 Y36.298828125
G0 X5.9765625 Y36.2109375
G1 X5.9765625 Y36.2109375
G0 X85.693359375 Y36.123046875
G1 X85.693359375 Y36.123046875
G0 X6.240234375 Y36.123046875
G1 X6.240234375 Y36.123046875
G1 X6.328125 Y36.123046875
G0 X83.935546875 Y36.03515625
G1 X83.935546875 Y36.03515625
G0 X5.537109375 Y36.03515625
G1 X5.537109375 Y36.03515625
G0 X84.19921875 Y35.947265625
G1 X84.19921875 Y35.947265625
G0 X86.484375 Y35.859375
G1 X86.484375 Y35.859375
G1 X86.30859375 Y36.03515625
G1 X86.396484375 Y36.03515625
G1 X86.396484375 Y35.947265625
G1 X86.484375 Y35.859375
G1 X86.572265625 Y35.859375
G0 X85.693359375 Y35.859375
G1 X85.693359375 Y35.859375
G0 X83.759765625 Y35.859375
G1 X83.759765625 Y35.859375
G0 X6.15234375 Y35.859375
G1 X6.15234375 Y35.859375
G0 X83.935546875 Y35.68359375
G1 X83.935546875 Y35.68359375
G0 X85.95703125 Y35.595703125
G1 X85.95703125 Y35.595703125
G0 X85.693359375 Y35.595703125
G1 X85.693359375 Y35.595703125
G1 X85.78125 Y35.595703125
G0 X84.19921875 Y35.595703125
G1 X84.19921875 Y35.595703125
G0 X81.38671875 Y35.595703125
G1 X81.38671875 Y35.595703125
G0 X86.30859375 Y35.5078125
G1 X86.30859375 Y35.5078125
G1 X86.30859375 Y35.595703125
G1 X86.1328125 Y35.771484375
G1 X86.1328125 Y35.859375
G1 X86.1328125 Y35.771484375
G1 X86.220703125 Y35.68359375
G1 X86.30859375 Y35.68359375
G0 X84.0234375 Y35.5078125
G1 X84.0234375 Y35.5078125
G0 X83.408203125 Y35.5078125
G1 X83.408203125 Y35.5078125
G0 X82.001953125 Y35.419921875
G1 X82.001953125 Y35.419921875
G0 X5.9765625 Y35.419921875
G1 X5.9765625 Y35.419921875
G1 X6.064453125 Y35.419921875
G1 X6.15234375 Y35.5078125
G1 X6.064453125 Y35.419921875
G0 X5.185546875 Y35.419921875
G1 X5.185546875 Y35.419921875
G1 X5.2734375 Y35.419921875
G0 X4.74609375 Y35.419921875
G1 X4.74609375 Y35.419921875
G1 X4.921875 Y35.419921875
G1 X5.009765625 Y35.5078125
G1 X4.921875 Y35.595703125
G1 X5.009765625 Y35.595703125
G1 X5.009765625 Y35.5078125
G1 X4.921875 Y35.419921875
G0 X4.482421875 Y35.419921875
G1 X4.482421875 Y35.419921875
G1 X4.39453125 Y35.5078125
G1 X4.482421875 Y35.5078125
G0 X86.044921875 Y35.33203125
G1 X86.044921875 Y35.33203125
G1 X86.044921875 Y35.419921875
G0 X6.328125 Y35.33203125
G1 X6.328125 Y35.33203125
G0 X83.84765625 Y35.244140625
G1 X83.84765625 Y35.244140625
G0 X5.80078125 Y35.244140625
G1 X5.80078125 Y35.244140625
G1 X5.888671875 Y35.244140625
G0 X86.220703125 Y35.15625
G1 X86.220703125 Y35.15625
G0 X83.408203125 Y35.15625
G1 X83.408203125 Y35.15625
G0 X83.056640625 Y35.15625
G1 X83.056640625 Y35.15625
G0 X6.15234375 Y35.15625
G1 X6.15234375 Y35.15625
G0 X86.044921875 Y35.068359375
G1 X86.044921875 Y35.068359375
G0 X85.693359375 Y35.068359375
G1 X85.693359375 Y35.068359375
G0 X83.671875 Y35.068359375
G1 X83.671875 Y35.068359375
G0 X81.2109375 Y35.068359375
G1 X81.2109375 Y35.068359375
G0 X86.30859375 Y34.98046875
G1 X86.30859375 Y34.98046875
G0 X5.9765625 Y34.98046875
G1 X5.9765625 Y34.98046875
G0 X83.84765625 Y34.892578125
G1 X83.84765625 Y34.892578125
G1 X83.935546875 Y34.892578125
G0 X83.49609375 Y34.892578125
G1 X83.49609375 Y34.892578125
G0 X6.328125 Y34.892578125
G1 X6.328125 Y34.892578125
G0 X85.78125 Y34.8046875
G1 X85.78125 Y34.8046875
G0 X6.15234375 Y34.8046875
G1 X6.15234375 Y34.8046875
G0 X5.80078125 Y34.8046875
G1 X5.80078125 Y34.8046875
G0 X86.044921875 Y34.716796875
G1 X86.044921875 Y34.716796875
G0 X83.671875 Y34.716796875
G1 X83.671875 Y34.716796875
G0 X86.220703125 Y34.62890625
G1 X86.220703125 Y34.62890625
G1 X86.396484375 Y34.8046875
G1 X86.396484375 Y34.716796875
G1 X86.484375 Y34.62890625
G1 X86.572265625 Y34.62890625
G1 X86.484375 Y34.62890625
G1 X86.396484375 Y34.716796875
G1 X86.30859375 Y34.716796875
G0 X84.375 Y34.62890625
G1 X84.375 Y34.62890625
G0 X5.9765625 Y34.62890625
G1 X5.9765625 Y34.62890625
G0 X83.49609375 Y34.541015625
G1 X83.49609375 Y34.541015625
G0 X83.14453125 Y34.541015625
G1 X83.14453125 Y34.541015625
G0 X81.9140625 Y34.541015625
G1 X81.9140625 Y34.541015625
G0 X5.537109375 Y34.541015625
G1 X5.537109375 Y34.541015625
G1 X5.625 Y34.541015625
G0 X86.572265625 Y34.453125
G1 X86.572265625 Y34.453125
G1 X86.66015625 Y34.453125
G0 X86.044921875 Y34.453125
G1 X86.044921875 Y34.453125
G1 X86.1328125 Y34.453125
G0 X85.78125 Y34.453125
G1 X85.78125 Y34.453125
G0 X82.353515625 Y34.453125
G1 X82.353515625 Y34.453125
G0 X5.80078125 Y34.453125
G1 X5.80078125 Y34.453125
G0 X84.19921875 Y34.365234375
G1 X84.19921875 Y34.365234375
G0 X83.3203125 Y34.365234375
G1 X83.3203125 Y34.365234375
G0 X82.96875 Y34.365234375
G1 X82.96875 Y34.365234375
G0 X82.6171875 Y34.365234375
G1 X82.6171875 Y34.365234375
G0 X4.921875 Y34.365234375
G1 X4.921875 Y34.365234375
G1 X4.921875 Y34.453125
G0 X86.220703125 Y34.27734375
G1 X86.220703125 Y34.27734375
G1 X86.30859375 Y34.27734375
G1 X86.396484375 Y34.365234375
G1 X86.396484375 Y34.27734375
G0 X85.869140625 Y34.27734375
G1 X85.869140625 Y34.27734375
G0 X5.9765625 Y34.27734375
G1 X5.9765625 Y34.27734375
G0 X84.0234375 Y34.189453125
G1 X84.0234375 Y34.189453125
G0 X83.583984375 Y34.189453125
G1 X83.583984375 Y34.189453125
G0 X83.14453125 Y34.189453125
G1 X83.14453125 Y34.189453125
G1 X83.232421875 Y34.189453125
G0 X82.79296875 Y34.189453125
G1 X82.79296875 Y34.189453125
G0 X4.74609375 Y34.189453125
G1 X4.74609375 Y34.189453125
G1 X4.74609375 Y34.27734375
G1 X4.833984375 Y34.189453125
G0 X86.044921875 Y34.1015625
G1 X86.044921875 Y34.1015625
G0 X84.462890625 Y34.1015625
G1 X84.462890625 Y34.1015625
G0 X81.650390625 Y34.1015625
G1 X81.650390625 Y34.1015625
G0 X6.15234375 Y34.1015625
G1 X6.15234375 Y34.1015625
G0 X86.396484375 Y34.013671875
G1 X86.396484375 Y34.013671875
G0 X84.0234375 Y34.013671875
G1 X84.0234375 Y34.013671875
G0 X83.408203125 Y34.013671875
G1 X83.408203125 Y34.013671875
G1 X83.49609375 Y34.013671875
G0 X82.6171875 Y34.013671875
G1 X82.6171875 Y34.013671875
G0 X5.888671875 Y34.013671875
G1 X5.888671875 Y34.013671875
G0 X5.2734375 Y34.013671875
G1 X5.2734375 Y34.013671875
G1 X5.361328125 Y34.013671875
G1 X5.537109375 Y34.189453125
G1 X5.537109375 Y34.27734375
G1 X5.625 Y34.27734375
G1 X5.625 Y34.189453125
G1 X5.537109375 Y34.189453125
G1 X5.44921875 Y34.1015625
G1 X5.44921875 Y34.013671875
G0 X4.921875 Y34.013671875
G1 X4.921875 Y34.013671875
G1 X5.009765625 Y34.013671875
G0 X86.1328125 Y33.92578125
G1 X86.1328125 Y33.92578125
G0 X85.78125 Y33.92578125
G1 X85.78125 Y33.92578125
G0 X84.287109375 Y33.92578125
G1 X84.287109375 Y33.92578125
G0 X83.671875 Y33.92578125
G1 X83.671875 Y33.92578125
G0 X4.5703125 Y33.92578125
G1 X4.5703125 Y33.92578125
G1 X4.5703125 Y34.013671875
G1 X4.658203125 Y34.013671875
G0 X85.95703125 Y33.837890625
G1 X85.95703125 Y33.837890625
G0 X84.814453125 Y33.837890625
G1 X84.814453125 Y33.837890625
G1 X84.90234375 Y33.92578125
G0 X82.44140625 Y33.837890625
G1 X82.44140625 Y33.837890625
G0 X81.650390625 Y33.837890625
G1 X81.650390625 Y33.837890625
G0 X5.09765625 Y33.837890625
G1 X5.09765625 Y33.837890625
G1 X5.2734375 Y33.837890625
G0 X4.306640625 Y33.837890625
G1 X4.306640625 Y33.837890625
G1 X4.39453125 Y33.92578125
G1 X4.39453125 Y33.837890625
G0 X86.30859375 Y33.75
G1 X86.30859375 Y33.75
G1 X86.396484375 Y33.75
G0 X85.60546875 Y33.75
G1 X85.60546875 Y33.75
G0 X84.111328125 Y33.75
G1 X84.111328125 Y33.75
G0 X83.759765625 Y33.75
G1 X83.759765625 Y33.75
G0 X84.990234375 Y33.662109375
G1 X84.990234375 Y33.662109375
G0 X83.49609375 Y33.662109375
G1 X83.49609375 Y33.662109375
G0 X82.6171875 Y33.662109375
G1 X82.6171875 Y33.662109375
G0 X82.265625 Y33.662109375
G1 X82.265625 Y33.662109375
G0 X81.474609375 Y33.662109375
G1 X81.474609375 Y33.662109375
G0 X5.80078125 Y33.662109375
G1 X5.80078125 Y33.662109375
G1 X5.888671875 Y33.662109375
G0 X5.44921875 Y33.662109375
G1 X5.44921875 Y33.662109375
G1 X5.44921875 Y33.75
G1 X5.537109375 Y33.75
G1 X5.625 Y33.837890625
G1 X5.625 Y33.92578125
G1 X5.712890625 Y33.837890625
G1 X5.625 Y33.837890625
G0 X4.5703125 Y33.662109375
G1 X4.5703125 Y33.662109375
G1 X4.658203125 Y33.662109375
G0 X86.044921875 Y33.57421875
G1 X86.044921875 Y33.57421875
G0 X84.462890625 Y33.57421875
G1 X84.462890625 Y33.57421875
G0 X83.935546875 Y33.57421875
G1 X83.935546875 Y33.57421875
G0 X6.15234375 Y33.57421875
G1 X6.15234375 Y33.57421875
G0 X5.625 Y33.57421875
G1 X5.625 Y33.57421875
G0 X4.921875 Y33.57421875
G1 X4.921875 Y33.57421875
G1 X4.921875 Y33.662109375
G1 X4.74609375 Y33.837890625
G1 X4.833984375 Y33.837890625
G1 X4.833984375 Y33.75
G1 X4.921875 Y33.662109375
G1 X5.09765625 Y33.662109375
G1 X5.009765625 Y33.57421875
G0 X85.869140625 Y33.486328125
G1 X85.869140625 Y33.486328125
G0 X84.19921875 Y33.486328125
G1 X84.19921875 Y33.486328125
G1 X84.287109375 Y33.486328125
G0 X83.3203125 Y33.486328125
G1 X83.3203125 Y33.486328125
G0 X82.44140625 Y33.486328125
G1 X82.44140625 Y33.486328125
G0 X82.08984375 Y33.486328125
G1 X82.08984375 Y33.486328125
G0 X85.341796875 Y33.3984375
G1 X85.341796875 Y33.3984375
G0 X84.55078125 Y33.3984375
G1 X84.55078125 Y33.3984375
G0 X83.759765625 Y33.3984375
G1 X83.759765625 Y33.3984375
G0 X81.650390625 Y33.3984375
G1 X81.650390625 Y33.3984375
G0 X81.298828125 Y33.3984375
G1 X81.298828125 Y33.3984375
G0 X5.9765625 Y33.3984375
G1 X5.9765625 Y33.3984375
G0 X5.712890625 Y33.3984375
G1 X5.712890625 Y33.3984375
G0 X84.814453125 Y33.310546875
G1 X84.814453125 Y33.310546875
G0 X83.935546875 Y33.310546875
G1 X83.935546875 Y33.310546875
G1 X84.0234375 Y33.3984375
G0 X82.265625 Y33.310546875
G1 X82.265625 Y33.310546875
G0 X81.9140625 Y33.310546875
G1 X81.9140625 Y33.310546875
G0 X86.30859375 Y33.22265625
G1 X86.30859375 Y33.22265625
G0 X85.693359375 Y33.22265625
G1 X85.693359375 Y33.22265625
G0 X85.078125 Y33.22265625
G1 X85.078125 Y33.22265625
G0 X84.375 Y33.22265625
G1 X84.375 Y33.22265625
G1 X84.375 Y33.310546875
G0 X81.474609375 Y33.22265625
G1 X81.474609375 Y33.22265625
G0 X81.123046875 Y33.22265625
G1 X81.123046875 Y33.22265625
G0 X5.537109375 Y33.22265625
G1 X5.537109375 Y33.22265625
G1 X5.537109375 Y33.310546875
G1 X5.361328125 Y33.486328125
G1 X5.2734375 Y33.486328125
G1 X5.185546875 Y33.3984375
G1 X5.185546875 Y33.310546875
G1 X5.09765625 Y33.310546875
G1 X5.09765625 Y33.3984375
G1 X5.185546875 Y33.3984375
G1 X5.2734375 Y33.486328125
G1 X5.2734375 Y33.57421875
G1 X5.537109375 Y33.310546875
G0 X84.111328125 Y33.134765625
G1 X84.111328125 Y33.134765625
G1 X84.19921875 Y33.22265625
G1 X84.19921875 Y33.134765625
G0 X83.759765625 Y33.134765625
G1 X83.759765625 Y33.134765625
G0 X82.08984375 Y33.134765625
G1 X82.08984375 Y33.134765625
G0 X81.73828125 Y33.134765625
G1 X81.73828125 Y33.134765625
G0 X6.15234375 Y33.134765625
G1 X6.15234375 Y33.134765625
G0 X5.712890625 Y33.134765625
G1 X5.712890625 Y33.134765625
G1 X5.80078125 Y33.22265625
G0 X86.30859375 Y33.046875
G1 X86.30859375 Y33.046875
G1 X86.396484375 Y33.046875
G0 X85.869140625 Y33.046875
G1 X85.869140625 Y33.046875
G1 X85.95703125 Y33.046875
G0 X85.166015625 Y33.046875
G1 X85.166015625 Y33.046875
G0 X83.408203125 Y33.046875
G1 X83.408203125 Y33.046875
G0 X82.79296875 Y33.046875
G1 X82.79296875 Y33.046875
G0 X82.44140625 Y33.046875
G1 X82.44140625 Y33.046875
G0 X81.298828125 Y33.046875
G1 X81.298828125 Y33.046875
G0 X80.947265625 Y33.046875
G1 X80.947265625 Y33.046875
G0 X5.888671875 Y33.046875
G1 X5.888671875 Y33.046875
G0 X5.361328125 Y33.046875
G1 X5.361328125 Y33.046875
G1 X5.361328125 Y33.134765625
G0 X5.009765625 Y33.046875
G1 X5.009765625 Y33.046875
G1 X4.921875 Y33.134765625
G1 X4.921875 Y33.22265625
G1 X4.921875 Y33.134765625
G0 X84.990234375 Y32.958984375
G1 X84.990234375 Y32.958984375
G1 X84.90234375 Y33.046875
G0 X84.55078125 Y32.958984375
G1 X84.55078125 Y32.958984375
G1 X84.55078125 Y33.046875
G0 X84.287109375 Y32.958984375
G1 X84.287109375 Y32.958984375
G1 X84.375 Y32.958984375
G0 X5.185546875 Y32.958984375
G1 X5.185546875 Y32.958984375
G0 X85.60546875 Y32.87109375
G1 X85.60546875 Y32.87109375
G0 X84.0234375 Y32.87109375
G1 X84.0234375 Y32.87109375
G1 X83.935546875 Y32.958984375
G1 X83.935546875 Y33.046875
G1 X83.935546875 Y32.958984375
G0 X83.671875 Y32.87109375
G1 X83.671875 Y32.87109375
G1 X83.759765625 Y32.87109375
G0 X82.265625 Y32.87109375
G1 X82.265625 Y32.87109375
G0 X81.123046875 Y32.87109375
G1 X81.123046875 Y32.87109375
G0 X5.537109375 Y32.87109375
G1 X5.537109375 Y32.87109375
G1 X5.537109375 Y32.958984375
G0 X4.658203125 Y32.87109375
G1 X4.658203125 Y32.87109375
G1 X4.74609375 Y32.958984375
G1 X4.74609375 Y33.046875
G1 X4.74609375 Y32.87109375
G0 X85.78125 Y32.783203125
G1 X85.78125 Y32.783203125
G1 X85.869140625 Y32.783203125
G0 X85.166015625 Y32.783203125
G1 X85.166015625 Y32.783203125
G0 X84.7265625 Y32.783203125
G1 X84.7265625 Y32.783203125
G0 X84.375 Y32.783203125
G1 X84.375 Y32.783203125
G0 X81.73828125 Y32.783203125
G1 X81.73828125 Y32.783203125
G0 X5.80078125 Y32.783203125
G1 X5.80078125 Y32.783203125
G0 X84.19921875 Y32.6953125
G1 X84.19921875 Y32.6953125
G0 X83.84765625 Y32.6953125
G1 X83.84765625 Y32.6953125
G0 X83.3203125 Y32.6953125
G1 X83.3203125 Y32.6953125
G0 X82.79296875 Y32.6953125
G1 X82.79296875 Y32.6953125
G0 X80.947265625 Y32.6953125
G1 X80.947265625 Y32.6953125
G0 X5.2734375 Y32.6953125
G1 X5.2734375 Y32.6953125
G1 X5.2734375 Y32.783203125
G1 X5.361328125 Y32.783203125
G1 X5.361328125 Y32.6953125
G0 X5.009765625 Y32.6953125
G1 X5.009765625 Y32.6953125
G1 X4.921875 Y32.783203125
G1 X5.009765625 Y32.783203125
G0 X84.990234375 Y32.607421875
G1 X84.990234375 Y32.607421875
G0 X84.55078125 Y32.607421875
G1 X84.55078125 Y32.607421875
G0 X81.5625 Y32.607421875
G1 X81.5625 Y32.607421875
G0 X4.74609375 Y32.607421875
G1 X4.74609375 Y32.607421875
G1 X4.833984375 Y32.607421875
G0 X85.869140625 Y32.51953125
G1 X85.869140625 Y32.51953125
G0 X83.49609375 Y32.51953125
G1 X83.49609375 Y32.51953125
G1 X83.583984375 Y32.607421875
G0 X82.265625 Y32.51953125
G1 X82.265625 Y32.51953125
G0 X5.44921875 Y32.51953125
G1 X5.44921875 Y32.51953125
G1 X5.537109375 Y32.51953125
G0 X84.7265625 Y32.431640625
G1 X84.7265625 Y32.431640625
G1 X84.814453125 Y32.431640625
G0 X84.375 Y32.431640625
G1 X84.375 Y32.431640625
G1 X84.375 Y32.51953125
G1 X84.462890625 Y32.431640625
G0 X83.935546875 Y32.431640625
G1 X83.935546875 Y32.431640625
G0 X81.38671875 Y32.431640625
G1 X81.38671875 Y32.431640625
G0 X81.03515625 Y32.431640625
G1 X81.03515625 Y32.431640625
G0 X5.009765625 Y32.431640625
G1 X5.009765625 Y32.431640625
G1 X5.09765625 Y32.431640625
G0 X86.484375 Y32.34375
G1 X86.484375 Y32.34375
G1 X86.748046875 Y32.34375
G1 X86.8359375 Y32.431640625
G1 X86.923828125 Y32.431640625
G1 X86.8359375 Y32.431640625
G1 X86.748046875 Y32.34375
G0 X86.044921875 Y32.34375
G1 X86.044921875 Y32.34375
G0 X85.693359375 Y32.34375
G1 X85.693359375 Y32.34375
G0 X84.111328125 Y32.34375
G1 X84.111328125 Y32.34375
G0 X83.3203125 Y32.34375
G1 X83.3203125 Y32.34375
G0 X5.2734375 Y32.34375
G1 X5.2734375 Y32.34375
G0 X85.869140625 Y32.255859375
G1 X85.869140625 Y32.255859375
G0 X85.25390625 Y32.255859375
G1 X85.25390625 Y32.255859375
G0 X84.90234375 Y32.255859375
G1 X84.90234375 Y32.255859375
G1 X84.990234375 Y32.255859375
G0 X84.638671875 Y32.255859375
G1 X84.638671875 Y32.255859375
G0 X83.49609375 Y32.255859375
G1 X83.49609375 Y32.255859375
G1 X83.583984375 Y32.255859375
G0 X5.625 Y32.255859375
G1 X5.625 Y32.255859375
G1 X5.625 Y32.34375
G0 X4.74609375 Y32.255859375
G1 X4.74609375 Y32.255859375
G1 X4.833984375 Y32.255859375
G0 X86.30859375 Y32.16796875
G1 X86.30859375 Y32.16796875
G1 X86.220703125 Y32.255859375
G1 X86.30859375 Y32.255859375
G0 X84.287109375 Y32.16796875
G1 X84.287109375 Y32.16796875
G0 X83.84765625 Y32.16796875
G1 X83.84765625 Y32.16796875
G0 X5.09765625 Y32.16796875
G1 X5.09765625 Y32.16796875
G0 X4.5703125 Y32.16796875
G1 X4.5703125 Y32.16796875
G0 X5.44921875 Y32.080078125
G1 X5.44921875 Y32.080078125
G0 X4.130859375 Y32.080078125
G1 X4.130859375 Y32.080078125
G1 X4.130859375 Y32.16796875
G1 X4.21875 Y32.16796875
G1 X4.39453125 Y32.34375
G1 X4.21875 Y32.16796875
G1 X4.21875 Y32.080078125
G0 X85.60546875 Y31.9921875
G1 X85.60546875 Y31.9921875
G0 X84.990234375 Y31.9921875
G1 X84.990234375 Y31.9921875
G0 X84.55078125 Y31.9921875
G1 X84.55078125 Y31.9921875
G1 X84.55078125 Y32.080078125
G1 X84.638671875 Y31.9921875
G0 X83.49609375 Y31.9921875
G1 X83.49609375 Y31.9921875
G0 X83.232421875 Y31.9921875
G1 X83.232421875 Y31.9921875
G0 X5.009765625 Y31.9921875
G1 X5.009765625 Y31.9921875
G0 X85.341796875 Y31.904296875
G1 X85.341796875 Y31.904296875
G1 X85.341796875 Y32.080078125
G0 X83.84765625 Y31.904296875
G1 X83.84765625 Y31.904296875
G1 X83.759765625 Y31.9921875
G1 X83.84765625 Y31.904296875
G1 X83.935546875 Y31.904296875
G0 X82.44140625 Y31.904296875
G1 X82.44140625 Y31.904296875
G0 X5.2734375 Y31.904296875
G1 X5.2734375 Y31.904296875
G0 X4.833984375 Y31.904296875
G1 X4.833984375 Y31.904296875
G1 X4.74609375 Y31.9921875
G0 X4.39453125 Y31.904296875
G1 X4.39453125 Y31.904296875
G1 X4.39453125 Y31.9921875
G1 X4.482421875 Y31.904296875
G0 X3.955078125 Y31.904296875
G1 X3.955078125 Y31.904296875
G1 X4.04296875 Y31.904296875
G0 X85.95703125 Y31.81640625
G1 X85.95703125 Y31.81640625
G1 X85.869140625 Y31.904296875
G1 X85.869140625 Y31.9921875
G1 X85.869140625 Y31.904296875
G0 X85.693359375 Y31.81640625
G1 X85.693359375 Y31.81640625
G0 X85.078125 Y31.81640625
G1 X85.078125 Y31.81640625
G1 X85.166015625 Y31.81640625
G0 X84.814453125 Y31.81640625
G1 X84.814453125 Y31.81640625
G0 X84.19921875 Y31.81640625
G1 X84.19921875 Y31.81640625
G1 X84.287109375 Y31.81640625
G1 X84.375 Y31.904296875
G1 X84.287109375 Y31.81640625
G0 X83.583984375 Y31.81640625
G1 X83.583984375 Y31.81640625
G0 X82.79296875 Y31.81640625
G1 X82.79296875 Y31.81640625
G0 X5.537109375 Y31.81640625
G1 X5.537109375 Y31.81640625
G0 X4.21875 Y31.81640625
G1 X4.21875 Y31.81640625
G0 X83.056640625 Y31.728515625
G1 X83.056640625 Y31.728515625
G1 X83.056640625 Y31.81640625
G0 X86.66015625 Y31.640625
G1 X86.66015625 Y31.640625
G1 X86.748046875 Y31.640625
G0 X85.78125 Y31.640625
G1 X85.78125 Y31.640625
G1 X85.869140625 Y31.640625
G0 X85.517578125 Y31.640625
G1 X85.517578125 Y31.640625
G0 X84.90234375 Y31.640625
G1 X84.90234375 Y31.640625
G1 X84.990234375 Y31.640625
G0 X84.55078125 Y31.640625
G1 X84.55078125 Y31.640625
G1 X84.55078125 Y31.728515625
G0 X84.0234375 Y31.640625
G1 X84.0234375 Y31.640625
G0 X83.671875 Y31.640625
G1 X83.671875 Y31.640625
G1 X83.759765625 Y31.640625
G0 X83.408203125 Y31.640625
G1 X83.408203125 Y31.640625
G0 X82.177734375 Y31.640625
G1 X82.177734375 Y31.640625
G0 X7.734375 Y31.640625
G1 X7.734375 Y31.640625
G0 X5.2734375 Y31.640625
G1 X5.2734375 Y31.640625
G0 X4.921875 Y31.640625
G1 X4.921875 Y31.640625
G1 X5.009765625 Y31.640625
G0 X4.5703125 Y31.640625
G1 X4.5703125 Y31.640625
G1 X4.5703125 Y31.728515625
G1 X4.658203125 Y31.728515625
G0 X84.375 Y31.552734375
G1 X84.375 Y31.552734375
G1 X84.375 Y31.640625
G0 X82.880859375 Y31.552734375
G1 X82.880859375 Y31.552734375
G0 X4.04296875 Y31.552734375
G1 X4.04296875 Y31.552734375
G1 X4.130859375 Y31.552734375
G1 X4.21875 Y31.640625
G1 X4.306640625 Y31.640625
G1 X4.21875 Y31.640625
G1 X4.130859375 Y31.552734375
G0 X85.60546875 Y31.46484375
G1 X85.60546875 Y31.46484375
G1 X85.693359375 Y31.46484375
G0 X85.341796875 Y31.46484375
G1 X85.341796875 Y31.46484375
G1 X85.341796875 Y31.552734375
G1 X85.25390625 Y31.640625
G1 X85.341796875 Y31.552734375
G0 X84.111328125 Y31.46484375
G1 X84.111328125 Y31.46484375
G0 X83.49609375 Y31.46484375
G1 X83.49609375 Y31.46484375
G0 X83.232421875 Y31.46484375
G1 X83.232421875 Y31.46484375
G0 X82.353515625 Y31.46484375
G1 X82.353515625 Y31.46484375
G0 X5.625 Y31.46484375
G1 X5.625 Y31.46484375
G0 X5.09765625 Y31.46484375
G1 X5.09765625 Y31.46484375
G0 X4.39453125 Y31.46484375
G1 X4.39453125 Y31.46484375
G1 X4.482421875 Y31.46484375
G0 X85.166015625 Y31.376953125
G1 X85.166015625 Y31.376953125
G1 X85.078125 Y31.46484375
G0 X84.638671875 Y31.376953125
G1 X84.638671875 Y31.376953125
G1 X84.7265625 Y31.46484375
G0 X84.287109375 Y31.376953125
G1 X84.287109375 Y31.376953125
G0 X83.84765625 Y31.376953125
G1 X83.84765625 Y31.376953125
G0 X7.734375 Y31.376953125
G1 X7.734375 Y31.376953125
G0 X4.74609375 Y31.376953125
G1 X4.74609375 Y31.376953125
G1 X4.833984375 Y31.46484375
G0 X85.78125 Y31.2890625
G1 X85.78125 Y31.2890625
G0 X84.90234375 Y31.2890625
G1 X84.90234375 Y31.2890625
G0 X83.3203125 Y31.2890625
G1 X83.3203125 Y31.2890625
G0 X82.96875 Y31.2890625
G1 X82.96875 Y31.2890625
G0 X82.529296875 Y31.2890625
G1 X82.529296875 Y31.2890625
G0 X82.177734375 Y31.2890625
G1 X82.177734375 Y31.2890625
G0 X5.80078125 Y31.2890625
G1 X5.80078125 Y31.2890625
G0 X5.2734375 Y31.2890625
G1 X5.2734375 Y31.2890625
G0 X4.21875 Y31.2890625
G1 X4.21875 Y31.2890625
G1 X4.21875 Y31.376953125
G1 X4.306640625 Y31.2890625
G0 X3.955078125 Y31.2890625
G1 X3.955078125 Y31.2890625
G1 X4.04296875 Y31.2890625
G0 X84.462890625 Y31.201171875
G1 X84.462890625 Y31.201171875
G0 X84.0234375 Y31.201171875
G1 X84.0234375 Y31.201171875
G1 X84.111328125 Y31.201171875
G0 X83.671875 Y31.201171875
G1 X83.671875 Y31.201171875
G0 X4.921875 Y31.201171875
G1 X4.921875 Y31.201171875
G0 X4.5703125 Y31.201171875
G1 X4.5703125 Y31.201171875
G0 X87.1875 Y31.11328125
G1 X87.1875 Y31.11328125
G1 X87.1875 Y31.201171875
G1 X87.275390625 Y31.11328125
G0 X86.1328125 Y31.11328125
G1 X86.1328125 Y31.11328125
G1 X86.1328125 Y31.201171875
G1 X86.220703125 Y31.201171875
G1 X86.30859375 Y31.2890625
G1 X86.30859375 Y31.376953125
G1 X86.220703125 Y31.46484375
G1 X86.1328125 Y31.46484375
G1 X86.044921875 Y31.376953125
G1 X85.95703125 Y31.376953125
G1 X85.95703125 Y31.46484375
G1 X86.044921875 Y31.376953125
G1 X86.1328125 Y31.46484375
G1 X86.220703125 Y31.46484375
G1 X86.30859375 Y31.376953125
G1 X86.396484375 Y31.46484375
G1 X86.396484375 Y31.552734375
G1 X86.220703125 Y31.728515625
G1 X86.1328125 Y31.728515625
G1 X86.044921875 Y31.640625
G1 X86.30859375 Y31.904296875
G1 X86.220703125 Y31.9921875
G1 X86.1328125 Y31.9921875
G1 X86.044921875 Y32.080078125
G1 X86.044921875 Y32.16796875
G1 X86.044921875 Y32.080078125
G1 X86.1328125 Y31.9921875
G1 X86.220703125 Y31.9921875
G1 X86.30859375 Y31.904296875
G1 X86.484375 Y32.080078125
G1 X86.66015625 Y32.080078125
G1 X86.748046875 Y32.16796875
G1 X86.66015625 Y32.080078125
G1 X86.748046875 Y31.9921875
G1 X86.8359375 Y31.9921875
G1 X86.8359375 Y31.904296875
G1 X86.748046875 Y31.904296875
G1 X86.748046875 Y31.9921875
G1 X86.66015625 Y32.080078125
G1 X86.484375 Y32.080078125
G1 X86.396484375 Y31.9921875
G1 X86.396484375 Y31.904296875
G1 X86.484375 Y31.81640625
G1 X86.572265625 Y31.81640625
G1 X86.484375 Y31.81640625
G1 X86.396484375 Y31.904296875
G1 X86.30859375 Y31.904296875
G1 X86.220703125 Y31.81640625
G1 X86.220703125 Y31.728515625
G1 X86.30859375 Y31.640625
G1 X86.396484375 Y31.640625
G1 X86.484375 Y31.552734375
G1 X86.484375 Y31.46484375
G1 X86.396484375 Y31.46484375
G1 X86.30859375 Y31.376953125
G1 X86.30859375 Y31.2890625
G0 X85.60546875 Y31.11328125
G1 X85.60546875 Y31.11328125
G1 X85.60546875 Y31.201171875
G1 X85.517578125 Y31.2890625
G1 X85.4296875 Y31.2890625
G1 X85.517578125 Y31.2890625
G1 X85.60546875 Y31.201171875
G0 X85.25390625 Y31.11328125
G1 X85.25390625 Y31.11328125
G1 X85.25390625 Y31.201171875
G0 X84.990234375 Y31.11328125
G1 X84.990234375 Y31.11328125
G0 X84.7265625 Y31.11328125
G1 X84.7265625 Y31.11328125
G0 X83.14453125 Y31.11328125
G1 X83.14453125 Y31.11328125
G0 X7.55859375 Y31.11328125
G1 X7.55859375 Y31.11328125
G0 X5.537109375 Y31.11328125
G1 X5.537109375 Y31.11328125
G0 X4.130859375 Y31.11328125
G1 X4.130859375 Y31.11328125
G0 X85.95703125 Y31.025390625
G1 X85.95703125 Y31.025390625
G1 X85.869140625 Y31.11328125
G0 X83.935546875 Y31.025390625
G1 X83.935546875 Y31.025390625
G0 X4.74609375 Y31.025390625
G1 X4.74609375 Y31.025390625
G0 X4.306640625 Y31.025390625
G1 X4.306640625 Y31.025390625
G1 X4.39453125 Y31.025390625
G0 X85.4296875 Y30.9375
G1 X85.4296875 Y30.9375
G0 X85.078125 Y30.9375
G1 X85.078125 Y30.9375
G1 X85.166015625 Y30.9375
G0 X84.814453125 Y30.9375
G1 X84.814453125 Y30.9375
G0 X84.638671875 Y30.849609375
G1 X84.638671875 Y30.849609375
G0 X84.19921875 Y30.849609375
G1 X84.19921875 Y30.849609375
G0 X83.49609375 Y30.849609375
G1 X83.49609375 Y30.849609375
G0 X82.880859375 Y30.849609375
G1 X82.880859375 Y30.849609375
G0 X4.921875 Y30.849609375
G1 X4.921875 Y30.849609375
G0 X84.990234375 Y30.76171875
G1 X84.990234375 Y30.76171875
G0 X83.759765625 Y30.76171875
G1 X83.759765625 Y30.76171875
G0 X4.5703125 Y30.76171875
G1 X4.5703125 Y30.76171875
G1 X4.5703125 Y30.849609375
G0 X4.306640625 Y30.76171875
G1 X4.306640625 Y30.76171875
G0 X3.69140625 Y30.76171875
G1 X3.69140625 Y30.76171875
G1 X3.779296875 Y30.76171875
G0 X85.869140625 Y30.673828125
G1 X85.869140625 Y30.673828125
G1 X85.95703125 Y30.76171875
G1 X85.869140625 Y30.849609375
G1 X85.78125 Y30.849609375
G1 X85.693359375 Y30.9375
G1 X85.78125 Y30.849609375
G1 X85.869140625 Y30.849609375
G1 X85.95703125 Y30.76171875
G1 X86.1328125 Y30.9375
G1 X86.220703125 Y30.9375
G1 X86.044921875 Y30.76171875
G1 X85.95703125 Y30.76171875
G0 X3.955078125 Y30.673828125
G1 X3.955078125 Y30.673828125
G1 X4.04296875 Y30.76171875
G1 X4.04296875 Y30.673828125
G0 X85.078125 Y30.5859375
G1 X85.078125 Y30.5859375
G1 X85.166015625 Y30.5859375
G1 X85.25390625 Y30.673828125
G1 X85.341796875 Y30.673828125
G1 X85.25390625 Y30.5859375
G0 X84.814453125 Y30.5859375
G1 X84.814453125 Y30.5859375
G0 X83.49609375 Y30.5859375
G1 X83.49609375 Y30.5859375
G1 X83.583984375 Y30.5859375
G0 X7.55859375 Y30.5859375
G1 X7.55859375 Y30.5859375
G0 X5.09765625 Y30.5859375
G1 X5.09765625 Y30.5859375
G0 X4.74609375 Y30.5859375
G1 X4.74609375 Y30.5859375
G0 X4.39453125 Y30.5859375
G1 X4.39453125 Y30.5859375
G0 X84.55078125 Y30.498046875
G1 X84.55078125 Y30.498046875
G1 X84.375 Y30.673828125
G1 X84.55078125 Y30.498046875
G1 X84.638671875 Y30.498046875
G0 X84.19921875 Y30.498046875
G1 X84.19921875 Y30.498046875
G1 X84.287109375 Y30.498046875
G0 X3.8671875 Y30.498046875
G1 X3.8671875 Y30.498046875
G0 X86.044921875 Y30.41015625
G1 X86.044921875 Y30.41015625
G1 X85.95703125 Y30.498046875
G1 X86.044921875 Y30.498046875
G1 X86.1328125 Y30.5859375
G1 X86.220703125 Y30.5859375
G1 X86.1328125 Y30.5859375
G1 X86.044921875 Y30.498046875
G0 X85.78125 Y30.41015625
G1 X85.78125 Y30.41015625
G1 X85.78125 Y30.498046875
G1 X85.693359375 Y30.5859375
G1 X85.60546875 Y30.5859375
G1 X85.60546875 Y30.673828125
G1 X85.517578125 Y30.76171875
G1 X85.60546875 Y30.76171875
G1 X85.60546875 Y30.673828125
G1 X85.78125 Y30.498046875
G0 X85.4296875 Y30.41015625
G1 X85.4296875 Y30.41015625
G1 X85.4296875 Y30.498046875
G0 X84.90234375 Y30.41015625
G1 X84.90234375 Y30.41015625
G1 X84.990234375 Y30.41015625
G0 X83.671875 Y30.41015625
G1 X83.671875 Y30.41015625
G0 X7.734375 Y30.41015625
G1 X7.734375 Y30.41015625
G0 X4.04296875 Y30.322265625
G1 X4.04296875 Y30.322265625
G1 X4.130859375 Y30.322265625
G1 X4.21875 Y30.41015625
G1 X4.130859375 Y30.322265625
G0 X85.60546875 Y30.234375
G1 X85.60546875 Y30.234375
G1 X85.60546875 Y30.322265625
G0 X85.25390625 Y30.234375
G1 X85.25390625 Y30.234375
G1 X85.25390625 Y30.322265625
G0 X84.375 Y30.234375
G1 X84.375 Y30.234375
G0 X84.111328125 Y30.234375
G1 X84.111328125 Y30.234375
G0 X83.84765625 Y30.234375
G1 X83.84765625 Y30.234375
G0 X82.96875 Y30.234375
G1 X82.96875 Y30.234375
G0 X82.6171875 Y30.234375
G1 X82.6171875 Y30.234375
G0 X5.712890625 Y30.234375
G1 X5.712890625 Y30.234375
G0 X4.833984375 Y30.234375
G1 X4.833984375 Y30.234375
G0 X4.39453125 Y30.234375
G1 X4.39453125 Y30.234375
G0 X3.515625 Y30.234375
G1 X3.515625 Y30.234375
G1 X3.603515625 Y30.234375
G1 X3.69140625 Y30.322265625
G1 X3.779296875 Y30.322265625
G1 X3.69140625 Y30.322265625
G1 X3.603515625 Y30.234375
G0 X84.7265625 Y30.146484375
G1 X84.7265625 Y30.146484375
G1 X84.7265625 Y30.234375
G0 X4.21875 Y30.146484375
G1 X4.21875 Y30.146484375
G0 X84.990234375 Y30.05859375
G1 X84.990234375 Y30.05859375
G1 X85.078125 Y30.146484375
G0 X83.583984375 Y30.05859375
G1 X83.583984375 Y30.05859375
G0 X83.14453125 Y30.05859375
G1 X83.14453125 Y30.05859375
G0 X3.8671875 Y30.05859375
G1 X3.8671875 Y30.05859375
G1 X3.8671875 Y30.146484375
G1 X3.955078125 Y30.146484375
G0 X85.78125 Y29.970703125
G1 X85.78125 Y29.970703125
G1 X85.78125 Y30.05859375
G1 X85.869140625 Y30.05859375
G0 X85.60546875 Y29.8828125
G1 X85.60546875 Y29.8828125
G1 X85.60546875 Y29.970703125
G1 X85.517578125 Y30.05859375
G1 X85.341796875 Y30.05859375
G1 X85.25390625 Y29.970703125
G1 X85.341796875 Y30.05859375
G1 X85.517578125 Y30.05859375
G1 X85.60546875 Y29.970703125
G0 X84.55078125 Y29.8828125
G1 X84.55078125 Y29.8828125
G1 X84.638671875 Y29.8828125
G0 X84.111328125 Y29.8828125
G1 X84.111328125 Y29.8828125
G1 X84.111328125 Y29.970703125
G0 X83.759765625 Y29.8828125
G1 X83.759765625 Y29.8828125
G0 X81.73828125 Y29.8828125
G1 X81.73828125 Y29.8828125
G0 X77.87109375 Y29.8828125
G1 X77.87109375 Y29.8828125
G1 X77.87109375 Y30.05859375
G1 X77.958984375 Y30.05859375
G1 X77.958984375 Y29.970703125
G0 X5.2734375 Y29.8828125
G1 X5.2734375 Y29.8828125
G0 X4.130859375 Y29.8828125
G1 X4.130859375 Y29.8828125
G1 X4.04296875 Y29.970703125
G1 X4.130859375 Y29.970703125
G0 X81.298828125 Y29.794921875
G1 X81.298828125 Y29.794921875
G0 X7.646484375 Y29.794921875
G1 X7.646484375 Y29.794921875
G0 X3.8671875 Y29.794921875
G1 X3.8671875 Y29.794921875
G1 X3.779296875 Y29.8828125
G1 X3.8671875 Y29.794921875
G1 X3.955078125 Y29.794921875
G0 X2.724609375 Y29.794921875
G1 X2.724609375 Y29.794921875
G1 X2.724609375 Y29.8828125
G1 X2.8125 Y29.970703125
G1 X2.900390625 Y29.970703125
G1 X2.900390625 Y29.8828125
G1 X2.8125 Y29.8828125
G0 X85.4296875 Y29.70703125
G1 X85.4296875 Y29.70703125
G1 X85.4296875 Y29.794921875
G0 X85.078125 Y29.70703125
G1 X85.078125 Y29.70703125
G1 X85.166015625 Y29.70703125
G0 X83.49609375 Y29.70703125
G1 X83.49609375 Y29.70703125
G1 X83.583984375 Y29.70703125
G0 X85.78125 Y29.619140625
G1 X85.78125 Y29.619140625
G1 X85.693359375 Y29.70703125
G1 X85.78125 Y29.70703125
G0 X84.814453125 Y29.619140625
G1 X84.814453125 Y29.619140625
G1 X84.814453125 Y29.70703125
G1 X84.90234375 Y29.794921875
G1 X84.814453125 Y29.70703125
G0 X84.19921875 Y29.619140625
G1 X84.19921875 Y29.619140625
G1 X84.287109375 Y29.619140625
G0 X3.69140625 Y29.619140625
G1 X3.69140625 Y29.619140625
G1 X3.603515625 Y29.70703125
G0 X84.0234375 Y29.53125
G1 X84.0234375 Y29.53125
G0 X83.671875 Y29.53125
G1 X83.671875 Y29.53125
G0 X85.60546875 Y29.443359375
G1 X85.60546875 Y29.443359375
G1 X85.517578125 Y29.53125
G1 X85.60546875 Y29.53125
G0 X84.990234375 Y29.443359375
G1 X84.990234375 Y29.443359375
G1 X84.990234375 Y29.53125
G0 X84.462890625 Y29.443359375
G1 X84.462890625 Y29.443359375
G1 X84.55078125 Y29.53125
G0 X10.1953125 Y29.443359375
G1 X10.1953125 Y29.443359375
G0 X4.04296875 Y29.443359375
G1 X4.04296875 Y29.443359375
G0 X84.19921875 Y29.35546875
G1 X84.19921875 Y29.35546875
G0 X83.84765625 Y29.35546875
G1 X83.84765625 Y29.35546875
G0 X4.921875 Y29.35546875
G1 X4.921875 Y29.35546875
G0 X4.21875 Y29.35546875
G1 X4.21875 Y29.35546875
G0 X84.375 Y29.267578125
G1 X84.375 Y29.267578125
G0 X85.4296875 Y29.1796875
G1 X85.4296875 Y29.1796875
G1 X85.4296875 Y29.267578125
G1 X85.341796875 Y29.35546875
G1 X85.341796875 Y29.443359375
G1 X85.341796875 Y29.35546875
G1 X85.4296875 Y29.267578125
G1 X85.517578125 Y29.267578125
G0 X84.90234375 Y29.1796875
G1 X84.90234375 Y29.1796875
G1 X84.7265625 Y29.35546875
G1 X84.814453125 Y29.35546875
G1 X84.814453125 Y29.267578125
G0 X83.935546875 Y29.1796875
G1 X83.935546875 Y29.1796875
G0 X83.49609375 Y29.1796875
G1 X83.49609375 Y29.1796875
G0 X7.91015625 Y29.1796875
G1 X7.91015625 Y29.1796875
G0 X2.900390625 Y29.1796875
G1 X2.900390625 Y29.1796875
G1 X2.900390625 Y29.267578125
G0 X85.25390625 Y29.091796875
G1 X85.25390625 Y29.091796875
G1 X85.166015625 Y29.1796875
G1 X85.078125 Y29.1796875
G1 X85.166015625 Y29.267578125
G1 X85.166015625 Y29.1796875
G0 X3.515625 Y29.091796875
G1 X3.515625 Y29.091796875
G1 X3.603515625 Y29.091796875
G0 X85.517578125 Y29.00390625
G1 X85.517578125 Y29.00390625
G1 X85.60546875 Y29.00390625
G0 X84.55078125 Y29.00390625
G1 X84.55078125 Y29.00390625
G1 X84.55078125 Y29.1796875
G1 X84.55078125 Y29.091796875
G1 X84.638671875 Y29.00390625
G0 X84.19921875 Y29.00390625
G1 X84.19921875 Y29.00390625
G1 X84.19921875 Y29.091796875
G0 X83.671875 Y29.00390625
G1 X83.671875 Y29.00390625
G1 X83.759765625 Y29.00390625
G0 X82.08984375 Y29.00390625
G1 X82.08984375 Y29.00390625
G0 X4.921875 Y29.00390625
G1 X4.921875 Y29.00390625
G0 X2.724609375 Y29.00390625
G1 X2.724609375 Y29.00390625
G1 X2.724609375 Y29.091796875
G0 X84.90234375 Y28.916015625
G1 X84.90234375 Y28.916015625
G1 X84.990234375 Y29.00390625
G1 X84.990234375 Y28.916015625
G0 X83.935546875 Y28.916015625
G1 X83.935546875 Y28.916015625
G0 X4.482421875 Y28.916015625
G1 X4.482421875 Y28.916015625
G0 X85.166015625 Y28.828125
G1 X85.166015625 Y28.828125
G1 X85.166015625 Y28.916015625
G0 X84.7265625 Y28.828125
G1 X84.7265625 Y28.828125
G0 X84.111328125 Y28.740234375
G1 X84.111328125 Y28.740234375
G1 X84.19921875 Y28.740234375
G1 X84.287109375 Y28.828125
G1 X84.375 Y28.828125
G1 X84.287109375 Y28.828125
G1 X84.19921875 Y28.740234375
G0 X83.671875 Y28.740234375
G1 X83.671875 Y28.740234375
G0 X7.734375 Y28.740234375
G1 X7.734375 Y28.740234375
G1 X7.734375 Y28.828125
G0 X7.3828125 Y28.740234375
G1 X7.3828125 Y28.740234375
G1 X7.470703125 Y28.828125
G0 X84.462890625 Y28.65234375
G1 X84.462890625 Y28.65234375
G1 X84.55078125 Y28.65234375
G0 X84.990234375 Y28.564453125
G1 X84.990234375 Y28.564453125
G1 X84.90234375 Y28.65234375
G1 X84.990234375 Y28.65234375
G0 X7.55859375 Y28.564453125
G1 X7.55859375 Y28.564453125
G0 X4.04296875 Y28.564453125
G1 X4.04296875 Y28.564453125
G0 X84.19921875 Y28.4765625
G1 X84.19921875 Y28.4765625
G1 X84.111328125 Y28.564453125
G1 X84.19921875 Y28.4765625
G1 X84.287109375 Y28.4765625
G0 X83.84765625 Y28.4765625
G1 X83.84765625 Y28.4765625
G1 X83.935546875 Y28.4765625
G0 X82.177734375 Y28.4765625
G1 X82.177734375 Y28.4765625
G0 X8.4375 Y28.4765625
G1 X8.4375 Y28.4765625
G0 X5.44921875 Y28.4765625
G1 X5.44921875 Y28.4765625
G0 X4.921875 Y28.4765625
G1 X4.921875 Y28.4765625
G0 X84.638671875 Y28.388671875
G1 X84.638671875 Y28.388671875
G1 X84.638671875 Y28.4765625
G1 X84.7265625 Y28.4765625
G0 X82.529296875 Y28.388671875
G1 X82.529296875 Y28.388671875
G1 X82.6171875 Y28.4765625
G0 X7.822265625 Y28.388671875
G1 X7.822265625 Y28.388671875
G0 X84.814453125 Y28.30078125
G1 X84.814453125 Y28.30078125
G1 X84.90234375 Y28.388671875
G1 X84.90234375 Y28.30078125
G0 X84.375 Y28.30078125
G1 X84.375 Y28.30078125
G0 X84.0234375 Y28.30078125
G1 X84.0234375 Y28.30078125
G0 X83.14453125 Y28.30078125
G1 X83.14453125 Y28.30078125
G0 X82.79296875 Y28.30078125
G1 X82.79296875 Y28.30078125
G0 X7.470703125 Y28.30078125
G1 X7.470703125 Y28.30078125
G1 X7.55859375 Y28.30078125
G0 X3.955078125 Y28.30078125
G1 X3.955078125 Y28.30078125
G1 X4.04296875 Y28.30078125
G1 X4.130859375 Y28.388671875
G1 X4.04296875 Y28.30078125
G0 X2.900390625 Y28.30078125
G1 X2.900390625 Y28.30078125
G0 X83.759765625 Y28.212890625
G1 X83.759765625 Y28.212890625
G0 X4.921875 Y28.212890625
G1 X4.921875 Y28.212890625
G0 X84.55078125 Y28.125
G1 X84.55078125 Y28.125
G1 X84.638671875 Y28.125
G0 X84.19921875 Y28.125
G1 X84.19921875 Y28.125
G0 X83.583984375 Y28.125
G1 X83.583984375 Y28.125
G0 X82.96875 Y28.125
G1 X82.96875 Y28.125
G0 X82.6171875 Y28.125
G1 X82.6171875 Y28.125
G0 X82.353515625 Y28.125
G1 X82.353515625 Y28.125
G0 X7.822265625 Y28.125
G1 X7.822265625 Y28.125
G0 X84.990234375 Y28.037109375
G1 X84.990234375 Y28.037109375
G1 X84.990234375 Y28.125
G1 X85.078125 Y28.037109375
G0 X77.16796875 Y28.037109375
G1 X77.16796875 Y28.037109375
G0 X8.0859375 Y28.037109375
G1 X8.0859375 Y28.037109375
G0 X7.55859375 Y28.037109375
G1 X7.55859375 Y28.037109375
G0 X84.7265625 Y27.94921875
G1 X84.7265625 Y27.94921875
G1 X84.814453125 Y27.94921875
G0 X84.462890625 Y27.94921875
G1 X84.462890625 Y27.94921875
G0 X83.935546875 Y27.94921875
G1 X83.935546875 Y27.94921875
G0 X83.408203125 Y27.94921875
G1 X83.408203125 Y27.94921875
G0 X82.177734375 Y27.94921875
G1 X82.177734375 Y27.94921875
G0 X4.04296875 Y27.94921875
G1 X4.04296875 Y27.94921875
G1 X3.955078125 Y28.037109375
G1 X3.8671875 Y28.037109375
G1 X3.69140625 Y28.212890625
G1 X3.779296875 Y28.212890625
G1 X3.779296875 Y28.125
G1 X3.8671875 Y28.037109375
G1 X4.04296875 Y28.037109375
G0 X84.287109375 Y27.861328125
G1 X84.287109375 Y27.861328125
G0 X82.353515625 Y27.861328125
G1 X82.353515625 Y27.861328125
G0 X84.90234375 Y27.7734375
G1 X84.90234375 Y27.7734375
G0 X83.49609375 Y27.7734375
G1 X83.49609375 Y27.7734375
G0 X82.79296875 Y27.7734375
G1 X82.79296875 Y27.7734375
G1 X82.880859375 Y27.7734375
G0 X8.701171875 Y27.7734375
G1 X8.701171875 Y27.7734375
G0 X8.173828125 Y27.7734375
G1 X8.173828125 Y27.7734375
G1 X8.26171875 Y27.7734375
G0 X7.822265625 Y27.7734375
G1 X7.822265625 Y27.7734375
G1 X7.734375 Y27.861328125
G0 X5.44921875 Y27.7734375
G1 X5.44921875 Y27.7734375
G0 X4.5703125 Y27.7734375
G1 X4.5703125 Y27.7734375
G0 X84.55078125 Y27.685546875
G1 X84.55078125 Y27.685546875
G1 X84.55078125 Y27.7734375
G1 X84.638671875 Y27.685546875
G1 X84.7265625 Y27.685546875
G0 X83.232421875 Y27.685546875
G1 X83.232421875 Y27.685546875
G1 X83.3203125 Y27.685546875
G0 X7.55859375 Y27.685546875
G1 X7.55859375 Y27.685546875
G1 X7.470703125 Y27.7734375
G1 X7.55859375 Y27.685546875
G1 X7.646484375 Y27.685546875
G0 X4.39453125 Y27.685546875
G1 X4.39453125 Y27.685546875
G0 X3.779296875 Y27.685546875
G1 X3.779296875 Y27.685546875
G1 X3.8671875 Y27.685546875
G0 X3.33984375 Y27.685546875
G1 X3.33984375 Y27.685546875
G1 X3.33984375 Y27.7734375
G1 X3.427734375 Y27.7734375
G0 X84.375 Y27.59765625
G1 X84.375 Y27.59765625
G0 X84.19921875 Y27.59765625
G1 X84.19921875 Y27.59765625
G1 X84.0234375 Y27.7734375
G1 X84.111328125 Y27.685546875
G1 X84.19921875 Y27.685546875
G0 X83.759765625 Y27.59765625
G1 X83.759765625 Y27.59765625
G1 X83.84765625 Y27.59765625
G0 X82.96875 Y27.59765625
G1 X82.96875 Y27.59765625
G0 X82.177734375 Y27.59765625
G1 X82.177734375 Y27.59765625
G1 X82.177734375 Y27.685546875
G0 X7.998046875 Y27.59765625
G1 X7.998046875 Y27.59765625
G0 X82.44140625 Y27.509765625
G1 X82.44140625 Y27.509765625
G0 X76.9921875 Y27.509765625
G1 X76.9921875 Y27.509765625
G0 X8.26171875 Y27.509765625
G1 X8.26171875 Y27.509765625
G0 X4.921875 Y27.509765625
G1 X4.921875 Y27.509765625
G1 X5.009765625 Y27.509765625
G0 X3.955078125 Y27.509765625
G1 X3.955078125 Y27.509765625
G1 X4.04296875 Y27.59765625
G1 X4.04296875 Y27.509765625
G0 X3.515625 Y27.509765625
G1 X3.515625 Y27.509765625
G1 X3.515625 Y27.59765625
G1 X3.603515625 Y27.59765625
G0 X2.98828125 Y27.509765625
G1 X2.98828125 Y27.509765625
G1 X2.900390625 Y27.59765625
G1 X2.900390625 Y27.861328125
G1 X2.98828125 Y27.861328125
G1 X3.1640625 Y27.685546875
G1 X3.1640625 Y27.509765625
G0 X85.078125 Y27.421875
G1 X85.078125 Y27.421875
G1 X85.078125 Y27.509765625
G1 X84.990234375 Y27.59765625
G1 X85.078125 Y27.509765625
G1 X85.166015625 Y27.509765625
G1 X85.25390625 Y27.59765625
G1 X85.25390625 Y27.685546875
G1 X85.166015625 Y27.7734375
G1 X85.078125 Y27.7734375
G1 X85.166015625 Y27.7734375
G1 X85.25390625 Y27.685546875
G1 X85.341796875 Y27.685546875
G1 X85.4296875 Y27.7734375
G1 X85.4296875 Y27.861328125
G1 X85.341796875 Y27.94921875
G1 X85.25390625 Y27.94921875
G1 X85.341796875 Y27.94921875
G1 X85.4296875 Y27.861328125
G1 X85.517578125 Y27.861328125
G1 X85.517578125 Y27.7734375
G1 X85.60546875 Y27.685546875
G1 X85.78125 Y27.685546875
G1 X85.78125 Y27.59765625
G1 X85.693359375 Y27.685546875
G1 X85.60546875 Y27.685546875
G1 X85.517578125 Y27.7734375
G1 X85.4296875 Y27.7734375
G1 X85.166015625 Y27.509765625
G1 X85.166015625 Y27.421875
G0 X84.462890625 Y27.421875
G1 X84.462890625 Y27.421875
G0 X83.935546875 Y27.421875
G1 X83.935546875 Y27.421875
G1 X84.0234375 Y27.421875
G0 X83.408203125 Y27.421875
G1 X83.408203125 Y27.421875
G0 X83.14453125 Y27.421875
G1 X83.14453125 Y27.421875
G0 X82.79296875 Y27.421875
G1 X82.79296875 Y27.421875
G0 X82.001953125 Y27.421875
G1 X82.001953125 Y27.421875
G0 X7.734375 Y27.421875
G1 X7.734375 Y27.421875
G1 X7.822265625 Y27.421875
G0 X7.470703125 Y27.421875
G1 X7.470703125 Y27.421875
G1 X7.470703125 Y27.509765625
G0 X84.19921875 Y27.333984375
G1 X84.19921875 Y27.333984375
G1 X84.287109375 Y27.333984375
G0 X82.6171875 Y27.333984375
G1 X82.6171875 Y27.333984375
G0 X81.474609375 Y27.333984375
G1 X81.474609375 Y27.333984375
G0 X4.5703125 Y27.333984375
G1 X4.5703125 Y27.333984375
G1 X4.658203125 Y27.333984375
G0 X4.39453125 Y27.333984375
G1 X4.39453125 Y27.333984375
G0 X2.900390625 Y27.333984375
G1 X2.900390625 Y27.333984375
G1 X2.98828125 Y27.333984375
G0 X84.90234375 Y27.24609375
G1 X84.90234375 Y27.24609375
G1 X84.990234375 Y27.24609375
G0 X84.638671875 Y27.24609375
G1 X84.638671875 Y27.24609375
G1 X84.638671875 Y27.333984375
G1 X84.7265625 Y27.421875
G1 X84.814453125 Y27.421875
G1 X84.7265625 Y27.421875
G1 X84.638671875 Y27.333984375
G0 X83.671875 Y27.24609375
G1 X83.671875 Y27.24609375
G1 X83.671875 Y27.333984375
G0 X82.96875 Y27.24609375
G1 X82.96875 Y27.24609375
G0 X8.349609375 Y27.24609375
G1 X8.349609375 Y27.24609375
G0 X7.998046875 Y27.24609375
G1 X7.998046875 Y27.24609375
G1 X7.998046875 Y27.333984375
G0 X7.646484375 Y27.24609375
G1 X7.646484375 Y27.24609375
G0 X3.955078125 Y27.24609375
G1 X3.955078125 Y27.24609375
G1 X3.955078125 Y27.333984375
G1 X4.04296875 Y27.24609375
G0 X83.3203125 Y27.158203125
G1 X83.3203125 Y27.158203125
G1 X83.408203125 Y27.158203125
G0 X82.44140625 Y27.158203125
G1 X82.44140625 Y27.158203125
G1 X82.529296875 Y27.158203125
G0 X82.08984375 Y27.158203125
G1 X82.08984375 Y27.158203125
G0 X80.419921875 Y27.158203125
G1 X80.419921875 Y27.158203125
G0 X83.935546875 Y27.0703125
G1 X83.935546875 Y27.0703125
G0 X82.79296875 Y27.0703125
G1 X82.79296875 Y27.0703125
G0 X81.9140625 Y27.0703125
G1 X81.9140625 Y27.0703125
G0 X81.650390625 Y27.0703125
G1 X81.650390625 Y27.0703125
G1 X81.650390625 Y27.158203125
G0 X8.525390625 Y27.0703125
G1 X8.525390625 Y27.0703125
G0 X7.3828125 Y27.0703125
G1 X7.3828125 Y27.0703125
G1 X7.55859375 Y27.0703125
G0 X7.119140625 Y27.0703125
G1 X7.119140625 Y27.0703125
G0 X4.658203125 Y27.0703125
G1 X4.658203125 Y27.0703125
G0 X4.39453125 Y27.0703125
G1 X4.39453125 Y27.0703125
G0 X4.04296875 Y27.0703125
G1 X4.04296875 Y27.0703125
G0 X83.14453125 Y26.982421875
G1 X83.14453125 Y26.982421875
G0 X7.998046875 Y26.982421875
G1 X7.998046875 Y26.982421875
G1 X8.0859375 Y27.0703125
G0 X3.8671875 Y26.982421875
G1 X3.8671875 Y26.982421875
G1 X3.8671875 Y27.0703125
G0 X84.111328125 Y26.89453125
G1 X84.111328125 Y26.89453125
G0 X83.49609375 Y26.89453125
G1 X83.49609375 Y26.89453125
G0 X82.96875 Y26.89453125
G1 X82.96875 Y26.89453125
G0 X82.6171875 Y26.89453125
G1 X82.6171875 Y26.89453125
G0 X82.265625 Y26.89453125
G1 X82.265625 Y26.89453125
G0 X81.474609375 Y26.89453125
G1 X81.474609375 Y26.89453125
G0 X80.859375 Y26.89453125
G1 X80.859375 Y26.89453125
G0 X8.349609375 Y26.89453125
G1 X8.349609375 Y26.89453125
G0 X7.734375 Y26.89453125
G1 X7.734375 Y26.89453125
G1 X7.822265625 Y26.89453125
G0 X7.294921875 Y26.89453125
G1 X7.294921875 Y26.89453125
G0 X6.85546875 Y26.89453125
G1 X6.85546875 Y26.89453125
G1 X6.943359375 Y26.89453125
G0 X4.04296875 Y26.89453125
G1 X4.04296875 Y26.89453125
G0 X83.84765625 Y26.806640625
G1 X83.84765625 Y26.806640625
G1 X83.759765625 Y26.89453125
G1 X83.759765625 Y26.982421875
G1 X83.759765625 Y26.89453125
G1 X83.84765625 Y26.806640625
G1 X83.935546875 Y26.806640625
G0 X82.08984375 Y26.806640625
G1 X82.08984375 Y26.806640625
G1 X82.08984375 Y26.89453125
G0 X81.73828125 Y26.806640625
G1 X81.73828125 Y26.806640625
G1 X81.73828125 Y26.89453125
G0 X7.470703125 Y26.806640625
G1 X7.470703125 Y26.806640625
G1 X7.55859375 Y26.806640625
G0 X5.44921875 Y26.806640625
G1 X5.44921875 Y26.806640625
G0 X5.009765625 Y26.806640625
G1 X5.009765625 Y26.806640625
G0 X4.658203125 Y26.806640625
G1 X4.658203125 Y26.806640625
G1 X4.658203125 Y26.89453125
G0 X3.69140625 Y26.806640625
G1 X3.69140625 Y26.806640625
G1 X3.69140625 Y26.89453125
G0 X2.4609375 Y26.806640625
G1 X2.4609375 Y26.806640625
G1 X2.4609375 Y27.0703125
G1 X2.63671875 Y27.0703125
G1 X2.548828125 Y27.0703125
G1 X2.4609375 Y26.982421875
G1 X2.4609375 Y26.89453125
G1 X2.548828125 Y26.806640625
G0 X84.462890625 Y26.71875
G1 X84.462890625 Y26.71875
G1 X84.462890625 Y26.806640625
G0 X7.91015625 Y26.71875
G1 X7.91015625 Y26.71875
G0 X7.03125 Y26.71875
G1 X7.03125 Y26.71875
G1 X7.119140625 Y26.71875
G0 X3.427734375 Y26.71875
G1 X3.427734375 Y26.71875
G0 X84.287109375 Y26.630859375
G1 X84.287109375 Y26.630859375
G1 X84.19921875 Y26.71875
G0 X84.0234375 Y26.630859375
G1 X84.0234375 Y26.630859375
G0 X83.408203125 Y26.630859375
G1 X83.408203125 Y26.630859375
G1 X83.49609375 Y26.630859375
G0 X82.44140625 Y26.630859375
G1 X82.44140625 Y26.630859375
G1 X82.6171875 Y26.630859375
G0 X81.123046875 Y26.630859375
G1 X81.123046875 Y26.630859375
G0 X80.771484375 Y26.630859375
G1 X80.771484375 Y26.630859375
G0 X80.15625 Y26.630859375
G1 X80.15625 Y26.630859375
G0 X7.734375 Y26.630859375
G1 X7.734375 Y26.630859375
G0 X7.470703125 Y26.630859375
G1 X7.470703125 Y26.630859375
G0 X4.921875 Y26.630859375
G1 X4.921875 Y26.630859375
G0 X4.39453125 Y26.630859375
G1 X4.39453125 Y26.630859375
G0 X4.04296875 Y26.630859375
G1 X4.04296875 Y26.630859375
G0 X84.55078125 Y26.54296875
G1 X84.55078125 Y26.54296875
G0 X83.759765625 Y26.54296875
G1 X83.759765625 Y26.54296875
G1 X83.84765625 Y26.54296875
G0 X82.880859375 Y26.54296875
G1 X82.880859375 Y26.54296875
G0 X82.265625 Y26.54296875
G1 X82.265625 Y26.54296875
G1 X82.177734375 Y26.630859375
G0 X81.9140625 Y26.54296875
G1 X81.9140625 Y26.54296875
G0 X81.5625 Y26.54296875
G1 X81.5625 Y26.54296875
G0 X76.640625 Y26.54296875
G1 X76.640625 Y26.54296875
G0 X7.294921875 Y26.54296875
G1 X7.294921875 Y26.54296875
G0 X5.44921875 Y26.54296875
G1 X5.44921875 Y26.54296875
G0 X4.658203125 Y26.54296875
G1 X4.658203125 Y26.54296875
G1 X4.658203125 Y26.630859375
G0 X2.63671875 Y26.54296875
G1 X2.63671875 Y26.54296875
G1 X2.724609375 Y26.54296875
G0 X80.947265625 Y26.455078125
G1 X80.947265625 Y26.455078125
G0 X7.55859375 Y26.455078125
G1 X7.55859375 Y26.455078125
G1 X7.646484375 Y26.455078125
G0 X6.416015625 Y26.455078125
G1 X6.416015625 Y26.455078125
G0 X84.375 Y26.3671875
G1 X84.375 Y26.3671875
G1 X84.462890625 Y26.3671875
G0 X83.49609375 Y26.3671875
G1 X83.49609375 Y26.3671875
G1 X83.583984375 Y26.3671875
G0 X83.056640625 Y26.3671875
G1 X83.056640625 Y26.3671875
G1 X83.232421875 Y26.3671875
G0 X82.08984375 Y26.3671875
G1 X82.08984375 Y26.3671875
G0 X81.73828125 Y26.3671875
G1 X81.73828125 Y26.3671875
G0 X79.892578125 Y26.3671875
G1 X79.892578125 Y26.3671875
G0 X7.91015625 Y26.3671875
G1 X7.91015625 Y26.3671875
G0 X7.294921875 Y26.3671875
G1 X7.294921875 Y26.3671875
G0 X5.009765625 Y26.3671875
G1 X5.009765625 Y26.3671875
G0 X3.955078125 Y26.3671875
G1 X3.955078125 Y26.3671875
G0 X2.548828125 Y26.3671875
G1 X2.548828125 Y26.3671875
G0 X83.935546875 Y26.279296875
G1 X83.935546875 Y26.279296875
G0 X82.44140625 Y26.279296875
G1 X82.44140625 Y26.279296875
G1 X82.529296875 Y26.3671875
G1 X82.529296875 Y26.279296875
G0 X81.474609375 Y26.279296875
G1 X81.474609375 Y26.279296875
G0 X76.552734375 Y26.279296875
G1 X76.552734375 Y26.279296875
G1 X76.552734375 Y26.3671875
G0 X7.470703125 Y26.279296875
G1 X7.470703125 Y26.279296875
G0 X5.361328125 Y26.279296875
G1 X5.361328125 Y26.279296875
G0 X4.658203125 Y26.279296875
G1 X4.658203125 Y26.279296875
G1 X4.658203125 Y26.3671875
G0 X4.39453125 Y26.279296875
G1 X4.39453125 Y26.279296875
G0 X83.759765625 Y26.19140625
G1 X83.759765625 Y26.19140625
G0 X83.3203125 Y26.19140625
G1 X83.3203125 Y26.19140625
G1 X83.408203125 Y26.19140625
G0 X82.79296875 Y26.19140625
G1 X82.79296875 Y26.19140625
G1 X82.79296875 Y26.279296875
G1 X82.880859375 Y26.19140625
G0 X82.265625 Y26.19140625
G1 X82.265625 Y26.19140625
G0 X81.650390625 Y26.19140625
G1 X81.650390625 Y26.19140625
G0 X8.0859375 Y26.19140625
G1 X8.0859375 Y26.19140625
G0 X7.734375 Y26.19140625
G1 X7.734375 Y26.19140625
G0 X6.943359375 Y26.19140625
G1 X6.943359375 Y26.19140625
G0 X3.8671875 Y26.19140625
G1 X3.8671875 Y26.19140625
G1 X4.04296875 Y26.19140625
G0 X81.826171875 Y26.103515625
G1 X81.826171875 Y26.103515625
G1 X81.9140625 Y26.19140625
G1 X81.9140625 Y26.103515625
G0 X7.91015625 Y26.103515625
G1 X7.91015625 Y26.103515625
G0 X5.888671875 Y26.103515625
G1 X5.888671875 Y26.103515625
G0 X4.39453125 Y26.103515625
G1 X4.39453125 Y26.103515625
G0 X2.63671875 Y26.103515625
G1 X2.63671875 Y26.103515625
G1 X2.63671875 Y26.19140625
G1 X2.724609375 Y26.279296875
G1 X2.63671875 Y26.19140625
G0 X83.759765625 Y26.015625
G1 X83.759765625 Y26.015625
G0 X83.49609375 Y26.015625
G1 X83.49609375 Y26.015625
G1 X83.583984375 Y26.015625
G0 X82.96875 Y26.015625
G1 X82.96875 Y26.015625
G0 X81.03515625 Y26.015625
G1 X81.03515625 Y26.015625
G0 X80.68359375 Y26.015625
G1 X80.68359375 Y26.015625
G0 X76.46484375 Y26.015625
G1 X76.46484375 Y26.015625
G1 X76.46484375 Y26.103515625
G0 X7.294921875 Y26.015625
G1 X7.294921875 Y26.015625
G1 X7.294921875 Y26.103515625
G0 X6.767578125 Y26.015625
G1 X6.767578125 Y26.015625
G0 X3.8671875 Y26.015625
G1 X3.8671875 Y26.015625
G1 X3.955078125 Y26.015625
G0 X84.375 Y25.927734375
G1 X84.375 Y25.927734375
G1 X84.375 Y26.015625
G1 X84.462890625 Y26.015625
G1 X84.55078125 Y26.103515625
G1 X84.55078125 Y26.19140625
G1 X84.55078125 Y26.103515625
G0 X82.529296875 Y25.927734375
G1 X82.529296875 Y25.927734375
G1 X82.529296875 Y26.015625
G1 X82.6171875 Y26.015625
G0 X82.08984375 Y25.927734375
G1 X82.08984375 Y25.927734375
G1 X82.177734375 Y25.927734375
G0 X7.734375 Y25.927734375
G1 X7.734375 Y25.927734375
G0 X6.240234375 Y25.927734375
G1 X6.240234375 Y25.927734375
G0 X5.80078125 Y25.927734375
G1 X5.80078125 Y25.927734375
G0 X5.44921875 Y25.927734375
G1 X5.44921875 Y25.927734375
G0 X4.74609375 Y25.927734375
G1 X4.74609375 Y25.927734375
G1 X4.74609375 Y26.015625
G0 X2.63671875 Y25.927734375
G1 X2.63671875 Y25.927734375
G1 X2.724609375 Y25.927734375
G0 X83.935546875 Y25.83984375
G1 X83.935546875 Y25.83984375
G1 X83.935546875 Y25.927734375
G1 X84.0234375 Y25.927734375
G1 X84.111328125 Y26.015625
G1 X84.111328125 Y26.103515625
G1 X84.19921875 Y26.19140625
G1 X84.19921875 Y26.279296875
G1 X84.111328125 Y26.3671875
G1 X84.287109375 Y26.19140625
G1 X84.19921875 Y26.19140625
G1 X84.111328125 Y26.103515625
G1 X84.111328125 Y26.015625
G0 X83.671875 Y25.83984375
G1 X83.671875 Y25.83984375
G0 X83.14453125 Y25.83984375
G1 X83.14453125 Y25.83984375
G0 X82.79296875 Y25.83984375
G1 X82.79296875 Y25.83984375
G1 X82.79296875 Y25.927734375
G0 X81.2109375 Y25.83984375
G1 X81.2109375 Y25.83984375
G0 X80.5078125 Y25.83984375
G1 X80.5078125 Y25.83984375
G0 X76.376953125 Y25.83984375
G1 X76.376953125 Y25.83984375
G0 X7.91015625 Y25.83984375
G1 X7.91015625 Y25.83984375
G0 X5.009765625 Y25.83984375
G1 X5.009765625 Y25.83984375
G0 X3.515625 Y25.83984375
G1 X3.515625 Y25.83984375
G1 X3.603515625 Y25.83984375
G0 X84.111328125 Y25.751953125
G1 X84.111328125 Y25.751953125
G1 X84.19921875 Y25.751953125
G0 X83.3203125 Y25.751953125
G1 X83.3203125 Y25.751953125
G1 X83.408203125 Y25.751953125
G0 X82.353515625 Y25.751953125
G1 X82.353515625 Y25.751953125
G1 X82.44140625 Y25.751953125
G0 X80.859375 Y25.751953125
G1 X80.859375 Y25.751953125
G0 X4.482421875 Y25.751953125
G1 X4.482421875 Y25.751953125
G1 X4.39453125 Y25.83984375
G0 X3.8671875 Y25.751953125
G1 X3.8671875 Y25.751953125
G1 X3.955078125 Y25.751953125
G1 X4.04296875 Y25.83984375
G1 X3.955078125 Y25.751953125
G0 X83.759765625 Y25.6640625
G1 X83.759765625 Y25.6640625
G0 X82.880859375 Y25.6640625
G1 X82.880859375 Y25.6640625
G1 X82.96875 Y25.751953125
G0 X82.001953125 Y25.6640625
G1 X82.001953125 Y25.6640625
G0 X81.474609375 Y25.6640625
G1 X81.474609375 Y25.6640625
G0 X8.0859375 Y25.6640625
G1 X8.0859375 Y25.6640625
G0 X7.822265625 Y25.6640625
G1 X7.822265625 Y25.6640625
G0 X7.294921875 Y25.6640625
G1 X7.294921875 Y25.6640625
G0 X4.74609375 Y25.6640625
G1 X4.74609375 Y25.6640625
G0 X3.69140625 Y25.6640625
G1 X3.69140625 Y25.6640625
G0 X3.33984375 Y25.6640625
G1 X3.33984375 Y25.6640625
G0 X82.6171875 Y25.576171875
G1 X82.6171875 Y25.576171875
G1 X82.6171875 Y25.6640625
G0 X81.826171875 Y25.576171875
G1 X81.826171875 Y25.576171875
G0 X81.03515625 Y25.576171875
G1 X81.03515625 Y25.576171875
G0 X80.68359375 Y25.576171875
G1 X80.68359375 Y25.576171875
G0 X79.8046875 Y25.576171875
G1 X79.8046875 Y25.576171875
G0 X76.2890625 Y25.576171875
G1 X76.2890625 Y25.576171875
G1 X76.2890625 Y25.6640625
G0 X5.44921875 Y25.576171875
G1 X5.44921875 Y25.576171875
G1 X5.44921875 Y25.6640625
G0 X5.009765625 Y25.576171875
G1 X5.009765625 Y25.576171875
G0 X2.63671875 Y25.576171875
G1 X2.63671875 Y25.576171875
G1 X2.63671875 Y25.6640625
G1 X2.724609375 Y25.6640625
G0 X83.935546875 Y25.48828125
G1 X83.935546875 Y25.48828125
G1 X84.0234375 Y25.576171875
G0 X83.056640625 Y25.48828125
G1 X83.056640625 Y25.48828125
G1 X83.14453125 Y25.576171875
G1 X83.14453125 Y25.48828125
G0 X82.177734375 Y25.48828125
G1 X82.177734375 Y25.48828125
G1 X82.177734375 Y25.576171875
G0 X7.646484375 Y25.48828125
G1 X7.646484375 Y25.48828125
G1 X7.55859375 Y25.576171875
G1 X7.646484375 Y25.576171875
G0 X6.85546875 Y25.48828125
G1 X6.85546875 Y25.48828125
G0 X4.74609375 Y25.48828125
G1 X4.74609375 Y25.48828125
G0 X4.482421875 Y25.48828125
G1 X4.482421875 Y25.48828125
G0 X3.955078125 Y25.48828125
G1 X3.955078125 Y25.48828125
G1 X3.955078125 Y25.576171875
G1 X4.04296875 Y25.48828125
G0 X3.515625 Y25.48828125
G1 X3.515625 Y25.48828125
G0 X3.1640625 Y25.48828125
G1 X3.1640625 Y25.48828125
G1 X3.1640625 Y25.576171875
G1 X2.98828125 Y25.751953125
G1 X2.98828125 Y25.83984375
G1 X2.900390625 Y25.927734375
G1 X2.900390625 Y26.015625
G1 X2.900390625 Y25.927734375
G1 X2.98828125 Y25.83984375
G1 X3.1640625 Y25.83984375
G1 X3.251953125 Y25.927734375
G1 X3.251953125 Y26.015625
G1 X3.1640625 Y26.103515625
G1 X3.076171875 Y26.103515625
G1 X2.98828125 Y26.19140625
G1 X2.900390625 Y26.19140625
G1 X3.1640625 Y26.19140625
G1 X3.251953125 Y26.279296875
G1 X3.1640625 Y26.3671875
G1 X3.076171875 Y26.3671875
G1 X2.98828125 Y26.455078125
G1 X2.900390625 Y26.455078125
G1 X2.98828125 Y26.54296875
G1 X3.076171875 Y26.455078125
G1 X3.1640625 Y26.54296875
G1 X3.1640625 Y26.630859375
G1 X3.076171875 Y26.71875
G1 X2.900390625 Y26.71875
G1 X2.98828125 Y26.71875
G1 X3.1640625 Y26.89453125
G1 X3.1640625 Y26.982421875
G1 X3.076171875 Y27.0703125
G1 X2.98828125 Y27.0703125
G1 X2.900390625 Y26.982421875
G1 X2.900390625 Y26.89453125
G1 X2.8125 Y26.89453125
G1 X2.900390625 Y26.982421875
G1 X2.900390625 Y27.0703125
G1 X3.076171875 Y27.0703125
G1 X3.1640625 Y27.158203125
G1 X3.1640625 Y27.24609375
G1 X3.33984375 Y27.421875
G1 X3.427734375 Y27.333984375
G1 X3.427734375 Y27.24609375
G1 X3.515625 Y27.158203125
G1 X3.603515625 Y27.158203125
G1 X3.69140625 Y27.24609375
G1 X3.69140625 Y27.421875
G1 X3.69140625 Y27.24609375
G1 X3.515625 Y27.0703125
G1 X3.515625 Y27.158203125
G1 X3.427734375 Y27.24609375
G1 X3.33984375 Y27.24609375
G1 X3.251953125 Y27.333984375
G1 X3.1640625 Y27.24609375
G1 X3.1640625 Y27.158203125
G1 X3.076171875 Y27.0703125
G1 X3.1640625 Y26.982421875
G1 X3.251953125 Y26.982421875
G1 X3.33984375 Y26.89453125
G1 X3.1640625 Y26.89453125
G1 X3.076171875 Y26.806640625
G1 X3.076171875 Y26.71875
G1 X3.1640625 Y26.630859375
G1 X3.251953125 Y26.630859375
G1 X3.251953125 Y26.54296875
G1 X3.1640625 Y26.54296875
G1 X3.076171875 Y26.455078125
G1 X3.251953125 Y26.279296875
G1 X3.515625 Y26.54296875
G1 X3.603515625 Y26.54296875
G1 X3.69140625 Y26.455078125
G1 X3.69140625 Y26.3671875
G1 X3.69140625 Y26.455078125
G1 X3.603515625 Y26.54296875
G1 X3.515625 Y26.54296875
G1 X3.33984375 Y26.3671875
G1 X3.515625 Y26.19140625
G1 X3.603515625 Y26.19140625
G1 X3.603515625 Y26.103515625
G1 X3.427734375 Y26.279296875
G1 X3.251953125 Y26.279296875
G1 X3.1640625 Y26.19140625
G1 X3.1640625 Y26.103515625
G1 X3.251953125 Y26.015625
G1 X3.33984375 Y26.015625
G1 X3.33984375 Y25.927734375
G1 X3.251953125 Y25.927734375
G1 X3.076171875 Y25.751953125
G1 X3.076171875 Y25.6640625
G1 X3.251953125 Y25.48828125
G0 X84.19921875 Y25.400390625
G1 X84.19921875 Y25.400390625
G1 X84.287109375 Y25.400390625
G1 X84.375 Y25.48828125
G1 X84.375 Y25.576171875
G1 X84.462890625 Y25.576171875
G1 X84.287109375 Y25.400390625
G0 X81.298828125 Y25.400390625
G1 X81.298828125 Y25.400390625
G0 X7.3828125 Y25.400390625
G1 X7.3828125 Y25.400390625
G0 X2.900390625 Y25.400390625
G1 X2.900390625 Y25.400390625
G1 X2.900390625 Y25.48828125
G0 X83.759765625 Y25.3125
G1 X83.759765625 Y25.3125
G1 X83.49609375 Y25.576171875
G1 X83.583984375 Y25.576171875
G1 X83.583984375 Y25.48828125
G1 X83.671875 Y25.400390625
G1 X83.759765625 Y25.400390625
G0 X82.79296875 Y25.3125
G1 X82.79296875 Y25.3125
G1 X82.880859375 Y25.400390625
G1 X82.880859375 Y25.3125
G0 X82.44140625 Y25.3125
G1 X82.44140625 Y25.3125
G1 X82.44140625 Y25.400390625
G0 X8.26171875 Y25.3125
G1 X8.26171875 Y25.3125
G0 X7.03125 Y25.3125
G1 X7.03125 Y25.3125
G0 X6.767578125 Y25.3125
G1 X6.767578125 Y25.3125
G0 X6.416015625 Y25.3125
G1 X6.416015625 Y25.3125
G1 X6.50390625 Y25.400390625
G1 X6.416015625 Y25.48828125
G1 X6.50390625 Y25.400390625
G0 X5.44921875 Y25.3125
G1 X5.44921875 Y25.3125
G1 X5.44921875 Y25.400390625
G0 X4.833984375 Y25.3125
G1 X4.833984375 Y25.3125
G0 X2.63671875 Y25.3125
G1 X2.63671875 Y25.3125
G1 X2.724609375 Y25.3125
G0 X84.0234375 Y25.224609375
G1 X84.0234375 Y25.224609375
G0 X83.49609375 Y25.224609375
G1 X83.49609375 Y25.224609375
G1 X83.408203125 Y25.3125
G1 X83.3203125 Y25.3125
G1 X83.408203125 Y25.3125
G1 X83.49609375 Y25.224609375
G1 X83.583984375 Y25.224609375
G0 X81.73828125 Y25.224609375
G1 X81.73828125 Y25.224609375
G1 X81.650390625 Y25.3125
G1 X81.650390625 Y25.400390625
G1 X81.650390625 Y25.3125
G1 X81.73828125 Y25.224609375
G1 X81.826171875 Y25.224609375
G1 X81.9140625 Y25.3125
G1 X82.001953125 Y25.3125
G1 X81.9140625 Y25.3125
G1 X81.826171875 Y25.224609375
G0 X81.474609375 Y25.224609375
G1 X81.474609375 Y25.224609375
G0 X80.68359375 Y25.224609375
G1 X80.68359375 Y25.224609375
G0 X7.646484375 Y25.224609375
G1 X7.646484375 Y25.224609375
G0 X7.20703125 Y25.224609375
G1 X7.20703125 Y25.224609375
G1 X7.294921875 Y25.224609375
G0 X4.482421875 Y25.224609375
G1 X4.482421875 Y25.224609375
G0 X3.8671875 Y25.224609375
G1 X3.8671875 Y25.224609375
G1 X3.8671875 Y25.3125
G1 X3.955078125 Y25.224609375
G1 X4.04296875 Y25.224609375
G0 X3.603515625 Y25.224609375
G1 X3.603515625 Y25.224609375
G1 X3.69140625 Y25.3125
G0 X82.96875 Y25.13671875
G1 X82.96875 Y25.13671875
G1 X83.056640625 Y25.224609375
G0 X82.08984375 Y25.13671875
G1 X82.08984375 Y25.13671875
G0 X8.4375 Y25.13671875
G1 X8.4375 Y25.13671875
G0 X7.91015625 Y25.13671875
G1 X7.91015625 Y25.13671875
G1 X7.998046875 Y25.224609375
G0 X6.591796875 Y25.13671875
G1 X6.591796875 Y25.13671875
G0 X6.240234375 Y25.13671875
G1 X6.240234375 Y25.13671875
G0 X5.009765625 Y25.13671875
G1 X5.009765625 Y25.13671875
G0 X82.44140625 Y25.048828125
G1 X82.44140625 Y25.048828125
G1 X82.353515625 Y25.13671875
G1 X82.44140625 Y25.048828125
G1 X82.529296875 Y25.048828125
G1 X82.6171875 Y25.13671875
G1 X82.529296875 Y25.048828125
G0 X81.73828125 Y25.048828125
G1 X81.73828125 Y25.048828125
G0 X7.470703125 Y25.048828125
G1 X7.470703125 Y25.048828125
G0 X6.85546875 Y25.048828125
G1 X6.85546875 Y25.048828125
G1 X6.85546875 Y25.13671875
G1 X6.943359375 Y25.048828125
G0 X5.2734375 Y25.048828125
G1 X5.2734375 Y25.048828125
G1 X5.361328125 Y25.048828125
G1 X5.44921875 Y25.13671875
G1 X5.44921875 Y25.048828125
G0 X2.724609375 Y25.048828125
G1 X2.724609375 Y25.048828125
G1 X2.8125 Y25.048828125
G0 X83.408203125 Y24.9609375
G1 X83.408203125 Y24.9609375
G0 X83.056640625 Y24.9609375
G1 X83.056640625 Y24.9609375
G1 X83.14453125 Y24.9609375
G0 X82.79296875 Y24.9609375
G1 X82.79296875 Y24.9609375
G0 X81.298828125 Y24.9609375
G1 X81.298828125 Y24.9609375
G0 X76.025390625 Y24.9609375
G1 X76.025390625 Y24.9609375
G1 X76.025390625 Y25.048828125
G1 X76.11328125 Y25.13671875
G1 X76.11328125 Y25.224609375
G1 X76.201171875 Y25.3125
G1 X76.201171875 Y25.400390625
G1 X76.201171875 Y25.3125
G1 X76.11328125 Y25.224609375
G1 X76.11328125 Y25.13671875
G1 X76.025390625 Y25.048828125
G0 X8.61328125 Y24.9609375
G1 X8.61328125 Y24.9609375
G0 X8.0859375 Y24.9609375
G1 X8.0859375 Y24.9609375
G0 X7.646484375 Y24.9609375
G1 X7.646484375 Y24.9609375
G0 X7.20703125 Y24.9609375
G1 X7.20703125 Y24.9609375
G1 X7.20703125 Y25.048828125
G1 X7.294921875 Y25.048828125
G0 X6.416015625 Y24.9609375
G1 X6.416015625 Y24.9609375
G0 X6.064453125 Y24.9609375
G1 X6.064453125 Y24.9609375
G0 X4.833984375 Y24.9609375
G1 X4.833984375 Y24.9609375
G0 X4.482421875 Y24.9609375
G1 X4.482421875 Y24.9609375
G0 X2.548828125 Y24.9609375
G1 X2.548828125 Y24.9609375
G0 X82.353515625 Y24.873046875
G1 X82.353515625 Y24.873046875
G0 X82.08984375 Y24.873046875
G1 X82.08984375 Y24.873046875
G1 X82.177734375 Y24.9609375
G0 X81.9140625 Y24.873046875
G1 X81.9140625 Y24.873046875
G1 X81.9140625 Y24.9609375
G0 X81.5625 Y24.873046875
G1 X81.5625 Y24.873046875
G0 X80.771484375 Y24.873046875
G1 X80.771484375 Y24.873046875
G0 X6.6796875 Y24.873046875
G1 X6.6796875 Y24.873046875
G1 X6.6796875 Y24.9609375
G0 X5.712890625 Y24.873046875
G1 X5.712890625 Y24.873046875
G0 X5.2734375 Y24.873046875
G1 X5.2734375 Y24.873046875
G0 X3.8671875 Y24.873046875
G1 X3.8671875 Y24.873046875
G1 X3.8671875 Y24.9609375
G1 X3.955078125 Y24.873046875
G1 X4.04296875 Y24.9609375
G1 X3.955078125 Y24.873046875
G0 X3.603515625 Y24.873046875
G1 X3.603515625 Y24.873046875
G1 X3.515625 Y24.9609375
G1 X3.515625 Y25.048828125
G1 X3.33984375 Y25.224609375
G1 X3.33984375 Y25.3125
G1 X3.427734375 Y25.224609375
G1 X3.427734375 Y25.13671875
G1 X3.515625 Y25.048828125
G1 X3.603515625 Y25.048828125
G1 X3.515625 Y24.9609375
G0 X75.9375 Y24.78515625
G1 X75.9375 Y24.78515625
G0 X7.3828125 Y24.78515625
G1 X7.3828125 Y24.78515625
G0 X7.03125 Y24.78515625
G1 X7.03125 Y24.78515625
G0 X6.240234375 Y24.78515625
G1 X6.240234375 Y24.78515625
G0 X5.888671875 Y24.78515625
G1 X5.888671875 Y24.78515625
G0 X5.44921875 Y24.78515625
G1 X5.44921875 Y24.78515625
G1 X5.44921875 Y24.873046875
G0 X4.921875 Y24.78515625
G1 X4.921875 Y24.78515625
G1 X5.009765625 Y24.78515625
G0 X4.5703125 Y24.78515625
G1 X4.5703125 Y24.78515625
G1 X4.658203125 Y24.78515625
G0 X2.548828125 Y24.78515625
G1 X2.548828125 Y24.78515625
G0 X82.79296875 Y24.697265625
G1 X82.79296875 Y24.697265625
G0 X82.529296875 Y24.697265625
G1 X82.529296875 Y24.697265625
G1 X82.6171875 Y24.78515625
G0 X81.73828125 Y24.697265625
G1 X81.73828125 Y24.697265625
G1 X81.826171875 Y24.697265625
G0 X81.38671875 Y24.697265625
G1 X81.38671875 Y24.697265625
G0 X80.947265625 Y24.697265625
G1 X80.947265625 Y24.697265625
G0 X4.306640625 Y24.697265625
G1 X4.306640625 Y24.697265625
G0 X3.33984375 Y24.697265625
G1 X3.33984375 Y24.697265625
G1 X3.33984375 Y24.873046875
G1 X3.251953125 Y24.9609375
G1 X3.1640625 Y24.9609375
G1 X3.076171875 Y24.873046875
G1 X3.1640625 Y24.9609375
G1 X3.1640625 Y25.048828125
G1 X2.98828125 Y25.224609375
G1 X2.900390625 Y25.224609375
G1 X2.98828125 Y25.224609375
G1 X3.076171875 Y25.3125
G1 X3.1640625 Y25.3125
G1 X3.076171875 Y25.224609375
G1 X3.076171875 Y25.13671875
G1 X3.427734375 Y24.78515625
G0 X83.056640625 Y24.609375
G1 X83.056640625 Y24.609375
G1 X83.056640625 Y24.697265625
G1 X82.96875 Y24.78515625
G1 X83.056640625 Y24.697265625
G0 X7.646484375 Y24.609375
G1 X7.646484375 Y24.609375
G0 X7.20703125 Y24.609375
G1 X7.20703125 Y24.609375
G0 X6.85546875 Y24.609375
G1 X6.85546875 Y24.609375
G0 X5.712890625 Y24.609375
G1 X5.712890625 Y24.609375
G0 X5.2734375 Y24.609375
G1 X5.2734375 Y24.609375
G0 X82.529296875 Y24.521484375
G1 X82.529296875 Y24.521484375
G0 X82.001953125 Y24.521484375
G1 X82.001953125 Y24.521484375
G1 X82.177734375 Y24.697265625
G1 X82.177734375 Y24.609375
G1 X82.08984375 Y24.609375
G0 X81.5625 Y24.521484375
G1 X81.5625 Y24.521484375
G0 X81.2109375 Y24.521484375
G1 X81.2109375 Y24.521484375
G0 X5.09765625 Y24.521484375
G1 X5.09765625 Y24.521484375
G0 X3.076171875 Y24.521484375
G1 X3.076171875 Y24.521484375
G1 X2.98828125 Y24.609375
G1 X3.1640625 Y24.609375
G0 X83.671875 Y24.43359375
G1 X83.671875 Y24.43359375
G1 X83.671875 Y24.521484375
G1 X83.49609375 Y24.697265625
G1 X83.408203125 Y24.697265625
G1 X83.583984375 Y24.697265625
G1 X83.583984375 Y24.609375
G1 X83.671875 Y24.521484375
G1 X83.759765625 Y24.521484375
G1 X83.84765625 Y24.609375
G1 X83.84765625 Y24.697265625
G1 X83.671875 Y24.873046875
G1 X83.671875 Y24.9609375
G1 X83.671875 Y24.873046875
G1 X83.84765625 Y24.697265625
G1 X83.935546875 Y24.697265625
G0 X83.408203125 Y24.43359375
G1 X83.408203125 Y24.43359375
G1 X83.3203125 Y24.521484375
G1 X83.232421875 Y24.521484375
G1 X83.3203125 Y24.521484375
G0 X82.880859375 Y24.43359375
G1 X82.880859375 Y24.43359375
G0 X82.265625 Y24.43359375
G1 X82.265625 Y24.43359375
G0 X8.61328125 Y24.43359375
G1 X8.61328125 Y24.43359375
G0 X7.3828125 Y24.43359375
G1 X7.3828125 Y24.43359375
G0 X6.943359375 Y24.43359375
G1 X6.943359375 Y24.43359375
G1 X7.03125 Y24.43359375
G0 X6.50390625 Y24.43359375
G1 X6.50390625 Y24.43359375
G0 X5.44921875 Y24.43359375
G1 X5.44921875 Y24.43359375
G0 X4.21875 Y24.43359375
G1 X4.21875 Y24.43359375
G1 X4.306640625 Y24.43359375
G0 X3.251953125 Y24.43359375
G1 X3.251953125 Y24.43359375
G1 X3.33984375 Y24.521484375
G1 X3.427734375 Y24.521484375
G1 X3.603515625 Y24.697265625
G1 X3.427734375 Y24.521484375
G1 X3.515625 Y24.43359375
G1 X3.427734375 Y24.521484375
G1 X3.33984375 Y24.521484375
G0 X82.705078125 Y24.345703125
G1 X82.705078125 Y24.345703125
G0 X81.73828125 Y24.345703125
G1 X81.73828125 Y24.345703125
G1 X81.826171875 Y24.345703125
G0 X81.38671875 Y24.345703125
G1 X81.38671875 Y24.345703125
G0 X6.767578125 Y24.345703125
G1 X6.767578125 Y24.345703125
G0 X4.5703125 Y24.345703125
G1 X4.5703125 Y24.345703125
G1 X4.5703125 Y24.43359375
G0 X2.63671875 Y24.345703125
G1 X2.63671875 Y24.345703125
G1 X2.63671875 Y24.43359375
G1 X2.724609375 Y24.521484375
G1 X2.724609375 Y24.609375
G1 X2.8125 Y24.697265625
G1 X2.8125 Y24.78515625
G1 X2.900390625 Y24.873046875
G1 X2.900390625 Y24.78515625
G1 X2.724609375 Y24.609375
G1 X2.724609375 Y24.521484375
G1 X2.63671875 Y24.43359375
G1 X2.724609375 Y24.345703125
G0 X84.462890625 Y24.2578125
G1 X84.462890625 Y24.2578125
G0 X83.583984375 Y24.2578125
G1 X83.583984375 Y24.2578125
G0 X82.96875 Y24.2578125
G1 X82.96875 Y24.2578125
G1 X83.056640625 Y24.2578125
G0 X82.08984375 Y24.2578125
G1 X82.08984375 Y24.2578125
G0 X7.998046875 Y24.2578125
G1 X7.998046875 Y24.2578125
G0 X6.591796875 Y24.2578125
G1 X6.591796875 Y24.2578125
G0 X6.240234375 Y24.2578125
G1 X6.240234375 Y24.2578125
G0 X5.2734375 Y24.2578125
G1 X5.2734375 Y24.2578125
G0 X4.921875 Y24.2578125
G1 X4.921875 Y24.2578125
G1 X5.009765625 Y24.345703125
G0 X4.74609375 Y24.2578125
G1 X4.74609375 Y24.2578125
G0 X4.21875 Y24.2578125
G1 X4.21875 Y24.2578125
G0 X3.33984375 Y24.2578125
G1 X3.33984375 Y24.2578125
G1 X3.427734375 Y24.2578125
G0 X83.935546875 Y24.169921875
G1 X83.935546875 Y24.169921875
G1 X83.84765625 Y24.2578125
G1 X83.935546875 Y24.2578125
G1 X84.0234375 Y24.169921875
G0 X82.44140625 Y24.169921875
G1 X82.44140625 Y24.169921875
G1 X82.529296875 Y24.169921875
G0 X81.298828125 Y24.169921875
G1 X81.298828125 Y24.169921875
G0 X80.859375 Y24.169921875
G1 X80.859375 Y24.169921875
G0 X6.943359375 Y24.169921875
G1 X6.943359375 Y24.169921875
G0 X5.9765625 Y24.169921875
G1 X5.9765625 Y24.169921875
G0 X3.603515625 Y24.169921875
G1 X3.603515625 Y24.169921875
G0 X84.287109375 Y24.08203125
G1 X84.287109375 Y24.08203125
G1 X84.19921875 Y24.169921875
G1 X84.19921875 Y24.345703125
G1 X84.111328125 Y24.43359375
G1 X84.0234375 Y24.43359375
G1 X84.111328125 Y24.521484375
G1 X84.19921875 Y24.521484375
G1 X84.287109375 Y24.43359375
G1 X84.375 Y24.43359375
G1 X84.462890625 Y24.521484375
G1 X84.462890625 Y24.609375
G1 X84.375 Y24.697265625
G1 X84.287109375 Y24.697265625
G1 X84.287109375 Y24.78515625
G1 X84.19921875 Y24.873046875
G1 X84.0234375 Y24.873046875
G1 X83.84765625 Y25.048828125
G1 X83.84765625 Y25.13671875
G1 X83.84765625 Y25.048828125
G1 X83.935546875 Y24.9609375
G1 X84.0234375 Y24.9609375
G1 X84.111328125 Y24.873046875
G1 X84.19921875 Y24.873046875
G1 X84.287109375 Y24.9609375
G1 X84.19921875 Y25.048828125
G1 X84.19921875 Y25.13671875
G1 X84.287109375 Y25.048828125
G1 X84.375 Y25.13671875
G1 X84.375 Y25.224609375
G1 X84.462890625 Y25.13671875
G1 X84.19921875 Y24.873046875
G1 X84.462890625 Y24.609375
G1 X84.462890625 Y24.521484375
G1 X84.55078125 Y24.43359375
G1 X84.638671875 Y24.43359375
G1 X84.55078125 Y24.43359375
G1 X84.462890625 Y24.521484375
G1 X84.375 Y24.43359375
G1 X84.287109375 Y24.43359375
G1 X84.19921875 Y24.345703125
G1 X84.19921875 Y24.2578125
G1 X84.287109375 Y24.169921875
G0 X83.671875 Y24.08203125
G1 X83.671875 Y24.08203125
G1 X83.759765625 Y24.08203125
G0 X83.408203125 Y24.08203125
G1 X83.408203125 Y24.08203125
G1 X83.408203125 Y24.169921875
G0 X83.14453125 Y24.08203125
G1 X83.14453125 Y24.08203125
G0 X82.79296875 Y24.08203125
G1 X82.79296875 Y24.08203125
G0 X82.265625 Y24.08203125
G1 X82.265625 Y24.08203125
G0 X81.5625 Y24.08203125
G1 X81.5625 Y24.08203125
G0 X8.0859375 Y24.08203125
G1 X8.0859375 Y24.08203125
G0 X7.734375 Y24.08203125
G1 X7.734375 Y24.08203125
G1 X7.646484375 Y24.169921875
G1 X7.55859375 Y24.169921875
G1 X7.646484375 Y24.169921875
G1 X7.734375 Y24.08203125
G1 X7.822265625 Y24.08203125
G0 X7.20703125 Y24.08203125
G1 X7.20703125 Y24.08203125
G0 X6.6796875 Y24.08203125
G1 X6.6796875 Y24.08203125
G0 X5.44921875 Y24.08203125
G1 X5.44921875 Y24.08203125
G1 X5.44921875 Y24.169921875
G1 X5.537109375 Y24.169921875
G0 X5.009765625 Y24.08203125
G1 X5.009765625 Y24.08203125
G0 X4.39453125 Y24.08203125
G1 X4.39453125 Y24.08203125
G1 X4.39453125 Y24.169921875
G0 X4.04296875 Y24.08203125
G1 X4.04296875 Y24.08203125
G1 X3.955078125 Y24.169921875
G1 X3.8671875 Y24.169921875
G1 X3.8671875 Y24.345703125
G1 X3.779296875 Y24.43359375
G1 X3.955078125 Y24.609375
G1 X3.8671875 Y24.697265625
G1 X3.955078125 Y24.697265625
G1 X4.04296875 Y24.609375
G1 X3.955078125 Y24.609375
G1 X3.8671875 Y24.521484375
G1 X3.8671875 Y24.43359375
G1 X3.955078125 Y24.345703125
G1 X3.955078125 Y24.169921875
G0 X2.724609375 Y24.08203125
G1 X2.724609375 Y24.08203125
G1 X2.724609375 Y24.169921875
G0 X81.9140625 Y23.994140625
G1 X81.9140625 Y23.994140625
G1 X81.9140625 Y24.08203125
G0 X75.5859375 Y23.994140625
G1 X75.5859375 Y23.994140625
G1 X75.5859375 Y24.08203125
G1 X75.673828125 Y24.169921875
G1 X75.673828125 Y24.2578125
G1 X75.76171875 Y24.345703125
G1 X75.76171875 Y24.43359375
G1 X75.849609375 Y24.521484375
G1 X75.849609375 Y24.609375
G1 X75.849609375 Y24.521484375
G1 X75.76171875 Y24.43359375
G1 X75.76171875 Y24.345703125
G1 X75.673828125 Y24.2578125
G1 X75.673828125 Y24.169921875
G1 X75.5859375 Y24.08203125
G0 X7.3828125 Y23.994140625
G1 X7.3828125 Y23.994140625
G0 X6.240234375 Y23.994140625
G1 X6.240234375 Y23.994140625
G0 X5.2734375 Y23.994140625
G1 X5.2734375 Y23.994140625
G0 X84.375 Y23.90625
G1 X84.375 Y23.90625
G1 X84.462890625 Y23.90625
G0 X84.111328125 Y23.90625
G1 X84.111328125 Y23.90625
G1 X84.111328125 Y23.994140625
G0 X82.529296875 Y23.90625
G1 X82.529296875 Y23.90625
G0 X82.353515625 Y23.90625
G1 X82.353515625 Y23.90625
G0 X82.08984375 Y23.90625
G1 X82.08984375 Y23.90625
G0 X8.4375 Y23.90625
G1 X8.4375 Y23.90625
G0 X8.173828125 Y23.90625
G1 X8.173828125 Y23.90625
G0 X7.03125 Y23.90625
G1 X7.03125 Y23.90625
G1 X7.03125 Y23.994140625
G0 X5.712890625 Y23.90625
G1 X5.712890625 Y23.90625
G0 X3.251953125 Y23.90625
G1 X3.251953125 Y23.90625
G1 X3.33984375 Y23.994140625
G1 X3.427734375 Y23.994140625
G1 X3.33984375 Y23.994140625
G0 X2.28515625 Y23.90625
G1 X2.28515625 Y23.90625
G1 X2.28515625 Y24.169921875
G1 X2.373046875 Y24.2578125
G1 X2.28515625 Y24.345703125
G1 X2.28515625 Y24.609375
G1 X2.197265625 Y24.697265625
G1 X2.109375 Y24.609375
G1 X2.021484375 Y24.609375
G1 X2.109375 Y24.697265625
G1 X2.28515625 Y24.697265625
G1 X2.373046875 Y24.609375
G1 X2.373046875 Y24.169921875
G1 X2.28515625 Y24.08203125
G1 X2.373046875 Y23.994140625
G1 X2.373046875 Y23.90625
G0 X82.880859375 Y23.818359375
G1 X82.880859375 Y23.818359375
G1 X82.96875 Y23.90625
G0 X7.55859375 Y23.818359375
G1 X7.55859375 Y23.818359375
G1 X7.646484375 Y23.818359375
G0 X7.20703125 Y23.818359375
G1 X7.20703125 Y23.818359375
G0 X6.85546875 Y23.818359375
G1 X6.85546875 Y23.818359375
G0 X6.416015625 Y23.818359375
G1 X6.416015625 Y23.818359375
G0 X6.064453125 Y23.818359375
G1 X6.064453125 Y23.818359375
G0 X4.658203125 Y23.818359375
G1 X4.658203125 Y23.818359375
G1 X4.5703125 Y23.90625
G1 X4.658203125 Y23.994140625
G1 X4.658203125 Y24.08203125
G1 X4.658203125 Y23.994140625
G1 X4.5703125 Y23.90625
G0 X4.130859375 Y23.818359375
G1 X4.130859375 Y23.818359375
G1 X4.21875 Y23.90625
G1 X4.21875 Y23.818359375
G0 X3.8671875 Y23.818359375
G1 X3.8671875 Y23.818359375
G1 X3.8671875 Y23.90625
G1 X3.955078125 Y23.818359375
G0 X3.515625 Y23.818359375
G1 X3.515625 Y23.818359375
G1 X3.603515625 Y23.818359375
G0 X83.935546875 Y23.73046875
G1 X83.935546875 Y23.73046875
G0 X83.056640625 Y23.73046875
G1 X83.056640625 Y23.73046875
G1 X83.14453125 Y23.818359375
G1 X83.232421875 Y23.818359375
G1 X83.3203125 Y23.73046875
G1 X83.232421875 Y23.818359375
G1 X83.14453125 Y23.818359375
G0 X82.705078125 Y23.73046875
G1 X82.705078125 Y23.73046875
G0 X7.91015625 Y23.73046875
G1 X7.91015625 Y23.73046875
G1 X7.91015625 Y23.818359375
G1 X7.998046875 Y23.818359375
G0 X5.537109375 Y23.73046875
G1 X5.537109375 Y23.73046875
G1 X5.44921875 Y23.818359375
G1 X5.44921875 Y23.90625
G1 X5.537109375 Y23.818359375
G0 X5.2734375 Y23.73046875
G1 X5.2734375 Y23.73046875
G0 X5.009765625 Y23.73046875
G1 X5.009765625 Y23.73046875
G1 X5.009765625 Y23.818359375
G0 X4.39453125 Y23.73046875
G1 X4.39453125 Y23.73046875
G1 X4.39453125 Y23.818359375
G0 X2.724609375 Y23.73046875
G1 X2.724609375 Y23.73046875
G1 X2.724609375 Y23.818359375
G1 X2.8125 Y23.90625
G1 X2.900390625 Y23.90625
G1 X2.98828125 Y23.994140625
G1 X2.900390625 Y24.08203125
G1 X2.98828125 Y24.08203125
G1 X3.076171875 Y24.169921875
G1 X2.900390625 Y24.345703125
G1 X2.900390625 Y24.43359375
G1 X2.98828125 Y24.345703125
G1 X3.076171875 Y24.345703125
G1 X3.076171875 Y24.169921875
G1 X3.1640625 Y24.08203125
G1 X3.076171875 Y24.08203125
G1 X2.900390625 Y23.90625
G1 X2.98828125 Y23.818359375
G1 X3.076171875 Y23.818359375
G1 X3.076171875 Y23.73046875
G1 X2.98828125 Y23.73046875
G1 X2.98828125 Y23.818359375
G1 X2.900390625 Y23.90625
G1 X2.8125 Y23.90625
G1 X2.724609375 Y23.818359375
G0 X84.111328125 Y23.642578125
G1 X84.111328125 Y23.642578125
G1 X84.19921875 Y23.73046875
G1 X84.19921875 Y23.642578125
G0 X82.353515625 Y23.642578125
G1 X82.353515625 Y23.642578125
G0 X8.525390625 Y23.642578125
G1 X8.525390625 Y23.642578125
G1 X8.61328125 Y23.642578125
G0 X6.240234375 Y23.642578125
G1 X6.240234375 Y23.642578125
G0 X82.96875 Y23.5546875
G1 X82.96875 Y23.5546875
G1 X83.056640625 Y23.5546875
G0 X82.705078125 Y23.5546875
G1 X82.705078125 Y23.5546875
G0 X82.177734375 Y23.5546875
G1 X82.177734375 Y23.5546875
G0 X81.9140625 Y23.5546875
G1 X81.9140625 Y23.5546875
G0 X81.123046875 Y23.5546875
G1 X81.123046875 Y23.5546875
G0 X80.68359375 Y23.5546875
G1 X80.68359375 Y23.5546875
G0 X80.33203125 Y23.5546875
G1 X80.33203125 Y23.5546875
G0 X8.0859375 Y23.5546875
G1 X8.0859375 Y23.5546875
G1 X8.173828125 Y23.5546875
G0 X7.646484375 Y23.5546875
G1 X7.646484375 Y23.5546875
G1 X7.734375 Y23.5546875
G0 X7.294921875 Y23.5546875
G1 X7.294921875 Y23.5546875
G0 X5.888671875 Y23.5546875
G1 X5.888671875 Y23.5546875
G0 X4.39453125 Y23.5546875
G1 X4.39453125 Y23.5546875
G0 X3.427734375 Y23.5546875
G1 X3.427734375 Y23.5546875
G1 X3.33984375 Y23.642578125
G1 X3.33984375 Y23.73046875
G1 X3.33984375 Y23.642578125
G0 X2.28515625 Y23.5546875
G1 X2.28515625 Y23.5546875
G1 X2.28515625 Y23.73046875
G1 X2.373046875 Y23.73046875
G1 X2.373046875 Y23.5546875
G0 X83.49609375 Y23.466796875
G1 X83.49609375 Y23.466796875
G1 X83.408203125 Y23.5546875
G1 X83.49609375 Y23.466796875
G1 X83.583984375 Y23.466796875
G1 X83.671875 Y23.5546875
G1 X83.671875 Y23.642578125
G1 X83.583984375 Y23.73046875
G1 X83.671875 Y23.818359375
G1 X83.583984375 Y23.90625
G1 X83.49609375 Y23.90625
G1 X83.583984375 Y23.90625
G1 X83.671875 Y23.818359375
G1 X83.759765625 Y23.90625
G1 X83.84765625 Y23.90625
G1 X83.759765625 Y23.90625
G1 X83.583984375 Y23.73046875
G1 X83.759765625 Y23.5546875
G1 X83.671875 Y23.5546875
G1 X83.583984375 Y23.466796875
G0 X6.85546875 Y23.466796875
G1 X6.85546875 Y23.466796875
G1 X6.6796875 Y23.642578125
G1 X6.6796875 Y23.73046875
G1 X6.6796875 Y23.642578125
G1 X6.85546875 Y23.466796875
G1 X6.943359375 Y23.466796875
G1 X7.03125 Y23.5546875
G1 X7.03125 Y23.642578125
G1 X7.03125 Y23.5546875
G1 X6.943359375 Y23.466796875
G0 X6.50390625 Y23.466796875
G1 X6.50390625 Y23.466796875
G0 X6.064453125 Y23.466796875
G1 X6.064453125 Y23.466796875
G0 X5.361328125 Y23.466796875
G1 X5.361328125 Y23.466796875
G1 X5.44921875 Y23.5546875
G0 X83.14453125 Y23.37890625
G1 X83.14453125 Y23.37890625
G1 X83.232421875 Y23.466796875
G0 X82.880859375 Y23.37890625
G1 X82.880859375 Y23.37890625
G0 X82.44140625 Y23.37890625
G1 X82.44140625 Y23.37890625
G1 X82.529296875 Y23.37890625
G0 X8.26171875 Y23.37890625
G1 X8.26171875 Y23.37890625
G1 X8.349609375 Y23.466796875
G0 X7.91015625 Y23.37890625
G1 X7.91015625 Y23.37890625
G0 X5.09765625 Y23.37890625
G1 X5.09765625 Y23.37890625
G1 X5.009765625 Y23.466796875
G1 X5.009765625 Y23.5546875
G1 X5.185546875 Y23.37890625
G0 X4.658203125 Y23.37890625
G1 X4.658203125 Y23.37890625
G0 X4.21875 Y23.37890625
G1 X4.21875 Y23.37890625
G0 X3.8671875 Y23.37890625
G1 X3.8671875 Y23.37890625
G1 X3.8671875 Y23.5546875
G1 X3.779296875 Y23.642578125
G1 X3.69140625 Y23.642578125
G1 X3.779296875 Y23.642578125
G1 X3.8671875 Y23.5546875
G1 X3.955078125 Y23.5546875
G1 X4.04296875 Y23.642578125
G1 X4.04296875 Y23.5546875
G1 X3.955078125 Y23.5546875
G1 X3.8671875 Y23.466796875
G0 X2.98828125 Y23.37890625
G1 X2.98828125 Y23.37890625
G1 X2.98828125 Y23.466796875
G1 X2.900390625 Y23.5546875
G1 X2.724609375 Y23.5546875
G1 X2.900390625 Y23.5546875
G1 X2.98828125 Y23.466796875
G1 X3.076171875 Y23.466796875
G1 X3.1640625 Y23.5546875
G1 X3.076171875 Y23.466796875
G1 X3.076171875 Y23.37890625
G0 X83.759765625 Y23.291015625
G1 X83.759765625 Y23.291015625
G1 X83.84765625 Y23.291015625
G0 X80.947265625 Y23.291015625
G1 X80.947265625 Y23.291015625
G0 X7.55859375 Y23.291015625
G1 X7.55859375 Y23.291015625
G1 X7.646484375 Y23.291015625
G0 X7.119140625 Y23.291015625
G1 X7.119140625 Y23.291015625
G0 X6.6796875 Y23.291015625
G1 X6.6796875 Y23.291015625
G0 X3.33984375 Y23.291015625
G1 X3.33984375 Y23.291015625
G1 X3.33984375 Y23.37890625
G0 X84.111328125 Y23.203125
G1 X84.111328125 Y23.203125
G1 X84.111328125 Y23.291015625
G1 X83.935546875 Y23.466796875
G1 X84.0234375 Y23.466796875
G1 X84.0234375 Y23.37890625
G1 X84.111328125 Y23.291015625
G1 X84.19921875 Y23.291015625
G1 X84.19921875 Y23.203125
G0 X82.96875 Y23.203125
G1 X82.96875 Y23.203125
G1 X83.056640625 Y23.203125
G0 X82.6171875 Y23.203125
G1 X82.6171875 Y23.203125
G1 X82.705078125 Y23.203125
G0 X82.177734375 Y23.203125
G1 X82.177734375 Y23.203125
G1 X82.265625 Y23.203125
G0 X81.650390625 Y23.203125
G1 X81.650390625 Y23.203125
G0 X6.416015625 Y23.203125
G1 X6.416015625 Y23.203125
G0 X5.2734375 Y23.203125
G1 X5.2734375 Y23.203125
G1 X5.361328125 Y23.203125
G1 X5.44921875 Y23.291015625
G1 X5.537109375 Y23.291015625
G1 X5.625 Y23.37890625
G1 X5.537109375 Y23.291015625
G1 X5.44921875 Y23.291015625
G1 X5.361328125 Y23.203125
G0 X4.39453125 Y23.203125
G1 X4.39453125 Y23.203125
G1 X4.482421875 Y23.203125
G0 X3.955078125 Y23.203125
G1 X3.955078125 Y23.203125
G1 X4.04296875 Y23.203125
G0 X3.603515625 Y23.203125
G1 X3.603515625 Y23.203125
G1 X3.603515625 Y23.37890625
G0 X2.109375 Y23.203125
G1 X2.109375 Y23.203125
G1 X2.109375 Y23.37890625
G1 X2.197265625 Y23.291015625
G1 X2.28515625 Y23.37890625
G1 X2.373046875 Y23.37890625
G1 X2.373046875 Y23.291015625
G1 X2.197265625 Y23.291015625
G0 X83.583984375 Y23.115234375
G1 X83.583984375 Y23.115234375
G1 X83.583984375 Y23.203125
G0 X8.349609375 Y23.115234375
G1 X8.349609375 Y23.115234375
G0 X8.0859375 Y23.115234375
G1 X8.0859375 Y23.115234375
G1 X8.0859375 Y23.203125
G0 X6.85546875 Y23.115234375
G1 X6.85546875 Y23.115234375
G1 X6.943359375 Y23.115234375
G0 X5.712890625 Y23.115234375
G1 X5.712890625 Y23.115234375
G0 X82.79296875 Y23.02734375
G1 X82.79296875 Y23.02734375
G0 X81.826171875 Y23.02734375
G1 X81.826171875 Y23.02734375
G0 X81.474609375 Y23.02734375
G1 X81.474609375 Y23.02734375
G0 X8.525390625 Y23.02734375
G1 X8.525390625 Y23.02734375
G0 X6.591796875 Y23.02734375
G1 X6.591796875 Y23.02734375
G0 X5.9765625 Y23.02734375
G1 X5.9765625 Y23.02734375
G0 X3.33984375 Y23.02734375
G1 X3.33984375 Y23.02734375
G0 X2.28515625 Y23.02734375
G1 X2.28515625 Y23.02734375
G1 X2.28515625 Y23.115234375
G1 X2.373046875 Y23.115234375
G1 X2.373046875 Y23.02734375
G0 X83.14453125 Y22.939453125
G1 X83.14453125 Y22.939453125
G1 X83.232421875 Y22.939453125
G0 X82.44140625 Y22.939453125
G1 X82.44140625 Y22.939453125
G1 X82.353515625 Y23.02734375
G0 X7.55859375 Y22.939453125
G1 X7.55859375 Y22.939453125
G1 X7.646484375 Y22.939453125
G1 X7.734375 Y23.02734375
G1 X7.734375 Y23.115234375
G1 X7.734375 Y23.02734375
G1 X7.646484375 Y22.939453125
G0 X5.537109375 Y22.939453125
G1 X5.537109375 Y22.939453125
G1 X5.44921875 Y23.02734375
G0 X5.009765625 Y22.939453125
G1 X5.009765625 Y22.939453125
G1 X5.09765625 Y23.02734375
G1 X5.09765625 Y23.115234375
G1 X5.009765625 Y23.203125
G1 X5.09765625 Y23.203125
G1 X5.09765625 Y23.02734375
G1 X5.185546875 Y22.939453125
G1 X5.09765625 Y23.02734375
G0 X4.658203125 Y22.939453125
G1 X4.658203125 Y22.939453125
G1 X4.5703125 Y23.02734375
G0 X4.130859375 Y22.939453125
G1 X4.130859375 Y22.939453125
G1 X4.21875 Y23.02734375
G1 X4.21875 Y22.939453125
G0 X3.8671875 Y22.939453125
G1 X3.8671875 Y22.939453125
G1 X3.8671875 Y23.02734375
G1 X3.779296875 Y23.115234375
G1 X3.8671875 Y23.02734375
G1 X3.955078125 Y23.02734375
G1 X3.955078125 Y22.939453125
G0 X3.515625 Y22.939453125
G1 X3.515625 Y22.939453125
G1 X3.603515625 Y22.939453125
G0 X2.900390625 Y22.939453125
G1 X2.900390625 Y22.939453125
G1 X3.1640625 Y23.203125
G1 X2.98828125 Y23.02734375
G1 X2.98828125 Y22.939453125
G0 X83.49609375 Y22.8515625
G1 X83.49609375 Y22.8515625
G1 X83.49609375 Y22.939453125
G1 X83.232421875 Y23.203125
G1 X83.3203125 Y23.203125
G1 X83.408203125 Y23.291015625
G1 X83.3203125 Y23.203125
G1 X83.3203125 Y23.115234375
G1 X83.49609375 Y22.939453125
G0 X82.177734375 Y22.8515625
G1 X82.177734375 Y22.8515625
G1 X82.08984375 Y22.939453125
G0 X81.650390625 Y22.8515625
G1 X81.650390625 Y22.8515625
G0 X8.26171875 Y22.8515625
G1 X8.26171875 Y22.8515625
G1 X8.349609375 Y22.8515625
G0 X7.91015625 Y22.8515625
G1 X7.91015625 Y22.8515625
G1 X7.91015625 Y22.939453125
G1 X7.998046875 Y22.8515625
G0 X7.3828125 Y22.8515625
G1 X7.3828125 Y22.8515625
G0 X7.03125 Y22.8515625
G1 X7.03125 Y22.8515625
G1 X7.03125 Y22.939453125
G1 X7.119140625 Y22.939453125
G1 X7.294921875 Y23.115234375
G1 X7.294921875 Y23.02734375
G1 X7.20703125 Y23.02734375
G0 X6.6796875 Y22.8515625
G1 X6.6796875 Y22.8515625
G1 X6.767578125 Y22.8515625
G0 X6.416015625 Y22.8515625
G1 X6.416015625 Y22.8515625
G0 X83.84765625 Y22.763671875
G1 X83.84765625 Y22.763671875
G1 X84.0234375 Y22.939453125
G1 X83.935546875 Y23.02734375
G1 X83.84765625 Y23.02734375
G1 X83.759765625 Y22.939453125
G1 X83.671875 Y22.939453125
G1 X83.759765625 Y22.939453125
G1 X83.84765625 Y23.02734375
G1 X83.84765625 Y23.115234375
G1 X83.935546875 Y23.115234375
G1 X83.935546875 Y23.02734375
G1 X84.0234375 Y22.939453125
G1 X84.0234375 Y22.8515625
G1 X83.935546875 Y22.763671875
G0 X83.3203125 Y22.763671875
G1 X83.3203125 Y22.763671875
G0 X83.056640625 Y22.763671875
G1 X83.056640625 Y22.763671875
G0 X82.529296875 Y22.763671875
G1 X82.529296875 Y22.763671875
G0 X81.123046875 Y22.763671875
G1 X81.123046875 Y22.763671875
G0 X4.306640625 Y22.763671875
G1 X4.306640625 Y22.763671875
G1 X4.39453125 Y22.8515625
G0 X3.955078125 Y22.763671875
G1 X3.955078125 Y22.763671875
G0 X3.1640625 Y22.763671875
G1 X3.1640625 Y22.763671875
G1 X3.1640625 Y22.8515625
G0 X2.28515625 Y22.763671875
G1 X2.28515625 Y22.763671875
G1 X2.28515625 Y22.8515625
G1 X2.373046875 Y22.8515625
G1 X2.373046875 Y22.763671875
G0 X83.671875 Y22.67578125
G1 X83.671875 Y22.67578125
G0 X82.79296875 Y22.67578125
G1 X82.79296875 Y22.67578125
G0 X81.474609375 Y22.67578125
G1 X81.474609375 Y22.67578125
G0 X8.4375 Y22.67578125
G1 X8.4375 Y22.67578125
G0 X7.20703125 Y22.67578125
G1 X7.20703125 Y22.67578125
G0 X6.591796875 Y22.67578125
G1 X6.591796875 Y22.67578125
G0 X6.240234375 Y22.67578125
G1 X6.240234375 Y22.67578125
G0 X5.44921875 Y22.67578125
G1 X5.44921875 Y22.67578125
G1 X5.361328125 Y22.763671875
G1 X5.44921875 Y22.763671875
G0 X5.009765625 Y22.67578125
G1 X5.009765625 Y22.67578125
G1 X5.09765625 Y22.763671875
G0 X4.5703125 Y22.67578125
G1 X4.5703125 Y22.67578125
G0 X3.69140625 Y22.67578125
G1 X3.69140625 Y22.67578125
G1 X3.69140625 Y22.763671875
G0 X3.33984375 Y22.67578125
G1 X3.33984375 Y22.67578125
G1 X3.33984375 Y22.763671875
G1 X3.427734375 Y22.763671875
G1 X3.427734375 Y22.67578125
G0 X2.900390625 Y22.67578125
G1 X2.900390625 Y22.67578125
G1 X2.900390625 Y22.763671875
G0 X83.14453125 Y22.587890625
G1 X83.14453125 Y22.587890625
G0 X82.08984375 Y22.587890625
G1 X82.08984375 Y22.587890625
G0 X7.998046875 Y22.587890625
G1 X7.998046875 Y22.587890625
G1 X8.0859375 Y22.587890625
G0 X7.822265625 Y22.587890625
G1 X7.822265625 Y22.587890625
G1 X7.734375 Y22.67578125
G1 X7.734375 Y22.763671875
G1 X7.734375 Y22.67578125
G0 X7.470703125 Y22.587890625
G1 X7.470703125 Y22.587890625
G1 X7.55859375 Y22.67578125
G0 X6.85546875 Y22.587890625
G1 X6.85546875 Y22.587890625
G1 X6.85546875 Y22.67578125
G1 X6.943359375 Y22.67578125
G0 X86.220703125 Y22.5
G1 X86.220703125 Y22.5
G1 X86.30859375 Y22.587890625
G1 X86.396484375 Y22.5
G0 X83.49609375 Y22.5
G1 X83.49609375 Y22.5
G0 X82.44140625 Y22.5
G1 X82.44140625 Y22.5
G0 X81.826171875 Y22.5
G1 X81.826171875 Y22.5
G0 X81.5625 Y22.5
G1 X81.5625 Y22.5
G0 X81.298828125 Y22.5
G1 X81.298828125 Y22.5
G0 X8.7890625 Y22.5
G1 X8.7890625 Y22.5
G0 X8.525390625 Y22.5
G1 X8.525390625 Y22.5
G0 X8.26171875 Y22.5
G1 X8.26171875 Y22.5
G0 X7.294921875 Y22.5
G1 X7.294921875 Y22.5
G0 X6.416015625 Y22.5
G1 X6.416015625 Y22.5
G0 X6.064453125 Y22.5
G1 X6.064453125 Y22.5
G0 X5.09765625 Y22.5
G1 X5.09765625 Y22.5
G1 X5.185546875 Y22.587890625
G1 X5.185546875 Y22.5
G0 X4.658203125 Y22.5
G1 X4.658203125 Y22.5
G0 X4.39453125 Y22.5
G1 X4.39453125 Y22.5
G0 X4.130859375 Y22.5
G1 X4.130859375 Y22.5
G0 X83.759765625 Y22.412109375
G1 X83.759765625 Y22.412109375
G1 X83.84765625 Y22.412109375
G0 X82.79296875 Y22.412109375
G1 X82.79296875 Y22.412109375
G1 X82.880859375 Y22.412109375
G0 X7.91015625 Y22.412109375
G1 X7.91015625 Y22.412109375
G0 X5.44921875 Y22.412109375
G1 X5.44921875 Y22.412109375
G1 X5.44921875 Y22.5
G1 X5.537109375 Y22.5
G1 X5.537109375 Y22.412109375
G0 X3.8671875 Y22.412109375
G1 X3.8671875 Y22.412109375
G1 X3.8671875 Y22.587890625
G1 X3.955078125 Y22.5
G1 X3.955078125 Y22.412109375
G0 X2.900390625 Y22.412109375
G1 X2.900390625 Y22.412109375
G0 X83.232421875 Y22.32421875
G1 X83.232421875 Y22.32421875
G0 X81.650390625 Y22.32421875
G1 X81.650390625 Y22.32421875
G0 X8.349609375 Y22.32421875
G1 X8.349609375 Y22.32421875
G0 X7.734375 Y22.32421875
G1 X7.734375 Y22.32421875
G1 X7.646484375 Y22.412109375
G0 X7.3828125 Y22.32421875
G1 X7.3828125 Y22.32421875
G0 X6.50390625 Y22.32421875
G1 X6.50390625 Y22.32421875
G1 X6.591796875 Y22.32421875
G1 X6.6796875 Y22.412109375
G1 X6.591796875 Y22.32421875
G0 X6.240234375 Y22.32421875
G1 X6.240234375 Y22.32421875
G0 X3.603515625 Y22.32421875
G1 X3.603515625 Y22.32421875
G1 X3.69140625 Y22.412109375
G1 X3.69140625 Y22.32421875
G0 X3.33984375 Y22.32421875
G1 X3.33984375 Y22.32421875
G1 X3.1640625 Y22.5
G1 X3.076171875 Y22.5
G1 X3.076171875 Y22.587890625
G1 X3.1640625 Y22.587890625
G1 X3.1640625 Y22.5
G1 X3.251953125 Y22.412109375
G1 X3.33984375 Y22.412109375
G1 X3.427734375 Y22.5
G1 X3.33984375 Y22.412109375
G0 X86.66015625 Y22.236328125
G1 X86.66015625 Y22.236328125
G1 X86.572265625 Y22.32421875
G1 X86.396484375 Y22.32421875
G1 X86.572265625 Y22.32421875
G1 X86.66015625 Y22.236328125
G1 X86.748046875 Y22.236328125
G0 X83.583984375 Y22.236328125
G1 X83.583984375 Y22.236328125
G1 X83.671875 Y22.236328125
G0 X83.056640625 Y22.236328125
G1 X83.056640625 Y22.236328125
G0 X82.265625 Y22.236328125
G1 X82.265625 Y22.236328125
G1 X82.177734375 Y22.32421875
G0 X8.525390625 Y22.236328125
G1 X8.525390625 Y22.236328125
G1 X8.61328125 Y22.32421875
G0 X5.2734375 Y22.236328125
G1 X5.2734375 Y22.236328125
G1 X5.2734375 Y22.32421875
G0 X4.658203125 Y22.236328125
G1 X4.658203125 Y22.236328125
G0 X4.306640625 Y22.236328125
G1 X4.306640625 Y22.236328125
G1 X4.39453125 Y22.32421875
G0 X4.130859375 Y22.236328125
G1 X4.130859375 Y22.236328125
G1 X4.130859375 Y22.32421875
G0 X83.84765625 Y22.1484375
G1 X83.84765625 Y22.1484375
G1 X83.935546875 Y22.236328125
G1 X84.0234375 Y22.236328125
G1 X84.0234375 Y22.1484375
G0 X83.408203125 Y22.1484375
G1 X83.408203125 Y22.1484375
G0 X82.79296875 Y22.1484375
G1 X82.79296875 Y22.1484375
G1 X82.880859375 Y22.1484375
G0 X8.7890625 Y22.1484375
G1 X8.7890625 Y22.1484375
G0 X7.998046875 Y22.1484375
G1 X7.998046875 Y22.1484375
G1 X8.0859375 Y22.1484375
G0 X7.55859375 Y22.1484375
G1 X7.55859375 Y22.1484375
G0 X7.20703125 Y22.1484375
G1 X7.20703125 Y22.1484375
G1 X7.294921875 Y22.1484375
G0 X6.416015625 Y22.1484375
G1 X6.416015625 Y22.1484375
G0 X5.9765625 Y22.1484375
G1 X5.9765625 Y22.1484375
G1 X6.064453125 Y22.1484375
G0 X5.44921875 Y22.1484375
G1 X5.44921875 Y22.1484375
G1 X5.537109375 Y22.1484375
G0 X3.8671875 Y22.1484375
G1 X3.8671875 Y22.1484375
G1 X3.8671875 Y22.236328125
G1 X3.955078125 Y22.236328125
G0 X83.14453125 Y22.060546875
G1 X83.14453125 Y22.060546875
G1 X83.232421875 Y22.060546875
G0 X82.001953125 Y22.060546875
G1 X82.001953125 Y22.060546875
G0 X7.734375 Y22.060546875
G1 X7.734375 Y22.060546875
G1 X7.822265625 Y22.1484375
G0 X6.6796875 Y22.060546875
G1 X6.6796875 Y22.060546875
G1 X6.767578125 Y22.060546875
G1 X6.85546875 Y22.1484375
G1 X6.85546875 Y22.236328125
G1 X6.943359375 Y22.236328125
G1 X7.03125 Y22.32421875
G1 X6.943359375 Y22.412109375
G1 X7.03125 Y22.5
G1 X7.03125 Y22.32421875
G1 X6.943359375 Y22.236328125
G1 X6.943359375 Y22.1484375
G1 X6.85546875 Y22.1484375
G1 X6.767578125 Y22.060546875
G0 X4.39453125 Y22.060546875
G1 X4.39453125 Y22.060546875
G0 X3.515625 Y22.060546875
G1 X3.515625 Y22.060546875
G1 X3.515625 Y22.1484375
G0 X86.30859375 Y21.97265625
G1 X86.30859375 Y21.97265625
G1 X86.30859375 Y22.060546875
G1 X86.396484375 Y22.060546875
G1 X86.484375 Y21.97265625
G0 X83.49609375 Y21.97265625
G1 X83.49609375 Y21.97265625
G1 X83.583984375 Y21.97265625
G0 X82.177734375 Y21.97265625
G1 X82.177734375 Y21.97265625
G0 X81.650390625 Y21.97265625
G1 X81.650390625 Y21.97265625
G0 X8.4375 Y21.97265625
G1 X8.4375 Y21.97265625
G1 X8.349609375 Y22.060546875
G1 X8.349609375 Y22.1484375
G1 X8.349609375 Y22.060546875
G0 X6.50390625 Y21.97265625
G1 X6.50390625 Y21.97265625
G0 X4.04296875 Y21.97265625
G1 X4.04296875 Y21.97265625
G1 X4.04296875 Y22.060546875
G1 X4.130859375 Y21.97265625
G0 X3.69140625 Y21.97265625
G1 X3.69140625 Y21.97265625
G0 X82.880859375 Y21.884765625
G1 X82.880859375 Y21.884765625
G1 X82.96875 Y21.884765625
G0 X7.998046875 Y21.884765625
G1 X7.998046875 Y21.884765625
G1 X8.0859375 Y21.884765625
G0 X7.734375 Y21.884765625
G1 X7.734375 Y21.884765625
G1 X7.822265625 Y21.884765625
G0 X7.3828125 Y21.884765625
G1 X7.3828125 Y21.884765625
G1 X7.3828125 Y21.97265625
G1 X7.470703125 Y21.97265625
G1 X7.470703125 Y21.884765625
G0 X6.943359375 Y21.884765625
G1 X6.943359375 Y21.884765625
G1 X7.03125 Y21.97265625
G0 X5.2734375 Y21.884765625
G1 X5.2734375 Y21.884765625
G1 X5.2734375 Y21.97265625
G1 X5.185546875 Y22.060546875
G1 X5.09765625 Y22.060546875
G1 X5.09765625 Y22.1484375
G1 X5.009765625 Y22.236328125
G1 X5.09765625 Y22.236328125
G1 X5.09765625 Y22.1484375
G1 X5.2734375 Y21.97265625
G0 X2.8125 Y21.884765625
G1 X2.8125 Y21.884765625
G1 X2.900390625 Y21.97265625
G1 X2.900390625 Y21.884765625
G0 X86.572265625 Y21.796875
G1 X86.572265625 Y21.796875
G1 X86.8359375 Y22.060546875
G1 X87.01171875 Y22.060546875
G1 X87.01171875 Y21.97265625
G1 X86.923828125 Y22.060546875
G1 X86.8359375 Y22.060546875
G1 X86.66015625 Y21.884765625
G1 X86.66015625 Y21.796875
G0 X83.84765625 Y21.796875
G1 X83.84765625 Y21.796875
G1 X83.84765625 Y21.884765625
G1 X83.935546875 Y21.884765625
G1 X84.0234375 Y21.97265625
G1 X84.111328125 Y21.97265625
G1 X84.0234375 Y21.97265625
G0 X82.6171875 Y21.796875
G1 X82.6171875 Y21.796875
G0 X82.265625 Y21.796875
G1 X82.265625 Y21.796875
G0 X82.001953125 Y21.796875
G1 X82.001953125 Y21.796875
G0 X8.876953125 Y21.796875
G1 X8.876953125 Y21.796875
G0 X5.44921875 Y21.796875
G1 X5.44921875 Y21.796875
G0 X3.33984375 Y21.796875
G1 X3.33984375 Y21.796875
G1 X3.33984375 Y21.884765625
G1 X3.251953125 Y21.97265625
G1 X3.1640625 Y21.97265625
G1 X3.1640625 Y22.060546875
G1 X3.076171875 Y22.1484375
G1 X2.900390625 Y22.1484375
G1 X2.900390625 Y22.236328125
G1 X3.076171875 Y22.236328125
G1 X3.076171875 Y22.1484375
G1 X3.33984375 Y21.884765625
G1 X3.427734375 Y21.884765625
G0 X83.49609375 Y21.708984375
G1 X83.49609375 Y21.708984375
G1 X83.583984375 Y21.708984375
G0 X83.14453125 Y21.708984375
G1 X83.14453125 Y21.708984375
G1 X83.232421875 Y21.708984375
G0 X9.140625 Y21.708984375
G1 X9.140625 Y21.708984375
G0 X8.349609375 Y21.708984375
G1 X8.349609375 Y21.708984375
G0 X6.767578125 Y21.708984375
G1 X6.767578125 Y21.708984375
G0 X6.328125 Y21.708984375
G1 X6.328125 Y21.708984375
G0 X4.658203125 Y21.708984375
G1 X4.658203125 Y21.708984375
G0 X4.130859375 Y21.708984375
G1 X4.130859375 Y21.708984375
G1 X4.21875 Y21.796875
G1 X4.21875 Y21.708984375
G0 X3.8671875 Y21.708984375
G1 X3.8671875 Y21.708984375
G1 X3.8671875 Y21.796875
G1 X3.955078125 Y21.708984375
G0 X82.44140625 Y21.62109375
G1 X82.44140625 Y21.62109375
G0 X8.61328125 Y21.62109375
G1 X8.61328125 Y21.62109375
G0 X7.91015625 Y21.62109375
G1 X7.91015625 Y21.62109375
G1 X7.998046875 Y21.62109375
G0 X7.646484375 Y21.62109375
G1 X7.646484375 Y21.62109375
G1 X7.55859375 Y21.708984375
G1 X7.470703125 Y21.708984375
G1 X7.646484375 Y21.708984375
G0 X7.294921875 Y21.62109375
G1 X7.294921875 Y21.62109375
G0 X7.03125 Y21.62109375
G1 X7.03125 Y21.62109375
G1 X7.119140625 Y21.708984375
G0 X5.09765625 Y21.62109375
G1 X5.09765625 Y21.62109375
G1 X5.09765625 Y21.708984375
G1 X5.009765625 Y21.796875
G1 X5.009765625 Y21.884765625
G1 X5.09765625 Y21.884765625
G1 X5.009765625 Y21.796875
G1 X5.09765625 Y21.708984375
G1 X5.185546875 Y21.708984375
G1 X5.185546875 Y21.62109375
G0 X84.111328125 Y21.533203125
G1 X84.111328125 Y21.533203125
G1 X84.0234375 Y21.62109375
G1 X83.935546875 Y21.62109375
G1 X84.0234375 Y21.62109375
G0 X83.3203125 Y21.533203125
G1 X83.3203125 Y21.533203125
G1 X83.408203125 Y21.533203125
G0 X82.880859375 Y21.533203125
G1 X82.880859375 Y21.533203125
G1 X82.79296875 Y21.62109375
G1 X82.880859375 Y21.62109375
G1 X82.96875 Y21.533203125
G0 X82.001953125 Y21.533203125
G1 X82.001953125 Y21.533203125
G0 X81.650390625 Y21.533203125
G1 X81.650390625 Y21.533203125
G0 X9.052734375 Y21.533203125
G1 X9.052734375 Y21.533203125
G0 X8.173828125 Y21.533203125
G1 X8.173828125 Y21.533203125
G1 X8.26171875 Y21.533203125
G0 X87.01171875 Y21.4453125
G1 X87.01171875 Y21.4453125
G1 X87.01171875 Y21.533203125
G1 X87.099609375 Y21.4453125
G0 X83.759765625 Y21.4453125
G1 X83.759765625 Y21.4453125
G1 X83.84765625 Y21.4453125
G0 X9.31640625 Y21.4453125
G1 X9.31640625 Y21.4453125
G0 X8.701171875 Y21.4453125
G1 X8.701171875 Y21.4453125
G0 X7.734375 Y21.4453125
G1 X7.734375 Y21.4453125
G1 X7.822265625 Y21.4453125
G0 X7.3828125 Y21.4453125
G1 X7.3828125 Y21.4453125
G1 X7.470703125 Y21.4453125
G0 X7.119140625 Y21.4453125
G1 X7.119140625 Y21.4453125
G0 X6.50390625 Y21.4453125
G1 X6.50390625 Y21.4453125
G1 X6.591796875 Y21.4453125
G0 X6.15234375 Y21.4453125
G1 X6.15234375 Y21.4453125
G1 X6.064453125 Y21.533203125
G0 X5.2734375 Y21.4453125
G1 X5.2734375 Y21.4453125
G1 X5.361328125 Y21.533203125
G0 X4.921875 Y21.4453125
G1 X4.921875 Y21.4453125
G1 X5.009765625 Y21.4453125
G0 X4.306640625 Y21.4453125
G1 X4.306640625 Y21.4453125
G0 X87.36328125 Y21.357421875
G1 X87.36328125 Y21.357421875
G1 X87.36328125 Y21.4453125
G1 X87.5390625 Y21.4453125
G1 X87.451171875 Y21.357421875
G0 X86.220703125 Y21.357421875
G1 X86.220703125 Y21.357421875
G1 X86.30859375 Y21.4453125
G1 X86.396484375 Y21.357421875
G0 X83.14453125 Y21.357421875
G1 X83.14453125 Y21.357421875
G0 X82.6171875 Y21.357421875
G1 X82.6171875 Y21.357421875
G0 X82.265625 Y21.357421875
G1 X82.265625 Y21.357421875
G0 X81.826171875 Y21.357421875
G1 X81.826171875 Y21.357421875
G0 X8.876953125 Y21.357421875
G1 X8.876953125 Y21.357421875
G0 X8.349609375 Y21.357421875
G1 X8.349609375 Y21.357421875
G0 X5.80078125 Y21.357421875
G1 X5.80078125 Y21.357421875
G1 X5.888671875 Y21.357421875
G0 X4.5703125 Y21.357421875
G1 X4.5703125 Y21.357421875
G0 X87.099609375 Y21.26953125
G1 X87.099609375 Y21.26953125
G1 X87.1875 Y21.26953125
G0 X84.55078125 Y21.26953125
G1 X84.55078125 Y21.26953125
G1 X84.638671875 Y21.26953125
G0 X82.001953125 Y21.26953125
G1 X82.001953125 Y21.26953125
G0 X8.0859375 Y21.26953125
G1 X8.0859375 Y21.26953125
G1 X8.0859375 Y21.357421875
G0 X7.55859375 Y21.26953125
G1 X7.55859375 Y21.26953125
G0 X7.294921875 Y21.26953125
G1 X7.294921875 Y21.26953125
G0 X5.44921875 Y21.26953125
G1 X5.44921875 Y21.26953125
G1 X5.537109375 Y21.26953125
G0 X86.66015625 Y21.181640625
G1 X86.66015625 Y21.181640625
G1 X86.8359375 Y21.357421875
G1 X86.748046875 Y21.4453125
G1 X86.66015625 Y21.4453125
G1 X86.572265625 Y21.533203125
G1 X86.484375 Y21.533203125
G1 X86.572265625 Y21.533203125
G1 X86.66015625 Y21.62109375
G1 X86.748046875 Y21.62109375
G1 X86.923828125 Y21.796875
G1 X87.1875 Y21.796875
G1 X87.275390625 Y21.708984375
G1 X87.36328125 Y21.708984375
G1 X87.451171875 Y21.796875
G1 X87.451171875 Y21.884765625
G1 X87.36328125 Y21.97265625
G1 X87.275390625 Y21.97265625
G1 X87.36328125 Y21.97265625
G1 X87.451171875 Y22.060546875
G1 X87.451171875 Y21.97265625
G1 X87.5390625 Y21.884765625
G1 X87.451171875 Y21.796875
G1 X87.5390625 Y21.708984375
G1 X87.451171875 Y21.62109375
G1 X87.1875 Y21.62109375
G1 X87.1875 Y21.708984375
G1 X87.099609375 Y21.796875
G1 X86.923828125 Y21.796875
G1 X86.748046875 Y21.62109375
G1 X86.66015625 Y21.62109375
G1 X86.572265625 Y21.533203125
G1 X86.66015625 Y21.4453125
G1 X86.748046875 Y21.4453125
G1 X86.8359375 Y21.357421875
G1 X86.8359375 Y21.181640625
G0 X85.95703125 Y21.181640625
G1 X85.95703125 Y21.181640625
G1 X86.1328125 Y21.181640625
G0 X81.650390625 Y21.181640625
G1 X81.650390625 Y21.181640625
G0 X6.240234375 Y21.181640625
G1 X6.240234375 Y21.181640625
G0 X5.9765625 Y21.181640625
G1 X5.9765625 Y21.181640625
G0 X5.09765625 Y21.181640625
G1 X5.09765625 Y21.181640625
G1 X5.009765625 Y21.26953125
G1 X5.185546875 Y21.26953125
G1 X5.185546875 Y21.181640625
G0 X4.833984375 Y21.181640625
G1 X4.833984375 Y21.181640625
G0 X87.451171875 Y21.09375
G1 X87.451171875 Y21.09375
G1 X87.451171875 Y21.181640625
G1 X87.5390625 Y21.09375
G0 X83.759765625 Y21.09375
G1 X83.759765625 Y21.09375
G1 X83.759765625 Y21.181640625
G0 X83.232421875 Y21.09375
G1 X83.232421875 Y21.09375
G1 X83.408203125 Y21.26953125
G1 X83.49609375 Y21.26953125
G1 X83.408203125 Y21.26953125
G0 X82.79296875 Y21.09375
G1 X82.79296875 Y21.09375
G1 X82.880859375 Y21.09375
G0 X82.177734375 Y21.09375
G1 X82.177734375 Y21.09375
G0 X81.826171875 Y21.09375
G1 X81.826171875 Y21.09375
G0 X80.947265625 Y21.09375
G1 X80.947265625 Y21.09375
G0 X8.26171875 Y21.09375
G1 X8.26171875 Y21.09375
G0 X7.03125 Y21.09375
G1 X7.03125 Y21.09375
G1 X7.119140625 Y21.09375
G0 X6.767578125 Y21.09375
G1 X6.767578125 Y21.09375
G1 X6.6796875 Y21.181640625
G0 X86.923828125 Y21.005859375
G1 X86.923828125 Y21.005859375
G1 X87.1875 Y21.005859375
G0 X86.30859375 Y21.005859375
G1 X86.30859375 Y21.005859375
G1 X86.30859375 Y21.09375
G1 X86.396484375 Y21.09375
G0 X8.96484375 Y21.005859375
G1 X8.96484375 Y21.005859375
G0 X8.525390625 Y21.005859375
G1 X8.525390625 Y21.005859375
G0 X7.3828125 Y21.005859375
G1 X7.3828125 Y21.005859375
G1 X7.3828125 Y21.09375
G0 X5.80078125 Y21.005859375
G1 X5.80078125 Y21.005859375
G0 X5.361328125 Y21.005859375
G1 X5.361328125 Y21.005859375
G0 X85.869140625 Y20.91796875
G1 X85.869140625 Y20.91796875
G1 X85.78125 Y21.005859375
G1 X85.693359375 Y21.005859375
G1 X85.693359375 Y21.09375
G1 X85.78125 Y21.09375
G1 X85.78125 Y21.005859375
G1 X85.869140625 Y20.91796875
G1 X85.95703125 Y20.91796875
G1 X86.044921875 Y21.005859375
G1 X86.1328125 Y20.91796875
G0 X83.84765625 Y20.91796875
G1 X83.84765625 Y20.91796875
G0 X83.49609375 Y20.91796875
G1 X83.49609375 Y20.91796875
G0 X82.6171875 Y20.91796875
G1 X82.6171875 Y20.91796875
G0 X82.001953125 Y20.91796875
G1 X82.001953125 Y20.91796875
G0 X81.38671875 Y20.91796875
G1 X81.38671875 Y20.91796875
G0 X9.31640625 Y20.91796875
G1 X9.31640625 Y20.91796875
G0 X8.0859375 Y20.91796875
G1 X8.0859375 Y20.91796875
G1 X7.998046875 Y21.005859375
G1 X8.0859375 Y21.005859375
G0 X6.591796875 Y20.91796875
G1 X6.591796875 Y20.91796875
G0 X6.240234375 Y20.91796875
G1 X6.240234375 Y20.91796875
G0 X4.39453125 Y20.91796875
G1 X4.39453125 Y20.91796875
G0 X87.36328125 Y20.830078125
G1 X87.36328125 Y20.830078125
G1 X87.36328125 Y20.91796875
G1 X87.5390625 Y20.91796875
G1 X87.451171875 Y20.91796875
G0 X83.14453125 Y20.830078125
G1 X83.14453125 Y20.830078125
G1 X83.056640625 Y20.91796875
G0 X7.55859375 Y20.830078125
G1 X7.55859375 Y20.830078125
G1 X7.646484375 Y20.830078125
G0 X7.119140625 Y20.830078125
G1 X7.119140625 Y20.830078125
G1 X7.20703125 Y20.830078125
G0 X5.537109375 Y20.830078125
G1 X5.537109375 Y20.830078125
G0 X5.09765625 Y20.830078125
G1 X5.09765625 Y20.830078125
G1 X5.185546875 Y20.91796875
G1 X5.185546875 Y20.830078125
G0 X4.833984375 Y20.830078125
G1 X4.833984375 Y20.830078125
G1 X4.74609375 Y20.91796875
G1 X4.833984375 Y20.91796875
G0 X86.484375 Y20.7421875
G1 X86.484375 Y20.7421875
G1 X86.396484375 Y20.830078125
G1 X86.30859375 Y20.830078125
G1 X86.484375 Y20.830078125
G1 X86.572265625 Y20.91796875
G1 X86.484375 Y20.830078125
G0 X85.60546875 Y20.7421875
G1 X85.60546875 Y20.7421875
G1 X85.4296875 Y20.91796875
G1 X85.517578125 Y20.91796875
G1 X85.60546875 Y20.830078125
G1 X85.693359375 Y20.830078125
G1 X85.693359375 Y20.7421875
G0 X85.25390625 Y20.7421875
G1 X85.25390625 Y20.7421875
G1 X85.341796875 Y20.7421875
G0 X83.671875 Y20.7421875
G1 X83.671875 Y20.7421875
G0 X82.880859375 Y20.7421875
G1 X82.880859375 Y20.7421875
G0 X81.73828125 Y20.7421875
G1 X81.73828125 Y20.7421875
G0 X9.4921875 Y20.7421875
G1 X9.4921875 Y20.7421875
G0 X6.767578125 Y20.7421875
G1 X6.767578125 Y20.7421875
G1 X6.767578125 Y20.830078125
G0 X6.328125 Y20.7421875
G1 X6.328125 Y20.7421875
G1 X6.416015625 Y20.7421875
G0 X5.888671875 Y20.7421875
G1 X5.888671875 Y20.7421875
G0 X87.5390625 Y20.654296875
G1 X87.5390625 Y20.654296875
G1 X87.5390625 Y20.7421875
G0 X87.099609375 Y20.654296875
G1 X87.099609375 Y20.654296875
G1 X87.099609375 Y20.7421875
G1 X87.1875 Y20.7421875
G1 X87.1875 Y20.654296875
G0 X85.95703125 Y20.654296875
G1 X85.95703125 Y20.654296875
G1 X85.95703125 Y20.7421875
G1 X86.044921875 Y20.7421875
G1 X86.044921875 Y20.654296875
G0 X82.44140625 Y20.654296875
G1 X82.44140625 Y20.654296875
G0 X8.61328125 Y20.654296875
G1 X8.61328125 Y20.654296875
G1 X8.701171875 Y20.7421875
G0 X7.91015625 Y20.654296875
G1 X7.91015625 Y20.654296875
G1 X7.91015625 Y20.830078125
G1 X7.734375 Y21.005859375
G1 X7.646484375 Y21.005859375
G1 X7.91015625 Y21.26953125
G1 X7.91015625 Y21.181640625
G1 X7.822265625 Y21.181640625
G1 X7.734375 Y21.09375
G1 X7.734375 Y21.005859375
G1 X7.998046875 Y20.7421875
G1 X7.998046875 Y20.654296875
G0 X5.09765625 Y20.654296875
G1 X5.09765625 Y20.654296875
G1 X5.185546875 Y20.654296875
G0 X4.482421875 Y20.654296875
G1 X4.482421875 Y20.654296875
G0 X86.30859375 Y20.56640625
G1 X86.30859375 Y20.56640625
G1 X86.220703125 Y20.654296875
G1 X86.30859375 Y20.654296875
G0 X85.78125 Y20.56640625
G1 X85.78125 Y20.56640625
G0 X83.759765625 Y20.56640625
G1 X83.759765625 Y20.56640625
G0 X83.14453125 Y20.56640625
G1 X83.14453125 Y20.56640625
G0 X82.79296875 Y20.56640625
G1 X82.79296875 Y20.56640625
G0 X8.7890625 Y20.56640625
G1 X8.7890625 Y20.56640625
G0 X8.349609375 Y20.56640625
G1 X8.349609375 Y20.56640625
G1 X8.26171875 Y20.654296875
G0 X7.734375 Y20.56640625
G1 X7.734375 Y20.56640625
G0 X7.3828125 Y20.56640625
G1 X7.3828125 Y20.56640625
G1 X7.3828125 Y20.654296875
G0 X6.943359375 Y20.56640625
G1 X6.943359375 Y20.56640625
G1 X7.03125 Y20.654296875
G1 X7.03125 Y20.56640625
G0 X6.50390625 Y20.56640625
G1 X6.50390625 Y20.56640625
G1 X6.591796875 Y20.56640625
G0 X6.15234375 Y20.56640625
G1 X6.15234375 Y20.56640625
G0 X4.833984375 Y20.56640625
G1 X4.833984375 Y20.56640625
G1 X4.833984375 Y20.654296875
G0 X4.130859375 Y20.56640625
G1 X4.130859375 Y20.56640625
G1 X3.955078125 Y20.7421875
G1 X4.130859375 Y20.7421875
G0 X86.923828125 Y20.478515625
G1 X86.923828125 Y20.478515625
G1 X86.748046875 Y20.654296875
G1 X86.748046875 Y20.7421875
G1 X86.748046875 Y20.654296875
G1 X86.8359375 Y20.56640625
G1 X86.923828125 Y20.56640625
G0 X85.341796875 Y20.478515625
G1 X85.341796875 Y20.478515625
G1 X85.4296875 Y20.56640625
G1 X85.60546875 Y20.56640625
G1 X85.517578125 Y20.56640625
G1 X85.4296875 Y20.478515625
G0 X84.462890625 Y20.478515625
G1 X84.462890625 Y20.478515625
G1 X84.375 Y20.56640625
G1 X84.375 Y20.7421875
G1 X84.287109375 Y20.830078125
G1 X84.19921875 Y20.830078125
G1 X84.19921875 Y20.91796875
G1 X84.111328125 Y21.005859375
G1 X84.111328125 Y21.09375
G1 X84.0234375 Y21.181640625
G1 X84.0234375 Y21.26953125
G1 X84.111328125 Y21.26953125
G1 X84.287109375 Y21.4453125
G1 X84.375 Y21.357421875
G1 X84.375 Y21.26953125
G1 X84.287109375 Y21.357421875
G1 X84.19921875 Y21.357421875
G1 X84.111328125 Y21.26953125
G1 X84.111328125 Y21.005859375
G1 X84.19921875 Y20.91796875
G1 X84.287109375 Y20.91796875
G1 X84.287109375 Y20.830078125
G1 X84.375 Y20.7421875
G1 X84.55078125 Y20.91796875
G1 X84.375 Y21.09375
G1 X84.462890625 Y21.09375
G1 X84.462890625 Y21.005859375
G1 X84.55078125 Y20.91796875
G1 X84.462890625 Y20.830078125
G1 X84.462890625 Y20.7421875
G1 X84.375 Y20.654296875
G1 X84.375 Y20.56640625
G1 X84.462890625 Y20.478515625
G1 X84.55078125 Y20.478515625
G1 X84.638671875 Y20.56640625
G1 X84.638671875 Y20.7421875
G1 X84.7265625 Y20.654296875
G1 X84.7265625 Y20.56640625
G1 X84.638671875 Y20.56640625
G1 X84.55078125 Y20.478515625
G0 X83.49609375 Y20.478515625
G1 X83.49609375 Y20.478515625
G1 X83.49609375 Y20.56640625
G0 X87.451171875 Y20.390625
G1 X87.451171875 Y20.390625
G1 X87.5390625 Y20.390625
G0 X86.572265625 Y20.390625
G1 X86.572265625 Y20.390625
G1 X86.484375 Y20.478515625
G1 X86.572265625 Y20.478515625
G0 X85.95703125 Y20.390625
G1 X85.95703125 Y20.390625
G1 X85.95703125 Y20.478515625
G1 X86.044921875 Y20.478515625
G1 X86.044921875 Y20.390625
G0 X85.166015625 Y20.390625
G1 X85.166015625 Y20.390625
G0 X82.08984375 Y20.390625
G1 X82.08984375 Y20.390625
G0 X8.876953125 Y20.390625
G1 X8.876953125 Y20.390625
G0 X8.525390625 Y20.390625
G1 X8.525390625 Y20.390625
G1 X8.525390625 Y20.478515625
G0 X7.91015625 Y20.390625
G1 X7.91015625 Y20.390625
G1 X7.998046875 Y20.390625
G1 X8.0859375 Y20.478515625
G1 X7.998046875 Y20.390625
G0 X7.55859375 Y20.390625
G1 X7.55859375 Y20.390625
G1 X7.55859375 Y20.478515625
G0 X7.20703125 Y20.390625
G1 X7.20703125 Y20.390625
G1 X7.20703125 Y20.478515625
G0 X6.767578125 Y20.390625
G1 X6.767578125 Y20.390625
G0 X6.328125 Y20.390625
G1 X6.328125 Y20.390625
G1 X6.416015625 Y20.390625
G0 X5.537109375 Y20.390625
G1 X5.537109375 Y20.390625
G1 X5.537109375 Y20.478515625
G0 X4.482421875 Y20.390625
G1 X4.482421875 Y20.390625
G0 X4.21875 Y20.390625
G1 X4.21875 Y20.390625
G0 X87.01171875 Y20.302734375
G1 X87.01171875 Y20.302734375
G1 X87.1875 Y20.302734375
G0 X86.30859375 Y20.302734375
G1 X86.30859375 Y20.302734375
G1 X86.396484375 Y20.302734375
G0 X83.759765625 Y20.302734375
G1 X83.759765625 Y20.302734375
G0 X83.583984375 Y20.302734375
G1 X83.583984375 Y20.302734375
G0 X83.14453125 Y20.302734375
G1 X83.14453125 Y20.302734375
G1 X83.232421875 Y20.390625
G1 X83.232421875 Y20.302734375
G0 X5.09765625 Y20.302734375
G1 X5.09765625 Y20.302734375
G1 X5.09765625 Y20.390625
G1 X5.185546875 Y20.390625
G1 X5.185546875 Y20.302734375
G0 X84.287109375 Y20.21484375
G1 X84.287109375 Y20.21484375
G1 X84.19921875 Y20.302734375
G1 X84.19921875 Y20.390625
G1 X84.111328125 Y20.478515625
G1 X84.0234375 Y20.478515625
G1 X84.111328125 Y20.56640625
G1 X84.111328125 Y20.654296875
G1 X84.0234375 Y20.7421875
G1 X84.111328125 Y20.654296875
G1 X84.111328125 Y20.478515625
G1 X84.19921875 Y20.390625
G1 X84.287109375 Y20.390625
G0 X83.408203125 Y20.21484375
G1 X83.408203125 Y20.21484375
G0 X13.623046875 Y20.21484375
G1 X13.623046875 Y20.21484375
G0 X8.96484375 Y20.21484375
G1 X8.96484375 Y20.21484375
G0 X8.61328125 Y20.21484375
G1 X8.61328125 Y20.21484375
G1 X8.701171875 Y20.21484375
G0 X8.349609375 Y20.21484375
G1 X8.349609375 Y20.21484375
G1 X8.26171875 Y20.302734375
G1 X8.349609375 Y20.302734375
G0 X7.998046875 Y20.21484375
G1 X7.998046875 Y20.21484375
G1 X8.0859375 Y20.21484375
G0 X6.85546875 Y20.21484375
G1 X6.85546875 Y20.21484375
G0 X6.50390625 Y20.21484375
G1 X6.50390625 Y20.21484375
G0 X5.888671875 Y20.21484375
G1 X5.888671875 Y20.21484375
G0 X4.921875 Y20.21484375
G1 X4.921875 Y20.21484375
G0 X86.66015625 Y20.126953125
G1 X86.66015625 Y20.126953125
G1 X86.748046875 Y20.21484375
G1 X86.748046875 Y20.302734375
G1 X86.748046875 Y20.21484375
G0 X84.990234375 Y20.126953125
G1 X84.990234375 Y20.126953125
G1 X84.90234375 Y20.21484375
G1 X84.90234375 Y20.302734375
G1 X84.814453125 Y20.390625
G1 X84.990234375 Y20.21484375
G0 X9.228515625 Y20.126953125
G1 X9.228515625 Y20.126953125
G0 X7.20703125 Y20.126953125
G1 X7.20703125 Y20.126953125
G1 X7.119140625 Y20.21484375
G1 X7.03125 Y20.21484375
G1 X7.03125 Y20.302734375
G1 X7.20703125 Y20.126953125
G1 X7.294921875 Y20.126953125
G1 X7.3828125 Y20.21484375
G1 X7.470703125 Y20.21484375
G1 X7.3828125 Y20.21484375
G1 X7.294921875 Y20.126953125
G0 X6.15234375 Y20.126953125
G1 X6.15234375 Y20.126953125
G1 X6.15234375 Y20.21484375
G0 X5.44921875 Y20.126953125
G1 X5.44921875 Y20.126953125
G0 X87.5390625 Y20.0390625
G1 X87.5390625 Y20.0390625
G1 X87.626953125 Y20.126953125
G1 X87.626953125 Y20.21484375
G1 X87.626953125 Y20.126953125
G0 X85.4296875 Y20.0390625
G1 X85.4296875 Y20.0390625
G1 X85.341796875 Y20.126953125
G1 X85.166015625 Y20.126953125
G1 X85.25390625 Y20.21484375
G1 X85.341796875 Y20.126953125
G1 X85.4296875 Y20.21484375
G1 X85.4296875 Y20.302734375
G1 X85.60546875 Y20.302734375
G1 X85.693359375 Y20.390625
G1 X85.693359375 Y20.302734375
G1 X85.78125 Y20.21484375
G1 X86.044921875 Y20.21484375
G1 X85.869140625 Y20.21484375
G1 X85.693359375 Y20.0390625
G0 X83.759765625 Y20.0390625
G1 X83.759765625 Y20.0390625
G0 X83.408203125 Y20.0390625
G1 X83.408203125 Y20.0390625
G0 X82.79296875 Y20.0390625
G1 X82.79296875 Y20.0390625
G0 X82.529296875 Y20.0390625
G1 X82.529296875 Y20.0390625
G0 X11.25 Y20.0390625
G1 X11.25 Y20.0390625
G0 X8.525390625 Y20.0390625
G1 X8.525390625 Y20.0390625
G0 X8.173828125 Y20.0390625
G1 X8.173828125 Y20.0390625
G0 X6.943359375 Y20.0390625
G1 X6.943359375 Y20.0390625
G0 X5.712890625 Y20.0390625
G1 X5.712890625 Y20.0390625
G0 X3.8671875 Y20.0390625
G1 X3.8671875 Y20.0390625
G1 X3.8671875 Y20.126953125
G1 X3.779296875 Y20.21484375
G1 X3.69140625 Y20.21484375
G1 X3.69140625 Y20.302734375
G1 X3.603515625 Y20.390625
G1 X3.515625 Y20.390625
G1 X3.515625 Y20.478515625
G1 X3.33984375 Y20.654296875
G1 X3.251953125 Y20.654296875
G1 X3.33984375 Y20.7421875
G1 X3.33984375 Y20.654296875
G1 X3.427734375 Y20.56640625
G1 X3.515625 Y20.56640625
G1 X3.603515625 Y20.478515625
G1 X3.603515625 Y20.390625
G1 X3.69140625 Y20.302734375
G1 X3.779296875 Y20.302734375
G1 X3.779296875 Y20.21484375
G1 X3.8671875 Y20.126953125
G1 X3.955078125 Y20.126953125
G1 X4.04296875 Y20.21484375
G1 X4.04296875 Y20.302734375
G1 X3.779296875 Y20.56640625
G1 X3.779296875 Y20.654296875
G1 X3.69140625 Y20.7421875
G1 X3.603515625 Y20.7421875
G1 X3.515625 Y20.830078125
G1 X3.515625 Y20.91796875
G1 X3.427734375 Y21.005859375
G1 X3.515625 Y21.09375
G1 X3.515625 Y21.005859375
G1 X3.69140625 Y20.830078125
G1 X3.69140625 Y20.7421875
G1 X3.779296875 Y20.654296875
G1 X3.779296875 Y20.56640625
G1 X3.8671875 Y20.478515625
G1 X3.955078125 Y20.478515625
G1 X3.955078125 Y20.390625
G1 X4.130859375 Y20.21484375
G1 X4.04296875 Y20.21484375
G0 X87.01171875 Y19.951171875
G1 X87.01171875 Y19.951171875
G1 X87.099609375 Y20.0390625
G1 X87.1875 Y20.0390625
G1 X87.36328125 Y20.21484375
G1 X87.36328125 Y20.126953125
G1 X87.275390625 Y20.126953125
G1 X87.1875 Y20.0390625
G1 X87.099609375 Y20.0390625
G0 X86.484375 Y19.951171875
G1 X86.484375 Y19.951171875
G1 X86.396484375 Y20.0390625
G1 X86.30859375 Y20.0390625
G1 X86.396484375 Y20.0390625
G1 X86.484375 Y19.951171875
G1 X86.572265625 Y19.951171875
G0 X84.638671875 Y19.951171875
G1 X84.638671875 Y19.951171875
G1 X84.7265625 Y20.0390625
G1 X84.814453125 Y20.0390625
G1 X84.7265625 Y19.951171875
G0 X83.232421875 Y19.951171875
G1 X83.232421875 Y19.951171875
G1 X83.232421875 Y20.0390625
G0 X81.73828125 Y19.951171875
G1 X81.73828125 Y19.951171875
G0 X13.88671875 Y19.951171875
G1 X13.88671875 Y19.951171875
G0 X9.052734375 Y19.951171875
G1 X9.052734375 Y19.951171875
G0 X8.7890625 Y19.951171875
G1 X8.7890625 Y19.951171875
G1 X8.7890625 Y20.0390625
G0 X6.6796875 Y19.951171875
G1 X6.6796875 Y19.951171875
G1 X6.767578125 Y19.951171875
G0 X6.328125 Y19.951171875
G1 X6.328125 Y19.951171875
G0 X5.888671875 Y19.951171875
G1 X5.888671875 Y19.951171875
G1 X5.9765625 Y20.0390625
G0 X5.185546875 Y19.951171875
G1 X5.185546875 Y19.951171875
G1 X5.09765625 Y20.0390625
G1 X5.185546875 Y20.0390625
G0 X86.1328125 Y19.86328125
G1 X86.1328125 Y19.86328125
G1 X86.044921875 Y19.951171875
G1 X85.95703125 Y19.951171875
G1 X86.044921875 Y19.951171875
G1 X86.1328125 Y19.86328125
G1 X86.30859375 Y19.86328125
G0 X85.78125 Y19.86328125
G1 X85.78125 Y19.86328125
G0 X83.84765625 Y19.86328125
G1 X83.84765625 Y19.86328125
G1 X83.935546875 Y19.86328125
G0 X83.583984375 Y19.86328125
G1 X83.583984375 Y19.86328125
G0 X82.96875 Y19.86328125
G1 X82.96875 Y19.86328125
G1 X83.056640625 Y19.86328125
G0 X82.08984375 Y19.86328125
G1 X82.08984375 Y19.86328125
G0 X8.349609375 Y19.86328125
G1 X8.349609375 Y19.86328125
G1 X8.349609375 Y19.951171875
G0 X7.646484375 Y19.86328125
G1 X7.646484375 Y19.86328125
G1 X7.55859375 Y19.951171875
G1 X7.470703125 Y19.951171875
G1 X7.55859375 Y19.951171875
G1 X7.646484375 Y19.86328125
G1 X7.734375 Y19.86328125
G1 X7.822265625 Y19.951171875
G1 X7.822265625 Y20.0390625
G1 X7.734375 Y20.126953125
G1 X7.646484375 Y20.126953125
G1 X7.734375 Y20.21484375
G1 X7.734375 Y20.126953125
G1 X7.822265625 Y20.0390625
G1 X7.91015625 Y20.0390625
G1 X7.91015625 Y19.951171875
G1 X7.822265625 Y19.951171875
G1 X7.734375 Y19.86328125
G0 X7.03125 Y19.86328125
G1 X7.03125 Y19.86328125
G0 X5.537109375 Y19.86328125
G1 X5.537109375 Y19.86328125
G1 X5.537109375 Y19.951171875
G0 X4.921875 Y19.86328125
G1 X4.921875 Y19.86328125
G0 X4.306640625 Y19.86328125
G1 X4.306640625 Y19.86328125
G0 X87.626953125 Y19.775390625
G1 X87.626953125 Y19.775390625
G0 X87.275390625 Y19.775390625
G1 X87.275390625 Y19.775390625
G1 X87.36328125 Y19.86328125
G1 X87.36328125 Y19.775390625
G0 X85.341796875 Y19.775390625
G1 X85.341796875 Y19.775390625
G1 X85.25390625 Y19.86328125
G1 X85.341796875 Y19.775390625
G1 X85.4296875 Y19.86328125
G1 X85.517578125 Y19.86328125
G1 X85.4296875 Y19.86328125
G0 X84.90234375 Y19.775390625
G1 X84.90234375 Y19.775390625
G1 X84.90234375 Y19.86328125
G1 X84.990234375 Y19.86328125
G0 X82.44140625 Y19.775390625
G1 X82.44140625 Y19.775390625
G1 X82.529296875 Y19.775390625
G0 X8.61328125 Y19.775390625
G1 X8.61328125 Y19.775390625
G1 X8.701171875 Y19.775390625
G0 X8.0859375 Y19.775390625
G1 X8.0859375 Y19.775390625
G1 X8.173828125 Y19.775390625
G0 X4.04296875 Y19.775390625
G1 X4.04296875 Y19.775390625
G1 X4.04296875 Y19.86328125
G1 X4.21875 Y20.0390625
G1 X4.04296875 Y19.86328125
G1 X4.130859375 Y19.775390625
G0 X87.01171875 Y19.6875
G1 X87.01171875 Y19.6875
G1 X87.01171875 Y19.775390625
G0 X86.572265625 Y19.6875
G1 X86.572265625 Y19.6875
G1 X86.748046875 Y19.6875
G0 X85.869140625 Y19.6875
G1 X85.869140625 Y19.6875
G0 X84.55078125 Y19.6875
G1 X84.55078125 Y19.6875
G1 X84.55078125 Y19.775390625
G1 X84.638671875 Y19.6875
G0 X83.671875 Y19.6875
G1 X83.671875 Y19.6875
G1 X83.759765625 Y19.6875
G0 X83.3203125 Y19.6875
G1 X83.3203125 Y19.6875
G1 X83.408203125 Y19.6875
G0 X82.79296875 Y19.6875
G1 X82.79296875 Y19.6875
G0 X81.826171875 Y19.6875
G1 X81.826171875 Y19.6875
G0 X7.470703125 Y19.6875
G1 X7.470703125 Y19.6875
G1 X7.3828125 Y19.775390625
G0 X6.85546875 Y19.6875
G1 X6.85546875 Y19.6875
G1 X6.943359375 Y19.6875
G0 X6.50390625 Y19.6875
G1 X6.50390625 Y19.6875
G1 X6.50390625 Y19.775390625
G0 X6.15234375 Y19.6875
G1 X6.15234375 Y19.6875
G1 X6.064453125 Y19.775390625
G1 X6.15234375 Y19.775390625
G0 X87.451171875 Y19.599609375
G1 X87.451171875 Y19.599609375
G0 X86.1328125 Y19.599609375
G1 X86.1328125 Y19.599609375
G1 X86.30859375 Y19.599609375
G0 X85.078125 Y19.599609375
G1 X85.078125 Y19.599609375
G1 X85.166015625 Y19.599609375
G0 X8.7890625 Y19.599609375
G1 X8.7890625 Y19.599609375
G0 X8.349609375 Y19.599609375
G1 X8.349609375 Y19.599609375
G1 X8.4375 Y19.6875
G0 X7.119140625 Y19.599609375
G1 X7.119140625 Y19.599609375
G0 X5.537109375 Y19.599609375
G1 X5.537109375 Y19.599609375
G0 X5.185546875 Y19.599609375
G1 X5.185546875 Y19.599609375
G1 X5.09765625 Y19.6875
G1 X5.185546875 Y19.6875
G0 X4.21875 Y19.599609375
G1 X4.21875 Y19.599609375
G1 X4.306640625 Y19.599609375
G0 X3.8671875 Y19.599609375
G1 X3.8671875 Y19.599609375
G1 X3.8671875 Y19.6875
G1 X3.779296875 Y19.775390625
G1 X3.69140625 Y19.775390625
G1 X3.779296875 Y19.775390625
G1 X3.8671875 Y19.6875
G0 X85.95703125 Y19.51171875
G1 X85.95703125 Y19.51171875
G0 X85.341796875 Y19.51171875
G1 X85.341796875 Y19.51171875
G1 X85.4296875 Y19.51171875
G1 X85.517578125 Y19.599609375
G1 X85.693359375 Y19.599609375
G1 X85.517578125 Y19.599609375
G1 X85.4296875 Y19.51171875
G0 X84.7265625 Y19.51171875
G1 X84.7265625 Y19.51171875
G0 X83.14453125 Y19.51171875
G1 X83.14453125 Y19.51171875
G1 X83.232421875 Y19.51171875
G0 X82.353515625 Y19.51171875
G1 X82.353515625 Y19.51171875
G1 X82.529296875 Y19.51171875
G0 X8.61328125 Y19.51171875
G1 X8.61328125 Y19.51171875
G0 X7.646484375 Y19.51171875
G1 X7.646484375 Y19.51171875
G1 X7.734375 Y19.599609375
G1 X7.734375 Y19.6875
G1 X7.822265625 Y19.6875
G0 X7.294921875 Y19.51171875
G1 X7.294921875 Y19.51171875
G0 X6.6796875 Y19.51171875
G1 X6.6796875 Y19.51171875
G1 X6.767578125 Y19.51171875
G0 X6.328125 Y19.51171875
G1 X6.328125 Y19.51171875
G1 X6.328125 Y19.599609375
G0 X86.923828125 Y19.423828125
G1 X86.923828125 Y19.423828125
G1 X86.8359375 Y19.51171875
G1 X86.923828125 Y19.51171875
G0 X86.572265625 Y19.423828125
G1 X86.572265625 Y19.423828125
G1 X86.572265625 Y19.51171875
G1 X86.66015625 Y19.423828125
G0 X82.705078125 Y19.423828125
G1 X82.705078125 Y19.423828125
G0 X9.052734375 Y19.423828125
G1 X9.052734375 Y19.423828125
G0 X8.173828125 Y19.423828125
G1 X8.173828125 Y19.423828125
G1 X8.26171875 Y19.423828125
G0 X7.91015625 Y19.423828125
G1 X7.91015625 Y19.423828125
G1 X8.0859375 Y19.599609375
G0 X5.09765625 Y19.423828125
G1 X5.09765625 Y19.423828125
G1 X5.185546875 Y19.423828125
G0 X4.04296875 Y19.423828125
G1 X4.04296875 Y19.423828125
G1 X4.130859375 Y19.423828125
G0 X87.36328125 Y19.3359375
G1 X87.36328125 Y19.3359375
G1 X87.275390625 Y19.423828125
G1 X87.1875 Y19.423828125
G1 X87.1875 Y19.51171875
G1 X87.275390625 Y19.51171875
G1 X87.275390625 Y19.423828125
G0 X86.220703125 Y19.3359375
G1 X86.220703125 Y19.3359375
G1 X86.30859375 Y19.3359375
G0 X85.78125 Y19.3359375
G1 X85.78125 Y19.3359375
G1 X85.869140625 Y19.3359375
G0 X84.90234375 Y19.3359375
G1 X84.90234375 Y19.3359375
G1 X84.90234375 Y19.423828125
G1 X84.990234375 Y19.423828125
G1 X84.990234375 Y19.3359375
G0 X84.55078125 Y19.3359375
G1 X84.55078125 Y19.3359375
G1 X84.55078125 Y19.423828125
G1 X84.638671875 Y19.3359375
G0 X83.408203125 Y19.3359375
G1 X83.408203125 Y19.3359375
G1 X83.49609375 Y19.423828125
G0 X83.056640625 Y19.3359375
G1 X83.056640625 Y19.3359375
G0 X8.701171875 Y19.3359375
G1 X8.701171875 Y19.3359375
G0 X7.470703125 Y19.3359375
G1 X7.470703125 Y19.3359375
G1 X7.470703125 Y19.423828125
G0 X7.119140625 Y19.3359375
G1 X7.119140625 Y19.3359375
G0 X6.50390625 Y19.3359375
G1 X6.50390625 Y19.3359375
G0 X5.888671875 Y19.3359375
G1 X5.888671875 Y19.3359375
G1 X5.888671875 Y19.423828125
G1 X5.80078125 Y19.51171875
G1 X5.80078125 Y19.599609375
G1 X5.712890625 Y19.6875
G1 X5.712890625 Y19.775390625
G1 X5.712890625 Y19.6875
G1 X5.80078125 Y19.599609375
G1 X5.888671875 Y19.599609375
G1 X5.9765625 Y19.51171875
G1 X5.888671875 Y19.423828125
G0 X5.537109375 Y19.3359375
G1 X5.537109375 Y19.3359375
G1 X5.537109375 Y19.423828125
G0 X4.39453125 Y19.3359375
G1 X4.39453125 Y19.3359375
G0 X87.099609375 Y19.248046875
G1 X87.099609375 Y19.248046875
G0 X86.572265625 Y19.248046875
G1 X86.572265625 Y19.248046875
G1 X86.748046875 Y19.248046875
G0 X86.044921875 Y19.248046875
G1 X86.044921875 Y19.248046875
G0 X85.166015625 Y19.248046875
G1 X85.166015625 Y19.248046875
G1 X85.25390625 Y19.248046875
G0 X82.44140625 Y19.248046875
G1 X82.44140625 Y19.248046875
G1 X82.529296875 Y19.248046875
G0 X8.876953125 Y19.248046875
G1 X8.876953125 Y19.248046875
G0 X7.294921875 Y19.248046875
G1 X7.294921875 Y19.248046875
G0 X6.064453125 Y19.248046875
G1 X6.064453125 Y19.248046875
G1 X6.15234375 Y19.248046875
G0 X5.712890625 Y19.248046875
G1 X5.712890625 Y19.248046875
G0 X4.74609375 Y19.248046875
G1 X4.74609375 Y19.248046875
G0 X87.275390625 Y19.16015625
G1 X87.275390625 Y19.16015625
G0 X85.517578125 Y19.16015625
G1 X85.517578125 Y19.16015625
G1 X85.60546875 Y19.248046875
G1 X85.60546875 Y19.16015625
G0 X84.7265625 Y19.16015625
G1 X84.7265625 Y19.16015625
G0 X84.375 Y19.16015625
G1 X84.375 Y19.16015625
G1 X84.375 Y19.248046875
G0 X84.0234375 Y19.16015625
G1 X84.0234375 Y19.16015625
G1 X84.0234375 Y19.248046875
G1 X84.111328125 Y19.248046875
G1 X84.19921875 Y19.3359375
G1 X84.19921875 Y19.51171875
G1 X84.111328125 Y19.599609375
G1 X84.0234375 Y19.599609375
G1 X83.935546875 Y19.51171875
G1 X83.935546875 Y19.423828125
G1 X83.84765625 Y19.423828125
G1 X83.84765625 Y19.51171875
G1 X83.935546875 Y19.51171875
G1 X84.0234375 Y19.599609375
G1 X84.0234375 Y19.6875
G1 X84.111328125 Y19.6875
G1 X84.19921875 Y19.775390625
G1 X84.19921875 Y19.86328125
G1 X84.0234375 Y20.0390625
G1 X84.111328125 Y20.126953125
G1 X84.0234375 Y20.21484375
G1 X84.0234375 Y20.302734375
G1 X84.0234375 Y20.21484375
G1 X84.111328125 Y20.126953125
G1 X84.111328125 Y19.951171875
G1 X84.19921875 Y19.86328125
G1 X84.287109375 Y19.86328125
G1 X84.375 Y19.951171875
G1 X84.287109375 Y20.0390625
G1 X84.375 Y20.0390625
G1 X84.55078125 Y20.21484375
G1 X84.55078125 Y20.302734375
G1 X84.638671875 Y20.302734375
G1 X84.638671875 Y20.21484375
G1 X84.55078125 Y20.126953125
G1 X84.462890625 Y20.126953125
G1 X84.375 Y20.0390625
G1 X84.375 Y19.951171875
G1 X84.287109375 Y19.86328125
G1 X84.287109375 Y19.775390625
G1 X84.19921875 Y19.775390625
G1 X84.111328125 Y19.6875
G1 X84.111328125 Y19.599609375
G1 X84.287109375 Y19.423828125
G1 X84.375 Y19.51171875
G1 X84.375 Y19.599609375
G1 X84.375 Y19.51171875
G0 X83.671875 Y19.16015625
G1 X83.671875 Y19.16015625
G1 X83.671875 Y19.248046875
G0 X83.14453125 Y19.16015625
G1 X83.14453125 Y19.16015625
G0 X82.79296875 Y19.16015625
G1 X82.79296875 Y19.16015625
G0 X8.0859375 Y19.16015625
G1 X8.0859375 Y19.16015625
G1 X7.998046875 Y19.248046875
G1 X8.0859375 Y19.248046875
G0 X6.328125 Y19.16015625
G1 X6.328125 Y19.16015625
G0 X4.21875 Y19.16015625
G1 X4.21875 Y19.16015625
G0 X87.626953125 Y19.072265625
G1 X87.626953125 Y19.072265625
G0 X85.078125 Y19.072265625
G1 X85.078125 Y19.072265625
G0 X83.84765625 Y19.072265625
G1 X83.84765625 Y19.072265625
G0 X83.408203125 Y19.072265625
G1 X83.408203125 Y19.072265625
G1 X83.49609375 Y19.072265625
G0 X7.91015625 Y19.072265625
G1 X7.91015625 Y19.072265625
G0 X5.80078125 Y19.072265625
G1 X5.80078125 Y19.072265625
G1 X5.888671875 Y19.072265625
G0 X5.537109375 Y19.072265625
G1 X5.537109375 Y19.072265625
G0 X5.185546875 Y19.072265625
G1 X5.185546875 Y19.072265625
G1 X5.09765625 Y19.16015625
G0 X86.923828125 Y18.984375
G1 X86.923828125 Y18.984375
G0 X86.66015625 Y18.984375
G1 X86.66015625 Y18.984375
G0 X86.220703125 Y18.984375
G1 X86.220703125 Y18.984375
G1 X86.30859375 Y19.072265625
G1 X86.396484375 Y18.984375
G0 X85.78125 Y18.984375
G1 X85.78125 Y18.984375
G1 X85.78125 Y19.072265625
G1 X85.869140625 Y19.072265625
G1 X85.869140625 Y18.984375
G0 X84.19921875 Y18.984375
G1 X84.19921875 Y18.984375
G0 X82.96875 Y18.984375
G1 X82.96875 Y18.984375
G1 X83.056640625 Y18.984375
G0 X13.447265625 Y18.984375
G1 X13.447265625 Y18.984375
G0 X8.26171875 Y18.984375
G1 X8.26171875 Y18.984375
G0 X7.03125 Y18.984375
G1 X7.03125 Y18.984375
G1 X7.119140625 Y18.984375
G0 X6.767578125 Y18.984375
G1 X6.767578125 Y18.984375
G0 X4.04296875 Y18.984375
G1 X4.04296875 Y18.984375
G1 X4.04296875 Y19.072265625
G0 X87.099609375 Y18.896484375
G1 X87.099609375 Y18.896484375
G1 X87.099609375 Y18.984375
G1 X87.1875 Y18.984375
G1 X87.1875 Y18.896484375
G0 X85.341796875 Y18.896484375
G1 X85.341796875 Y18.896484375
G1 X85.341796875 Y18.984375
G0 X84.90234375 Y18.896484375
G1 X84.90234375 Y18.896484375
G1 X84.90234375 Y18.984375
G0 X83.671875 Y18.896484375
G1 X83.671875 Y18.896484375
G0 X83.408203125 Y18.896484375
G1 X83.408203125 Y18.896484375
G0 X82.529296875 Y18.896484375
G1 X82.529296875 Y18.896484375
G0 X8.0859375 Y18.896484375
G1 X8.0859375 Y18.896484375
G0 X6.064453125 Y18.896484375
G1 X6.064453125 Y18.896484375
G1 X6.15234375 Y18.896484375
G0 X5.185546875 Y18.896484375
G1 X5.185546875 Y18.896484375
G0 X3.779296875 Y18.896484375
G1 X3.779296875 Y18.896484375
G1 X3.779296875 Y19.072265625
G1 X3.69140625 Y19.16015625
G1 X3.603515625 Y19.16015625
G1 X3.69140625 Y19.16015625
G1 X3.779296875 Y19.248046875
G1 X3.955078125 Y19.248046875
G1 X3.779296875 Y19.248046875
G1 X3.69140625 Y19.16015625
G1 X3.779296875 Y19.072265625
G1 X3.8671875 Y19.072265625
G1 X3.779296875 Y18.984375
G1 X3.8671875 Y18.896484375
G0 X85.60546875 Y18.80859375
G1 X85.60546875 Y18.80859375
G1 X85.60546875 Y18.896484375
G0 X84.7265625 Y18.80859375
G1 X84.7265625 Y18.80859375
G0 X84.0234375 Y18.80859375
G1 X84.0234375 Y18.80859375
G0 X6.85546875 Y18.80859375
G1 X6.85546875 Y18.80859375
G0 X4.658203125 Y18.80859375
G1 X4.658203125 Y18.80859375
G0 X4.130859375 Y18.80859375
G1 X4.130859375 Y18.80859375
G0 X86.396484375 Y18.720703125
G1 X86.396484375 Y18.720703125
G1 X86.484375 Y18.720703125
G1 X86.572265625 Y18.80859375
G1 X86.484375 Y18.720703125
G0 X85.078125 Y18.720703125
G1 X85.078125 Y18.720703125
G1 X85.166015625 Y18.80859375
G1 X85.166015625 Y18.720703125
G0 X84.375 Y18.720703125
G1 X84.375 Y18.720703125
G1 X84.375 Y18.80859375
G1 X84.55078125 Y18.984375
G1 X84.375 Y18.80859375
G0 X83.14453125 Y18.720703125
G1 X83.14453125 Y18.720703125
G1 X83.232421875 Y18.720703125
G0 X82.79296875 Y18.720703125
G1 X82.79296875 Y18.720703125
G0 X82.353515625 Y18.720703125
G1 X82.353515625 Y18.720703125
G0 X7.91015625 Y18.720703125
G1 X7.91015625 Y18.720703125
G1 X7.734375 Y18.896484375
G1 X7.646484375 Y18.896484375
G1 X7.646484375 Y18.984375
G1 X7.55859375 Y19.072265625
G1 X7.470703125 Y19.072265625
G1 X7.55859375 Y19.16015625
G1 X7.646484375 Y19.16015625
G1 X7.734375 Y19.248046875
G1 X7.734375 Y19.3359375
G1 X7.734375 Y19.248046875
G1 X7.55859375 Y19.072265625
G1 X7.646484375 Y18.984375
G1 X7.734375 Y18.984375
G1 X7.734375 Y18.896484375
G1 X7.91015625 Y18.720703125
G1 X7.998046875 Y18.720703125
G0 X6.6796875 Y18.720703125
G1 X6.6796875 Y18.720703125
G0 X87.626953125 Y18.6328125
G1 X87.626953125 Y18.6328125
G0 X87.1875 Y18.6328125
G1 X87.1875 Y18.6328125
G1 X87.099609375 Y18.720703125
G1 X87.1875 Y18.720703125
G0 X86.66015625 Y18.6328125
G1 X86.66015625 Y18.6328125
G1 X86.748046875 Y18.6328125
G0 X86.1328125 Y18.6328125
G1 X86.1328125 Y18.6328125
G1 X86.1328125 Y18.720703125
G1 X86.044921875 Y18.80859375
G1 X85.95703125 Y18.80859375
G1 X86.044921875 Y18.80859375
G1 X86.1328125 Y18.720703125
G1 X86.220703125 Y18.720703125
G0 X85.78125 Y18.6328125
G1 X85.78125 Y18.6328125
G0 X84.90234375 Y18.6328125
G1 X84.90234375 Y18.6328125
G0 X9.052734375 Y18.6328125
G1 X9.052734375 Y18.6328125
G0 X8.26171875 Y18.6328125
G1 X8.26171875 Y18.6328125
G0 X7.646484375 Y18.6328125
G1 X7.646484375 Y18.6328125
G1 X7.3828125 Y18.896484375
G1 X7.294921875 Y18.896484375
G1 X7.3828125 Y18.896484375
G1 X7.55859375 Y18.720703125
G1 X7.646484375 Y18.720703125
G0 X5.888671875 Y18.6328125
G1 X5.888671875 Y18.6328125
G1 X5.80078125 Y18.720703125
G1 X5.80078125 Y18.80859375
G1 X5.712890625 Y18.896484375
G1 X5.625 Y18.896484375
G1 X5.712890625 Y18.896484375
G1 X5.80078125 Y18.80859375
G1 X5.80078125 Y18.720703125
G1 X5.888671875 Y18.6328125
G1 X5.9765625 Y18.720703125
G0 X4.21875 Y18.6328125
G1 X4.21875 Y18.6328125
G1 X4.306640625 Y18.6328125
G0 X85.4296875 Y18.544921875
G1 X85.4296875 Y18.544921875
G1 X85.4296875 Y18.6328125
G0 X85.166015625 Y18.544921875
G1 X85.166015625 Y18.544921875
G0 X84.462890625 Y18.544921875
G1 X84.462890625 Y18.544921875
G1 X84.55078125 Y18.6328125
G1 X84.638671875 Y18.544921875
G0 X84.19921875 Y18.544921875
G1 X84.19921875 Y18.544921875
G0 X83.84765625 Y18.544921875
G1 X83.84765625 Y18.544921875
G1 X83.84765625 Y18.6328125
G1 X83.935546875 Y18.544921875
G0 X83.3203125 Y18.544921875
G1 X83.3203125 Y18.544921875
G0 X7.3828125 Y18.544921875
G1 X7.3828125 Y18.544921875
G1 X7.20703125 Y18.720703125
G1 X7.119140625 Y18.720703125
G1 X7.20703125 Y18.720703125
G1 X7.3828125 Y18.544921875
G1 X7.470703125 Y18.544921875
G0 X6.591796875 Y18.544921875
G1 X6.591796875 Y18.544921875
G0 X6.15234375 Y18.544921875
G1 X6.15234375 Y18.544921875
G1 X6.15234375 Y18.6328125
G1 X6.240234375 Y18.6328125
G1 X6.328125 Y18.720703125
G1 X6.416015625 Y18.720703125
G1 X6.50390625 Y18.80859375
G1 X6.416015625 Y18.720703125
G1 X6.328125 Y18.720703125
G1 X6.240234375 Y18.6328125
G1 X6.240234375 Y18.544921875
G0 X5.185546875 Y18.544921875
G1 X5.185546875 Y18.544921875
G1 X5.185546875 Y18.6328125
G0 X87.1875 Y18.45703125
G1 X87.1875 Y18.45703125
G0 X85.95703125 Y18.45703125
G1 X85.95703125 Y18.45703125
G0 X83.671875 Y18.45703125
G1 X83.671875 Y18.45703125
G0 X82.96875 Y18.45703125
G1 X82.96875 Y18.45703125
G0 X82.44140625 Y18.45703125
G1 X82.44140625 Y18.45703125
G0 X8.349609375 Y18.45703125
G1 X8.349609375 Y18.45703125
G0 X7.734375 Y18.45703125
G1 X7.734375 Y18.45703125
G1 X7.822265625 Y18.544921875
G1 X7.91015625 Y18.544921875
G1 X7.998046875 Y18.45703125
G1 X7.91015625 Y18.544921875
G1 X7.822265625 Y18.544921875
G0 X6.85546875 Y18.45703125
G1 X6.85546875 Y18.45703125
G1 X6.943359375 Y18.544921875
G0 X5.537109375 Y18.45703125
G1 X5.537109375 Y18.45703125
G1 X5.537109375 Y18.544921875
G0 X3.427734375 Y18.45703125
G1 X3.427734375 Y18.45703125
G1 X3.515625 Y18.45703125
G0 X86.8359375 Y18.369140625
G1 X86.8359375 Y18.369140625
G0 X85.60546875 Y18.369140625
G1 X85.60546875 Y18.369140625
G1 X85.693359375 Y18.369140625
G0 X85.341796875 Y18.369140625
G1 X85.341796875 Y18.369140625
G0 X82.705078125 Y18.369140625
G1 X82.705078125 Y18.369140625
G0 X7.20703125 Y18.369140625
G1 X7.20703125 Y18.369140625
G1 X7.119140625 Y18.45703125
G1 X7.20703125 Y18.369140625
G1 X7.294921875 Y18.369140625
G0 X5.888671875 Y18.369140625
G1 X5.888671875 Y18.369140625
G1 X5.9765625 Y18.45703125
G0 X4.658203125 Y18.369140625
G1 X4.658203125 Y18.369140625
G1 X4.658203125 Y18.45703125
G0 X87.626953125 Y18.28125
G1 X87.626953125 Y18.28125
G0 X86.572265625 Y18.28125
G1 X86.572265625 Y18.28125
G1 X86.396484375 Y18.45703125
G1 X86.30859375 Y18.45703125
G1 X86.396484375 Y18.45703125
G1 X86.484375 Y18.369140625
G1 X86.572265625 Y18.369140625
G0 X85.078125 Y18.28125
G1 X85.078125 Y18.28125
G1 X85.166015625 Y18.28125
G0 X84.814453125 Y18.28125
G1 X84.814453125 Y18.28125
G1 X84.814453125 Y18.369140625
G1 X84.90234375 Y18.45703125
G1 X84.90234375 Y18.369140625
G0 X84.638671875 Y18.28125
G1 X84.638671875 Y18.28125
G0 X84.375 Y18.28125
G1 X84.375 Y18.28125
G1 X84.375 Y18.369140625
G0 X83.49609375 Y18.28125
G1 X83.49609375 Y18.28125
G0 X81.9140625 Y18.28125
G1 X81.9140625 Y18.28125
G0 X7.646484375 Y18.28125
G1 X7.646484375 Y18.28125
G0 X6.50390625 Y18.28125
G1 X6.50390625 Y18.28125
G0 X6.15234375 Y18.28125
G1 X6.15234375 Y18.28125
G0 X5.185546875 Y18.28125
G1 X5.185546875 Y18.28125
G1 X5.185546875 Y18.369140625
G0 X87.451171875 Y18.193359375
G1 X87.451171875 Y18.193359375
G0 X86.30859375 Y18.193359375
G1 X86.30859375 Y18.193359375
G1 X86.396484375 Y18.193359375
G0 X85.869140625 Y18.193359375
G1 X85.869140625 Y18.193359375
G0 X84.19921875 Y18.193359375
G1 X84.19921875 Y18.193359375
G0 X82.880859375 Y18.193359375
G1 X82.880859375 Y18.193359375
G0 X13.7109375 Y18.193359375
G1 X13.7109375 Y18.193359375
G0 X7.998046875 Y18.193359375
G1 X7.998046875 Y18.193359375
G0 X7.470703125 Y18.193359375
G1 X7.470703125 Y18.193359375
G0 X7.03125 Y18.193359375
G1 X7.03125 Y18.193359375
G1 X7.119140625 Y18.193359375
G0 X87.099609375 Y18.10546875
G1 X87.099609375 Y18.10546875
G1 X87.01171875 Y18.193359375
G1 X87.099609375 Y18.193359375
G1 X87.1875 Y18.28125
G1 X87.099609375 Y18.193359375
G0 X86.66015625 Y18.10546875
G1 X86.66015625 Y18.10546875
G1 X86.748046875 Y18.10546875
G0 X85.341796875 Y18.10546875
G1 X85.341796875 Y18.10546875
G1 X85.4296875 Y18.193359375
G0 X85.078125 Y18.10546875
G1 X85.078125 Y18.10546875
G1 X85.166015625 Y18.10546875
G0 X82.001953125 Y18.10546875
G1 X82.001953125 Y18.10546875
G0 X8.349609375 Y18.10546875
G1 X8.349609375 Y18.10546875
G0 X7.294921875 Y18.10546875
G1 X7.294921875 Y18.10546875
G0 X6.6796875 Y18.10546875
G1 X6.6796875 Y18.10546875
G0 X5.80078125 Y18.10546875
G1 X5.80078125 Y18.10546875
G1 X5.80078125 Y18.193359375
G1 X5.712890625 Y18.28125
G1 X5.80078125 Y18.193359375
G1 X5.888671875 Y18.193359375
G1 X5.888671875 Y18.10546875
G0 X5.537109375 Y18.10546875
G1 X5.537109375 Y18.10546875
G1 X5.44921875 Y18.193359375
G1 X5.537109375 Y18.193359375
G0 X5.185546875 Y18.10546875
G1 X5.185546875 Y18.10546875
G0 X4.658203125 Y18.10546875
G1 X4.658203125 Y18.10546875
G0 X4.306640625 Y18.10546875
G1 X4.306640625 Y18.10546875
G0 X85.693359375 Y18.017578125
G1 X85.693359375 Y18.017578125
G0 X84.814453125 Y18.017578125
G1 X84.814453125 Y18.017578125
G1 X84.90234375 Y18.017578125
G0 X84.375 Y18.017578125
G1 X84.375 Y18.017578125
G1 X84.462890625 Y18.017578125
G0 X7.646484375 Y18.017578125
G1 X7.646484375 Y18.017578125
G0 X6.240234375 Y18.017578125
G1 X6.240234375 Y18.017578125
G0 X87.1875 Y17.9296875
G1 X87.1875 Y17.9296875
G1 X87.275390625 Y17.9296875
G0 X86.923828125 Y17.9296875
G1 X86.923828125 Y17.9296875
G0 X86.572265625 Y17.9296875
G1 X86.572265625 Y17.9296875
G0 X86.30859375 Y17.9296875
G1 X86.30859375 Y17.9296875
G0 X85.95703125 Y17.9296875
G1 X85.95703125 Y17.9296875
G1 X86.044921875 Y17.9296875
G0 X84.0234375 Y17.9296875
G1 X84.0234375 Y17.9296875
G1 X84.0234375 Y18.017578125
G0 X83.583984375 Y17.9296875
G1 X83.583984375 Y17.9296875
G1 X83.671875 Y17.9296875
G1 X83.84765625 Y18.10546875
G1 X83.84765625 Y18.193359375
G1 X83.935546875 Y18.28125
G1 X84.0234375 Y18.28125
G1 X83.935546875 Y18.28125
G1 X83.84765625 Y18.193359375
G1 X83.84765625 Y18.10546875
G1 X83.671875 Y17.9296875
G0 X81.826171875 Y17.9296875
G1 X81.826171875 Y17.9296875
G0 X7.91015625 Y17.9296875
G1 X7.91015625 Y17.9296875
G1 X7.998046875 Y17.9296875
G0 X7.470703125 Y17.9296875
G1 X7.470703125 Y17.9296875
G0 X7.119140625 Y17.9296875
G1 X7.119140625 Y17.9296875
G0 X6.50390625 Y17.9296875
G1 X6.50390625 Y17.9296875
G0 X5.9765625 Y17.9296875
G1 X5.9765625 Y17.9296875
G0 X5.44921875 Y17.9296875
G1 X5.44921875 Y17.9296875
G1 X5.537109375 Y17.9296875
G0 X3.8671875 Y17.9296875
G1 X3.8671875 Y17.9296875
G1 X3.955078125 Y17.9296875
G0 X87.5390625 Y17.841796875
G1 X87.5390625 Y17.841796875
G1 X87.626953125 Y17.841796875
G0 X13.7109375 Y17.841796875
G1 X13.7109375 Y17.841796875
G1 X13.7109375 Y17.9296875
G0 X87.01171875 Y17.75390625
G1 X87.01171875 Y17.75390625
G0 X86.748046875 Y17.75390625
G1 X86.748046875 Y17.75390625
G0 X86.396484375 Y17.75390625
G1 X86.396484375 Y17.75390625
G0 X86.1328125 Y17.75390625
G1 X86.1328125 Y17.75390625
G0 X85.517578125 Y17.75390625
G1 X85.517578125 Y17.75390625
G0 X85.078125 Y17.75390625
G1 X85.078125 Y17.75390625
G1 X85.166015625 Y17.75390625
G0 X84.462890625 Y17.75390625
G1 X84.462890625 Y17.75390625
G1 X84.55078125 Y17.75390625
G0 X84.19921875 Y17.75390625
G1 X84.19921875 Y17.75390625
G1 X84.287109375 Y17.75390625
G0 X83.84765625 Y17.75390625
G1 X83.84765625 Y17.75390625
G1 X83.935546875 Y17.75390625
G0 X8.26171875 Y17.75390625
G1 X8.26171875 Y17.75390625
G0 X7.55859375 Y17.75390625
G1 X7.55859375 Y17.75390625
G1 X7.646484375 Y17.75390625
G1 X7.734375 Y17.841796875
G1 X7.646484375 Y17.75390625
G0 X6.943359375 Y17.75390625
G1 X6.943359375 Y17.75390625
G0 X6.15234375 Y17.75390625
G1 X6.15234375 Y17.75390625
G1 X6.15234375 Y17.841796875
G0 X5.185546875 Y17.75390625
G1 X5.185546875 Y17.75390625
G1 X5.185546875 Y17.841796875
G0 X4.658203125 Y17.75390625
G1 X4.658203125 Y17.75390625
G1 X4.658203125 Y17.841796875
G0 X3.69140625 Y17.75390625
G1 X3.69140625 Y17.75390625
G1 X3.779296875 Y17.75390625
G0 X3.427734375 Y17.75390625
G1 X3.427734375 Y17.75390625
G1 X3.427734375 Y17.841796875
G1 X3.69140625 Y18.10546875
G1 X3.69140625 Y18.193359375
G1 X3.779296875 Y18.28125
G1 X3.8671875 Y18.28125
G1 X3.955078125 Y18.369140625
G1 X3.955078125 Y18.45703125
G1 X3.779296875 Y18.6328125
G1 X3.69140625 Y18.6328125
G1 X3.69140625 Y18.720703125
G1 X3.515625 Y18.896484375
G1 X3.427734375 Y18.896484375
G1 X3.427734375 Y18.984375
G1 X3.515625 Y18.984375
G1 X3.515625 Y18.896484375
G1 X3.69140625 Y18.720703125
G1 X3.779296875 Y18.720703125
G1 X3.779296875 Y18.6328125
G1 X3.955078125 Y18.45703125
G1 X4.04296875 Y18.45703125
G1 X3.8671875 Y18.28125
G1 X3.955078125 Y18.193359375
G1 X4.04296875 Y18.193359375
G1 X3.955078125 Y18.193359375
G1 X3.8671875 Y18.28125
G1 X3.779296875 Y18.28125
G1 X3.69140625 Y18.193359375
G1 X3.779296875 Y18.10546875
G1 X3.69140625 Y18.10546875
G1 X3.603515625 Y18.017578125
G1 X3.603515625 Y17.9296875
G1 X3.515625 Y17.9296875
G1 X3.427734375 Y17.841796875
G0 X87.71484375 Y17.666015625
G1 X87.71484375 Y17.666015625
G1 X87.802734375 Y17.666015625
G0 X87.36328125 Y17.666015625
G1 X87.36328125 Y17.666015625
G0 X85.869140625 Y17.666015625
G1 X85.869140625 Y17.666015625
G1 X85.78125 Y17.75390625
G0 X84.814453125 Y17.666015625
G1 X84.814453125 Y17.666015625
G1 X84.814453125 Y17.75390625
G0 X83.583984375 Y17.666015625
G1 X83.583984375 Y17.666015625
G1 X83.583984375 Y17.75390625
G0 X83.056640625 Y17.666015625
G1 X83.056640625 Y17.666015625
G0 X5.537109375 Y17.666015625
G1 X5.537109375 Y17.666015625
G0 X86.8359375 Y17.578125
G1 X86.8359375 Y17.578125
G0 X86.484375 Y17.578125
G1 X86.484375 Y17.578125
G1 X86.572265625 Y17.578125
G0 X86.220703125 Y17.578125
G1 X86.220703125 Y17.578125
G0 X83.759765625 Y17.578125
G1 X83.759765625 Y17.578125
G0 X9.140625 Y17.578125
G1 X9.140625 Y17.578125
G0 X8.349609375 Y17.578125
G1 X8.349609375 Y17.578125
G0 X7.91015625 Y17.578125
G1 X7.91015625 Y17.578125
G1 X7.998046875 Y17.578125
G0 X7.03125 Y17.578125
G1 X7.03125 Y17.578125
G1 X7.119140625 Y17.578125
G0 X6.767578125 Y17.578125
G1 X6.767578125 Y17.578125
G0 X6.240234375 Y17.578125
G1 X6.240234375 Y17.578125
G0 X5.80078125 Y17.578125
G1 X5.80078125 Y17.578125
G1 X5.80078125 Y17.666015625
G1 X5.712890625 Y17.75390625
G1 X5.80078125 Y17.841796875
G1 X5.712890625 Y17.75390625
G1 X5.80078125 Y17.666015625
G1 X5.888671875 Y17.666015625
G1 X5.888671875 Y17.578125
G0 X87.099609375 Y17.490234375
G1 X87.099609375 Y17.490234375
G0 X85.078125 Y17.490234375
G1 X85.078125 Y17.490234375
G1 X85.166015625 Y17.490234375
G0 X84.7265625 Y17.490234375
G1 X84.7265625 Y17.490234375
G1 X84.814453125 Y17.490234375
G0 X82.529296875 Y17.490234375
G1 X82.529296875 Y17.490234375
G0 X5.625 Y17.490234375
G1 X5.625 Y17.490234375
G0 X4.658203125 Y17.490234375
G1 X4.658203125 Y17.490234375
G1 X4.658203125 Y17.578125
G0 X4.21875 Y17.490234375
G1 X4.21875 Y17.490234375
G1 X4.21875 Y17.578125
G0 X87.5390625 Y17.40234375
G1 X87.5390625 Y17.40234375
G1 X87.451171875 Y17.490234375
G0 X86.30859375 Y17.40234375
G1 X86.30859375 Y17.40234375
G0 X86.044921875 Y17.40234375
G1 X86.044921875 Y17.40234375
G0 X85.78125 Y17.40234375
G1 X85.78125 Y17.40234375
G1 X85.78125 Y17.490234375
G0 X85.517578125 Y17.40234375
G1 X85.517578125 Y17.40234375
G0 X84.375 Y17.40234375
G1 X84.375 Y17.40234375
G1 X84.287109375 Y17.490234375
G1 X84.0234375 Y17.490234375
G1 X84.0234375 Y17.578125
G1 X84.111328125 Y17.490234375
G1 X84.375 Y17.490234375
G0 X83.49609375 Y17.40234375
G1 X83.49609375 Y17.40234375
G0 X82.880859375 Y17.40234375
G1 X82.880859375 Y17.40234375
G0 X8.0859375 Y17.40234375
G1 X8.0859375 Y17.40234375
G0 X7.470703125 Y17.40234375
G1 X7.470703125 Y17.40234375
G0 X6.85546875 Y17.40234375
G1 X6.85546875 Y17.40234375
G0 X6.591796875 Y17.40234375
G1 X6.591796875 Y17.40234375
G0 X6.064453125 Y17.40234375
G1 X6.064453125 Y17.40234375
G0 X5.09765625 Y17.40234375
G1 X5.09765625 Y17.40234375
G1 X5.185546875 Y17.40234375
G0 X86.8359375 Y17.314453125
G1 X86.8359375 Y17.314453125
G1 X86.923828125 Y17.314453125
G0 X7.646484375 Y17.314453125
G1 X7.646484375 Y17.314453125
G1 X7.734375 Y17.40234375
G0 X7.03125 Y17.314453125
G1 X7.03125 Y17.314453125
G1 X7.119140625 Y17.314453125
G0 X5.537109375 Y17.314453125
G1 X5.537109375 Y17.314453125
G0 X87.36328125 Y17.2265625
G1 X87.36328125 Y17.2265625
G1 X87.275390625 Y17.314453125
G1 X87.1875 Y17.314453125
G1 X87.275390625 Y17.314453125
G0 X86.1328125 Y17.2265625
G1 X86.1328125 Y17.2265625
G1 X86.220703125 Y17.2265625
G0 X85.869140625 Y17.2265625
G1 X85.869140625 Y17.2265625
G0 X85.60546875 Y17.2265625
G1 X85.60546875 Y17.2265625
G0 X84.19921875 Y17.2265625
G1 X84.19921875 Y17.2265625
G1 X84.287109375 Y17.2265625
G0 X83.84765625 Y17.2265625
G1 X83.84765625 Y17.2265625
G1 X83.84765625 Y17.314453125
G0 X82.705078125 Y17.2265625
G1 X82.705078125 Y17.2265625
G0 X82.353515625 Y17.2265625
G1 X82.353515625 Y17.2265625
G0 X82.001953125 Y17.2265625
G1 X82.001953125 Y17.2265625
G0 X8.349609375 Y17.2265625
G1 X8.349609375 Y17.2265625
G0 X7.91015625 Y17.2265625
G1 X7.91015625 Y17.2265625
G0 X7.294921875 Y17.2265625
G1 X7.294921875 Y17.2265625
G0 X6.6796875 Y17.2265625
G1 X6.6796875 Y17.2265625
G0 X6.15234375 Y17.2265625
G1 X6.15234375 Y17.2265625
G0 X5.80078125 Y17.2265625
G1 X5.80078125 Y17.2265625
G1 X5.80078125 Y17.314453125
G0 X5.185546875 Y17.2265625
G1 X5.185546875 Y17.2265625
G0 X4.658203125 Y17.2265625
G1 X4.658203125 Y17.2265625
G1 X4.658203125 Y17.314453125
G0 X4.04296875 Y17.2265625
G1 X4.04296875 Y17.2265625
G1 X4.130859375 Y17.2265625
G0 X87.890625 Y17.138671875
G1 X87.890625 Y17.138671875
G1 X87.802734375 Y17.2265625
G0 X87.626953125 Y17.138671875
G1 X87.626953125 Y17.138671875
G0 X86.748046875 Y17.138671875
G1 X86.748046875 Y17.138671875
G0 X86.484375 Y17.138671875
G1 X86.484375 Y17.138671875
G1 X86.484375 Y17.2265625
G1 X86.572265625 Y17.314453125
G1 X86.484375 Y17.2265625
G0 X85.166015625 Y17.138671875
G1 X85.166015625 Y17.138671875
G1 X85.078125 Y17.2265625
G1 X85.166015625 Y17.138671875
G1 X85.25390625 Y17.138671875
G1 X85.341796875 Y17.2265625
G1 X85.25390625 Y17.138671875
G0 X84.55078125 Y17.138671875
G1 X84.55078125 Y17.138671875
G1 X84.55078125 Y17.2265625
G1 X84.638671875 Y17.138671875
G0 X82.529296875 Y17.138671875
G1 X82.529296875 Y17.138671875
G0 X7.470703125 Y17.138671875
G1 X7.470703125 Y17.138671875
G0 X87.01171875 Y17.05078125
G1 X87.01171875 Y17.05078125
G1 X87.01171875 Y17.138671875
G1 X87.099609375 Y17.138671875
G1 X87.099609375 Y17.05078125
G0 X86.044921875 Y17.05078125
G1 X86.044921875 Y17.05078125
G0 X85.693359375 Y17.05078125
G1 X85.693359375 Y17.05078125
G0 X84.814453125 Y17.05078125
G1 X84.814453125 Y17.05078125
G0 X83.935546875 Y17.05078125
G1 X83.935546875 Y17.05078125
G1 X84.0234375 Y17.05078125
G0 X83.671875 Y17.05078125
G1 X83.671875 Y17.05078125
G0 X82.177734375 Y17.05078125
G1 X82.177734375 Y17.05078125
G0 X8.0859375 Y17.05078125
G1 X8.0859375 Y17.05078125
G0 X7.734375 Y17.05078125
G1 X7.734375 Y17.05078125
G0 X5.9765625 Y17.05078125
G1 X5.9765625 Y17.05078125
G0 X5.537109375 Y17.05078125
G1 X5.537109375 Y17.05078125
G0 X4.658203125 Y17.05078125
G1 X4.658203125 Y17.05078125
G0 X4.21875 Y17.05078125
G1 X4.21875 Y17.05078125
G0 X87.5390625 Y16.962890625
G1 X87.5390625 Y16.962890625
G1 X87.451171875 Y17.05078125
G1 X87.36328125 Y17.05078125
G1 X87.451171875 Y17.05078125
G1 X87.5390625 Y16.962890625
G1 X87.626953125 Y16.962890625
G0 X86.66015625 Y16.962890625
G1 X86.66015625 Y16.962890625
G0 X84.287109375 Y16.962890625
G1 X84.287109375 Y16.962890625
G1 X84.375 Y16.962890625
G0 X6.15234375 Y16.962890625
G1 X6.15234375 Y16.962890625
G0 X5.712890625 Y16.962890625
G1 X5.712890625 Y16.962890625
G1 X5.80078125 Y16.962890625
G0 X85.869140625 Y16.875
G1 X85.869140625 Y16.875
G0 X85.517578125 Y16.875
G1 X85.517578125 Y16.875
G0 X85.166015625 Y16.875
G1 X85.166015625 Y16.875
G0 X84.990234375 Y16.875
G1 X84.990234375 Y16.875
G0 X84.55078125 Y16.875
G1 X84.55078125 Y16.875
G1 X84.638671875 Y16.875
G0 X82.880859375 Y16.875
G1 X82.880859375 Y16.875
G0 X82.529296875 Y16.875
G1 X82.529296875 Y16.875
G0 X82.001953125 Y16.875
G1 X82.001953125 Y16.875
G0 X81.650390625 Y16.875
G1 X81.650390625 Y16.875
G0 X8.525390625 Y16.875
G1 X8.525390625 Y16.875
G0 X4.658203125 Y16.875
G1 X4.658203125 Y16.875
G0 X3.955078125 Y16.875
G1 X3.955078125 Y16.875
G1 X4.04296875 Y16.875
G0 X87.275390625 Y16.787109375
G1 X87.275390625 Y16.787109375
G0 X87.099609375 Y16.787109375
G1 X87.099609375 Y16.787109375
G0 X83.583984375 Y16.787109375
G1 X83.583984375 Y16.787109375
G1 X83.671875 Y16.787109375
G0 X7.646484375 Y16.787109375
G1 X7.646484375 Y16.787109375
G0 X7.03125 Y16.787109375
G1 X7.03125 Y16.787109375
G0 X5.537109375 Y16.787109375
G1 X5.537109375 Y16.787109375
G0 X5.185546875 Y16.787109375
G1 X5.185546875 Y16.787109375
G1 X5.185546875 Y16.875
G0 X3.515625 Y16.787109375
G1 X3.515625 Y16.787109375
G1 X3.515625 Y16.875
G1 X3.603515625 Y16.875
G1 X3.69140625 Y16.962890625
G1 X3.779296875 Y16.962890625
G1 X3.8671875 Y17.05078125
G1 X3.8671875 Y17.138671875
G1 X3.955078125 Y17.05078125
G1 X3.8671875 Y17.05078125
G1 X3.779296875 Y16.962890625
G1 X3.69140625 Y16.962890625
G1 X3.603515625 Y16.875
G1 X3.603515625 Y16.787109375
G0 X87.451171875 Y16.69921875
G1 X87.451171875 Y16.69921875
G1 X87.5390625 Y16.69921875
G0 X86.8359375 Y16.69921875
G1 X86.8359375 Y16.69921875
G0 X85.693359375 Y16.69921875
G1 X85.693359375 Y16.69921875
G0 X85.341796875 Y16.69921875
G1 X85.341796875 Y16.69921875
G0 X84.814453125 Y16.69921875
G1 X84.814453125 Y16.69921875
G0 X84.462890625 Y16.69921875
G1 X84.462890625 Y16.69921875
G0 X84.19921875 Y16.69921875
G1 X84.19921875 Y16.69921875
G1 X84.19921875 Y16.787109375
G1 X84.111328125 Y16.875
G1 X84.19921875 Y16.787109375
G0 X83.84765625 Y16.69921875
G1 X83.84765625 Y16.69921875
G1 X83.935546875 Y16.787109375
G1 X83.935546875 Y16.69921875
G0 X82.353515625 Y16.69921875
G1 X82.353515625 Y16.69921875
G0 X7.822265625 Y16.69921875
G1 X7.822265625 Y16.69921875
G1 X7.91015625 Y16.69921875
G0 X7.3828125 Y16.69921875
G1 X7.3828125 Y16.69921875
G0 X5.9765625 Y16.69921875
G1 X5.9765625 Y16.69921875
G0 X5.712890625 Y16.69921875
G1 X5.712890625 Y16.69921875
G0 X87.099609375 Y16.611328125
G1 X87.099609375 Y16.611328125
G0 X85.95703125 Y16.611328125
G1 X85.95703125 Y16.611328125
G1 X86.30859375 Y16.962890625
G0 X8.96484375 Y16.611328125
G1 X8.96484375 Y16.611328125
G0 X4.21875 Y16.611328125
G1 X4.21875 Y16.611328125
G0 X86.66015625 Y16.5234375
G1 X86.66015625 Y16.5234375
G0 X86.396484375 Y16.5234375
G1 X86.396484375 Y16.5234375
G1 X86.30859375 Y16.611328125
G1 X86.220703125 Y16.611328125
G1 X86.396484375 Y16.611328125
G1 X86.484375 Y16.69921875
G1 X86.484375 Y16.787109375
G1 X86.572265625 Y16.69921875
G1 X86.484375 Y16.69921875
G1 X86.396484375 Y16.611328125
G0 X85.4296875 Y16.5234375
G1 X85.4296875 Y16.5234375
G1 X85.517578125 Y16.5234375
G0 X85.166015625 Y16.5234375
G1 X85.166015625 Y16.5234375
G0 X84.814453125 Y16.5234375
G1 X84.814453125 Y16.5234375
G0 X84.638671875 Y16.5234375
G1 X84.638671875 Y16.5234375
G0 X84.287109375 Y16.5234375
G1 X84.287109375 Y16.5234375
G0 X84.0234375 Y16.5234375
G1 X84.0234375 Y16.5234375
G0 X7.646484375 Y16.5234375
G1 X7.646484375 Y16.5234375
G0 X5.712890625 Y16.5234375
G1 X5.712890625 Y16.5234375
G0 X3.955078125 Y16.5234375
G1 X3.955078125 Y16.5234375
G1 X3.8671875 Y16.611328125
G1 X3.779296875 Y16.611328125
G1 X3.8671875 Y16.69921875
G1 X3.8671875 Y16.611328125
G0 X87.978515625 Y16.435546875
G1 X87.978515625 Y16.435546875
G1 X87.978515625 Y16.5234375
G1 X87.890625 Y16.611328125
G1 X87.890625 Y16.69921875
G1 X87.802734375 Y16.787109375
G1 X87.71484375 Y16.787109375
G1 X87.802734375 Y16.787109375
G1 X87.890625 Y16.69921875
G1 X87.978515625 Y16.69921875
G1 X87.890625 Y16.611328125
G1 X87.978515625 Y16.5234375
G0 X87.275390625 Y16.435546875
G1 X87.275390625 Y16.435546875
G1 X87.36328125 Y16.435546875
G0 X86.1328125 Y16.435546875
G1 X86.1328125 Y16.435546875
G0 X85.78125 Y16.435546875
G1 X85.78125 Y16.435546875
G0 X83.84765625 Y16.435546875
G1 X83.84765625 Y16.435546875
G1 X83.759765625 Y16.5234375
G1 X83.671875 Y16.5234375
G1 X83.759765625 Y16.5234375
G0 X7.91015625 Y16.435546875
G1 X7.91015625 Y16.435546875
G0 X6.6796875 Y16.435546875
G1 X6.6796875 Y16.435546875
G1 X6.767578125 Y16.435546875
G0 X5.185546875 Y16.435546875
G1 X5.185546875 Y16.435546875
G1 X5.09765625 Y16.5234375
G1 X5.185546875 Y16.5234375
G0 X3.515625 Y16.435546875
G1 X3.515625 Y16.435546875
G1 X3.251953125 Y16.69921875
G1 X3.33984375 Y16.611328125
G1 X3.427734375 Y16.611328125
G1 X3.427734375 Y16.5234375
G1 X3.515625 Y16.435546875
G1 X3.603515625 Y16.435546875
G0 X87.71484375 Y16.34765625
G1 X87.71484375 Y16.34765625
G1 X87.71484375 Y16.435546875
G1 X87.802734375 Y16.435546875
G0 X87.099609375 Y16.34765625
G1 X87.099609375 Y16.34765625
G0 X86.8359375 Y16.34765625
G1 X86.8359375 Y16.34765625
G0 X84.990234375 Y16.34765625
G1 X84.990234375 Y16.34765625
G0 X83.583984375 Y16.34765625
G1 X83.583984375 Y16.34765625
G0 X86.30859375 Y16.259765625
G1 X86.30859375 Y16.259765625
G1 X86.396484375 Y16.259765625
G1 X86.484375 Y16.34765625
G1 X86.396484375 Y16.259765625
G0 X85.95703125 Y16.259765625
G1 X85.95703125 Y16.259765625
G1 X86.044921875 Y16.259765625
G0 X85.60546875 Y16.259765625
G1 X85.60546875 Y16.259765625
G0 X85.166015625 Y16.259765625
G1 X85.166015625 Y16.259765625
G1 X85.25390625 Y16.259765625
G0 X84.7265625 Y16.259765625
G1 X84.7265625 Y16.259765625
G0 X7.03125 Y16.259765625
G1 X7.03125 Y16.259765625
G0 X6.15234375 Y16.259765625
G1 X6.15234375 Y16.259765625
G0 X4.658203125 Y16.259765625
G1 X4.658203125 Y16.259765625
G0 X3.8671875 Y16.259765625
G1 X3.8671875 Y16.259765625
G1 X3.955078125 Y16.259765625
G0 X3.33984375 Y16.259765625
G1 X3.33984375 Y16.259765625
G1 X3.427734375 Y16.259765625
G0 X87.451171875 Y16.171875
G1 X87.451171875 Y16.171875
G1 X87.5390625 Y16.171875
G0 X86.66015625 Y16.171875
G1 X86.66015625 Y16.171875
G0 X84.287109375 Y16.171875
G1 X84.287109375 Y16.171875
G1 X84.111328125 Y16.34765625
G1 X84.19921875 Y16.259765625
G1 X84.287109375 Y16.259765625
G0 X83.935546875 Y16.171875
G1 X83.935546875 Y16.171875
G0 X83.408203125 Y16.171875
G1 X83.408203125 Y16.171875
G0 X67.412109375 Y16.171875
G1 X67.412109375 Y16.171875
G1 X67.5 Y16.171875
G1 X67.587890625 Y16.259765625
G1 X67.763671875 Y16.259765625
G1 X67.8515625 Y16.34765625
G1 X67.939453125 Y16.34765625
G1 X68.02734375 Y16.435546875
G1 X68.203125 Y16.435546875
G1 X68.291015625 Y16.5234375
G1 X68.37890625 Y16.5234375
G1 X68.466796875 Y16.611328125
G1 X68.5546875 Y16.611328125
G1 X68.642578125 Y16.69921875
G1 X68.818359375 Y16.69921875
G1 X68.90625 Y16.787109375
G1 X68.994140625 Y16.787109375
G1 X69.08203125 Y16.875
G1 X69.169921875 Y16.875
G1 X69.2578125 Y16.962890625
G1 X69.345703125 Y16.962890625
G1 X69.43359375 Y17.05078125
G1 X69.521484375 Y17.05078125
G1 X69.609375 Y17.138671875
G1 X69.697265625 Y17.138671875
G1 X69.873046875 Y17.314453125
G1 X69.9609375 Y17.314453125
G1 X70.048828125 Y17.40234375
G1 X70.13671875 Y17.40234375
G1 X70.3125 Y17.578125
G1 X70.400390625 Y17.578125
G1 X70.6640625 Y17.841796875
G1 X70.751953125 Y17.841796875
G1 X71.19140625 Y18.28125
G1 X71.279296875 Y18.28125
G1 X72.7734375 Y19.775390625
G1 X72.7734375 Y19.86328125
G1 X73.30078125 Y20.390625
G1 X73.30078125 Y20.478515625
G1 X73.65234375 Y20.830078125
G1 X73.65234375 Y20.91796875
G1 X73.828125 Y21.09375
G1 X73.828125 Y21.181640625
G1 X74.091796875 Y21.4453125
G1 X74.091796875 Y21.533203125
G1 X74.267578125 Y21.708984375
G1 X74.267578125 Y21.796875
G1 X74.443359375 Y21.97265625
G1 X74.443359375 Y22.060546875
G1 X74.619140625 Y22.236328125
G1 X74.619140625 Y22.32421875
G1 X74.794921875 Y22.5
G1 X74.794921875 Y22.587890625
G1 X74.8828125 Y22.67578125
G1 X74.8828125 Y22.763671875
G1 X75.05859375 Y22.939453125
G1 X75.05859375 Y23.02734375
G1 X75.146484375 Y23.115234375
G1 X75.146484375 Y23.203125
G1 X75.234375 Y23.291015625
G1 X75.234375 Y23.37890625
G1 X75.322265625 Y23.466796875
G1 X75.322265625 Y23.5546875
G1 X75.41015625 Y23.642578125
G1 X75.41015625 Y23.73046875
G1 X75.498046875 Y23.818359375
G1 X75.498046875 Y23.73046875
G1 X75.41015625 Y23.642578125
G1 X75.41015625 Y23.5546875
G1 X75.234375 Y23.37890625
G1 X75.234375 Y23.291015625
G1 X75.146484375 Y23.203125
G1 X75.146484375 Y23.115234375
G1 X75.05859375 Y23.02734375
G1 X75.05859375 Y22.939453125
G1 X74.8828125 Y22.763671875
G1 X74.8828125 Y22.67578125
G1 X74.794921875 Y22.587890625
G1 X74.794921875 Y22.5
G1 X74.619140625 Y22.32421875
G1 X74.619140625 Y22.236328125
G1 X74.443359375 Y22.060546875
G1 X74.443359375 Y21.97265625
G1 X74.267578125 Y21.796875
G1 X74.267578125 Y21.708984375
G1 X74.091796875 Y21.533203125
G1 X74.091796875 Y21.4453125
G1 X73.916015625 Y21.26953125
G1 X73.916015625 Y21.181640625
G1 X73.65234375 Y20.91796875
G1 X73.65234375 Y20.830078125
G1 X73.388671875 Y20.56640625
G1 X73.388671875 Y20.478515625
G1 X73.037109375 Y20.126953125
G1 X73.037109375 Y20.0390625
G1 X72.685546875 Y19.6875
G1 X72.685546875 Y19.599609375
G1 X71.279296875 Y18.193359375
G1 X71.19140625 Y18.193359375
G1 X70.751953125 Y17.75390625
G1 X70.6640625 Y17.75390625
G1 X70.400390625 Y17.490234375
G1 X70.3125 Y17.490234375
G1 X70.13671875 Y17.314453125
G1 X70.048828125 Y17.314453125
G1 X69.873046875 Y17.138671875
G1 X69.78515625 Y17.138671875
G1 X69.697265625 Y17.05078125
G1 X69.609375 Y17.05078125
G1 X69.521484375 Y16.962890625
G1 X69.43359375 Y16.962890625
G1 X69.345703125 Y16.875
G1 X69.2578125 Y16.875
G1 X69.169921875 Y16.787109375
G1 X69.08203125 Y16.787109375
G1 X68.994140625 Y16.69921875
G1 X68.90625 Y16.69921875
G1 X68.818359375 Y16.611328125
G1 X68.642578125 Y16.611328125
G1 X68.5546875 Y16.5234375
G1 X68.466796875 Y16.5234375
G1 X68.37890625 Y16.435546875
G1 X68.203125 Y16.435546875
G1 X68.115234375 Y16.34765625
G1 X67.939453125 Y16.34765625
G1 X67.8515625 Y16.259765625
G1 X67.67578125 Y16.259765625
G1 X67.587890625 Y16.171875
G0 X8.0859375 Y16.171875
G1 X8.0859375 Y16.171875
G0 X7.646484375 Y16.171875
G1 X7.646484375 Y16.171875
G0 X5.185546875 Y16.171875
G1 X5.185546875 Y16.171875
G0 X3.69140625 Y16.171875
G1 X3.69140625 Y16.171875
G0 X87.01171875 Y16.083984375
G1 X87.01171875 Y16.083984375
G1 X87.099609375 Y16.171875
G1 X87.1875 Y16.171875
G1 X87.099609375 Y16.083984375
G0 X84.990234375 Y16.083984375
G1 X84.990234375 Y16.083984375
G0 X84.55078125 Y16.083984375
G1 X84.55078125 Y16.083984375
G0 X83.232421875 Y16.083984375
G1 X83.232421875 Y16.083984375
G0 X82.79296875 Y16.083984375
G1 X82.79296875 Y16.083984375
G0 X5.80078125 Y16.083984375
G1 X5.80078125 Y16.083984375
G1 X5.80078125 Y16.259765625
G1 X5.712890625 Y16.34765625
G1 X5.625 Y16.34765625
G1 X5.712890625 Y16.34765625
G1 X5.80078125 Y16.259765625
G0 X4.04296875 Y16.083984375
G1 X4.04296875 Y16.083984375
G0 X86.8359375 Y15.99609375
G1 X86.8359375 Y15.99609375
G0 X85.78125 Y15.99609375
G1 X85.78125 Y15.99609375
G1 X85.78125 Y16.083984375
G0 X85.341796875 Y15.99609375
G1 X85.341796875 Y15.99609375
G1 X85.4296875 Y16.083984375
G0 X6.240234375 Y15.99609375
G1 X6.240234375 Y15.99609375
G0 X6.064453125 Y15.99609375
G1 X6.064453125 Y15.99609375
G0 X5.537109375 Y15.99609375
G1 X5.537109375 Y15.99609375
G1 X5.537109375 Y16.083984375
G0 X3.8671875 Y15.99609375
G1 X3.8671875 Y15.99609375
G0 X86.396484375 Y15.908203125
G1 X86.396484375 Y15.908203125
G1 X86.396484375 Y15.99609375
G0 X85.60546875 Y15.908203125
G1 X85.60546875 Y15.908203125
G0 X84.814453125 Y15.908203125
G1 X84.814453125 Y15.908203125
G0 X84.19921875 Y15.908203125
G1 X84.19921875 Y15.908203125
G1 X84.111328125 Y15.99609375
G1 X84.19921875 Y15.908203125
G1 X84.287109375 Y15.908203125
G0 X83.84765625 Y15.908203125
G1 X83.84765625 Y15.908203125
G1 X83.935546875 Y15.908203125
G0 X5.80078125 Y15.908203125
G1 X5.80078125 Y15.908203125
G0 X5.185546875 Y15.908203125
G1 X5.185546875 Y15.908203125
G0 X87.451171875 Y15.8203125
G1 X87.451171875 Y15.8203125
G1 X87.36328125 Y15.908203125
G1 X87.275390625 Y15.908203125
G1 X87.36328125 Y15.908203125
G0 X87.01171875 Y15.8203125
G1 X87.01171875 Y15.8203125
G1 X87.099609375 Y15.8203125
G0 X86.044921875 Y15.8203125
G1 X86.044921875 Y15.8203125
G1 X85.95703125 Y15.908203125
G1 X86.044921875 Y15.908203125
G1 X86.1328125 Y15.99609375
G1 X86.1328125 Y16.083984375
G1 X86.1328125 Y15.99609375
G1 X86.044921875 Y15.908203125
G0 X85.166015625 Y15.8203125
G1 X85.166015625 Y15.8203125
G0 X82.705078125 Y15.8203125
G1 X82.705078125 Y15.8203125
G0 X7.3828125 Y15.8203125
G1 X7.3828125 Y15.8203125
G0 X5.625 Y15.8203125
G1 X5.625 Y15.8203125
G0 X4.130859375 Y15.8203125
G1 X4.130859375 Y15.8203125
G0 X3.779296875 Y15.8203125
G1 X3.779296875 Y15.8203125
G0 X87.802734375 Y15.732421875
G1 X87.802734375 Y15.732421875
G1 X87.802734375 Y15.8203125
G1 X87.890625 Y15.8203125
G0 X87.626953125 Y15.732421875
G1 X87.626953125 Y15.732421875
G0 X86.66015625 Y15.732421875
G1 X86.66015625 Y15.732421875
G1 X86.572265625 Y15.8203125
G0 X86.30859375 Y15.732421875
G1 X86.30859375 Y15.732421875
G0 X85.4296875 Y15.732421875
G1 X85.4296875 Y15.732421875
G0 X84.55078125 Y15.732421875
G1 X84.55078125 Y15.732421875
G1 X84.638671875 Y15.8203125
G1 X84.638671875 Y15.732421875
G0 X84.0234375 Y15.732421875
G1 X84.0234375 Y15.732421875
G1 X84.111328125 Y15.732421875
G0 X83.671875 Y15.732421875
G1 X83.671875 Y15.732421875
G0 X6.50390625 Y15.732421875
G1 X6.50390625 Y15.732421875
G0 X6.240234375 Y15.732421875
G1 X6.240234375 Y15.732421875
G0 X5.80078125 Y15.732421875
G1 X5.80078125 Y15.732421875
G0 X85.78125 Y15.64453125
G1 X85.78125 Y15.64453125
G0 X84.990234375 Y15.64453125
G1 X84.990234375 Y15.64453125
G1 X84.990234375 Y15.732421875
G0 X84.375 Y15.64453125
G1 X84.375 Y15.64453125
G0 X83.49609375 Y15.64453125
G1 X83.49609375 Y15.64453125
G0 X82.880859375 Y15.64453125
G1 X82.880859375 Y15.64453125
G0 X82.529296875 Y15.64453125
G1 X82.529296875 Y15.64453125
G0 X3.955078125 Y15.64453125
G1 X3.955078125 Y15.64453125
G0 X3.69140625 Y15.64453125
G1 X3.69140625 Y15.64453125
G0 X87.1875 Y15.556640625
G1 X87.1875 Y15.556640625
G1 X87.275390625 Y15.556640625
G0 X86.8359375 Y15.556640625
G1 X86.8359375 Y15.556640625
G0 X86.1328125 Y15.556640625
G1 X86.1328125 Y15.556640625
G1 X86.1328125 Y15.64453125
G0 X83.935546875 Y15.556640625
G1 X83.935546875 Y15.556640625
G0 X6.767578125 Y15.556640625
G1 X6.767578125 Y15.556640625
G0 X4.658203125 Y15.556640625
G1 X4.658203125 Y15.556640625
G0 X4.306640625 Y15.556640625
G1 X4.306640625 Y15.556640625
G0 X87.802734375 Y15.46875
G1 X87.802734375 Y15.46875
G1 X87.802734375 Y15.556640625
G0 X86.484375 Y15.46875
G1 X86.484375 Y15.46875
G1 X86.484375 Y15.556640625
G0 X85.078125 Y15.46875
G1 X85.078125 Y15.46875
G0 X84.7265625 Y15.46875
G1 X84.7265625 Y15.46875
G1 X84.814453125 Y15.46875
G0 X84.462890625 Y15.46875
G1 X84.462890625 Y15.46875
G0 X84.19921875 Y15.46875
G1 X84.19921875 Y15.46875
G0 X82.353515625 Y15.46875
G1 X82.353515625 Y15.46875
G0 X6.240234375 Y15.46875
G1 X6.240234375 Y15.46875
G0 X5.625 Y15.46875
G1 X5.625 Y15.46875
G1 X5.80078125 Y15.46875
G0 X3.779296875 Y15.46875
G1 X3.779296875 Y15.46875
G1 X3.8671875 Y15.46875
G0 X87.01171875 Y15.380859375
G1 X87.01171875 Y15.380859375
G0 X86.30859375 Y15.380859375
G1 X86.30859375 Y15.380859375
G0 X85.869140625 Y15.380859375
G1 X85.869140625 Y15.380859375
G0 X85.4296875 Y15.380859375
G1 X85.4296875 Y15.380859375
G0 X87.36328125 Y15.29296875
G1 X87.36328125 Y15.29296875
G0 X86.66015625 Y15.29296875
G1 X86.66015625 Y15.29296875
G0 X84.638671875 Y15.29296875
G1 X84.638671875 Y15.29296875
G0 X84.287109375 Y15.29296875
G1 X84.287109375 Y15.29296875
G0 X84.0234375 Y15.29296875
G1 X84.0234375 Y15.29296875
G0 X82.79296875 Y15.29296875
G1 X82.79296875 Y15.29296875
G0 X87.71484375 Y15.205078125
G1 X87.71484375 Y15.205078125
G1 X87.71484375 Y15.29296875
G1 X87.802734375 Y15.29296875
G1 X87.802734375 Y15.205078125
G0 X87.1875 Y15.205078125
G1 X87.1875 Y15.205078125
G0 X86.220703125 Y15.205078125
G1 X86.220703125 Y15.205078125
G0 X85.693359375 Y15.205078125
G1 X85.693359375 Y15.205078125
G0 X85.25390625 Y15.205078125
G1 X85.25390625 Y15.205078125
G0 X8.26171875 Y15.205078125
G1 X8.26171875 Y15.205078125
G0 X7.3828125 Y15.205078125
G1 X7.3828125 Y15.205078125
G0 X5.625 Y15.205078125
G1 X5.625 Y15.205078125
G0 X5.2734375 Y15.205078125
G1 X5.2734375 Y15.205078125
G0 X87.5390625 Y15.1171875
G1 X87.5390625 Y15.1171875
G0 X86.8359375 Y15.1171875
G1 X86.8359375 Y15.1171875
G0 X86.484375 Y15.1171875
G1 X86.484375 Y15.1171875
G0 X84.7265625 Y15.1171875
G1 X84.7265625 Y15.1171875
G1 X84.814453125 Y15.1171875
G0 X84.462890625 Y15.1171875
G1 X84.462890625 Y15.1171875
G0 X84.111328125 Y15.1171875
G1 X84.111328125 Y15.1171875
G0 X83.14453125 Y15.1171875
G1 X83.14453125 Y15.1171875
G0 X5.80078125 Y15.1171875
G1 X5.80078125 Y15.1171875
G0 X85.4296875 Y15.029296875
G1 X85.4296875 Y15.029296875
G1 X85.517578125 Y15.029296875
G0 X85.078125 Y15.029296875
G1 X85.078125 Y15.029296875
G0 X83.84765625 Y15.029296875
G1 X83.84765625 Y15.029296875
G0 X5.361328125 Y15.029296875
G1 X5.361328125 Y15.029296875
G0 X87.36328125 Y14.94140625
G1 X87.36328125 Y14.94140625
G0 X86.1328125 Y14.94140625
G1 X86.1328125 Y14.94140625
G0 X84.55078125 Y14.94140625
G1 X84.55078125 Y14.94140625
G1 X84.638671875 Y14.94140625
G0 X84.287109375 Y14.94140625
G1 X84.287109375 Y14.94140625
G1 X84.287109375 Y15.029296875
G0 X8.173828125 Y14.94140625
G1 X8.173828125 Y14.94140625
G0 X7.55859375 Y14.94140625
G1 X7.55859375 Y14.94140625
G0 X7.20703125 Y14.94140625
G1 X7.20703125 Y14.94140625
G1 X7.20703125 Y15.029296875
G0 X6.328125 Y14.94140625
G1 X6.328125 Y14.94140625
G0 X5.625 Y14.94140625
G1 X5.625 Y14.94140625
G0 X87.01171875 Y14.853515625
G1 X87.01171875 Y14.853515625
G0 X84.90234375 Y14.853515625
G1 X84.90234375 Y14.853515625
G0 X85.869140625 Y14.765625
G1 X85.869140625 Y14.765625
G0 X84.7265625 Y14.765625
G1 X84.7265625 Y14.765625
G0 X84.375 Y14.765625
G1 X84.375 Y14.765625
G1 X84.462890625 Y14.765625
G0 X84.111328125 Y14.765625
G1 X84.111328125 Y14.765625
G1 X84.111328125 Y14.853515625
G0 X83.759765625 Y14.765625
G1 X83.759765625 Y14.765625
G1 X83.671875 Y14.853515625
G0 X7.03125 Y14.765625
G1 X7.03125 Y14.765625
G0 X5.625 Y14.765625
G1 X5.625 Y14.765625
G0 X87.451171875 Y14.677734375
G1 X87.451171875 Y14.677734375
G1 X87.5390625 Y14.677734375
G0 X87.099609375 Y14.677734375
G1 X87.099609375 Y14.677734375
G0 X86.220703125 Y14.677734375
G1 X86.220703125 Y14.677734375
G0 X85.078125 Y14.677734375
G1 X85.078125 Y14.677734375
G0 X58.7109375 Y14.677734375
G1 X58.7109375 Y14.677734375
G1 X58.623046875 Y14.765625
G1 X57.744140625 Y14.765625
G1 X57.65625 Y14.853515625
G1 X57.12890625 Y14.853515625
G1 X57.041015625 Y14.94140625
G1 X56.513671875 Y14.94140625
G1 X56.42578125 Y15.029296875
G1 X56.07421875 Y15.029296875
G1 X55.986328125 Y15.1171875
G1 X55.634765625 Y15.1171875
G1 X55.546875 Y15.205078125
G1 X55.1953125 Y15.205078125
G1 X55.107421875 Y15.29296875
G1 X54.84375 Y15.29296875
G1 X54.755859375 Y15.380859375
G1 X54.580078125 Y15.380859375
G1 X54.4921875 Y15.46875
G1 X54.31640625 Y15.46875
G1 X54.228515625 Y15.556640625
G1 X53.96484375 Y15.556640625
G1 X53.876953125 Y15.64453125
G1 X53.701171875 Y15.64453125
G1 X53.61328125 Y15.732421875
G1 X53.4375 Y15.732421875
G1 X53.349609375 Y15.8203125
G1 X53.173828125 Y15.8203125
G1 X53.0859375 Y15.908203125
G1 X52.998046875 Y15.908203125
G1 X52.91015625 Y15.99609375
G1 X52.822265625 Y15.99609375
G1 X52.734375 Y16.083984375
G1 X52.55859375 Y16.083984375
G1 X52.470703125 Y16.171875
G1 X52.3828125 Y16.171875
G1 X52.294921875 Y16.259765625
G1 X52.20703125 Y16.259765625
G1 X52.03125 Y16.435546875
G1 X51.15234375 Y16.435546875
G1 X51.064453125 Y16.5234375
G1 X50.2734375 Y16.5234375
G1 X50.185546875 Y16.611328125
G1 X49.921875 Y16.611328125
G1 X49.833984375 Y16.69921875
G1 X49.5703125 Y16.69921875
G1 X49.482421875 Y16.787109375
G1 X49.39453125 Y16.787109375
G1 X49.306640625 Y16.875
G1 X49.130859375 Y16.875
G1 X49.04296875 Y16.962890625
G1 X48.955078125 Y16.875
G1 X48.779296875 Y16.875
G1 X48.69140625 Y16.787109375
G1 X48.603515625 Y16.787109375
G1 X48.515625 Y16.69921875
G1 X48.251953125 Y16.69921875
G1 X48.1640625 Y16.611328125
G1 X48.076171875 Y16.611328125
G1 X47.98828125 Y16.5234375
G1 X47.724609375 Y16.5234375
G1 X47.63671875 Y16.435546875
G1 X47.4609375 Y16.435546875
G1 X47.373046875 Y16.34765625
G1 X47.021484375 Y16.34765625
G1 X46.93359375 Y16.259765625
G1 X46.58203125 Y16.259765625
G1 X46.494140625 Y16.171875
G1 X45.87890625 Y16.171875
G1 X45.791015625 Y16.083984375
G1 X43.330078125 Y16.083984375
G1 X43.2421875 Y16.171875
G1 X42.626953125 Y16.171875
G1 X42.5390625 Y16.259765625
G1 X42.1875 Y16.259765625
G1 X42.099609375 Y16.34765625
G1 X41.748046875 Y16.34765625
G1 X41.66015625 Y16.435546875
G1 X41.396484375 Y16.435546875
G1 X41.30859375 Y16.5234375
G1 X41.1328125 Y16.5234375
G1 X41.044921875 Y16.611328125
G1 X40.869140625 Y16.611328125
G1 X40.78125 Y16.69921875
G1 X40.60546875 Y16.69921875
G1 X40.517578125 Y16.787109375
G1 X40.341796875 Y16.787109375
G1 X40.25390625 Y16.875
G1 X40.166015625 Y16.875
G1 X40.078125 Y16.962890625
G1 X39.990234375 Y16.962890625
G1 X39.90234375 Y17.05078125
G1 X39.7265625 Y17.05078125
G1 X39.638671875 Y17.138671875
G1 X39.55078125 Y17.138671875
G1 X39.462890625 Y17.2265625
G1 X39.375 Y17.2265625
G1 X39.287109375 Y17.314453125
G1 X39.19921875 Y17.314453125
G1 X39.111328125 Y17.40234375
G1 X39.0234375 Y17.40234375
G1 X38.84765625 Y17.578125
G1 X38.759765625 Y17.578125
G1 X38.671875 Y17.666015625
G1 X38.583984375 Y17.666015625
G1 X38.408203125 Y17.841796875
G1 X38.3203125 Y17.841796875
G1 X38.232421875 Y17.9296875
G1 X38.14453125 Y17.9296875
G1 X37.96875 Y18.10546875
G1 X37.880859375 Y18.10546875
G1 X37.6171875 Y18.369140625
G1 X37.529296875 Y18.369140625
G1 X37.353515625 Y18.544921875
G1 X37.265625 Y18.544921875
G1 X36.9140625 Y18.896484375
G1 X36.826171875 Y18.896484375
G1 X35.33203125 Y20.390625
G1 X35.33203125 Y20.478515625
G1 X35.068359375 Y20.7421875
G1 X35.068359375 Y20.830078125
G1 X34.716796875 Y21.181640625
G1 X34.716796875 Y21.26953125
G1 X34.541015625 Y21.4453125
G1 X34.541015625 Y21.533203125
G1 X34.365234375 Y21.708984375
G1 X34.365234375 Y21.796875
G1 X34.27734375 Y21.884765625
G1 X34.27734375 Y21.97265625
G1 X34.1015625 Y22.1484375
G1 X34.1015625 Y22.236328125
G1 X34.013671875 Y22.32421875
G1 X34.013671875 Y22.412109375
G1 X33.92578125 Y22.5
G1 X33.92578125 Y22.587890625
G1 X33.837890625 Y22.67578125
G1 X33.837890625 Y22.763671875
G1 X33.75 Y22.8515625
G1 X33.75 Y23.02734375
G1 X33.57421875 Y23.203125
G1 X33.57421875 Y23.37890625
G1 X33.486328125 Y23.466796875
G1 X33.486328125 Y23.5546875
G1 X33.3984375 Y23.642578125
G1 X33.3984375 Y23.73046875
G1 X33.310546875 Y23.818359375
G1 X33.310546875 Y23.90625
G1 X33.22265625 Y23.994140625
G1 X33.22265625 Y24.169921875
G1 X33.134765625 Y24.2578125
G1 X33.134765625 Y24.521484375
G1 X33.046875 Y24.609375
G1 X33.046875 Y24.873046875
G1 X32.958984375 Y24.9609375
G1 X32.958984375 Y25.224609375
G1 X32.87109375 Y25.3125
G1 X32.87109375 Y25.6640625
G1 X32.783203125 Y25.751953125
G1 X32.783203125 Y26.015625
G1 X32.6953125 Y26.103515625
G1 X32.6953125 Y26.54296875
G1 X32.607421875 Y26.630859375
G1 X32.607421875 Y27.0703125
G1 X32.51953125 Y27.158203125
G1 X32.51953125 Y29.35546875
G1 X32.431640625 Y29.443359375
G1 X32.34375 Y29.443359375
G1 X32.16796875 Y29.619140625
G1 X32.080078125 Y29.619140625
G1 X31.9921875 Y29.70703125
G1 X31.904296875 Y29.70703125
G1 X31.81640625 Y29.794921875
G1 X31.728515625 Y29.794921875
G1 X31.640625 Y29.8828125
G1 X31.46484375 Y29.8828125
G1 X31.376953125 Y29.970703125
G1 X31.2890625 Y29.970703125
G1 X31.201171875 Y30.05859375
G1 X31.11328125 Y30.05859375
G1 X31.025390625 Y30.146484375
G1 X30.849609375 Y30.146484375
G1 X30.76171875 Y30.234375
G1 X30.673828125 Y30.234375
G1 X30.5859375 Y30.322265625
G1 X30.41015625 Y30.322265625
G1 X30.322265625 Y30.41015625
G1 X29.8828125 Y30.41015625
G1 X29.794921875 Y30.322265625
G1 X29.53125 Y30.322265625
G1 X29.443359375 Y30.234375
G1 X29.00390625 Y30.234375
G1 X28.916015625 Y30.146484375
G1 X28.4765625 Y30.146484375
G1 X28.388671875 Y30.05859375
G1 X26.982421875 Y30.05859375
G1 X26.89453125 Y30.146484375
G1 X26.3671875 Y30.146484375
G1 X26.279296875 Y30.234375
G1 X25.927734375 Y30.234375
G1 X25.83984375 Y30.322265625
G1 X25.576171875 Y30.322265625
G1 X25.48828125 Y30.41015625
G1 X25.224609375 Y30.41015625
G1 X25.13671875 Y30.498046875
G1 X24.9609375 Y30.498046875
G1 X24.873046875 Y30.5859375
G1 X24.697265625 Y30.5859375
G1 X24.609375 Y30.673828125
G1 X24.43359375 Y30.673828125
G1 X24.345703125 Y30.76171875
G1 X24.2578125 Y30.76171875
G1 X24.169921875 Y30.849609375
G1 X23.994140625 Y30.849609375
G1 X23.90625 Y30.9375
G1 X23.818359375 Y30.9375
G1 X23.73046875 Y31.025390625
G1 X23.642578125 Y31.025390625
G1 X23.5546875 Y31.11328125
G1 X23.466796875 Y31.11328125
G1 X23.37890625 Y31.201171875
G1 X23.291015625 Y31.201171875
G1 X23.203125 Y31.2890625
G1 X23.115234375 Y31.2890625
G1 X22.939453125 Y31.46484375
G1 X22.8515625 Y31.46484375
G1 X22.763671875 Y31.552734375
G1 X22.67578125 Y31.552734375
G1 X22.587890625 Y31.640625
G1 X22.5 Y31.640625
G1 X22.412109375 Y31.728515625
G1 X22.32421875 Y31.728515625
G1 X22.236328125 Y31.81640625
G1 X22.1484375 Y31.81640625
G1 X22.060546875 Y31.904296875
G1 X21.97265625 Y31.904296875
G1 X21.884765625 Y31.9921875
G1 X21.796875 Y31.9921875
G1 X21.708984375 Y32.080078125
G1 X21.62109375 Y32.080078125
G1 X21.533203125 Y32.16796875
G1 X21.4453125 Y32.16796875
G1 X21.357421875 Y32.255859375
G1 X21.26953125 Y32.255859375
G1 X21.181640625 Y32.34375
G1 X21.09375 Y32.34375
G1 X20.91796875 Y32.51953125
G1 X20.830078125 Y32.51953125
G1 X20.7421875 Y32.607421875
G1 X20.654296875 Y32.607421875
G1 X20.56640625 Y32.6953125
G1 X20.478515625 Y32.6953125
G1 X20.302734375 Y32.87109375
G1 X20.21484375 Y32.87109375
G1 X20.126953125 Y32.958984375
G1 X20.0390625 Y32.958984375
G1 X19.951171875 Y33.046875
G1 X19.86328125 Y33.046875
G1 X19.6875 Y33.22265625
G1 X19.599609375 Y33.22265625
G1 X19.423828125 Y33.3984375
G1 X19.3359375 Y33.3984375
G1 X19.248046875 Y33.486328125
G1 X19.16015625 Y33.486328125
G1 X18.984375 Y33.662109375
G1 X18.896484375 Y33.662109375
G1 X18.720703125 Y33.837890625
G1 X18.6328125 Y33.837890625
G1 X18.45703125 Y34.013671875
G1 X18.369140625 Y34.013671875
G1 X18.10546875 Y34.27734375
G1 X18.017578125 Y34.27734375
G1 X17.666015625 Y34.62890625
G1 X17.578125 Y34.62890625
G1 X17.2265625 Y34.98046875
G1 X17.138671875 Y34.98046875
G1 X16.34765625 Y35.771484375
G1 X16.34765625 Y35.859375
G1 X16.259765625 Y35.947265625
G1 X16.171875 Y35.947265625
G1 X16.171875 Y36.03515625
G1 X15.908203125 Y36.298828125
G1 X15.908203125 Y36.38671875
G1 X15.64453125 Y36.650390625
G1 X15.64453125 Y36.73828125
G1 X15.380859375 Y37.001953125
G1 X15.380859375 Y37.08984375
G1 X15.1171875 Y37.353515625
G1 X15.1171875 Y37.44140625
G1 X14.94140625 Y37.6171875
G1 X14.94140625 Y37.705078125
G1 X14.765625 Y37.880859375
G1 X14.765625 Y37.96875
G1 X14.677734375 Y38.056640625
G1 X14.677734375 Y38.14453125
G1 X14.58984375 Y38.232421875
G1 X14.58984375 Y38.3203125
G1 X14.501953125 Y38.408203125
G1 X14.501953125 Y38.49609375
G1 X14.4140625 Y38.583984375
G1 X14.4140625 Y38.671875
G1 X14.326171875 Y38.759765625
G1 X14.326171875 Y38.84765625
G1 X14.23828125 Y38.935546875
G1 X14.23828125 Y39.0234375
G1 X14.150390625 Y39.111328125
G1 X14.150390625 Y39.19921875
G1 X14.0625 Y39.287109375
G1 X14.0625 Y39.462890625
G1 X13.974609375 Y39.55078125
G1 X13.974609375 Y39.638671875
G1 X13.88671875 Y39.7265625
G1 X13.88671875 Y39.90234375
G1 X13.798828125 Y39.990234375
G1 X13.798828125 Y40.25390625
G1 X13.7109375 Y40.341796875
G1 X13.7109375 Y40.60546875
G1 X13.623046875 Y40.693359375
G1 X13.623046875 Y41.044921875
G1 X13.53515625 Y41.1328125
G1 X13.53515625 Y41.748046875
G1 X13.447265625 Y41.8359375
G1 X13.447265625 Y43.330078125
G1 X13.53515625 Y43.41796875
G1 X13.53515625 Y44.033203125
G1 X13.623046875 Y44.12109375
G1 X13.623046875 Y44.296875
G1 X13.7109375 Y44.384765625
G1 X13.7109375 Y44.6484375
G1 X13.798828125 Y44.736328125
G1 X13.798828125 Y44.82421875
G1 X13.7109375 Y44.912109375
G1 X13.7109375 Y45.0
G1 X13.53515625 Y45.17578125
G1 X13.53515625 Y45.263671875
G1 X13.447265625 Y45.3515625
G1 X13.447265625 Y45.439453125
G1 X13.359375 Y45.52734375
G1 X13.359375 Y45.615234375
G1 X13.271484375 Y45.703125
G1 X13.271484375 Y45.87890625
G1 X13.18359375 Y45.966796875
G1 X13.18359375 Y46.142578125
G1 X13.095703125 Y46.23046875
G1 X13.095703125 Y46.494140625
G1 X13.0078125 Y46.58203125
G1 X13.0078125 Y46.7578125
G1 X12.919921875 Y46.845703125
G1 X12.919921875 Y47.197265625
G1 X12.83203125 Y47.28515625
G1 X12.83203125 Y47.8125
G1 X12.744140625 Y47.900390625
G1 X12.744140625 Y48.955078125
G1 X12.65625 Y49.04296875
G1 X12.744140625 Y49.130859375
G1 X12.744140625 Y49.306640625
G1 X12.65625 Y49.39453125
G1 X12.65625 Y49.658203125
G1 X12.744140625 Y49.74609375
G1 X12.744140625 Y49.833984375
G1 X12.65625 Y49.921875
G1 X12.744140625 Y50.009765625
G1 X12.744140625 Y51.416015625
G1 X12.83203125 Y51.50390625
G1 X12.83203125 Y52.470703125
G1 X12.919921875 Y52.55859375
G1 X12.83203125 Y52.646484375
G1 X12.83203125 Y52.734375
G1 X12.744140625 Y52.822265625
G1 X12.744140625 Y52.91015625
G1 X12.568359375 Y53.0859375
G1 X12.568359375 Y53.173828125
G1 X12.392578125 Y53.349609375
G1 X12.392578125 Y53.4375
G1 X12.3046875 Y53.525390625
G1 X12.3046875 Y53.61328125
G1 X12.216796875 Y53.701171875
G1 X12.216796875 Y53.7890625
G1 X12.12890625 Y53.876953125
G1 X12.12890625 Y53.96484375
G1 X12.041015625 Y54.052734375
G1 X12.041015625 Y54.140625
G1 X11.865234375 Y54.31640625
G1 X11.865234375 Y54.404296875
G1 X11.865234375 Y54.31640625
G1 X12.041015625 Y54.140625
G1 X12.041015625 Y54.052734375
G1 X12.12890625 Y53.96484375
G1 X12.12890625 Y53.876953125
G1 X12.216796875 Y53.7890625
G1 X12.216796875 Y53.701171875
G1 X12.392578125 Y53.525390625
G1 X12.392578125 Y53.4375
G1 X12.48046875 Y53.349609375
G1 X12.48046875 Y53.26171875
G1 X12.568359375 Y53.173828125
G1 X12.568359375 Y53.0859375
G1 X12.83203125 Y52.822265625
G1 X12.919921875 Y52.91015625
G1 X12.919921875 Y53.61328125
G1 X13.0078125 Y53.701171875
G1 X13.0078125 Y54.228515625
G1 X13.095703125 Y54.31640625
G1 X13.095703125 Y54.755859375
G1 X13.18359375 Y54.84375
G1 X13.18359375 Y55.283203125
G1 X13.271484375 Y55.37109375
G1 X13.271484375 Y55.72265625
G1 X13.359375 Y55.810546875
G1 X13.359375 Y56.25
G1 X13.447265625 Y56.337890625
G1 X13.447265625 Y56.513671875
G1 X13.53515625 Y56.6015625
G1 X13.53515625 Y56.865234375
G1 X13.623046875 Y56.953125
G1 X13.623046875 Y57.216796875
G1 X13.7109375 Y57.3046875
G1 X13.7109375 Y57.392578125
G1 X13.798828125 Y57.48046875
G1 X13.798828125 Y57.65625
G1 X13.88671875 Y57.744140625
G1 X13.88671875 Y58.0078125
G1 X13.974609375 Y58.095703125
G1 X13.974609375 Y58.18359375
G1 X14.0625 Y58.271484375
G1 X14.0625 Y58.359375
G1 X14.150390625 Y58.447265625
G1 X14.150390625 Y58.53515625
G1 X14.23828125 Y58.623046875
G1 X14.23828125 Y58.798828125
G1 X14.326171875 Y58.88671875
G1 X14.326171875 Y58.974609375
G1 X14.4140625 Y59.0625
G1 X14.4140625 Y59.150390625
G1 X14.58984375 Y59.326171875
G1 X14.58984375 Y59.4140625
G1 X14.677734375 Y59.501953125
G1 X14.677734375 Y59.58984375
G1 X14.853515625 Y59.765625
G1 X14.853515625 Y59.853515625
G1 X14.94140625 Y59.94140625
G1 X14.94140625 Y60.029296875
G1 X15.1171875 Y60.205078125
G1 X15.1171875 Y60.29296875
G1 X15.29296875 Y60.46875
G1 X15.29296875 Y60.556640625
G1 X15.380859375 Y60.64453125
G1 X15.380859375 Y60.732421875
G1 X15.46875 Y60.8203125
G1 X15.46875 Y60.908203125
G1 X15.556640625 Y60.908203125
G1 X15.64453125 Y60.99609375
G1 X15.64453125 Y61.083984375
G1 X15.732421875 Y61.171875
G1 X15.732421875 Y61.259765625
G1 X15.8203125 Y61.34765625
G1 X15.8203125 Y61.435546875
G1 X15.99609375 Y61.611328125
G1 X15.99609375 Y61.69921875
G1 X16.171875 Y61.875
G1 X16.171875 Y61.962890625
G1 X16.34765625 Y62.138671875
G1 X16.34765625 Y62.314453125
G1 X16.5234375 Y62.490234375
G1 X16.5234375 Y62.578125
G1 X16.611328125 Y62.666015625
G1 X16.611328125 Y62.75390625
G1 X16.69921875 Y62.841796875
G1 X16.69921875 Y62.9296875
G1 X16.875 Y63.10546875
G1 X16.875 Y63.193359375
G1 X16.962890625 Y63.28125
G1 X16.962890625 Y63.369140625
G1 X17.05078125 Y63.45703125
G1 X17.05078125 Y63.6328125
G1 X17.138671875 Y63.720703125
G1 X17.138671875 Y63.80859375
G1 X17.2265625 Y63.896484375
G1 X17.2265625 Y64.072265625
G1 X17.314453125 Y64.16015625
G1 X17.314453125 Y64.248046875
G1 X17.40234375 Y64.3359375
G1 X17.40234375 Y64.423828125
G1 X17.490234375 Y64.51171875
G1 X17.490234375 Y64.599609375
G1 X17.578125 Y64.6875
G1 X17.578125 Y64.86328125
G1 X17.666015625 Y64.951171875
G1 X17.666015625 Y65.0390625
G1 X17.75390625 Y65.126953125
G1 X17.75390625 Y65.302734375
G1 X17.841796875 Y65.390625
G1 X17.841796875 Y65.478515625
G1 X17.9296875 Y65.56640625
G1 X17.9296875 Y65.654296875
G1 X18.017578125 Y65.7421875
G1 X18.017578125 Y65.830078125
G1 X18.10546875 Y65.91796875
G1 X18.10546875 Y66.09375
G1 X18.28125 Y66.26953125
G1 X18.28125 Y66.357421875
G1 X18.369140625 Y66.4453125
G1 X18.369140625 Y66.533203125
G1 X18.45703125 Y66.62109375
G1 X18.45703125 Y66.708984375
G1 X18.544921875 Y66.796875
G1 X18.544921875 Y66.97265625
G1 X18.6328125 Y67.060546875
G1 X18.6328125 Y67.1484375
G1 X18.720703125 Y67.236328125
G1 X18.720703125 Y67.32421875
G1 X18.80859375 Y67.412109375
G1 X18.80859375 Y67.587890625
G1 X18.896484375 Y67.67578125
G1 X18.896484375 Y67.939453125
G1 X18.984375 Y68.02734375
G1 X18.984375 Y68.203125
G1 X19.072265625 Y68.291015625
G1 X19.072265625 Y68.466796875
G1 X19.16015625 Y68.5546875
G1 X19.16015625 Y68.818359375
G1 X19.248046875 Y68.90625
G1 X19.248046875 Y69.08203125
G1 X19.3359375 Y69.169921875
G1 X19.3359375 Y69.345703125
G1 X19.423828125 Y69.43359375
G1 X19.423828125 Y69.521484375
G1 X19.51171875 Y69.609375
G1 X19.51171875 Y69.78515625
G1 X19.599609375 Y69.873046875
G1 X19.599609375 Y69.9609375
G1 X19.6875 Y70.048828125
G1 X19.6875 Y70.13671875
G1 X19.775390625 Y70.224609375
G1 X19.775390625 Y70.3125
G1 X19.86328125 Y70.400390625
G1 X19.86328125 Y70.48828125
G1 X19.951171875 Y70.576171875
G1 X19.951171875 Y70.6640625
G1 X20.126953125 Y70.83984375
G1 X20.126953125 Y70.927734375
G1 X20.21484375 Y71.015625
G1 X20.21484375 Y71.103515625
G1 X20.56640625 Y71.455078125
G1 X20.56640625 Y71.54296875
G1 X21.62109375 Y72.59765625
G1 X21.708984375 Y72.59765625
G1 X21.97265625 Y72.861328125
G1 X22.060546875 Y72.861328125
G1 X22.236328125 Y73.037109375
G1 X22.32421875 Y73.037109375
G1 X22.5 Y73.212890625
G1 X22.587890625 Y73.212890625
G1 X22.67578125 Y73.30078125
G1 X22.763671875 Y73.30078125
G1 X22.939453125 Y73.4765625
G1 X23.02734375 Y73.4765625
G1 X23.115234375 Y73.564453125
G1 X23.203125 Y73.564453125
G1 X23.291015625 Y73.65234375
G1 X23.37890625 Y73.65234375
G1 X23.466796875 Y73.740234375
G1 X23.5546875 Y73.740234375
G1 X23.642578125 Y73.828125
G1 X23.73046875 Y73.828125
G1 X23.818359375 Y73.916015625
G1 X23.994140625 Y73.916015625
G1 X24.08203125 Y74.00390625
G1 X24.169921875 Y74.00390625
G1 X24.2578125 Y74.091796875
G1 X24.43359375 Y74.091796875
G1 X24.521484375 Y74.1796875
G1 X24.609375 Y74.1796875
G1 X24.697265625 Y74.267578125
G1 X24.873046875 Y74.267578125
G1 X24.9609375 Y74.35546875
G1 X25.13671875 Y74.35546875
G1 X25.224609375 Y74.443359375
G1 X25.48828125 Y74.443359375
G1 X25.576171875 Y74.53125
G1 X25.751953125 Y74.53125
G1 X25.83984375 Y74.619140625
G1 X26.015625 Y74.619140625
G1 X26.103515625 Y74.70703125
G1 X26.3671875 Y74.70703125
G1 X26.455078125 Y74.794921875
G1 X26.806640625 Y74.794921875
G1 X26.89453125 Y74.8828125
G1 X27.24609375 Y74.8828125
G1 X27.333984375 Y74.970703125
G1 X27.7734375 Y74.970703125
G1 X27.861328125 Y75.05859375
G1 X28.388671875 Y75.05859375
G1 X28.4765625 Y75.146484375
G1 X29.35546875 Y75.146484375
G1 X29.443359375 Y75.234375
G1 X31.81640625 Y75.234375
G1 X31.904296875 Y75.146484375
G1 X32.783203125 Y75.146484375
G1 X32.87109375 Y75.05859375
G1 X33.3984375 Y75.05859375
G1 X33.486328125 Y74.970703125
G1 X33.92578125 Y74.970703125
G1 X34.013671875 Y74.8828125
G1 X34.365234375 Y74.8828125
G1 X34.453125 Y74.794921875
G1 X34.716796875 Y74.794921875
G1 X34.8046875 Y74.70703125
G1 X35.068359375 Y74.70703125
G1 X35.15625 Y74.619140625
G1 X35.419921875 Y74.619140625
G1 X35.5078125 Y74.53125
G1 X35.68359375 Y74.53125
G1 X35.771484375 Y74.443359375
G1 X35.947265625 Y74.443359375
G1 X36.03515625 Y74.35546875
G1 X36.123046875 Y74.35546875
G1 X36.2109375 Y74.267578125
G1 X36.38671875 Y74.267578125
G1 X36.474609375 Y74.1796875
G1 X36.5625 Y74.1796875
G1 X36.650390625 Y74.091796875
G1 X36.826171875 Y74.091796875
G1 X36.9140625 Y74.00390625
G1 X37.001953125 Y74.00390625
G1 X37.08984375 Y73.916015625
G1 X37.177734375 Y73.916015625
G1 X37.265625 Y73.828125
G1 X37.44140625 Y73.828125
G1 X37.529296875 Y73.740234375
G1 X37.6171875 Y73.740234375
G1 X37.705078125 Y73.65234375
G1 X37.880859375 Y73.65234375
G1 X37.96875 Y73.564453125
G1 X38.056640625 Y73.564453125
G1 X38.232421875 Y73.388671875
G1 X38.3203125 Y73.388671875
G1 X38.408203125 Y73.30078125
G1 X38.49609375 Y73.30078125
G1 X38.583984375 Y73.388671875
G1 X38.671875 Y73.30078125
G1 X39.19921875 Y73.30078125
G1 X39.287109375 Y73.212890625
G1 X39.7265625 Y73.212890625
G1 X39.814453125 Y73.125
G1 X40.341796875 Y73.125
G1 X40.4296875 Y73.037109375
G1 X40.78125 Y73.037109375
G1 X40.869140625 Y72.94921875
G1 X41.1328125 Y72.94921875
G1 X41.220703125 Y72.861328125
G1 X41.396484375 Y72.861328125
G1 X41.484375 Y72.7734375
G1 X41.572265625 Y72.7734375
G1 X41.66015625 Y72.685546875
G1 X41.748046875 Y72.685546875
G1 X41.8359375 Y72.7734375
G1 X42.099609375 Y72.7734375
G1 X42.1875 Y72.861328125
G1 X42.36328125 Y72.861328125
G1 X42.451171875 Y72.94921875
G1 X42.626953125 Y72.94921875
G1 X42.71484375 Y73.037109375
G1 X42.978515625 Y73.037109375
G1 X43.06640625 Y73.125
G1 X43.330078125 Y73.125
G1 X43.41796875 Y73.212890625
G1 X43.76953125 Y73.212890625
G1 X43.857421875 Y73.30078125
G1 X44.6484375 Y73.30078125
G1 X44.736328125 Y73.388671875
G1 X46.40625 Y73.388671875
G1 X46.494140625 Y73.30078125
G1 X47.28515625 Y73.30078125
G1 X47.373046875 Y73.212890625
G1 X47.900390625 Y73.212890625
G1 X47.98828125 Y73.125
G1 X48.33984375 Y73.125
G1 X48.427734375 Y73.037109375
G1 X48.69140625 Y73.037109375
G1 X48.779296875 Y72.94921875
G1 X48.955078125 Y72.94921875
G1 X49.04296875 Y72.861328125
G1 X49.21875 Y72.861328125
G1 X49.306640625 Y72.7734375
G1 X49.482421875 Y72.7734375
G1 X49.5703125 Y72.685546875
G1 X49.74609375 Y72.685546875
G1 X49.833984375 Y72.59765625
G1 X50.009765625 Y72.59765625
G1 X50.09765625 Y72.509765625
G1 X50.185546875 Y72.509765625
G1 X50.2734375 Y72.421875
G1 X50.44921875 Y72.421875
G1 X50.537109375 Y72.333984375
G1 X50.625 Y72.333984375
G1 X50.712890625 Y72.24609375
G1 X50.80078125 Y72.24609375
G1 X50.888671875 Y72.158203125
G1 X50.9765625 Y72.158203125
G1 X51.15234375 Y71.982421875
G1 X51.240234375 Y71.982421875
G1 X51.328125 Y71.89453125
G1 X51.416015625 Y71.89453125
G1 X51.50390625 Y71.806640625
G1 X51.591796875 Y71.806640625
G1 X51.767578125 Y71.630859375
G1 X51.85546875 Y71.630859375
G1 X51.943359375 Y71.54296875
G1 X52.03125 Y71.54296875
G1 X52.20703125 Y71.3671875
G1 X52.294921875 Y71.3671875
G1 X52.55859375 Y71.103515625
G1 X52.646484375 Y71.103515625
G1 X52.822265625 Y70.927734375
G1 X52.91015625 Y70.927734375
G1 X53.26171875 Y70.576171875
G1 X53.349609375 Y70.576171875
G1 X54.755859375 Y69.169921875
G1 X54.755859375 Y69.08203125
G1 X55.01953125 Y68.818359375
G1 X55.01953125 Y68.73046875
G1 X55.1953125 Y68.5546875
G1 X55.1953125 Y68.466796875
G1 X55.458984375 Y68.203125
G1 X55.458984375 Y68.115234375
G1 X55.546875 Y68.02734375
G1 X55.546875 Y67.939453125
G1 X55.72265625 Y67.763671875
G1 X55.72265625 Y67.67578125
G1 X55.810546875 Y67.587890625
G1 X55.810546875 Y67.5
G1 X55.8984375 Y67.412109375
G1 X55.8984375 Y67.32421875
G1 X56.07421875 Y67.1484375
G1 X56.07421875 Y67.060546875
G1 X56.162109375 Y66.97265625
G1 X56.162109375 Y66.884765625
G1 X56.25 Y66.796875
G1 X56.25 Y66.708984375
G1 X56.337890625 Y66.62109375
G1 X56.337890625 Y66.533203125
G1 X56.42578125 Y66.4453125
G1 X56.42578125 Y66.357421875
G1 X56.513671875 Y66.26953125
G1 X56.513671875 Y66.09375
G1 X56.6015625 Y66.005859375
G1 X56.6015625 Y65.91796875
G1 X56.689453125 Y65.830078125
G1 X56.689453125 Y65.654296875
G1 X56.77734375 Y65.56640625
G1 X56.77734375 Y65.478515625
G1 X56.865234375 Y65.390625
G1 X56.865234375 Y65.21484375
G1 X56.953125 Y65.126953125
G1 X56.953125 Y64.86328125
G1 X57.041015625 Y64.775390625
G1 X57.041015625 Y64.51171875
G1 X57.12890625 Y64.423828125
G1 X57.12890625 Y64.248046875
G1 X57.216796875 Y64.16015625
G1 X57.216796875 Y63.896484375
G1 X57.3046875 Y63.80859375
G1 X57.3046875 Y63.544921875
G1 X57.392578125 Y63.45703125
G1 X57.392578125 Y63.10546875
G1 X57.48046875 Y63.017578125
G1 X57.48046875 Y62.490234375
G1 X57.568359375 Y62.40234375
G1 X57.568359375 Y61.435546875
G1 X57.65625 Y61.34765625
G1 X57.65625 Y59.853515625
G1 X57.744140625 Y59.765625
G1 X57.83203125 Y59.765625
G1 X57.919921875 Y59.677734375
G1 X58.095703125 Y59.677734375
G1 X58.18359375 Y59.58984375
G1 X58.271484375 Y59.58984375
G1 X58.359375 Y59.501953125
G1 X58.53515625 Y59.501953125
G1 X58.623046875 Y59.4140625
G1 X58.7109375 Y59.4140625
G1 X58.798828125 Y59.326171875
G1 X58.974609375 Y59.326171875
G1 X59.0625 Y59.23828125
G1 X59.150390625 Y59.23828125
G1 X59.23828125 Y59.150390625
G1 X59.326171875 Y59.150390625
G1 X59.4140625 Y59.0625
G1 X59.501953125 Y59.0625
G1 X59.58984375 Y58.974609375
G1 X59.94140625 Y58.974609375
G1 X60.029296875 Y59.0625
G1 X60.29296875 Y59.0625
G1 X60.380859375 Y59.150390625
G1 X60.8203125 Y59.150390625
G1 X60.908203125 Y59.23828125
G1 X63.45703125 Y59.23828125
G1 X63.544921875 Y59.150390625
G1 X63.984375 Y59.150390625
G1 X64.072265625 Y59.0625
G1 X64.3359375 Y59.0625
G1 X64.423828125 Y58.974609375
G1 X64.6875 Y58.974609375
G1 X64.775390625 Y58.88671875
G1 X65.0390625 Y58.88671875
G1 X65.126953125 Y58.798828125
G1 X65.302734375 Y58.798828125
G1 X65.390625 Y58.7109375
G1 X65.56640625 Y58.7109375
G1 X65.654296875 Y58.623046875
G1 X65.830078125 Y58.623046875
G1 X65.91796875 Y58.53515625
G1 X66.09375 Y58.53515625
G1 X66.181640625 Y58.447265625
G1 X66.357421875 Y58.447265625
G1 X66.4453125 Y58.359375
G1 X66.533203125 Y58.359375
G1 X66.62109375 Y58.271484375
G1 X66.708984375 Y58.271484375
G1 X66.796875 Y58.18359375
G1 X66.97265625 Y58.18359375
G1 X67.060546875 Y58.095703125
G1 X67.1484375 Y58.095703125
G1 X67.236328125 Y58.0078125
G1 X67.32421875 Y58.0078125
G1 X67.412109375 Y57.919921875
G1 X67.5 Y57.919921875
G1 X67.587890625 Y57.83203125
G1 X67.67578125 Y57.83203125
G1 X67.763671875 Y57.744140625
G1 X67.8515625 Y57.744140625
G1 X67.939453125 Y57.65625
G1 X68.02734375 Y57.65625
G1 X68.203125 Y57.48046875
G1 X68.291015625 Y57.48046875
G1 X68.37890625 Y57.392578125
G1 X68.466796875 Y57.392578125
G1 X68.642578125 Y57.216796875
G1 X68.73046875 Y57.216796875
G1 X68.90625 Y57.041015625
G1 X68.994140625 Y57.041015625
G1 X69.169921875 Y56.865234375
G1 X69.2578125 Y56.865234375
G1 X69.43359375 Y56.689453125
G1 X69.521484375 Y56.689453125
G1 X69.78515625 Y56.42578125
G1 X69.873046875 Y56.42578125
G1 X70.13671875 Y56.162109375
G1 X70.224609375 Y56.162109375
G1 X70.751953125 Y55.634765625
G1 X70.83984375 Y55.634765625
G1 X72.685546875 Y53.7890625
G1 X72.685546875 Y53.701171875
G1 X73.037109375 Y53.349609375
G1 X73.037109375 Y53.26171875
G1 X73.388671875 Y52.91015625
G1 X73.388671875 Y52.822265625
G1 X73.65234375 Y52.55859375
G1 X73.65234375 Y52.470703125
G1 X73.828125 Y52.294921875
G1 X73.828125 Y52.20703125
G1 X74.00390625 Y52.03125
G1 X74.00390625 Y51.943359375
G1 X74.1796875 Y51.767578125
G1 X74.1796875 Y51.6796875
G1 X74.35546875 Y51.50390625
G1 X74.35546875 Y51.416015625
G1 X74.53125 Y51.240234375
G1 X74.53125 Y51.15234375
G1 X74.619140625 Y51.064453125
G1 X74.619140625 Y50.9765625
G1 X74.70703125 Y50.888671875
G1 X74.70703125 Y50.80078125
G1 X74.8828125 Y50.625
G1 X74.8828125 Y50.537109375
G1 X74.970703125 Y50.44921875
G1 X74.970703125 Y50.361328125
G1 X75.05859375 Y50.2734375
G1 X75.05859375 Y50.185546875
G1 X75.146484375 Y50.09765625
G1 X75.146484375 Y50.009765625
G1 X75.234375 Y49.921875
G1 X75.234375 Y49.833984375
G1 X75.322265625 Y49.74609375
G1 X75.322265625 Y49.658203125
G1 X75.41015625 Y49.5703125
G1 X75.41015625 Y49.39453125
G1 X75.498046875 Y49.306640625
G1 X75.498046875 Y49.21875
G1 X75.5859375 Y49.130859375
G1 X75.5859375 Y48.955078125
G1 X75.673828125 Y48.8671875
G1 X75.673828125 Y48.69140625
G1 X75.76171875 Y48.603515625
G1 X75.76171875 Y48.515625
G1 X75.849609375 Y48.427734375
G1 X75.849609375 Y48.251953125
G1 X75.9375 Y48.1640625
G1 X75.9375 Y47.98828125
G1 X76.025390625 Y47.900390625
G1 X76.025390625 Y47.724609375
G1 X76.11328125 Y47.63671875
G1 X76.11328125 Y47.4609375
G1 X76.201171875 Y47.373046875
G1 X76.201171875 Y47.197265625
G1 X76.2890625 Y47.109375
G1 X76.2890625 Y46.845703125
G1 X76.376953125 Y46.7578125
G1 X76.376953125 Y46.58203125
G1 X76.46484375 Y46.494140625
G1 X76.46484375 Y46.23046875
G1 X76.552734375 Y46.142578125
G1 X76.552734375 Y45.791015625
G1 X76.640625 Y45.703125
G1 X76.640625 Y45.439453125
G1 X76.728515625 Y45.3515625
G1 X76.728515625 Y45.087890625
G1 X76.81640625 Y45.0
G1 X76.81640625 Y44.736328125
G1 X76.904296875 Y44.6484375
G1 X76.904296875 Y44.296875
G1 X76.9921875 Y44.208984375
G1 X76.9921875 Y43.857421875
G1 X77.080078125 Y43.76953125
G1 X77.080078125 Y43.154296875
G1 X77.16796875 Y43.06640625
G1 X77.16796875 Y42.099609375
G1 X77.255859375 Y42.01171875
G1 X77.255859375 Y40.166015625
G1 X77.16796875 Y40.078125
G1 X77.16796875 Y39.287109375
G1 X77.080078125 Y39.19921875
G1 X77.080078125 Y38.759765625
G1 X76.9921875 Y38.671875
G1 X76.9921875 Y38.232421875
G1 X76.904296875 Y38.14453125
G1 X76.904296875 Y38.056640625
G1 X77.080078125 Y37.880859375
G1 X77.080078125 Y37.79296875
G1 X77.255859375 Y37.6171875
G1 X77.255859375 Y37.529296875
G1 X77.6953125 Y37.08984375
G1 X77.6953125 Y37.001953125
G1 X77.87109375 Y36.826171875
G1 X77.87109375 Y36.73828125
G1 X78.046875 Y36.5625
G1 X78.046875 Y36.474609375
G1 X78.22265625 Y36.298828125
G1 X78.22265625 Y36.2109375
G1 X78.3984375 Y36.03515625
G1 X78.3984375 Y35.947265625
G1 X78.57421875 Y35.771484375
G1 X78.57421875 Y35.68359375
G1 X78.75 Y35.5078125
G1 X78.75 Y35.419921875
G1 X78.837890625 Y35.33203125
G1 X78.837890625 Y35.244140625
G1 X78.92578125 Y35.15625
G1 X78.92578125 Y35.068359375
G1 X79.013671875 Y34.98046875
G1 X79.013671875 Y34.892578125
G1 X79.1015625 Y34.8046875
G1 X79.1015625 Y34.716796875
G1 X79.189453125 Y34.62890625
G1 X79.189453125 Y34.541015625
G1 X79.27734375 Y34.453125
G1 X79.27734375 Y34.27734375
G1 X79.189453125 Y34.27734375
G1 X79.189453125 Y34.453125
G1 X79.1015625 Y34.541015625
G1 X79.1015625 Y34.62890625
G1 X79.013671875 Y34.716796875
G1 X79.013671875 Y34.8046875
G1 X78.92578125 Y34.892578125
G1 X78.92578125 Y34.98046875
G1 X78.837890625 Y35.068359375
G1 X78.837890625 Y35.15625
G1 X78.662109375 Y35.33203125
G1 X78.662109375 Y35.419921875
G1 X78.57421875 Y35.5078125
G1 X78.57421875 Y35.595703125
G1 X78.3984375 Y35.771484375
G1 X78.3984375 Y35.859375
G1 X78.22265625 Y36.03515625
G1 X78.22265625 Y36.123046875
G1 X78.046875 Y36.298828125
G1 X78.046875 Y36.38671875
G1 X77.783203125 Y36.650390625
G1 X77.783203125 Y36.73828125
G1 X77.51953125 Y37.001953125
G1 X77.51953125 Y37.08984375
G1 X77.16796875 Y37.44140625
G1 X77.16796875 Y37.529296875
G1 X76.904296875 Y37.79296875
G1 X76.81640625 Y37.705078125
G1 X76.81640625 Y37.44140625
G1 X76.728515625 Y37.353515625
G1 X76.728515625 Y37.177734375
G1 X76.640625 Y37.08984375
G1 X76.640625 Y36.826171875
G1 X76.552734375 Y36.73828125
G1 X76.552734375 Y36.5625
G1 X76.46484375 Y36.474609375
G1 X76.46484375 Y36.298828125
G1 X76.376953125 Y36.2109375
G1 X76.376953125 Y36.123046875
G1 X76.2890625 Y36.03515625
G1 X76.2890625 Y35.859375
G1 X76.201171875 Y35.771484375
G1 X76.201171875 Y35.68359375
G1 X76.11328125 Y35.595703125
G1 X76.11328125 Y35.5078125
G1 X76.025390625 Y35.419921875
G1 X76.025390625 Y35.33203125
G1 X75.9375 Y35.244140625
G1 X75.9375 Y35.068359375
G1 X75.849609375 Y34.98046875
G1 X75.849609375 Y34.892578125
G1 X75.76171875 Y34.8046875
G1 X75.76171875 Y34.716796875
G1 X75.5859375 Y34.541015625
G1 X75.5859375 Y34.453125
G1 X75.498046875 Y34.365234375
G1 X75.498046875 Y34.27734375
G1 X75.41015625 Y34.189453125
G1 X75.41015625 Y34.1015625
G1 X75.322265625 Y34.013671875
G1 X75.322265625 Y33.92578125
G1 X75.234375 Y33.837890625
G1 X75.234375 Y33.75
G1 X75.146484375 Y33.662109375
G1 X75.146484375 Y33.57421875
G1 X75.05859375 Y33.486328125
G1 X75.05859375 Y33.3984375
G1 X74.970703125 Y33.310546875
G1 X74.970703125 Y33.22265625
G1 X74.8828125 Y33.134765625
G1 X74.8828125 Y33.046875
G1 X74.794921875 Y32.958984375
G1 X74.794921875 Y32.87109375
G1 X74.70703125 Y32.783203125
G1 X74.70703125 Y32.607421875
G1 X74.619140625 Y32.51953125
G1 X74.619140625 Y32.431640625
G1 X74.53125 Y32.34375
G1 X74.53125 Y32.255859375
G1 X74.443359375 Y32.16796875
G1 X74.443359375 Y31.9921875
G1 X74.35546875 Y31.904296875
G1 X74.35546875 Y31.728515625
G1 X74.267578125 Y31.640625
G1 X74.267578125 Y31.376953125
G1 X74.1796875 Y31.2890625
G1 X74.1796875 Y31.025390625
G1 X74.091796875 Y30.9375
G1 X74.091796875 Y30.673828125
G1 X74.00390625 Y30.5859375
G1 X74.00390625 Y30.234375
G1 X73.916015625 Y30.146484375
G1 X73.916015625 Y29.619140625
G1 X73.828125 Y29.53125
G1 X73.828125 Y28.828125
G1 X73.740234375 Y28.740234375
G1 X73.740234375 Y28.212890625
G1 X73.65234375 Y28.125
G1 X73.65234375 Y27.59765625
G1 X73.564453125 Y27.509765625
G1 X73.564453125 Y27.158203125
G1 X73.4765625 Y27.0703125
G1 X73.4765625 Y26.89453125
G1 X73.388671875 Y26.806640625
G1 X73.388671875 Y26.630859375
G1 X73.30078125 Y26.54296875
G1 X73.30078125 Y26.3671875
G1 X73.212890625 Y26.279296875
G1 X73.212890625 Y26.19140625
G1 X73.125 Y26.103515625
G1 X73.125 Y25.927734375
G1 X73.037109375 Y25.83984375
G1 X73.037109375 Y25.751953125
G1 X72.94921875 Y25.6640625
G1 X72.94921875 Y25.576171875
G1 X72.861328125 Y25.48828125
G1 X72.861328125 Y25.400390625
G1 X72.685546875 Y25.224609375
G1 X72.685546875 Y25.13671875
G1 X72.59765625 Y25.048828125
G1 X72.59765625 Y24.9609375
G1 X72.421875 Y24.78515625
G1 X72.421875 Y24.697265625
G1 X72.333984375 Y24.609375
G1 X72.333984375 Y24.521484375
G1 X72.0703125 Y24.2578125
G1 X72.0703125 Y24.169921875
G1 X71.279296875 Y23.37890625
G1 X71.19140625 Y23.37890625
G1 X70.83984375 Y23.02734375
G1 X70.751953125 Y23.02734375
G1 X70.48828125 Y22.763671875
G1 X70.400390625 Y22.763671875
G1 X70.224609375 Y22.587890625
G1 X70.13671875 Y22.587890625
G1 X69.9609375 Y22.412109375
G1 X69.873046875 Y22.412109375
G1 X69.78515625 Y22.32421875
G1 X69.697265625 Y22.32421875
G1 X69.609375 Y22.236328125
G1 X69.521484375 Y22.236328125
G1 X69.43359375 Y22.1484375
G1 X69.2578125 Y22.1484375
G1 X69.169921875 Y22.060546875
G1 X69.08203125 Y22.060546875
G1 X68.642578125 Y21.62109375
G1 X68.642578125 Y21.533203125
G1 X68.466796875 Y21.357421875
G1 X68.466796875 Y21.26953125
G1 X68.291015625 Y21.09375
G1 X68.291015625 Y21.005859375
G1 X67.8515625 Y20.56640625
G1 X67.8515625 Y20.478515625
G1 X66.884765625 Y19.51171875
G1 X66.796875 Y19.51171875
G1 X66.357421875 Y19.072265625
G1 X66.26953125 Y19.072265625
G1 X66.005859375 Y18.80859375
G1 X65.91796875 Y18.80859375
G1 X65.7421875 Y18.6328125
G1 X65.654296875 Y18.6328125
G1 X65.478515625 Y18.45703125
G1 X65.390625 Y18.45703125
G1 X65.21484375 Y18.28125
G1 X65.126953125 Y18.28125
G1 X65.0390625 Y18.193359375
G1 X64.951171875 Y18.193359375
G1 X64.86328125 Y18.10546875
G1 X64.775390625 Y18.10546875
G1 X64.6875 Y18.017578125
G1 X64.599609375 Y18.017578125
G1 X64.51171875 Y17.9296875
G1 X64.423828125 Y17.9296875
G1 X64.3359375 Y17.841796875
G1 X64.16015625 Y17.841796875
G1 X64.072265625 Y17.75390625
G1 X63.984375 Y17.75390625
G1 X63.896484375 Y17.666015625
G1 X63.80859375 Y17.666015625
G1 X63.720703125 Y17.578125
G1 X63.544921875 Y17.578125
G1 X63.45703125 Y17.490234375
G1 X63.369140625 Y17.490234375
G1 X63.28125 Y17.40234375
G1 X63.10546875 Y17.40234375
G1 X63.017578125 Y17.314453125
G1 X62.841796875 Y17.314453125
G1 X62.75390625 Y17.2265625
G1 X62.490234375 Y17.2265625
G1 X62.40234375 Y17.138671875
G1 X62.138671875 Y17.138671875
G1 X62.05078125 Y17.05078125
G1 X61.611328125 Y17.05078125
G1 X61.5234375 Y16.962890625
G1 X61.259765625 Y16.962890625
G1 X61.171875 Y17.05078125
G1 X61.5234375 Y17.05078125
G1 X61.611328125 Y17.138671875
G1 X61.962890625 Y17.138671875
G1 X62.05078125 Y17.2265625
G1 X62.314453125 Y17.2265625
G1 X62.40234375 Y17.314453125
G1 X62.578125 Y17.314453125
G1 X62.666015625 Y17.40234375
G1 X62.841796875 Y17.40234375
G1 X62.9296875 Y17.490234375
G1 X63.10546875 Y17.490234375
G1 X63.193359375 Y17.578125
G1 X63.369140625 Y17.578125
G1 X63.45703125 Y17.666015625
G1 X63.544921875 Y17.666015625
G1 X63.6328125 Y17.75390625
G1 X63.720703125 Y17.75390625
G1 X63.80859375 Y17.841796875
G1 X63.984375 Y17.841796875
G1 X64.072265625 Y17.9296875
G1 X64.16015625 Y17.9296875
G1 X64.248046875 Y18.017578125
G1 X64.3359375 Y18.017578125
G1 X64.423828125 Y18.10546875
G1 X64.51171875 Y18.10546875
G1 X64.599609375 Y18.193359375
G1 X64.6875 Y18.193359375
G1 X64.775390625 Y18.28125
G1 X64.86328125 Y18.28125
G1 X64.951171875 Y18.369140625
G1 X65.0390625 Y18.369140625
G1 X65.21484375 Y18.544921875
G1 X65.302734375 Y18.544921875
G1 X65.478515625 Y18.720703125
G1 X65.56640625 Y18.720703125
G1 X65.654296875 Y18.80859375
G1 X65.7421875 Y18.80859375
G1 X66.005859375 Y19.072265625
G1 X66.09375 Y19.072265625
G1 X66.62109375 Y19.599609375
G1 X66.708984375 Y19.599609375
G1 X67.8515625 Y20.7421875
G1 X67.8515625 Y20.830078125
G1 X68.115234375 Y21.09375
G1 X68.115234375 Y21.181640625
G1 X68.466796875 Y21.533203125
G1 X68.466796875 Y21.62109375
G1 X68.642578125 Y21.796875
G1 X68.5546875 Y21.884765625
G1 X68.37890625 Y21.884765625
G1 X68.291015625 Y21.796875
G1 X66.708984375 Y21.796875
G1 X66.62109375 Y21.884765625
G1 X66.357421875 Y21.884765625
G1 X66.796875 Y21.884765625
G1 X66.884765625 Y21.796875
G1 X67.67578125 Y21.796875
G1 X67.763671875 Y21.884765625
G1 X67.8515625 Y21.796875
G1 X67.939453125 Y21.884765625
G1 X68.37890625 Y21.884765625
G1 X68.466796875 Y21.97265625
G1 X68.642578125 Y21.97265625
G1 X68.818359375 Y22.1484375
G1 X68.818359375 Y22.236328125
G1 X68.994140625 Y22.412109375
G1 X68.994140625 Y22.5
G1 X69.08203125 Y22.587890625
G1 X69.08203125 Y22.67578125
G1 X69.169921875 Y22.763671875
G1 X69.169921875 Y22.8515625
G1 X69.2578125 Y22.939453125
G1 X69.2578125 Y23.02734375
G1 X69.345703125 Y23.115234375
G1 X69.345703125 Y23.291015625
G1 X69.43359375 Y23.37890625
G1 X69.43359375 Y23.5546875
G1 X69.521484375 Y23.642578125
G1 X69.521484375 Y23.73046875
G1 X69.609375 Y23.818359375
G1 X69.609375 Y23.994140625
G1 X69.697265625 Y24.08203125
G1 X69.697265625 Y24.2578125
G1 X69.78515625 Y24.345703125
G1 X69.78515625 Y24.609375
G1 X69.873046875 Y24.697265625
G1 X69.873046875 Y24.9609375
G1 X69.9609375 Y25.048828125
G1 X69.9609375 Y25.48828125
G1 X70.048828125 Y25.576171875
G1 X70.048828125 Y26.103515625
G1 X70.13671875 Y26.19140625
G1 X70.13671875 Y27.509765625
G1 X70.224609375 Y27.59765625
G1 X70.224609375 Y27.94921875
G1 X70.13671875 Y28.037109375
G1 X70.13671875 Y29.443359375
G1 X70.048828125 Y29.53125
G1 X70.048828125 Y30.146484375
G1 X69.9609375 Y30.234375
G1 X69.9609375 Y30.673828125
G1 X69.873046875 Y30.76171875
G1 X69.873046875 Y31.11328125
G1 X69.78515625 Y31.201171875
G1 X69.78515625 Y31.552734375
G1 X69.697265625 Y31.640625
G1 X69.697265625 Y31.904296875
G1 X69.609375 Y31.9921875
G1 X69.609375 Y32.255859375
G1 X69.521484375 Y32.34375
G1 X69.521484375 Y32.51953125
G1 X69.43359375 Y32.607421875
G1 X69.43359375 Y32.783203125
G1 X69.345703125 Y32.87109375
G1 X69.345703125 Y33.134765625
G1 X69.2578125 Y33.22265625
G1 X69.2578125 Y33.3984375
G1 X69.169921875 Y33.486328125
G1 X69.169921875 Y33.75
G1 X69.08203125 Y33.837890625
G1 X69.08203125 Y34.1015625
G1 X68.994140625 Y34.189453125
G1 X68.994140625 Y34.365234375
G1 X68.90625 Y34.453125
G1 X68.90625 Y34.716796875
G1 X68.818359375 Y34.8046875
G1 X68.818359375 Y34.98046875
G1 X68.73046875 Y35.068359375
G1 X68.73046875 Y35.419921875
G1 X68.642578125 Y35.5078125
G1 X68.642578125 Y35.859375
G1 X68.5546875 Y35.947265625
G1 X68.37890625 Y35.771484375
G1 X68.37890625 Y35.595703125
G1 X68.115234375 Y35.33203125
G1 X68.115234375 Y35.244140625
G1 X67.8515625 Y34.98046875
G1 X67.8515625 Y34.892578125
G1 X67.5 Y34.541015625
G1 X67.5 Y34.453125
G1 X67.060546875 Y34.013671875
G1 X67.060546875 Y33.92578125
G1 X66.533203125 Y33.3984375
G1 X66.533203125 Y33.310546875
G1 X66.005859375 Y32.783203125
G1 X66.005859375 Y32.6953125
G1 X65.654296875 Y32.34375
G1 X65.654296875 Y32.255859375
G1 X65.478515625 Y32.080078125
G1 X65.390625 Y32.080078125
G1 X65.302734375 Y31.9921875
G1 X65.302734375 Y31.904296875
G1 X65.21484375 Y31.81640625
G1 X65.302734375 Y31.728515625
G1 X65.302734375 Y30.76171875
G1 X65.390625 Y30.673828125
G1 X65.390625 Y29.619140625
G1 X65.478515625 Y29.53125
G1 X65.478515625 Y29.35546875
G1 X65.390625 Y29.267578125
G1 X65.478515625 Y29.1796875
G1 X65.56640625 Y29.1796875
G1 X66.708984375 Y30.322265625
G1 X66.796875 Y30.322265625
G1 X67.32421875 Y30.849609375
G1 X67.412109375 Y30.849609375
G1 X67.587890625 Y31.025390625
G1 X67.060546875 Y30.498046875
G1 X66.97265625 Y30.498046875
G1 X65.390625 Y28.916015625
G1 X65.390625 Y27.421875
G1 X65.302734375 Y27.333984375
G1 X65.302734375 Y26.806640625
G1 X65.21484375 Y26.71875
G1 X65.21484375 Y26.3671875
G1 X65.126953125 Y26.279296875
G1 X65.126953125 Y25.927734375
G1 X65.0390625 Y25.83984375
G1 X65.0390625 Y25.576171875
G1 X64.951171875 Y25.48828125
G1 X64.951171875 Y25.3125
G1 X64.86328125 Y25.224609375
G1 X64.86328125 Y25.048828125
G1 X64.775390625 Y24.9609375
G1 X64.775390625 Y24.873046875
G1 X64.6875 Y24.78515625
G1 X64.6875 Y24.609375
G1 X64.599609375 Y24.521484375
G1 X64.599609375 Y24.43359375
G1 X64.51171875 Y24.345703125
G1 X64.51171875 Y24.2578125
G1 X64.423828125 Y24.169921875
G1 X64.423828125 Y23.994140625
G1 X64.3359375 Y23.90625
G1 X64.3359375 Y23.818359375
G1 X64.248046875 Y23.73046875
G1 X64.248046875 Y23.642578125
G1 X64.072265625 Y23.466796875
G1 X64.072265625 Y23.37890625
G1 X63.984375 Y23.291015625
G1 X63.984375 Y23.203125
G1 X63.80859375 Y23.02734375
G1 X63.80859375 Y22.939453125
G1 X63.720703125 Y22.8515625
G1 X63.720703125 Y22.763671875
G1 X63.45703125 Y22.5
G1 X63.45703125 Y22.412109375
G1 X63.193359375 Y22.1484375
G1 X63.193359375 Y22.060546875
G1 X62.138671875 Y21.005859375
G1 X62.05078125 Y21.005859375
G1 X61.787109375 Y20.7421875
G1 X61.69921875 Y20.7421875
G1 X61.5234375 Y20.56640625
G1 X61.435546875 Y20.56640625
G1 X61.259765625 Y20.390625
G1 X61.171875 Y20.390625
G1 X61.083984375 Y20.302734375
G1 X60.99609375 Y20.302734375
G1 X60.908203125 Y20.21484375
G1 X60.8203125 Y20.21484375
G1 X60.732421875 Y20.126953125
G1 X60.64453125 Y20.126953125
G1 X60.556640625 Y20.0390625
G1 X60.46875 Y20.0390625
G1 X59.94140625 Y19.51171875
G1 X59.94140625 Y19.423828125
G1 X58.88671875 Y18.369140625
G1 X58.798828125 Y18.369140625
G1 X58.53515625 Y18.10546875
G1 X58.447265625 Y18.10546875
G1 X58.271484375 Y17.9296875
G1 X58.18359375 Y17.9296875
G1 X58.095703125 Y17.841796875
G1 X58.0078125 Y17.841796875
G1 X57.83203125 Y17.666015625
G1 X57.744140625 Y17.666015625
G1 X57.65625 Y17.578125
G1 X57.568359375 Y17.578125
G1 X57.48046875 Y17.490234375
G1 X57.392578125 Y17.490234375
G1 X57.3046875 Y17.40234375
G1 X57.216796875 Y17.40234375
G1 X57.12890625 Y17.314453125
G1 X57.041015625 Y17.314453125
G1 X56.953125 Y17.2265625
G1 X56.865234375 Y17.2265625
G1 X56.77734375 Y17.138671875
G1 X56.6015625 Y17.138671875
G1 X56.513671875 Y17.05078125
G1 X56.337890625 Y17.05078125
G1 X56.25 Y16.962890625
G1 X56.07421875 Y16.962890625
G1 X55.986328125 Y16.875
G1 X55.810546875 Y16.875
G1 X55.72265625 Y16.787109375
G1 X55.546875 Y16.787109375
G1 X55.458984375 Y16.69921875
G1 X55.1953125 Y16.69921875
G1 X55.107421875 Y16.611328125
G1 X54.84375 Y16.611328125
G1 X54.755859375 Y16.5234375
G1 X54.31640625 Y16.5234375
G1 X54.228515625 Y16.435546875
G1 X53.7890625 Y16.435546875
G1 X53.701171875 Y16.34765625
G1 X52.822265625 Y16.34765625
G1 X52.734375 Y16.259765625
G1 X52.822265625 Y16.171875
G1 X52.91015625 Y16.171875
G1 X52.998046875 Y16.083984375
G1 X53.173828125 Y16.083984375
G1 X53.26171875 Y15.99609375
G1 X53.349609375 Y15.99609375
G1 X53.4375 Y15.908203125
G1 X53.61328125 Y15.908203125
G1 X53.701171875 Y15.8203125
G1 X53.876953125 Y15.8203125
G1 X53.96484375 Y15.732421875
G1 X54.140625 Y15.732421875
G1 X54.228515625 Y15.64453125
G1 X54.404296875 Y15.64453125
G1 X54.4921875 Y15.556640625
G1 X54.66796875 Y15.556640625
G1 X54.755859375 Y15.46875
G1 X55.01953125 Y15.46875
G1 X55.107421875 Y15.380859375
G1 X55.37109375 Y15.380859375
G1 X55.458984375 Y15.29296875
G1 X55.72265625 Y15.29296875
G1 X55.810546875 Y15.205078125
G1 X56.162109375 Y15.205078125
G1 X56.25 Y15.1171875
G1 X56.6015625 Y15.1171875
G1 X56.689453125 Y15.029296875
G1 X57.216796875 Y15.029296875
G1 X57.3046875 Y14.94140625
G1 X57.919921875 Y14.94140625
G1 X58.0078125 Y14.853515625
G1 X58.88671875 Y14.853515625
G1 X58.974609375 Y14.765625
G1 X61.5234375 Y14.765625
G1 X61.611328125 Y14.853515625
G1 X61.69921875 Y14.765625
G1 X61.787109375 Y14.853515625
G1 X62.314453125 Y14.853515625
G1 X61.962890625 Y14.853515625
G1 X61.875 Y14.765625
G1 X60.8203125 Y14.765625
G1 X60.732421875 Y14.677734375
G0 X9.052734375 Y14.677734375
G1 X9.052734375 Y14.677734375
G0 X5.361328125 Y14.677734375
G1 X5.361328125 Y14.677734375
G0 X86.572265625 Y14.58984375
G1 X86.572265625 Y14.58984375
G0 X85.4296875 Y14.58984375
G1 X85.4296875 Y14.58984375
G0 X83.935546875 Y14.58984375
G1 X83.935546875 Y14.58984375
G0 X83.583984375 Y14.58984375
G1 X83.583984375 Y14.58984375
G0 X3.69140625 Y14.58984375
G1 X3.69140625 Y14.58984375
G1 X3.779296875 Y14.58984375
G0 X86.8359375 Y14.501953125
G1 X86.8359375 Y14.501953125
G0 X84.55078125 Y14.501953125
G1 X84.55078125 Y14.501953125
G1 X84.55078125 Y14.58984375
G1 X84.638671875 Y14.58984375
G0 X84.19921875 Y14.501953125
G1 X84.19921875 Y14.501953125
G0 X3.955078125 Y14.501953125
G1 X3.955078125 Y14.501953125
G0 X87.01171875 Y14.4140625
G1 X87.01171875 Y14.4140625
G0 X86.1328125 Y14.4140625
G1 X86.1328125 Y14.4140625
G1 X86.220703125 Y14.4140625
G0 X85.25390625 Y14.4140625
G1 X85.25390625 Y14.4140625
G0 X84.90234375 Y14.4140625
G1 X84.90234375 Y14.4140625
G1 X84.90234375 Y14.501953125
G0 X83.759765625 Y14.4140625
G1 X83.759765625 Y14.4140625
G0 X83.408203125 Y14.4140625
G1 X83.408203125 Y14.4140625
G0 X8.96484375 Y14.4140625
G1 X8.96484375 Y14.4140625
G0 X88.06640625 Y14.326171875
G1 X88.06640625 Y14.326171875
G1 X88.06640625 Y14.501953125
G1 X88.154296875 Y14.4140625
G0 X87.451171875 Y14.326171875
G1 X87.451171875 Y14.326171875
G1 X87.36328125 Y14.4140625
G1 X87.5390625 Y14.4140625
G0 X84.7265625 Y14.326171875
G1 X84.7265625 Y14.326171875
G0 X5.712890625 Y14.326171875
G1 X5.712890625 Y14.326171875
G0 X87.626953125 Y14.23828125
G1 X87.626953125 Y14.23828125
G1 X87.802734375 Y14.4140625
G1 X87.802734375 Y14.501953125
G1 X87.890625 Y14.501953125
G1 X87.890625 Y14.4140625
G1 X87.802734375 Y14.4140625
G1 X87.71484375 Y14.326171875
G1 X87.71484375 Y14.23828125
G0 X86.220703125 Y14.23828125
G1 X86.220703125 Y14.23828125
G0 X84.375 Y14.23828125
G1 X84.375 Y14.23828125
G0 X83.583984375 Y14.23828125
G1 X83.583984375 Y14.23828125
G0 X5.2734375 Y14.23828125
G1 X5.2734375 Y14.23828125
G0 X87.1875 Y14.150390625
G1 X87.1875 Y14.150390625
G1 X87.099609375 Y14.23828125
G0 X86.8359375 Y14.150390625
G1 X86.8359375 Y14.150390625
G0 X84.90234375 Y14.150390625
G1 X84.90234375 Y14.150390625
G1 X84.990234375 Y14.150390625
G0 X84.111328125 Y14.150390625
G1 X84.111328125 Y14.150390625
G1 X84.19921875 Y14.150390625
G0 X3.955078125 Y14.150390625
G1 X3.955078125 Y14.150390625
G0 X83.408203125 Y14.0625
G1 X83.408203125 Y14.0625
G0 X83.056640625 Y14.0625
G1 X83.056640625 Y14.0625
G0 X87.36328125 Y13.974609375
G1 X87.36328125 Y13.974609375
G1 X87.36328125 Y14.0625
G1 X87.451171875 Y14.0625
G1 X87.451171875 Y13.974609375
G0 X86.220703125 Y13.974609375
G1 X86.220703125 Y13.974609375
G0 X84.0234375 Y13.974609375
G1 X84.0234375 Y13.974609375
G0 X83.671875 Y13.974609375
G1 X83.671875 Y13.974609375
G0 X5.2734375 Y13.974609375
G1 X5.2734375 Y13.974609375
G0 X87.626953125 Y13.88671875
G1 X87.626953125 Y13.88671875
G0 X87.099609375 Y13.88671875
G1 X87.099609375 Y13.88671875
G1 X87.01171875 Y13.974609375
G1 X87.099609375 Y13.974609375
G0 X85.517578125 Y13.88671875
G1 X85.517578125 Y13.88671875
G0 X84.375 Y13.88671875
G1 X84.375 Y13.88671875
G1 X84.375 Y13.974609375
G0 X5.712890625 Y13.88671875
G1 X5.712890625 Y13.88671875
G0 X3.69140625 Y13.88671875
G1 X3.69140625 Y13.88671875
G0 X86.220703125 Y13.798828125
G1 X86.220703125 Y13.798828125
G0 X84.990234375 Y13.798828125
G1 X84.990234375 Y13.798828125
G0 X84.638671875 Y13.798828125
G1 X84.638671875 Y13.798828125
G1 X84.7265625 Y13.88671875
G0 X84.19921875 Y13.798828125
G1 X84.19921875 Y13.798828125
G0 X83.84765625 Y13.798828125
G1 X83.84765625 Y13.798828125
G0 X83.056640625 Y13.798828125
G1 X83.056640625 Y13.798828125
G0 X15.99609375 Y13.798828125
G1 X15.99609375 Y13.798828125
G0 X9.052734375 Y13.798828125
G1 X9.052734375 Y13.798828125
G0 X85.25390625 Y13.7109375
G1 X85.25390625 Y13.7109375
G0 X6.064453125 Y13.7109375
G1 X6.064453125 Y13.7109375
G0 X5.2734375 Y13.7109375
G1 X5.2734375 Y13.7109375
G0 X87.275390625 Y13.623046875
G1 X87.275390625 Y13.623046875
G1 X87.36328125 Y13.623046875
G1 X87.451171875 Y13.7109375
G1 X87.36328125 Y13.623046875
G0 X87.01171875 Y13.623046875
G1 X87.01171875 Y13.623046875
G1 X86.923828125 Y13.7109375
G1 X87.01171875 Y13.623046875
G1 X87.099609375 Y13.623046875
G0 X84.814453125 Y13.623046875
G1 X84.814453125 Y13.623046875
G0 X83.671875 Y13.623046875
G1 X83.671875 Y13.623046875
G0 X16.5234375 Y13.623046875
G1 X16.5234375 Y13.623046875
G0 X5.712890625 Y13.623046875
G1 X5.712890625 Y13.623046875
G0 X86.220703125 Y13.53515625
G1 X86.220703125 Y13.53515625
G0 X85.95703125 Y13.53515625
G1 X85.95703125 Y13.53515625
G0 X9.140625 Y13.53515625
G1 X9.140625 Y13.53515625
G0 X87.451171875 Y13.447265625
G1 X87.451171875 Y13.447265625
G1 X87.71484375 Y13.447265625
G0 X84.638671875 Y13.447265625
G1 X84.638671875 Y13.447265625
G0 X82.79296875 Y13.447265625
G1 X82.79296875 Y13.447265625
G0 X87.099609375 Y13.359375
G1 X87.099609375 Y13.359375
G1 X87.1875 Y13.359375
G0 X85.693359375 Y13.359375
G1 X85.693359375 Y13.359375
G0 X83.232421875 Y13.359375
G1 X83.232421875 Y13.359375
G0 X86.220703125 Y13.271484375
G1 X86.220703125 Y13.271484375
G1 X86.1328125 Y13.359375
G0 X84.90234375 Y13.271484375
G1 X84.90234375 Y13.271484375
G0 X84.462890625 Y13.271484375
G1 X84.462890625 Y13.271484375
G0 X83.583984375 Y13.271484375
G1 X83.583984375 Y13.271484375
G0 X9.052734375 Y13.271484375
G1 X9.052734375 Y13.271484375
G0 X85.869140625 Y13.18359375
G1 X85.869140625 Y13.18359375
G0 X85.25390625 Y13.18359375
G1 X85.25390625 Y13.18359375
G0 X87.5390625 Y13.095703125
G1 X87.5390625 Y13.095703125
G1 X87.626953125 Y13.095703125
G0 X87.275390625 Y13.095703125
G1 X87.275390625 Y13.095703125
G1 X87.275390625 Y13.18359375
G1 X87.36328125 Y13.18359375
G0 X86.923828125 Y13.095703125
G1 X86.923828125 Y13.095703125
G1 X87.01171875 Y13.095703125
G0 X82.44140625 Y13.095703125
G1 X82.44140625 Y13.095703125
G0 X86.1328125 Y13.0078125
G1 X86.1328125 Y13.0078125
G0 X84.990234375 Y13.0078125
G1 X84.990234375 Y13.0078125
G0 X83.49609375 Y13.0078125
G1 X83.49609375 Y13.0078125
G1 X83.583984375 Y13.0078125
G0 X9.052734375 Y13.0078125
G1 X9.052734375 Y13.0078125
G0 X87.36328125 Y12.919921875
G1 X87.36328125 Y12.919921875
G1 X87.451171875 Y12.919921875
G0 X84.19921875 Y12.919921875
G1 X84.19921875 Y12.919921875
G0 X83.84765625 Y12.919921875
G1 X83.84765625 Y12.919921875
G0 X5.80078125 Y12.919921875
G1 X5.80078125 Y12.919921875
G0 X5.537109375 Y12.919921875
G1 X5.537109375 Y12.919921875
G0 X87.71484375 Y12.83203125
G1 X87.71484375 Y12.83203125
G1 X87.71484375 Y12.919921875
G1 X87.802734375 Y12.919921875
G1 X87.802734375 Y12.83203125
G0 X87.1875 Y12.83203125
G1 X87.1875 Y12.83203125
G0 X86.8359375 Y12.83203125
G1 X86.8359375 Y12.83203125
G0 X86.220703125 Y12.83203125
G1 X86.220703125 Y12.83203125
G0 X84.7265625 Y12.83203125
G1 X84.7265625 Y12.83203125
G0 X3.515625 Y12.83203125
G1 X3.515625 Y12.83203125
G0 X87.451171875 Y12.65625
G1 X87.451171875 Y12.65625
G1 X87.626953125 Y12.65625
G0 X84.90234375 Y12.65625
G1 X84.90234375 Y12.65625
G1 X84.990234375 Y12.65625
G0 X84.375 Y12.65625
G1 X84.375 Y12.65625
G0 X5.80078125 Y12.65625
G1 X5.80078125 Y12.65625
G0 X3.69140625 Y12.65625
G1 X3.69140625 Y12.65625
G0 X87.099609375 Y12.568359375
G1 X87.099609375 Y12.568359375
G1 X87.01171875 Y12.65625
G1 X87.099609375 Y12.568359375
G1 X87.1875 Y12.568359375
G0 X86.220703125 Y12.568359375
G1 X86.220703125 Y12.568359375
G0 X7.998046875 Y12.568359375
G1 X7.998046875 Y12.568359375
G0 X5.625 Y12.568359375
G1 X5.625 Y12.568359375
G0 X4.04296875 Y12.568359375
G1 X4.04296875 Y12.568359375
G0 X84.55078125 Y12.48046875
G1 X84.55078125 Y12.48046875
G0 X83.583984375 Y12.48046875
G1 X83.583984375 Y12.48046875
G0 X85.078125 Y12.392578125
G1 X85.078125 Y12.392578125
G0 X9.140625 Y12.392578125
G1 X9.140625 Y12.392578125
G0 X86.8359375 Y12.3046875
G1 X86.8359375 Y12.3046875
G1 X86.923828125 Y12.3046875
G0 X84.19921875 Y12.3046875
G1 X84.19921875 Y12.3046875
G1 X84.287109375 Y12.3046875
G0 X80.419921875 Y12.3046875
G1 X80.419921875 Y12.3046875
G0 X5.625 Y12.3046875
G1 X5.625 Y12.3046875
G0 X3.955078125 Y12.3046875
G1 X3.955078125 Y12.3046875
G0 X3.69140625 Y12.3046875
G1 X3.69140625 Y12.3046875
G0 X87.626953125 Y12.216796875
G1 X87.626953125 Y12.216796875
G1 X87.451171875 Y12.392578125
G1 X87.36328125 Y12.392578125
G1 X87.451171875 Y12.392578125
G1 X87.626953125 Y12.216796875
G1 X87.802734375 Y12.392578125
G1 X87.71484375 Y12.48046875
G1 X87.802734375 Y12.392578125
G1 X87.71484375 Y12.3046875
G1 X87.71484375 Y12.216796875
G0 X87.099609375 Y12.216796875
G1 X87.099609375 Y12.216796875
G1 X87.1875 Y12.3046875
G0 X84.638671875 Y12.216796875
G1 X84.638671875 Y12.216796875
G0 X84.0234375 Y12.216796875
G1 X84.0234375 Y12.216796875
G0 X83.14453125 Y12.216796875
G1 X83.14453125 Y12.216796875
G0 X87.36328125 Y12.12890625
G1 X87.36328125 Y12.12890625
G1 X87.451171875 Y12.12890625
G0 X86.1328125 Y12.12890625
G1 X86.1328125 Y12.12890625
G1 X86.220703125 Y12.12890625
G0 X84.90234375 Y12.12890625
G1 X84.90234375 Y12.12890625
G1 X84.990234375 Y12.12890625
G0 X84.375 Y12.12890625
G1 X84.375 Y12.12890625
G0 X5.80078125 Y12.12890625
G1 X5.80078125 Y12.12890625
G0 X3.427734375 Y12.12890625
G1 X3.427734375 Y12.12890625
G1 X3.515625 Y12.12890625
G0 X87.01171875 Y12.041015625
G1 X87.01171875 Y12.041015625
G1 X87.099609375 Y12.041015625
G0 X83.84765625 Y12.041015625
G1 X83.84765625 Y12.041015625
G0 X13.7109375 Y12.041015625
G1 X13.7109375 Y12.041015625
G0 X3.955078125 Y12.041015625
G1 X3.955078125 Y12.041015625
G0 X84.638671875 Y11.953125
G1 X84.638671875 Y11.953125
G0 X84.19921875 Y11.953125
G1 X84.19921875 Y11.953125
G0 X83.408203125 Y11.953125
G1 X83.408203125 Y11.953125
G0 X82.177734375 Y11.953125
G1 X82.177734375 Y11.953125
G0 X13.359375 Y11.953125
G1 X13.359375 Y11.953125
G0 X9.140625 Y11.953125
G1 X9.140625 Y11.953125
G1 X9.31640625 Y11.953125
G0 X3.603515625 Y11.953125
G1 X3.603515625 Y11.953125
G0 X87.275390625 Y11.865234375
G1 X87.275390625 Y11.865234375
G0 X86.1328125 Y11.865234375
G1 X86.1328125 Y11.865234375
G1 X86.220703125 Y11.865234375
G0 X84.0234375 Y11.865234375
G1 X84.0234375 Y11.865234375
G0 X13.0078125 Y11.865234375
G1 X13.0078125 Y11.865234375
G0 X84.990234375 Y11.77734375
G1 X84.990234375 Y11.77734375
G1 X85.078125 Y11.77734375
G0 X84.375 Y11.77734375
G1 X84.375 Y11.77734375
G0 X14.4140625 Y11.77734375
G1 X14.4140625 Y11.77734375
G0 X13.88671875 Y11.77734375
G1 X13.88671875 Y11.77734375
G0 X13.53515625 Y11.77734375
G1 X13.53515625 Y11.77734375
G0 X3.69140625 Y11.77734375
G1 X3.69140625 Y11.77734375
G0 X3.1640625 Y11.77734375
G1 X3.1640625 Y11.77734375
G1 X3.251953125 Y11.865234375
G1 X3.33984375 Y11.865234375
G1 X3.251953125 Y11.77734375
G0 X87.099609375 Y11.689453125
G1 X87.099609375 Y11.689453125
G0 X84.7265625 Y11.689453125
G1 X84.7265625 Y11.689453125
G0 X83.84765625 Y11.689453125
G1 X83.84765625 Y11.689453125
G0 X83.49609375 Y11.689453125
G1 X83.49609375 Y11.689453125
G0 X12.216796875 Y11.689453125
G1 X12.216796875 Y11.689453125
G0 X9.140625 Y11.689453125
G1 X9.140625 Y11.689453125
G0 X86.1328125 Y11.6015625
G1 X86.1328125 Y11.6015625
G0 X85.25390625 Y11.6015625
G1 X85.25390625 Y11.6015625
G0 X83.056640625 Y11.6015625
G1 X83.056640625 Y11.6015625
G0 X82.177734375 Y11.6015625
G1 X82.177734375 Y11.6015625
G0 X14.58984375 Y11.6015625
G1 X14.58984375 Y11.6015625
G0 X14.150390625 Y11.6015625
G1 X14.150390625 Y11.6015625
G0 X13.271484375 Y11.6015625
G1 X13.271484375 Y11.6015625
G1 X13.359375 Y11.6015625
G0 X3.33984375 Y11.6015625
G1 X3.33984375 Y11.6015625
G0 X83.671875 Y11.513671875
G1 X83.671875 Y11.513671875
G0 X83.3203125 Y11.513671875
G1 X83.3203125 Y11.513671875
G0 X82.529296875 Y11.513671875
G1 X82.529296875 Y11.513671875
G0 X15.556640625 Y11.513671875
G1 X15.556640625 Y11.513671875
G0 X13.798828125 Y11.513671875
G1 X13.798828125 Y11.513671875
G1 X13.798828125 Y11.6015625
G0 X3.515625 Y11.513671875
G1 X3.515625 Y11.513671875
G1 X3.515625 Y11.689453125
G0 X86.923828125 Y11.42578125
G1 X86.923828125 Y11.42578125
G0 X85.4296875 Y11.42578125
G1 X85.4296875 Y11.42578125
G0 X14.326171875 Y11.42578125
G1 X14.326171875 Y11.42578125
G0 X13.623046875 Y11.42578125
G1 X13.623046875 Y11.42578125
G0 X12.12890625 Y11.42578125
G1 X12.12890625 Y11.42578125
G0 X9.052734375 Y11.42578125
G1 X9.052734375 Y11.42578125
G0 X4.04296875 Y11.42578125
G1 X4.04296875 Y11.42578125
G0 X3.69140625 Y11.42578125
G1 X3.69140625 Y11.42578125
G0 X87.099609375 Y11.337890625
G1 X87.099609375 Y11.337890625
G1 X87.1875 Y11.42578125
G1 X87.1875 Y11.337890625
G0 X83.49609375 Y11.337890625
G1 X83.49609375 Y11.337890625
G0 X83.14453125 Y11.337890625
G1 X83.14453125 Y11.337890625
G0 X13.0078125 Y11.337890625
G1 X13.0078125 Y11.337890625
G0 X2.109375 Y11.337890625
G1 X2.109375 Y11.337890625
G1 X2.197265625 Y11.42578125
G1 X2.197265625 Y11.337890625
G0 X82.44140625 Y11.25
G1 X82.44140625 Y11.25
G0 X81.650390625 Y11.25
G1 X81.650390625 Y11.25
G0 X14.4140625 Y11.25
G1 X14.4140625 Y11.25
G1 X14.501953125 Y11.337890625
G0 X11.865234375 Y11.25
G1 X11.865234375 Y11.25
G0 X11.513671875 Y11.25
G1 X11.513671875 Y11.25
G0 X3.603515625 Y11.25
G1 X3.603515625 Y11.25
G0 X3.33984375 Y11.25
G1 X3.33984375 Y11.25
G1 X3.33984375 Y11.337890625
G1 X3.251953125 Y11.42578125
G1 X3.1640625 Y11.42578125
G1 X3.1640625 Y11.513671875
G1 X3.33984375 Y11.337890625
G0 X87.36328125 Y11.162109375
G1 X87.36328125 Y11.162109375
G1 X87.451171875 Y11.162109375
G0 X87.01171875 Y11.162109375
G1 X87.01171875 Y11.162109375
G1 X87.099609375 Y11.162109375
G0 X86.1328125 Y11.162109375
G1 X86.1328125 Y11.162109375
G1 X86.1328125 Y11.337890625
G0 X83.84765625 Y11.162109375
G1 X83.84765625 Y11.162109375
G0 X83.3203125 Y11.162109375
G1 X83.3203125 Y11.162109375
G0 X82.96875 Y11.162109375
G1 X82.96875 Y11.162109375
G0 X82.6171875 Y11.162109375
G1 X82.6171875 Y11.162109375
G0 X15.380859375 Y11.162109375
G1 X15.380859375 Y11.162109375
G0 X13.7109375 Y11.162109375
G1 X13.7109375 Y11.162109375
G1 X13.798828125 Y11.25
G1 X13.88671875 Y11.25
G1 X13.798828125 Y11.25
G0 X13.359375 Y11.162109375
G1 X13.359375 Y11.162109375
G1 X13.447265625 Y11.162109375
G0 X3.779296875 Y11.162109375
G1 X3.779296875 Y11.162109375
G1 X3.8671875 Y11.162109375
G0 X85.341796875 Y11.07421875
G1 X85.341796875 Y11.07421875
G0 X82.08984375 Y11.07421875
G1 X82.08984375 Y11.07421875
G0 X14.853515625 Y11.07421875
G1 X14.853515625 Y11.07421875
G0 X14.23828125 Y11.07421875
G1 X14.23828125 Y11.07421875
G0 X13.18359375 Y11.07421875
G1 X13.18359375 Y11.07421875
G0 X12.919921875 Y11.07421875
G1 X12.919921875 Y11.07421875
G0 X3.427734375 Y11.07421875
G1 X3.427734375 Y11.07421875
G1 X3.515625 Y11.07421875
G0 X2.197265625 Y11.07421875
G1 X2.197265625 Y11.07421875
G1 X2.197265625 Y11.162109375
G1 X2.28515625 Y11.162109375
G0 X87.1875 Y10.986328125
G1 X87.1875 Y10.986328125
G0 X83.671875 Y10.986328125
G1 X83.671875 Y10.986328125
G0 X83.232421875 Y10.986328125
G1 X83.232421875 Y10.986328125
G0 X82.79296875 Y10.986328125
G1 X82.79296875 Y10.986328125
G0 X15.29296875 Y10.986328125
G1 X15.29296875 Y10.986328125
G0 X15.1171875 Y10.986328125
G1 X15.1171875 Y10.986328125
G0 X14.4140625 Y10.986328125
G1 X14.4140625 Y10.986328125
G1 X14.501953125 Y11.07421875
G1 X14.58984375 Y11.07421875
G1 X14.501953125 Y11.07421875
G0 X13.88671875 Y10.986328125
G1 X13.88671875 Y10.986328125
G0 X85.078125 Y10.8984375
G1 X85.078125 Y10.8984375
G0 X81.9140625 Y10.8984375
G1 X81.9140625 Y10.8984375
G0 X13.359375 Y10.8984375
G1 X13.359375 Y10.8984375
G1 X13.447265625 Y10.8984375
G0 X11.689453125 Y10.8984375
G1 X11.689453125 Y10.8984375
G1 X11.77734375 Y10.8984375
G0 X10.986328125 Y10.8984375
G1 X10.986328125 Y10.8984375
G0 X8.96484375 Y10.8984375
G1 X8.96484375 Y10.8984375
G0 X3.603515625 Y10.8984375
G1 X3.603515625 Y10.8984375
G1 X3.69140625 Y10.8984375
G0 X87.36328125 Y10.810546875
G1 X87.36328125 Y10.810546875
G1 X87.451171875 Y10.810546875
G0 X87.01171875 Y10.810546875
G1 X87.01171875 Y10.810546875
G0 X84.19921875 Y10.810546875
G1 X84.19921875 Y10.810546875
G0 X83.84765625 Y10.810546875
G1 X83.84765625 Y10.810546875
G0 X83.408203125 Y10.810546875
G1 X83.408203125 Y10.810546875
G1 X83.49609375 Y10.810546875
G0 X82.265625 Y10.810546875
G1 X82.265625 Y10.810546875
G0 X14.765625 Y10.810546875
G1 X14.765625 Y10.810546875
G1 X14.853515625 Y10.810546875
G0 X13.7109375 Y10.810546875
G1 X13.7109375 Y10.810546875
G0 X12.216796875 Y10.810546875
G1 X12.216796875 Y10.810546875
G0 X9.140625 Y10.810546875
G1 X9.140625 Y10.810546875
G0 X5.537109375 Y10.810546875
G1 X5.537109375 Y10.810546875
G0 X86.1328125 Y10.72265625
G1 X86.1328125 Y10.72265625
G1 X86.1328125 Y10.986328125
G0 X85.60546875 Y10.72265625
G1 X85.60546875 Y10.72265625
G0 X15.908203125 Y10.72265625
G1 X15.908203125 Y10.72265625
G0 X15.46875 Y10.72265625
G1 X15.46875 Y10.72265625
G0 X15.1171875 Y10.72265625
G1 X15.1171875 Y10.72265625
G0 X14.150390625 Y10.72265625
G1 X14.150390625 Y10.72265625
G1 X14.0625 Y10.810546875
G0 X13.18359375 Y10.72265625
G1 X13.18359375 Y10.72265625
G0 X11.953125 Y10.72265625
G1 X11.953125 Y10.72265625
G0 X11.162109375 Y10.72265625
G1 X11.162109375 Y10.72265625
G0 X8.61328125 Y10.72265625
G1 X8.61328125 Y10.72265625
G0 X3.33984375 Y10.72265625
G1 X3.33984375 Y10.72265625
G1 X3.33984375 Y10.810546875
G1 X3.427734375 Y10.810546875
G1 X3.427734375 Y10.72265625
G0 X86.923828125 Y10.634765625
G1 X86.923828125 Y10.634765625
G0 X84.990234375 Y10.634765625
G1 X84.990234375 Y10.634765625
G0 X84.375 Y10.634765625
G1 X84.375 Y10.634765625
G1 X84.462890625 Y10.634765625
G0 X83.671875 Y10.634765625
G1 X83.671875 Y10.634765625
G0 X82.529296875 Y10.634765625
G1 X82.529296875 Y10.634765625
G0 X81.73828125 Y10.634765625
G1 X81.73828125 Y10.634765625
G0 X13.798828125 Y10.634765625
G1 X13.798828125 Y10.634765625
G1 X13.88671875 Y10.634765625
G0 X12.392578125 Y10.634765625
G1 X12.392578125 Y10.634765625
G0 X11.513671875 Y10.634765625
G1 X11.513671875 Y10.634765625
G1 X11.6015625 Y10.634765625
G0 X3.779296875 Y10.634765625
G1 X3.779296875 Y10.634765625
G0 X86.1328125 Y10.546875
G1 X86.1328125 Y10.546875
G1 X86.220703125 Y10.546875
G0 X85.341796875 Y10.546875
G1 X85.341796875 Y10.546875
G0 X15.029296875 Y10.546875
G1 X15.029296875 Y10.546875
G0 X14.4140625 Y10.546875
G1 X14.4140625 Y10.546875
G1 X14.501953125 Y10.634765625
G0 X13.53515625 Y10.546875
G1 X13.53515625 Y10.546875
G1 X13.53515625 Y10.634765625
G0 X12.216796875 Y10.546875
G1 X12.216796875 Y10.546875
G0 X11.77734375 Y10.546875
G1 X11.77734375 Y10.546875
G0 X10.8984375 Y10.546875
G1 X10.8984375 Y10.546875
G0 X10.107421875 Y10.546875
G1 X10.107421875 Y10.546875
G0 X8.96484375 Y10.546875
G1 X8.96484375 Y10.546875
G1 X9.052734375 Y10.546875
G0 X3.515625 Y10.546875
G1 X3.515625 Y10.546875
G1 X3.603515625 Y10.634765625
G0 X87.099609375 Y10.458984375
G1 X87.099609375 Y10.458984375
G1 X87.1875 Y10.546875
G0 X14.765625 Y10.458984375
G1 X14.765625 Y10.458984375
G1 X14.765625 Y10.546875
G0 X13.18359375 Y10.458984375
G1 X13.18359375 Y10.458984375
G0 X11.25 Y10.458984375
G1 X11.25 Y10.458984375
G0 X8.61328125 Y10.458984375
G1 X8.61328125 Y10.458984375
G0 X87.626953125 Y10.37109375
G1 X87.626953125 Y10.37109375
G1 X87.5390625 Y10.458984375
G1 X87.451171875 Y10.458984375
G1 X87.5390625 Y10.546875
G1 X87.626953125 Y10.458984375
G0 X84.90234375 Y10.37109375
G1 X84.90234375 Y10.37109375
G0 X84.55078125 Y10.37109375
G1 X84.55078125 Y10.37109375
G1 X84.638671875 Y10.458984375
G0 X83.935546875 Y10.37109375
G1 X83.935546875 Y10.37109375
G0 X14.0625 Y10.37109375
G1 X14.0625 Y10.37109375
G1 X14.150390625 Y10.37109375
G0 X13.623046875 Y10.37109375
G1 X13.623046875 Y10.37109375
G0 X11.953125 Y10.37109375
G1 X11.953125 Y10.37109375
G0 X3.33984375 Y10.37109375
G1 X3.33984375 Y10.37109375
G0 X86.1328125 Y10.283203125
G1 X86.1328125 Y10.283203125
G0 X85.869140625 Y10.283203125
G1 X85.869140625 Y10.283203125
G0 X83.408203125 Y10.283203125
G1 X83.408203125 Y10.283203125
G0 X81.826171875 Y10.283203125
G1 X81.826171875 Y10.283203125
G0 X12.3046875 Y10.283203125
G1 X12.3046875 Y10.283203125
G0 X11.07421875 Y10.283203125
G1 X11.07421875 Y10.283203125
G0 X3.69140625 Y10.283203125
G1 X3.69140625 Y10.283203125
G0 X87.71484375 Y10.1953125
G1 X87.71484375 Y10.1953125
G1 X87.802734375 Y10.1953125
G0 X87.36328125 Y10.1953125
G1 X87.36328125 Y10.1953125
G1 X87.36328125 Y10.283203125
G1 X87.451171875 Y10.283203125
G1 X87.451171875 Y10.1953125
G0 X86.923828125 Y10.1953125
G1 X86.923828125 Y10.1953125
G0 X84.0234375 Y10.1953125
G1 X84.0234375 Y10.1953125
G0 X83.759765625 Y10.1953125
G1 X83.759765625 Y10.1953125
G0 X16.875 Y10.1953125
G1 X16.875 Y10.1953125
G0 X15.205078125 Y10.1953125
G1 X15.205078125 Y10.1953125
G1 X15.29296875 Y10.1953125
G0 X13.271484375 Y10.1953125
G1 X13.271484375 Y10.1953125
G0 X12.48046875 Y10.1953125
G1 X12.48046875 Y10.1953125
G0 X11.689453125 Y10.1953125
G1 X11.689453125 Y10.1953125
G0 X11.337890625 Y10.1953125
G1 X11.337890625 Y10.1953125
G0 X10.810546875 Y10.1953125
G1 X10.810546875 Y10.1953125
G0 X10.546875 Y10.1953125
G1 X10.546875 Y10.1953125
G0 X3.955078125 Y10.1953125
G1 X3.955078125 Y10.1953125
G0 X2.109375 Y10.1953125
G1 X2.109375 Y10.1953125
G1 X2.109375 Y10.283203125
G1 X2.197265625 Y10.283203125
G0 X84.990234375 Y10.107421875
G1 X84.990234375 Y10.107421875
G0 X84.638671875 Y10.107421875
G1 X84.638671875 Y10.107421875
G0 X84.375 Y10.107421875
G1 X84.375 Y10.107421875
G0 X82.79296875 Y10.107421875
G1 X82.79296875 Y10.107421875
G0 X82.44140625 Y10.107421875
G1 X82.44140625 Y10.107421875
G0 X13.0078125 Y10.107421875
G1 X13.0078125 Y10.107421875
G1 X13.0078125 Y10.1953125
G0 X3.515625 Y10.107421875
G1 X3.515625 Y10.107421875
G0 X87.01171875 Y10.01953125
G1 X87.01171875 Y10.01953125
G1 X87.099609375 Y10.01953125
G1 X87.1875 Y10.107421875
G1 X87.1875 Y10.01953125
G0 X83.583984375 Y10.01953125
G1 X83.583984375 Y10.01953125
G0 X16.259765625 Y10.01953125
G1 X16.259765625 Y10.01953125
G0 X15.99609375 Y10.01953125
G1 X15.99609375 Y10.01953125
G0 X15.732421875 Y10.01953125
G1 X15.732421875 Y10.01953125
G0 X15.1171875 Y10.01953125
G1 X15.1171875 Y10.01953125
G0 X14.0625 Y10.01953125
G1 X14.0625 Y10.01953125
G1 X14.0625 Y10.107421875
G1 X14.150390625 Y10.107421875
G1 X14.23828125 Y10.1953125
G1 X14.4140625 Y10.1953125
G1 X14.501953125 Y10.283203125
G1 X14.58984375 Y10.283203125
G1 X14.501953125 Y10.1953125
G1 X14.501953125 Y10.107421875
G1 X14.58984375 Y10.01953125
G1 X14.853515625 Y10.283203125
G1 X14.94140625 Y10.283203125
G1 X14.853515625 Y10.283203125
G1 X14.677734375 Y10.107421875
G1 X14.677734375 Y10.01953125
G1 X14.58984375 Y10.01953125
G1 X14.501953125 Y10.107421875
G1 X14.4140625 Y10.01953125
G1 X14.501953125 Y10.107421875
G1 X14.4140625 Y10.1953125
G1 X14.23828125 Y10.1953125
G1 X14.150390625 Y10.107421875
G1 X14.150390625 Y10.01953125
G0 X13.798828125 Y10.01953125
G1 X13.798828125 Y10.01953125
G1 X13.798828125 Y10.107421875
G0 X13.447265625 Y10.01953125
G1 X13.447265625 Y10.01953125
G0 X12.744140625 Y10.01953125
G1 X12.744140625 Y10.01953125
G1 X12.83203125 Y10.01953125
G0 X12.12890625 Y10.01953125
G1 X12.12890625 Y10.01953125
G0 X11.865234375 Y10.01953125
G1 X11.865234375 Y10.01953125
G0 X11.42578125 Y10.01953125
G1 X11.42578125 Y10.01953125
G1 X11.6015625 Y10.01953125
G0 X10.634765625 Y10.01953125
G1 X10.634765625 Y10.01953125
G0 X10.37109375 Y10.01953125
G1 X10.37109375 Y10.01953125
G0 X10.107421875 Y10.01953125
G1 X10.107421875 Y10.01953125
G0 X9.755859375 Y10.01953125
G1 X9.755859375 Y10.01953125
G1 X9.84375 Y10.01953125
G0 X8.96484375 Y10.01953125
G1 X8.96484375 Y10.01953125
G0 X3.251953125 Y10.01953125
G1 X3.251953125 Y10.01953125
G1 X3.33984375 Y10.107421875
G1 X3.251953125 Y10.1953125
G1 X3.1640625 Y10.1953125
G1 X3.251953125 Y10.1953125
G1 X3.33984375 Y10.107421875
G1 X3.33984375 Y10.01953125
G0 X2.197265625 Y10.01953125
G1 X2.197265625 Y10.01953125
G1 X2.373046875 Y10.1953125
G1 X2.373046875 Y10.107421875
G1 X2.28515625 Y10.107421875
G0 X84.19921875 Y9.931640625
G1 X84.19921875 Y9.931640625
G0 X83.84765625 Y9.931640625
G1 X83.84765625 Y9.931640625
G0 X82.265625 Y9.931640625
G1 X82.265625 Y9.931640625
G0 X11.162109375 Y9.931640625
G1 X11.162109375 Y9.931640625
G0 X10.8984375 Y9.931640625
G1 X10.8984375 Y9.931640625
G1 X10.986328125 Y9.931640625
G0 X84.55078125 Y9.84375
G1 X84.55078125 Y9.84375
G0 X83.408203125 Y9.84375
G1 X83.408203125 Y9.84375
G0 X83.056640625 Y9.84375
G1 X83.056640625 Y9.84375
G0 X17.578125 Y9.84375
G1 X17.578125 Y9.84375
G0 X17.314453125 Y9.84375
G1 X17.314453125 Y9.84375
G0 X16.34765625 Y9.84375
G1 X16.34765625 Y9.84375
G0 X15.99609375 Y9.84375
G1 X15.99609375 Y9.84375
G1 X16.083984375 Y9.84375
G0 X15.64453125 Y9.84375
G1 X15.64453125 Y9.84375
G0 X15.46875 Y9.84375
G1 X15.46875 Y9.84375
G1 X15.46875 Y9.931640625
G1 X15.380859375 Y10.01953125
G1 X15.46875 Y9.931640625
G0 X14.94140625 Y9.84375
G1 X14.94140625 Y9.84375
G0 X12.919921875 Y9.84375
G1 X12.919921875 Y9.84375
G1 X13.0078125 Y9.931640625
G1 X13.18359375 Y9.931640625
G1 X13.0078125 Y9.931640625
G0 X12.041015625 Y9.84375
G1 X12.041015625 Y9.84375
G0 X11.337890625 Y9.84375
G1 X11.337890625 Y9.84375
G0 X9.580078125 Y9.84375
G1 X9.580078125 Y9.84375
G0 X86.923828125 Y9.755859375
G1 X86.923828125 Y9.755859375
G1 X86.923828125 Y9.84375
G0 X84.375 Y9.755859375
G1 X84.375 Y9.755859375
G0 X84.0234375 Y9.755859375
G1 X84.0234375 Y9.755859375
G1 X84.111328125 Y9.755859375
G0 X83.671875 Y9.755859375
G1 X83.671875 Y9.755859375
G0 X15.205078125 Y9.755859375
G1 X15.205078125 Y9.755859375
G1 X15.205078125 Y9.84375
G0 X14.58984375 Y9.755859375
G1 X14.58984375 Y9.755859375
G1 X14.58984375 Y9.84375
G1 X14.765625 Y9.84375
G1 X14.677734375 Y9.84375
G0 X14.326171875 Y9.755859375
G1 X14.326171875 Y9.755859375
G1 X14.23828125 Y9.84375
G1 X14.326171875 Y9.84375
G0 X13.974609375 Y9.755859375
G1 X13.974609375 Y9.755859375
G1 X14.0625 Y9.755859375
G0 X13.623046875 Y9.755859375
G1 X13.623046875 Y9.755859375
G1 X13.53515625 Y9.84375
G1 X13.623046875 Y9.84375
G1 X13.7109375 Y9.755859375
G1 X13.798828125 Y9.84375
G1 X13.7109375 Y9.755859375
G0 X13.18359375 Y9.755859375
G1 X13.18359375 Y9.755859375
G1 X13.271484375 Y9.755859375
G0 X12.744140625 Y9.755859375
G1 X12.744140625 Y9.755859375
G1 X12.568359375 Y9.931640625
G1 X12.48046875 Y9.931640625
G1 X12.392578125 Y9.84375
G1 X12.3046875 Y9.84375
G1 X12.3046875 Y9.931640625
G1 X12.48046875 Y9.931640625
G1 X12.568359375 Y10.01953125
G1 X12.568359375 Y9.931640625
G0 X11.77734375 Y9.755859375
G1 X11.77734375 Y9.755859375
G0 X3.69140625 Y9.755859375
G1 X3.69140625 Y9.755859375
G0 X82.177734375 Y9.66796875
G1 X82.177734375 Y9.66796875
G0 X84.19921875 Y9.580078125
G1 X84.19921875 Y9.580078125
G1 X84.287109375 Y9.580078125
G0 X83.84765625 Y9.580078125
G1 X83.84765625 Y9.580078125
G1 X83.935546875 Y9.580078125
G0 X83.49609375 Y9.580078125
G1 X83.49609375 Y9.580078125
G0 X83.14453125 Y9.580078125
G1 X83.14453125 Y9.580078125
G0 X16.611328125 Y9.580078125
G1 X16.611328125 Y9.580078125
G0 X13.0078125 Y9.580078125
G1 X13.0078125 Y9.580078125
G1 X13.0078125 Y9.66796875
G0 X11.25 Y9.580078125
G1 X11.25 Y9.580078125
G0 X11.07421875 Y9.580078125
G1 X11.07421875 Y9.580078125
G0 X8.4375 Y9.580078125
G1 X8.4375 Y9.580078125
G0 X2.109375 Y9.580078125
G1 X2.109375 Y9.580078125
G1 X2.197265625 Y9.580078125
G0 X82.6171875 Y9.4921875
G1 X82.6171875 Y9.4921875
G1 X82.705078125 Y9.4921875
G0 X82.353515625 Y9.4921875
G1 X82.353515625 Y9.4921875
G0 X15.8203125 Y9.4921875
G1 X15.8203125 Y9.4921875
G0 X15.64453125 Y9.4921875
G1 X15.64453125 Y9.4921875
G0 X15.46875 Y9.4921875
G1 X15.46875 Y9.4921875
G0 X14.765625 Y9.4921875
G1 X14.765625 Y9.4921875
G1 X14.853515625 Y9.4921875
G1 X14.94140625 Y9.580078125
G1 X15.029296875 Y9.580078125
G1 X15.1171875 Y9.4921875
G1 X15.29296875 Y9.4921875
G1 X15.1171875 Y9.4921875
G1 X15.029296875 Y9.580078125
G1 X14.94140625 Y9.4921875
G0 X13.798828125 Y9.4921875
G1 X13.798828125 Y9.4921875
G1 X13.88671875 Y9.580078125
G1 X13.974609375 Y9.4921875
G1 X14.58984375 Y9.4921875
G0 X13.53515625 Y9.4921875
G1 X13.53515625 Y9.4921875
G1 X13.447265625 Y9.580078125
G1 X13.53515625 Y9.4921875
G1 X13.623046875 Y9.4921875
G0 X12.744140625 Y9.4921875
G1 X12.744140625 Y9.4921875
G0 X12.392578125 Y9.4921875
G1 X12.392578125 Y9.4921875
G1 X12.3046875 Y9.580078125
G1 X12.216796875 Y9.580078125
G1 X12.3046875 Y9.580078125
G1 X12.392578125 Y9.4921875
G1 X12.568359375 Y9.66796875
G0 X12.041015625 Y9.4921875
G1 X12.041015625 Y9.4921875
G1 X12.041015625 Y9.580078125
G0 X11.77734375 Y9.4921875
G1 X11.77734375 Y9.4921875
G1 X11.689453125 Y9.580078125
G1 X11.6015625 Y9.580078125
G1 X11.689453125 Y9.580078125
G1 X11.77734375 Y9.4921875
G1 X11.865234375 Y9.580078125
G0 X3.33984375 Y9.4921875
G1 X3.33984375 Y9.4921875
G1 X3.427734375 Y9.4921875
G0 X86.923828125 Y9.404296875
G1 X86.923828125 Y9.404296875
G1 X87.01171875 Y9.4921875
G1 X87.099609375 Y9.4921875
G1 X87.01171875 Y9.4921875
G0 X85.869140625 Y9.404296875
G1 X85.869140625 Y9.404296875
G0 X84.0234375 Y9.404296875
G1 X84.0234375 Y9.404296875
G1 X84.111328125 Y9.404296875
G0 X83.3203125 Y9.404296875
G1 X83.3203125 Y9.404296875
G0 X82.880859375 Y9.404296875
G1 X82.880859375 Y9.404296875
G1 X82.96875 Y9.404296875
G0 X13.18359375 Y9.404296875
G1 X13.18359375 Y9.404296875
G1 X13.18359375 Y9.4921875
G0 X8.96484375 Y9.404296875
G1 X8.96484375 Y9.404296875
G0 X5.80078125 Y9.404296875
G1 X5.80078125 Y9.404296875
G0 X3.69140625 Y9.404296875
G1 X3.69140625 Y9.404296875
G0 X86.1328125 Y9.31640625
G1 X86.1328125 Y9.31640625
G0 X85.60546875 Y9.31640625
G1 X85.60546875 Y9.31640625
G0 X84.375 Y9.31640625
G1 X84.375 Y9.31640625
G0 X83.671875 Y9.31640625
G1 X83.671875 Y9.31640625
G1 X83.671875 Y9.404296875
G0 X82.177734375 Y9.31640625
G1 X82.177734375 Y9.31640625
G0 X81.298828125 Y9.31640625
G1 X81.298828125 Y9.31640625
G0 X16.962890625 Y9.31640625
G1 X16.962890625 Y9.31640625
G0 X16.435546875 Y9.31640625
G1 X16.435546875 Y9.31640625
G0 X16.171875 Y9.31640625
G1 X16.171875 Y9.31640625
G0 X12.12890625 Y9.31640625
G1 X12.12890625 Y9.31640625
G1 X12.216796875 Y9.31640625
G0 X11.865234375 Y9.31640625
G1 X11.865234375 Y9.31640625
G0 X83.935546875 Y9.228515625
G1 X83.935546875 Y9.228515625
G0 X83.14453125 Y9.228515625
G1 X83.14453125 Y9.228515625
G0 X82.79296875 Y9.228515625
G1 X82.79296875 Y9.228515625
G0 X15.380859375 Y9.228515625
G1 X15.380859375 Y9.228515625
G1 X15.29296875 Y9.31640625
G0 X14.94140625 Y9.228515625
G1 X14.94140625 Y9.228515625
G0 X14.677734375 Y9.228515625
G1 X14.677734375 Y9.228515625
G0 X14.326171875 Y9.228515625
G1 X14.326171875 Y9.228515625
G1 X14.4140625 Y9.228515625
G0 X13.974609375 Y9.228515625
G1 X13.974609375 Y9.228515625
G1 X14.150390625 Y9.228515625
G0 X13.53515625 Y9.228515625
G1 X13.53515625 Y9.228515625
G1 X13.623046875 Y9.228515625
G0 X13.359375 Y9.228515625
G1 X13.359375 Y9.228515625
G0 X12.392578125 Y9.228515625
G1 X12.392578125 Y9.228515625
G1 X12.48046875 Y9.228515625
G0 X11.337890625 Y9.228515625
G1 X11.337890625 Y9.228515625
G0 X10.986328125 Y9.228515625
G1 X10.986328125 Y9.228515625
G0 X5.80078125 Y9.228515625
G1 X5.80078125 Y9.228515625
G0 X3.515625 Y9.228515625
G1 X3.515625 Y9.228515625
G0 X2.98828125 Y9.228515625
G1 X2.98828125 Y9.228515625
G1 X3.076171875 Y9.31640625
G1 X3.251953125 Y9.31640625
G1 X3.1640625 Y9.31640625
G1 X3.076171875 Y9.228515625
G0 X84.814453125 Y9.140625
G1 X84.814453125 Y9.140625
G0 X83.49609375 Y9.140625
G1 X83.49609375 Y9.140625
G0 X82.001953125 Y9.140625
G1 X82.001953125 Y9.140625
G0 X81.123046875 Y9.140625
G1 X81.123046875 Y9.140625
G0 X13.0078125 Y9.140625
G1 X13.0078125 Y9.140625
G1 X13.095703125 Y9.228515625
G0 X12.744140625 Y9.140625
G1 X12.744140625 Y9.140625
G0 X10.458984375 Y9.140625
G1 X10.458984375 Y9.140625
G0 X10.1953125 Y9.140625
G1 X10.1953125 Y9.140625
G0 X85.4296875 Y9.052734375
G1 X85.4296875 Y9.052734375
G0 X84.55078125 Y9.052734375
G1 X84.55078125 Y9.052734375
G1 X84.638671875 Y9.052734375
G0 X84.19921875 Y9.052734375
G1 X84.19921875 Y9.052734375
G1 X84.19921875 Y9.140625
G0 X83.84765625 Y9.052734375
G1 X83.84765625 Y9.052734375
G0 X82.96875 Y9.052734375
G1 X82.96875 Y9.052734375
G0 X82.6171875 Y9.052734375
G1 X82.6171875 Y9.052734375
G0 X16.787109375 Y9.052734375
G1 X16.787109375 Y9.052734375
G1 X16.875 Y9.052734375
G0 X16.5234375 Y9.052734375
G1 X16.5234375 Y9.052734375
G0 X15.99609375 Y9.052734375
G1 X15.99609375 Y9.052734375
G0 X15.64453125 Y9.052734375
G1 X15.64453125 Y9.052734375
G0 X11.689453125 Y9.052734375
G1 X11.689453125 Y9.052734375
G0 X9.66796875 Y9.052734375
G1 X9.66796875 Y9.052734375
G0 X3.779296875 Y9.052734375
G1 X3.779296875 Y9.052734375
G0 X84.90234375 Y8.96484375
G1 X84.90234375 Y8.96484375
G1 X84.990234375 Y8.96484375
G0 X15.205078125 Y8.96484375
G1 X15.205078125 Y8.96484375
G0 X14.765625 Y8.96484375
G1 X14.765625 Y8.96484375
G0 X14.23828125 Y8.96484375
G1 X14.23828125 Y8.96484375
G0 X13.974609375 Y8.96484375
G1 X13.974609375 Y8.96484375
G0 X13.798828125 Y8.96484375
G1 X13.798828125 Y8.96484375
G0 X13.53515625 Y8.96484375
G1 X13.53515625 Y8.96484375
G0 X13.359375 Y8.96484375
G1 X13.359375 Y8.96484375
G0 X13.095703125 Y8.96484375
G1 X13.095703125 Y8.96484375
G1 X13.18359375 Y8.96484375
G0 X12.744140625 Y8.96484375
G1 X12.744140625 Y8.96484375
G0 X12.216796875 Y8.96484375
G1 X12.216796875 Y8.96484375
G1 X12.568359375 Y8.96484375
G0 X11.865234375 Y8.96484375
G1 X11.865234375 Y8.96484375
G1 X11.953125 Y8.96484375
G0 X11.162109375 Y8.96484375
G1 X11.162109375 Y8.96484375
G0 X9.404296875 Y8.96484375
G1 X9.404296875 Y8.96484375
G0 X9.052734375 Y8.96484375
G1 X9.052734375 Y8.96484375
G0 X86.1328125 Y8.876953125
G1 X86.1328125 Y8.876953125
G0 X85.25390625 Y8.876953125
G1 X85.25390625 Y8.876953125
G0 X84.0234375 Y8.876953125
G1 X84.0234375 Y8.876953125
G1 X84.0234375 Y8.96484375
G1 X84.111328125 Y8.876953125
G0 X83.671875 Y8.876953125
G1 X83.671875 Y8.876953125
G0 X83.232421875 Y8.876953125
G1 X83.232421875 Y8.876953125
G0 X82.880859375 Y8.876953125
G1 X82.880859375 Y8.876953125
G0 X82.44140625 Y8.876953125
G1 X82.44140625 Y8.876953125
G1 X82.44140625 Y8.96484375
G0 X10.546875 Y8.876953125
G1 X10.546875 Y8.876953125
G0 X84.7265625 Y8.7890625
G1 X84.7265625 Y8.7890625
G1 X84.814453125 Y8.7890625
G0 X16.875 Y8.7890625
G1 X16.875 Y8.7890625
G0 X15.556640625 Y8.7890625
G1 X15.556640625 Y8.7890625
G1 X15.64453125 Y8.7890625
G0 X14.853515625 Y8.7890625
G1 X14.853515625 Y8.7890625
G1 X14.94140625 Y8.7890625
G0 X14.677734375 Y8.7890625
G1 X14.677734375 Y8.7890625
G0 X14.326171875 Y8.7890625
G1 X14.326171875 Y8.7890625
G1 X14.4140625 Y8.7890625
G1 X14.501953125 Y8.876953125
G1 X14.501953125 Y8.96484375
G1 X14.501953125 Y8.876953125
G1 X14.4140625 Y8.7890625
G0 X9.580078125 Y8.7890625
G1 X9.580078125 Y8.7890625
G1 X9.66796875 Y8.7890625
G0 X85.078125 Y8.701171875
G1 X85.078125 Y8.701171875
G0 X84.287109375 Y8.701171875
G1 X84.287109375 Y8.701171875
G1 X84.375 Y8.7890625
G1 X84.462890625 Y8.7890625
G1 X84.375 Y8.7890625
G0 X83.84765625 Y8.701171875
G1 X83.84765625 Y8.701171875
G1 X83.935546875 Y8.701171875
G0 X83.49609375 Y8.701171875
G1 X83.49609375 Y8.701171875
G0 X82.705078125 Y8.701171875
G1 X82.705078125 Y8.701171875
G0 X18.369140625 Y8.701171875
G1 X18.369140625 Y8.701171875
G0 X16.34765625 Y8.701171875
G1 X16.34765625 Y8.701171875
G1 X16.435546875 Y8.7890625
G0 X16.171875 Y8.701171875
G1 X16.171875 Y8.701171875
G1 X16.171875 Y8.7890625
G0 X15.99609375 Y8.701171875
G1 X15.99609375 Y8.701171875
G0 X15.8203125 Y8.701171875
G1 X15.8203125 Y8.701171875
G1 X15.8203125 Y8.7890625
G0 X15.205078125 Y8.701171875
G1 X15.205078125 Y8.701171875
G1 X15.1171875 Y8.7890625
G1 X15.205078125 Y8.701171875
G1 X15.29296875 Y8.7890625
G1 X15.380859375 Y8.7890625
G1 X15.380859375 Y8.701171875
G1 X15.29296875 Y8.7890625
G0 X13.7109375 Y8.701171875
G1 X13.7109375 Y8.701171875
G1 X13.7109375 Y8.7890625
G1 X14.150390625 Y8.7890625
G1 X13.798828125 Y8.7890625
G0 X13.447265625 Y8.701171875
G1 X13.447265625 Y8.701171875
G1 X13.359375 Y8.7890625
G1 X13.271484375 Y8.7890625
G1 X13.359375 Y8.7890625
G1 X13.447265625 Y8.701171875
G1 X13.53515625 Y8.7890625
G0 X12.744140625 Y8.701171875
G1 X12.744140625 Y8.701171875
G1 X12.744140625 Y8.7890625
G1 X13.0078125 Y8.7890625
G1 X13.0078125 Y8.701171875
G1 X12.919921875 Y8.7890625
G1 X12.83203125 Y8.7890625
G0 X12.48046875 Y8.701171875
G1 X12.48046875 Y8.701171875
G0 X12.216796875 Y8.701171875
G1 X12.216796875 Y8.701171875
G0 X11.689453125 Y8.701171875
G1 X11.689453125 Y8.701171875
G1 X11.6015625 Y8.7890625
G1 X11.513671875 Y8.7890625
G1 X11.6015625 Y8.7890625
G0 X11.337890625 Y8.701171875
G1 X11.337890625 Y8.701171875
G1 X11.337890625 Y8.7890625
G0 X11.07421875 Y8.701171875
G1 X11.07421875 Y8.701171875
G0 X85.78125 Y8.61328125
G1 X85.78125 Y8.61328125
G0 X83.671875 Y8.61328125
G1 X83.671875 Y8.61328125
G0 X18.10546875 Y8.61328125
G1 X18.10546875 Y8.61328125
G1 X18.10546875 Y8.701171875
G0 X16.962890625 Y8.61328125
G1 X16.962890625 Y8.61328125
G0 X16.69921875 Y8.61328125
G1 X16.69921875 Y8.61328125
G1 X16.69921875 Y8.701171875
G0 X11.953125 Y8.61328125
G1 X11.953125 Y8.61328125
G1 X11.865234375 Y8.701171875
G1 X11.953125 Y8.701171875
G0 X10.810546875 Y8.61328125
G1 X10.810546875 Y8.61328125
G0 X9.404296875 Y8.61328125
G1 X9.404296875 Y8.61328125
G0 X3.69140625 Y8.61328125
G1 X3.69140625 Y8.61328125
G0 X85.25390625 Y8.525390625
G1 X85.25390625 Y8.525390625
G1 X85.341796875 Y8.525390625
G0 X84.90234375 Y8.525390625
G1 X84.90234375 Y8.525390625
G1 X84.90234375 Y8.61328125
G0 X84.55078125 Y8.525390625
G1 X84.55078125 Y8.525390625
G0 X83.3203125 Y8.525390625
G1 X83.3203125 Y8.525390625
G0 X82.880859375 Y8.525390625
G1 X82.880859375 Y8.525390625
G0 X82.529296875 Y8.525390625
G1 X82.529296875 Y8.525390625
G0 X9.66796875 Y8.525390625
G1 X9.66796875 Y8.525390625
G0 X86.923828125 Y8.4375
G1 X86.923828125 Y8.4375
G1 X87.01171875 Y8.4375
G0 X86.1328125 Y8.4375
G1 X86.1328125 Y8.4375
G0 X84.111328125 Y8.4375
G1 X84.111328125 Y8.4375
G0 X83.759765625 Y8.4375
G1 X83.759765625 Y8.4375
G0 X83.49609375 Y8.4375
G1 X83.49609375 Y8.4375
G0 X13.271484375 Y8.4375
G1 X13.271484375 Y8.4375
G0 X13.0078125 Y8.4375
G1 X13.0078125 Y8.4375
G1 X13.095703125 Y8.4375
G0 X12.65625 Y8.4375
G1 X12.65625 Y8.4375
G1 X12.83203125 Y8.4375
G0 X12.041015625 Y8.4375
G1 X12.041015625 Y8.4375
G1 X12.48046875 Y8.4375
G0 X11.513671875 Y8.4375
G1 X11.513671875 Y8.4375
G1 X11.6015625 Y8.525390625
G1 X11.689453125 Y8.4375
G1 X11.77734375 Y8.4375
G1 X11.689453125 Y8.4375
G1 X11.6015625 Y8.525390625
G0 X11.162109375 Y8.4375
G1 X11.162109375 Y8.4375
G0 X85.078125 Y8.349609375
G1 X85.078125 Y8.349609375
G0 X84.7265625 Y8.349609375
G1 X84.7265625 Y8.349609375
G1 X84.7265625 Y8.4375
G0 X84.375 Y8.349609375
G1 X84.375 Y8.349609375
G0 X83.935546875 Y8.349609375
G1 X83.935546875 Y8.349609375
G0 X83.056640625 Y8.349609375
G1 X83.056640625 Y8.349609375
G0 X17.138671875 Y8.349609375
G1 X17.138671875 Y8.349609375
G0 X16.611328125 Y8.349609375
G1 X16.611328125 Y8.349609375
G0 X16.34765625 Y8.349609375
G1 X16.34765625 Y8.349609375
G0 X15.908203125 Y8.349609375
G1 X15.908203125 Y8.349609375
G1 X15.99609375 Y8.349609375
G0 X15.732421875 Y8.349609375
G1 X15.732421875 Y8.349609375
G0 X15.556640625 Y8.349609375
G1 X15.556640625 Y8.349609375
G1 X15.556640625 Y8.4375
G0 X14.4140625 Y8.349609375
G1 X14.4140625 Y8.349609375
G1 X14.501953125 Y8.4375
G1 X14.58984375 Y8.349609375
G1 X14.677734375 Y8.4375
G1 X14.765625 Y8.349609375
G1 X14.853515625 Y8.349609375
G1 X14.94140625 Y8.4375
G1 X15.029296875 Y8.349609375
G1 X15.205078125 Y8.349609375
G1 X15.29296875 Y8.4375
G1 X15.380859375 Y8.349609375
G1 X15.29296875 Y8.4375
G1 X15.205078125 Y8.349609375
G0 X13.623046875 Y8.349609375
G1 X13.623046875 Y8.349609375
G1 X13.623046875 Y8.4375
G1 X13.53515625 Y8.525390625
G1 X13.447265625 Y8.4375
G1 X13.447265625 Y8.525390625
G1 X13.53515625 Y8.525390625
G1 X13.623046875 Y8.4375
G1 X13.7109375 Y8.4375
G1 X13.798828125 Y8.525390625
G1 X13.88671875 Y8.4375
G1 X14.150390625 Y8.4375
G1 X14.23828125 Y8.349609375
G1 X14.150390625 Y8.4375
G1 X13.974609375 Y8.4375
G1 X13.88671875 Y8.349609375
G1 X13.798828125 Y8.4375
G1 X13.7109375 Y8.4375
G0 X5.09765625 Y8.349609375
G1 X5.09765625 Y8.349609375
G0 X3.515625 Y8.349609375
G1 X3.515625 Y8.349609375
G1 X3.603515625 Y8.349609375
G0 X86.748046875 Y8.26171875
G1 X86.748046875 Y8.26171875
G0 X83.232421875 Y8.26171875
G1 X83.232421875 Y8.26171875
G0 X84.55078125 Y8.173828125
G1 X84.55078125 Y8.173828125
G1 X84.638671875 Y8.173828125
G0 X84.19921875 Y8.173828125
G1 X84.19921875 Y8.173828125
G0 X83.671875 Y8.173828125
G1 X83.671875 Y8.173828125
G1 X83.759765625 Y8.173828125
G0 X11.953125 Y8.173828125
G1 X11.953125 Y8.173828125
G0 X86.923828125 Y8.0859375
G1 X86.923828125 Y8.0859375
G0 X86.1328125 Y8.0859375
G1 X86.1328125 Y8.0859375
G0 X84.90234375 Y8.0859375
G1 X84.90234375 Y8.0859375
G0 X83.408203125 Y8.0859375
G1 X83.408203125 Y8.0859375
G0 X82.880859375 Y8.0859375
G1 X82.880859375 Y8.0859375
G1 X82.96875 Y8.173828125
G0 X82.529296875 Y8.0859375
G1 X82.529296875 Y8.0859375
G0 X5.09765625 Y8.0859375
G1 X5.09765625 Y8.0859375
G0 X85.341796875 Y7.998046875
G1 X85.341796875 Y7.998046875
G0 X84.7265625 Y7.998046875
G1 X84.7265625 Y7.998046875
G0 X84.0234375 Y7.998046875
G1 X84.0234375 Y7.998046875
G1 X84.0234375 Y8.0859375
G0 X18.80859375 Y7.998046875
G1 X18.80859375 Y7.998046875
G0 X17.40234375 Y7.998046875
G1 X17.40234375 Y7.998046875
G0 X16.787109375 Y7.998046875
G1 X16.787109375 Y7.998046875
G1 X17.2265625 Y7.998046875
G0 X16.5234375 Y7.998046875
G1 X16.5234375 Y7.998046875
G1 X16.611328125 Y7.998046875
G0 X16.34765625 Y7.998046875
G1 X16.34765625 Y7.998046875
G0 X16.171875 Y7.998046875
G1 X16.171875 Y7.998046875
G0 X15.8203125 Y7.998046875
G1 X15.8203125 Y7.998046875
G1 X15.99609375 Y7.998046875
G0 X15.64453125 Y7.998046875
G1 X15.64453125 Y7.998046875
G0 X15.46875 Y7.998046875
G1 X15.46875 Y7.998046875
G0 X15.29296875 Y7.998046875
G1 X15.29296875 Y7.998046875
G0 X15.029296875 Y7.998046875
G1 X15.029296875 Y7.998046875
G1 X15.1171875 Y7.998046875
G0 X14.677734375 Y7.998046875
G1 X14.677734375 Y7.998046875
G1 X14.853515625 Y7.998046875
G0 X14.501953125 Y7.998046875
G1 X14.501953125 Y7.998046875
G0 X13.359375 Y7.998046875
G1 X13.359375 Y7.998046875
G1 X13.53515625 Y7.998046875
G0 X85.078125 Y7.91015625
G1 X85.078125 Y7.91015625
G0 X84.375 Y7.91015625
G1 X84.375 Y7.91015625
G1 X84.375 Y7.998046875
G0 X83.232421875 Y7.91015625
G1 X83.232421875 Y7.91015625
G0 X82.353515625 Y7.91015625
G1 X82.353515625 Y7.91015625
G0 X80.947265625 Y7.91015625
G1 X80.947265625 Y7.91015625
G0 X14.150390625 Y7.91015625
G1 X14.150390625 Y7.91015625
G1 X14.0625 Y7.998046875
G1 X13.974609375 Y7.998046875
G1 X13.974609375 Y8.0859375
G1 X14.150390625 Y7.91015625
G1 X14.23828125 Y7.998046875
G1 X14.326171875 Y7.998046875
G1 X14.23828125 Y7.998046875
G0 X13.7109375 Y7.91015625
G1 X13.7109375 Y7.91015625
G1 X13.7109375 Y7.998046875
G1 X13.798828125 Y7.998046875
G0 X12.568359375 Y7.91015625
G1 X12.568359375 Y7.91015625
G1 X12.48046875 Y7.998046875
G1 X13.18359375 Y7.998046875
G1 X12.65625 Y7.998046875
G0 X12.041015625 Y7.91015625
G1 X12.041015625 Y7.91015625
G1 X11.953125 Y7.998046875
G1 X12.041015625 Y7.91015625
G1 X12.12890625 Y7.998046875
G1 X12.3046875 Y7.998046875
G1 X12.3046875 Y7.91015625
G1 X12.216796875 Y7.998046875
G1 X12.12890625 Y7.998046875
G0 X11.689453125 Y7.91015625
G1 X11.689453125 Y7.91015625
G1 X11.689453125 Y7.998046875
G1 X11.77734375 Y7.998046875
G0 X11.07421875 Y7.91015625
G1 X11.07421875 Y7.91015625
G0 X10.72265625 Y7.91015625
G1 X10.72265625 Y7.91015625
G0 X3.427734375 Y7.91015625
G1 X3.427734375 Y7.91015625
G1 X3.515625 Y7.91015625
G0 X84.55078125 Y7.822265625
G1 X84.55078125 Y7.822265625
G1 X84.638671875 Y7.822265625
G0 X84.19921875 Y7.822265625
G1 X84.19921875 Y7.822265625
G0 X83.84765625 Y7.822265625
G1 X83.84765625 Y7.822265625
G0 X83.49609375 Y7.822265625
G1 X83.49609375 Y7.822265625
G1 X83.671875 Y7.998046875
G0 X83.056640625 Y7.822265625
G1 X83.056640625 Y7.822265625
G0 X81.298828125 Y7.822265625
G1 X81.298828125 Y7.822265625
G0 X11.42578125 Y7.822265625
G1 X11.42578125 Y7.822265625
G1 X11.337890625 Y7.91015625
G0 X82.529296875 Y7.734375
G1 X82.529296875 Y7.734375
G1 X82.6171875 Y7.822265625
G0 X82.177734375 Y7.734375
G1 X82.177734375 Y7.734375
G0 X81.650390625 Y7.734375
G1 X81.650390625 Y7.734375
G0 X13.798828125 Y7.734375
G1 X13.798828125 Y7.734375
G0 X13.359375 Y7.734375
G1 X13.359375 Y7.734375
G0 X86.1328125 Y7.646484375
G1 X86.1328125 Y7.646484375
G0 X85.341796875 Y7.646484375
G1 X85.341796875 Y7.646484375
G0 X84.0234375 Y7.646484375
G1 X84.0234375 Y7.646484375
G0 X83.671875 Y7.646484375
G1 X83.671875 Y7.646484375
G0 X83.232421875 Y7.646484375
G1 X83.232421875 Y7.646484375
G1 X83.3203125 Y7.646484375
G0 X82.96875 Y7.646484375
G1 X82.96875 Y7.646484375
G1 X82.880859375 Y7.734375
G1 X82.79296875 Y7.734375
G1 X82.880859375 Y7.734375
G0 X81.474609375 Y7.646484375
G1 X81.474609375 Y7.646484375
G0 X15.205078125 Y7.646484375
G1 X15.205078125 Y7.646484375
G0 X14.677734375 Y7.646484375
G1 X14.677734375 Y7.646484375
G0 X14.23828125 Y7.646484375
G1 X14.23828125 Y7.646484375
G1 X14.326171875 Y7.646484375
G0 X13.974609375 Y7.646484375
G1 X13.974609375 Y7.646484375
G0 X13.53515625 Y7.646484375
G1 X13.53515625 Y7.646484375
G1 X13.623046875 Y7.646484375
G0 X13.0078125 Y7.646484375
G1 X13.0078125 Y7.646484375
G1 X13.0078125 Y7.734375
G1 X13.18359375 Y7.734375
G1 X13.18359375 Y7.646484375
G1 X13.095703125 Y7.734375
G0 X12.744140625 Y7.646484375
G1 X12.744140625 Y7.646484375
G1 X12.744140625 Y7.734375
G1 X12.83203125 Y7.734375
G0 X12.48046875 Y7.646484375
G1 X12.48046875 Y7.646484375
G1 X12.392578125 Y7.734375
G1 X12.48046875 Y7.646484375
G1 X12.568359375 Y7.646484375
G0 X12.041015625 Y7.646484375
G1 X12.041015625 Y7.646484375
G1 X12.12890625 Y7.734375
G1 X12.216796875 Y7.646484375
G0 X11.689453125 Y7.646484375
G1 X11.689453125 Y7.646484375
G1 X11.77734375 Y7.646484375
G1 X11.865234375 Y7.734375
G1 X11.865234375 Y7.646484375
G0 X10.8984375 Y7.646484375
G1 X10.8984375 Y7.646484375
G1 X10.986328125 Y7.646484375
G0 X10.634765625 Y7.646484375
G1 X10.634765625 Y7.646484375
G0 X10.37109375 Y7.646484375
G1 X10.37109375 Y7.646484375
G0 X9.931640625 Y7.646484375
G1 X9.931640625 Y7.646484375
G0 X4.04296875 Y7.646484375
G1 X4.04296875 Y7.646484375
G0 X84.7265625 Y7.55859375
G1 X84.7265625 Y7.55859375
G0 X82.353515625 Y7.55859375
G1 X82.353515625 Y7.55859375
G0 X81.73828125 Y7.55859375
G1 X81.73828125 Y7.55859375
G1 X81.826171875 Y7.55859375
G0 X11.42578125 Y7.55859375
G1 X11.42578125 Y7.55859375
G1 X11.42578125 Y7.646484375
G0 X11.25 Y7.55859375
G1 X11.25 Y7.55859375
G1 X11.162109375 Y7.646484375
G1 X11.25 Y7.646484375
G0 X10.107421875 Y7.55859375
G1 X10.107421875 Y7.55859375
G0 X84.375 Y7.470703125
G1 X84.375 Y7.470703125
G1 X84.375 Y7.646484375
G0 X83.408203125 Y7.470703125
G1 X83.408203125 Y7.470703125
G1 X83.49609375 Y7.470703125
G0 X82.705078125 Y7.470703125
G1 X82.705078125 Y7.470703125
G1 X82.79296875 Y7.470703125
G0 X85.517578125 Y7.3828125
G1 X85.517578125 Y7.3828125
G0 X85.166015625 Y7.3828125
G1 X85.166015625 Y7.3828125
G0 X84.19921875 Y7.3828125
G1 X84.19921875 Y7.3828125
G0 X83.84765625 Y7.3828125
G1 X83.84765625 Y7.3828125
G1 X83.84765625 Y7.470703125
G1 X83.935546875 Y7.470703125
G1 X83.935546875 Y7.3828125
G0 X83.056640625 Y7.3828125
G1 X83.056640625 Y7.3828125
G1 X83.14453125 Y7.470703125
G0 X82.529296875 Y7.3828125
G1 X82.529296875 Y7.3828125
G0 X82.177734375 Y7.3828125
G1 X82.177734375 Y7.3828125
G0 X81.9140625 Y7.3828125
G1 X81.9140625 Y7.3828125
G0 X81.5625 Y7.3828125
G1 X81.5625 Y7.3828125
G1 X81.650390625 Y7.3828125
G0 X81.298828125 Y7.3828125
G1 X81.298828125 Y7.3828125
G0 X80.68359375 Y7.3828125
G1 X80.68359375 Y7.3828125
G0 X12.744140625 Y7.3828125
G1 X12.744140625 Y7.3828125
G0 X12.041015625 Y7.3828125
G1 X12.041015625 Y7.3828125
G0 X10.810546875 Y7.3828125
G1 X10.810546875 Y7.3828125
G0 X10.283203125 Y7.3828125
G1 X10.283203125 Y7.3828125
G0 X4.04296875 Y7.3828125
G1 X4.04296875 Y7.3828125
G0 X3.515625 Y7.3828125
G1 X3.515625 Y7.3828125
G0 X85.869140625 Y7.294921875
G1 X85.869140625 Y7.294921875
G0 X85.341796875 Y7.294921875
G1 X85.341796875 Y7.294921875
G0 X84.990234375 Y7.294921875
G1 X84.990234375 Y7.294921875
G0 X84.55078125 Y7.294921875
G1 X84.55078125 Y7.294921875
G1 X84.638671875 Y7.294921875
G0 X83.232421875 Y7.294921875
G1 X83.232421875 Y7.294921875
G1 X83.3203125 Y7.294921875
G0 X82.880859375 Y7.294921875
G1 X82.880859375 Y7.294921875
G0 X81.123046875 Y7.294921875
G1 X81.123046875 Y7.294921875
G0 X13.271484375 Y7.294921875
G1 X13.271484375 Y7.294921875
G0 X11.77734375 Y7.294921875
G1 X11.77734375 Y7.294921875
G0 X11.25 Y7.294921875
G1 X11.25 Y7.294921875
G0 X86.1328125 Y7.20703125
G1 X86.1328125 Y7.20703125
G1 X86.1328125 Y7.3828125
G1 X86.1328125 Y7.294921875
G1 X86.220703125 Y7.20703125
G0 X85.60546875 Y7.20703125
G1 X85.60546875 Y7.20703125
G0 X83.583984375 Y7.20703125
G1 X83.583984375 Y7.20703125
G1 X83.671875 Y7.20703125
G0 X82.353515625 Y7.20703125
G1 X82.353515625 Y7.20703125
G0 X82.001953125 Y7.20703125
G1 X82.001953125 Y7.20703125
G0 X3.69140625 Y7.20703125
G1 X3.69140625 Y7.20703125
G0 X84.0234375 Y7.119140625
G1 X84.0234375 Y7.119140625
G1 X84.0234375 Y7.20703125
G0 X83.056640625 Y7.119140625
G1 X83.056640625 Y7.119140625
G0 X82.705078125 Y7.119140625
G1 X82.705078125 Y7.119140625
G0 X82.177734375 Y7.119140625
G1 X82.177734375 Y7.119140625
G0 X13.359375 Y7.119140625
G1 X13.359375 Y7.119140625
G0 X13.095703125 Y7.119140625
G1 X13.095703125 Y7.119140625
G0 X12.83203125 Y7.119140625
G1 X12.83203125 Y7.119140625
G0 X12.568359375 Y7.119140625
G1 X12.568359375 Y7.119140625
G0 X11.953125 Y7.119140625
G1 X11.953125 Y7.119140625
G0 X11.162109375 Y7.119140625
G1 X11.162109375 Y7.119140625
G0 X4.04296875 Y7.119140625
G1 X4.04296875 Y7.119140625
G0 X85.78125 Y7.03125
G1 X85.78125 Y7.03125
G0 X85.4296875 Y7.03125
G1 X85.4296875 Y7.03125
G0 X83.84765625 Y7.03125
G1 X83.84765625 Y7.03125
G0 X82.44140625 Y7.03125
G1 X82.44140625 Y7.03125
G0 X81.826171875 Y7.03125
G1 X81.826171875 Y7.03125
G1 X81.73828125 Y7.119140625
G0 X80.947265625 Y7.03125
G1 X80.947265625 Y7.03125
G0 X10.810546875 Y7.03125
G1 X10.810546875 Y7.03125
G1 X10.72265625 Y7.119140625
G0 X3.515625 Y7.03125
G1 X3.515625 Y7.03125
G1 X3.515625 Y7.119140625
G0 X86.044921875 Y6.943359375
G1 X86.044921875 Y6.943359375
G1 X86.1328125 Y6.943359375
G0 X84.90234375 Y6.943359375
G1 X84.90234375 Y6.943359375
G1 X84.990234375 Y6.943359375
G1 X85.078125 Y7.03125
G1 X85.166015625 Y7.03125
G1 X85.078125 Y7.03125
G1 X84.990234375 Y6.943359375
G0 X84.55078125 Y6.943359375
G1 X84.55078125 Y6.943359375
G1 X84.638671875 Y6.943359375
G0 X84.19921875 Y6.943359375
G1 X84.19921875 Y6.943359375
G1 X84.375 Y7.119140625
G1 X84.375 Y7.20703125
G1 X84.375 Y7.119140625
G0 X83.408203125 Y6.943359375
G1 X83.408203125 Y6.943359375
G0 X83.232421875 Y6.943359375
G1 X83.232421875 Y6.943359375
G0 X82.880859375 Y6.943359375
G1 X82.880859375 Y6.943359375
G0 X82.6171875 Y6.943359375
G1 X82.6171875 Y6.943359375
G0 X10.546875 Y6.943359375
G1 X10.546875 Y6.943359375
G1 X10.546875 Y7.03125
G0 X10.283203125 Y6.943359375
G1 X10.283203125 Y6.943359375
G1 X10.283203125 Y7.03125
G0 X9.931640625 Y6.943359375
G1 X9.931640625 Y6.943359375
G1 X9.931640625 Y7.03125
G0 X9.66796875 Y6.943359375
G1 X9.66796875 Y6.943359375
G0 X3.69140625 Y6.943359375
G1 X3.69140625 Y6.943359375
G0 X85.517578125 Y6.85546875
G1 X85.517578125 Y6.85546875
G0 X84.0234375 Y6.85546875
G1 X84.0234375 Y6.85546875
G0 X82.265625 Y6.85546875
G1 X82.265625 Y6.85546875
G0 X13.88671875 Y6.85546875
G1 X13.88671875 Y6.85546875
G0 X13.623046875 Y6.85546875
G1 X13.623046875 Y6.85546875
G0 X13.359375 Y6.85546875
G1 X13.359375 Y6.85546875
G0 X13.095703125 Y6.85546875
G1 X13.095703125 Y6.85546875
G0 X12.744140625 Y6.85546875
G1 X12.744140625 Y6.85546875
G0 X12.48046875 Y6.85546875
G1 X12.48046875 Y6.85546875
G0 X11.953125 Y6.85546875
G1 X11.953125 Y6.85546875
G0 X11.6015625 Y6.85546875
G1 X11.6015625 Y6.85546875
G1 X11.689453125 Y6.85546875
G0 X11.162109375 Y6.85546875
G1 X11.162109375 Y6.85546875
G0 X10.72265625 Y6.85546875
G1 X10.72265625 Y6.85546875
G0 X4.04296875 Y6.85546875
G1 X4.04296875 Y6.85546875
G0 X86.1328125 Y6.767578125
G1 X86.1328125 Y6.767578125
G0 X85.25390625 Y6.767578125
G1 X85.25390625 Y6.767578125
G1 X85.341796875 Y6.767578125
G0 X83.583984375 Y6.767578125
G1 X83.583984375 Y6.767578125
G1 X83.583984375 Y6.85546875
G1 X83.671875 Y6.767578125
G0 X81.73828125 Y6.767578125
G1 X81.73828125 Y6.767578125
G1 X81.650390625 Y6.85546875
G0 X81.38671875 Y6.767578125
G1 X81.38671875 Y6.767578125
G0 X14.4140625 Y6.767578125
G1 X14.4140625 Y6.767578125
G0 X14.150390625 Y6.767578125
G1 X14.150390625 Y6.767578125
G1 X14.150390625 Y6.85546875
G0 X12.3046875 Y6.767578125
G1 X12.3046875 Y6.767578125
G1 X12.216796875 Y6.85546875
G0 X11.337890625 Y6.767578125
G1 X11.337890625 Y6.767578125
G1 X11.42578125 Y6.85546875
G0 X10.986328125 Y6.767578125
G1 X10.986328125 Y6.767578125
G0 X85.869140625 Y6.6796875
G1 X85.869140625 Y6.6796875
G0 X85.60546875 Y6.6796875
G1 X85.60546875 Y6.6796875
G0 X85.078125 Y6.6796875
G1 X85.078125 Y6.6796875
G0 X84.19921875 Y6.6796875
G1 X84.19921875 Y6.6796875
G1 X84.287109375 Y6.6796875
G1 X84.375 Y6.767578125
G1 X84.462890625 Y6.767578125
G1 X84.375 Y6.767578125
G1 X84.287109375 Y6.6796875
G0 X83.935546875 Y6.6796875
G1 X83.935546875 Y6.6796875
G0 X83.232421875 Y6.6796875
G1 X83.232421875 Y6.6796875
G1 X83.232421875 Y6.767578125
G0 X82.705078125 Y6.6796875
G1 X82.705078125 Y6.6796875
G1 X82.79296875 Y6.6796875
G0 X10.810546875 Y6.6796875
G1 X10.810546875 Y6.6796875
G0 X10.458984375 Y6.6796875
G1 X10.458984375 Y6.6796875
G1 X10.37109375 Y6.767578125
G0 X9.931640625 Y6.6796875
G1 X9.931640625 Y6.6796875
G0 X9.66796875 Y6.6796875
G1 X9.66796875 Y6.6796875
G0 X86.572265625 Y6.591796875
G1 X86.572265625 Y6.591796875
G0 X86.1328125 Y6.591796875
G1 X86.1328125 Y6.591796875
G1 X86.220703125 Y6.591796875
G0 X84.55078125 Y6.591796875
G1 X84.55078125 Y6.591796875
G1 X84.638671875 Y6.591796875
G1 X84.7265625 Y6.6796875
G1 X84.814453125 Y6.6796875
G1 X84.7265625 Y6.6796875
G1 X84.638671875 Y6.591796875
G0 X83.408203125 Y6.591796875
G1 X83.408203125 Y6.591796875
G0 X83.056640625 Y6.591796875
G1 X83.056640625 Y6.591796875
G0 X82.265625 Y6.591796875
G1 X82.265625 Y6.591796875
G0 X82.001953125 Y6.591796875
G1 X82.001953125 Y6.591796875
G0 X12.744140625 Y6.591796875
G1 X12.744140625 Y6.591796875
G0 X12.041015625 Y6.591796875
G1 X12.041015625 Y6.591796875
G0 X11.162109375 Y6.591796875
G1 X11.162109375 Y6.591796875
G0 X4.04296875 Y6.591796875
G1 X4.04296875 Y6.591796875
G0 X3.603515625 Y6.591796875
G1 X3.603515625 Y6.591796875
G0 X85.693359375 Y6.50390625
G1 X85.693359375 Y6.50390625
G1 X85.78125 Y6.50390625
G0 X84.90234375 Y6.50390625
G1 X84.90234375 Y6.50390625
G0 X82.529296875 Y6.50390625
G1 X82.529296875 Y6.50390625
G1 X82.529296875 Y6.591796875
G0 X12.216796875 Y6.50390625
G1 X12.216796875 Y6.50390625
G0 X11.513671875 Y6.50390625
G1 X11.513671875 Y6.50390625
G0 X10.986328125 Y6.50390625
G1 X10.986328125 Y6.50390625
G0 X9.931640625 Y6.50390625
G1 X9.931640625 Y6.50390625
G0 X4.658203125 Y6.50390625
G1 X4.658203125 Y6.50390625
G0 X84.7265625 Y6.416015625
G1 X84.7265625 Y6.416015625
G0 X84.375 Y6.416015625
G1 X84.375 Y6.416015625
G0 X83.935546875 Y6.416015625
G1 X83.935546875 Y6.416015625
G0 X83.671875 Y6.416015625
G1 X83.671875 Y6.416015625
G1 X83.583984375 Y6.50390625
G0 X83.14453125 Y6.416015625
G1 X83.14453125 Y6.416015625
G1 X83.232421875 Y6.416015625
G0 X82.79296875 Y6.416015625
G1 X82.79296875 Y6.416015625
G1 X82.880859375 Y6.416015625
G0 X12.48046875 Y6.416015625
G1 X12.48046875 Y6.416015625
G0 X86.572265625 Y6.328125
G1 X86.572265625 Y6.328125
G0 X86.1328125 Y6.328125
G1 X86.1328125 Y6.328125
G1 X86.1328125 Y6.416015625
G0 X85.4296875 Y6.328125
G1 X85.4296875 Y6.328125
G1 X85.4296875 Y6.416015625
G1 X85.341796875 Y6.50390625
G1 X85.25390625 Y6.50390625
G1 X85.166015625 Y6.416015625
G1 X85.078125 Y6.416015625
G1 X85.166015625 Y6.416015625
G1 X85.25390625 Y6.50390625
G1 X85.341796875 Y6.50390625
G1 X85.4296875 Y6.591796875
G1 X85.341796875 Y6.50390625
G1 X85.4296875 Y6.416015625
G0 X82.6171875 Y6.328125
G1 X82.6171875 Y6.328125
G0 X82.265625 Y6.328125
G1 X82.265625 Y6.328125
G1 X82.353515625 Y6.328125
G0 X81.2109375 Y6.328125
G1 X81.2109375 Y6.328125
G0 X80.5078125 Y6.328125
G1 X80.5078125 Y6.328125
G0 X80.244140625 Y6.328125
G1 X80.244140625 Y6.328125
G0 X78.134765625 Y6.328125
G1 X78.134765625 Y6.328125
G0 X11.337890625 Y6.328125
G1 X11.337890625 Y6.328125
G0 X4.921875 Y6.328125
G1 X4.921875 Y6.328125
G0 X84.990234375 Y6.240234375
G1 X84.990234375 Y6.240234375
G1 X85.078125 Y6.240234375
G0 X84.462890625 Y6.240234375
G1 X84.462890625 Y6.240234375
G1 X84.55078125 Y6.240234375
G0 X84.111328125 Y6.240234375
G1 X84.111328125 Y6.240234375
G1 X84.19921875 Y6.328125
G0 X83.49609375 Y6.240234375
G1 X83.49609375 Y6.240234375
G0 X82.08984375 Y6.240234375
G1 X82.08984375 Y6.240234375
G1 X82.08984375 Y6.328125
G0 X81.5625 Y6.240234375
G1 X81.5625 Y6.240234375
G0 X80.859375 Y6.240234375
G1 X80.859375 Y6.240234375
G1 X80.859375 Y6.328125
G1 X80.947265625 Y6.328125
G0 X79.98046875 Y6.240234375
G1 X79.98046875 Y6.240234375
G0 X4.5703125 Y6.240234375
G1 X4.5703125 Y6.240234375
G0 X4.04296875 Y6.240234375
G1 X4.04296875 Y6.240234375
G1 X4.04296875 Y6.328125
G0 X3.427734375 Y6.240234375
G1 X3.427734375 Y6.240234375
G1 X3.33984375 Y6.328125
G1 X3.251953125 Y6.328125
G1 X3.251953125 Y6.416015625
G1 X3.33984375 Y6.50390625
G1 X3.251953125 Y6.591796875
G1 X3.1640625 Y6.591796875
G1 X3.076171875 Y6.50390625
G1 X2.98828125 Y6.591796875
G1 X3.076171875 Y6.591796875
G1 X3.1640625 Y6.6796875
G1 X3.251953125 Y6.6796875
G1 X3.251953125 Y6.591796875
G1 X3.427734375 Y6.416015625
G1 X3.33984375 Y6.328125
G1 X3.427734375 Y6.240234375
G1 X3.515625 Y6.240234375
G0 X85.869140625 Y6.15234375
G1 X85.869140625 Y6.15234375
G1 X85.869140625 Y6.240234375
G0 X85.25390625 Y6.15234375
G1 X85.25390625 Y6.15234375
G1 X85.341796875 Y6.15234375
G0 X84.814453125 Y6.15234375
G1 X84.814453125 Y6.15234375
G0 X82.44140625 Y6.15234375
G1 X82.44140625 Y6.15234375
G0 X81.826171875 Y6.15234375
G1 X81.826171875 Y6.15234375
G0 X81.298828125 Y6.15234375
G1 X81.298828125 Y6.15234375
G0 X77.607421875 Y6.15234375
G1 X77.607421875 Y6.15234375
G0 X13.974609375 Y6.15234375
G1 X13.974609375 Y6.15234375
G0 X13.623046875 Y6.15234375
G1 X13.623046875 Y6.15234375
G0 X13.271484375 Y6.15234375
G1 X13.271484375 Y6.15234375
G1 X13.359375 Y6.15234375
G0 X13.0078125 Y6.15234375
G1 X13.0078125 Y6.15234375
G1 X13.095703125 Y6.15234375
G0 X12.48046875 Y6.15234375
G1 X12.48046875 Y6.15234375
G1 X12.83203125 Y6.15234375
G0 X12.216796875 Y6.15234375
G1 X12.216796875 Y6.15234375
G1 X12.3046875 Y6.15234375
G0 X11.337890625 Y6.15234375
G1 X11.337890625 Y6.15234375
G1 X11.6015625 Y6.15234375
G1 X11.689453125 Y6.240234375
G1 X11.77734375 Y6.15234375
G1 X11.865234375 Y6.15234375
G1 X11.953125 Y6.240234375
G1 X12.041015625 Y6.15234375
G0 X11.07421875 Y6.15234375
G1 X11.07421875 Y6.15234375
G1 X11.162109375 Y6.15234375
G0 X10.1953125 Y6.15234375
G1 X10.1953125 Y6.15234375
G1 X10.283203125 Y6.15234375
G1 X10.37109375 Y6.240234375
G1 X10.458984375 Y6.15234375
G1 X10.8984375 Y6.15234375
G0 X10.01953125 Y6.15234375
G1 X10.01953125 Y6.15234375
G0 X9.4921875 Y6.15234375
G1 X9.4921875 Y6.15234375
G0 X8.96484375 Y6.15234375
G1 X8.96484375 Y6.15234375
G0 X83.759765625 Y6.064453125
G1 X83.759765625 Y6.064453125
G1 X83.759765625 Y6.15234375
G1 X83.84765625 Y6.15234375
G0 X82.79296875 Y6.064453125
G1 X82.79296875 Y6.064453125
G1 X82.79296875 Y6.15234375
G1 X82.880859375 Y6.15234375
G1 X82.96875 Y6.240234375
G1 X83.056640625 Y6.240234375
G1 X82.96875 Y6.240234375
G1 X82.880859375 Y6.15234375
G1 X82.880859375 Y6.064453125
G0 X81.03515625 Y6.064453125
G1 X81.03515625 Y6.064453125
G1 X81.123046875 Y6.064453125
G0 X80.5078125 Y6.064453125
G1 X80.5078125 Y6.064453125
G1 X80.859375 Y6.064453125
G0 X80.068359375 Y6.064453125
G1 X80.068359375 Y6.064453125
G1 X80.33203125 Y6.064453125
G0 X79.8046875 Y6.064453125
G1 X79.8046875 Y6.064453125
G0 X78.75 Y6.064453125
G1 X78.75 Y6.064453125
G1 X78.75 Y6.15234375
G0 X78.57421875 Y6.064453125
G1 X78.57421875 Y6.064453125
G0 X78.134765625 Y6.064453125
G1 X78.134765625 Y6.064453125
G1 X78.22265625 Y6.064453125
G0 X86.572265625 Y5.9765625
G1 X86.572265625 Y5.9765625
G0 X86.1328125 Y5.9765625
G1 X86.1328125 Y5.9765625
G1 X86.1328125 Y6.15234375
G1 X86.220703125 Y6.15234375
G1 X86.1328125 Y6.064453125
G1 X86.220703125 Y5.9765625
G0 X85.95703125 Y5.9765625
G1 X85.95703125 Y5.9765625
G0 X84.375 Y5.9765625
G1 X84.375 Y5.9765625
G1 X84.462890625 Y5.9765625
G0 X84.111328125 Y5.9765625
G1 X84.111328125 Y5.9765625
G0 X83.14453125 Y5.9765625
G1 X83.14453125 Y5.9765625
G1 X83.232421875 Y5.9765625
G0 X82.529296875 Y5.9765625
G1 X82.529296875 Y5.9765625
G1 X82.6171875 Y5.9765625
G0 X82.001953125 Y5.9765625
G1 X82.001953125 Y5.9765625
G1 X82.177734375 Y5.9765625
G1 X82.265625 Y6.064453125
G1 X82.265625 Y5.9765625
G0 X81.38671875 Y5.9765625
G1 X81.38671875 Y5.9765625
G1 X81.650390625 Y5.9765625
G0 X79.013671875 Y5.9765625
G1 X79.013671875 Y5.9765625
G0 X4.04296875 Y5.9765625
G1 X4.04296875 Y5.9765625
G0 X3.779296875 Y5.9765625
G1 X3.779296875 Y5.9765625
G1 X3.69140625 Y6.064453125
G0 X85.341796875 Y5.888671875
G1 X85.341796875 Y5.888671875
G1 X85.4296875 Y5.9765625
G0 X84.990234375 Y5.888671875
G1 X84.990234375 Y5.888671875
G1 X84.90234375 Y5.9765625
G1 X84.990234375 Y5.888671875
G1 X85.078125 Y5.9765625
G0 X83.84765625 Y5.888671875
G1 X83.84765625 Y5.888671875
G1 X83.935546875 Y5.888671875
G0 X83.583984375 Y5.888671875
G1 X83.583984375 Y5.888671875
G1 X83.49609375 Y5.9765625
G1 X83.583984375 Y5.9765625
G0 X13.18359375 Y5.888671875
G1 X13.18359375 Y5.888671875
G0 X85.78125 Y5.80078125
G1 X85.78125 Y5.80078125
G1 X85.78125 Y5.888671875
G1 X85.693359375 Y5.9765625
G1 X85.693359375 Y6.064453125
G1 X85.60546875 Y6.15234375
G1 X85.693359375 Y6.064453125
G1 X85.693359375 Y5.9765625
G1 X85.78125 Y5.888671875
G0 X85.166015625 Y5.80078125
G1 X85.166015625 Y5.80078125
G0 X84.55078125 Y5.80078125
G1 X84.55078125 Y5.80078125
G1 X84.638671875 Y5.80078125
G1 X84.7265625 Y5.888671875
G1 X84.7265625 Y5.9765625
G1 X84.7265625 Y5.888671875
G1 X84.638671875 Y5.80078125
G0 X84.19921875 Y5.80078125
G1 X84.19921875 Y5.80078125
G1 X84.287109375 Y5.80078125
G0 X82.705078125 Y5.80078125
G1 X82.705078125 Y5.80078125
G1 X82.79296875 Y5.80078125
G0 X81.73828125 Y5.80078125
G1 X81.73828125 Y5.80078125
G0 X81.2109375 Y5.80078125
G1 X81.2109375 Y5.80078125
G0 X78.486328125 Y5.80078125
G1 X78.486328125 Y5.80078125
G0 X15.380859375 Y5.80078125
G1 X15.380859375 Y5.80078125
G0 X86.1328125 Y5.712890625
G1 X86.1328125 Y5.712890625
G1 X86.1328125 Y5.80078125
G0 X83.14453125 Y5.712890625
G1 X83.14453125 Y5.712890625
G1 X83.232421875 Y5.712890625
G0 X82.08984375 Y5.712890625
G1 X82.08984375 Y5.712890625
G1 X82.177734375 Y5.712890625
G0 X79.453125 Y5.712890625
G1 X79.453125 Y5.712890625
G0 X79.1015625 Y5.712890625
G1 X79.1015625 Y5.712890625
G0 X4.04296875 Y5.712890625
G1 X4.04296875 Y5.712890625
G0 X3.8671875 Y5.712890625
G1 X3.8671875 Y5.712890625
G0 X85.341796875 Y5.625
G1 X85.341796875 Y5.625
G0 X85.078125 Y5.625
G1 X85.078125 Y5.625
G1 X84.990234375 Y5.712890625
G1 X84.90234375 Y5.712890625
G1 X84.990234375 Y5.712890625
G0 X84.0234375 Y5.625
G1 X84.0234375 Y5.625
G1 X84.111328125 Y5.625
G0 X83.759765625 Y5.625
G1 X83.759765625 Y5.625
G0 X83.49609375 Y5.625
G1 X83.49609375 Y5.625
G0 X82.529296875 Y5.625
G1 X82.529296875 Y5.625
G1 X82.44140625 Y5.712890625
G0 X4.921875 Y5.625
G1 X4.921875 Y5.625
G0 X82.880859375 Y5.537109375
G1 X82.880859375 Y5.537109375
G0 X82.265625 Y5.537109375
G1 X82.265625 Y5.537109375
G0 X80.771484375 Y5.537109375
G1 X80.771484375 Y5.537109375
G0 X78.662109375 Y5.537109375
G1 X78.662109375 Y5.537109375
G0 X4.658203125 Y5.537109375
G1 X4.658203125 Y5.537109375
G0 X3.603515625 Y5.537109375
G1 X3.603515625 Y5.537109375
G1 X3.69140625 Y5.537109375
G0 X83.935546875 Y5.44921875
G1 X83.935546875 Y5.44921875
G0 X83.3203125 Y5.44921875
G1 X83.3203125 Y5.44921875
G0 X82.08984375 Y5.44921875
G1 X82.08984375 Y5.44921875
G0 X81.474609375 Y5.44921875
G1 X81.474609375 Y5.44921875
G0 X80.5078125 Y5.44921875
G1 X80.5078125 Y5.44921875
G0 X80.244140625 Y5.44921875
G1 X80.244140625 Y5.44921875
G0 X79.62890625 Y5.44921875
G1 X79.62890625 Y5.44921875
G0 X79.365234375 Y5.44921875
G1 X79.365234375 Y5.44921875
G0 X78.92578125 Y5.44921875
G1 X78.92578125 Y5.44921875
G1 X79.013671875 Y5.44921875
G0 X78.3984375 Y5.44921875
G1 X78.3984375 Y5.44921875
G0 X13.623046875 Y5.44921875
G1 X13.623046875 Y5.44921875
G0 X11.162109375 Y5.44921875
G1 X11.162109375 Y5.44921875
G0 X10.8984375 Y5.44921875
G1 X10.8984375 Y5.44921875
G0 X9.755859375 Y5.44921875
G1 X9.755859375 Y5.44921875
G0 X9.4921875 Y5.44921875
G1 X9.4921875 Y5.44921875
G0 X83.056640625 Y5.361328125
G1 X83.056640625 Y5.361328125
G1 X83.056640625 Y5.44921875
G0 X80.068359375 Y5.361328125
G1 X80.068359375 Y5.361328125
G1 X79.98046875 Y5.44921875
G0 X76.552734375 Y5.361328125
G1 X76.552734375 Y5.361328125
G0 X4.39453125 Y5.361328125
G1 X4.39453125 Y5.361328125
G1 X4.39453125 Y5.44921875
G0 X86.396484375 Y5.2734375
G1 X86.396484375 Y5.2734375
G1 X86.484375 Y5.361328125
G0 X83.671875 Y5.2734375
G1 X83.671875 Y5.2734375
G1 X83.759765625 Y5.2734375
G0 X83.408203125 Y5.2734375
G1 X83.408203125 Y5.2734375
G0 X82.529296875 Y5.2734375
G1 X82.529296875 Y5.2734375
G0 X81.826171875 Y5.2734375
G1 X81.826171875 Y5.2734375
G0 X81.2109375 Y5.2734375
G1 X81.2109375 Y5.2734375
G1 X81.298828125 Y5.2734375
G0 X80.68359375 Y5.2734375
G1 X80.68359375 Y5.2734375
G1 X80.771484375 Y5.2734375
G0 X79.189453125 Y5.2734375
G1 X79.189453125 Y5.2734375
G0 X78.57421875 Y5.2734375
G1 X78.57421875 Y5.2734375
G0 X78.22265625 Y5.2734375
G1 X78.22265625 Y5.2734375
G0 X4.658203125 Y5.2734375
G1 X4.658203125 Y5.2734375
G0 X3.955078125 Y5.2734375
G1 X3.955078125 Y5.2734375
G0 X3.33984375 Y5.2734375
G1 X3.33984375 Y5.2734375
G1 X3.427734375 Y5.2734375
G1 X3.515625 Y5.361328125
G1 X3.603515625 Y5.361328125
G1 X3.603515625 Y5.2734375
G0 X84.0234375 Y5.185546875
G1 X84.0234375 Y5.185546875
G1 X84.0234375 Y5.2734375
G1 X84.111328125 Y5.361328125
G1 X84.19921875 Y5.361328125
G0 X83.232421875 Y5.185546875
G1 X83.232421875 Y5.185546875
G0 X82.79296875 Y5.185546875
G1 X82.79296875 Y5.185546875
G1 X82.79296875 Y5.2734375
G1 X82.880859375 Y5.2734375
G1 X82.880859375 Y5.185546875
G0 X82.001953125 Y5.185546875
G1 X82.001953125 Y5.185546875
G1 X82.08984375 Y5.185546875
G0 X81.5625 Y5.185546875
G1 X81.5625 Y5.185546875
G0 X81.03515625 Y5.185546875
G1 X81.03515625 Y5.185546875
G0 X79.453125 Y5.185546875
G1 X79.453125 Y5.185546875
G1 X79.453125 Y5.2734375
G0 X77.51953125 Y5.185546875
G1 X77.51953125 Y5.185546875
G0 X84.375 Y5.09765625
G1 X84.375 Y5.09765625
G1 X84.287109375 Y5.185546875
G1 X84.375 Y5.185546875
G0 X83.49609375 Y5.09765625
G1 X83.49609375 Y5.09765625
G1 X83.583984375 Y5.09765625
G0 X83.056640625 Y5.09765625
G1 X83.056640625 Y5.09765625
G0 X82.6171875 Y5.09765625
G1 X82.6171875 Y5.09765625
G0 X80.5078125 Y5.09765625
G1 X80.5078125 Y5.09765625
G0 X79.892578125 Y5.09765625
G1 X79.892578125 Y5.09765625
G0 X78.92578125 Y5.09765625
G1 X78.92578125 Y5.09765625
G0 X77.87109375 Y5.09765625
G1 X77.87109375 Y5.09765625
G0 X4.833984375 Y5.09765625
G1 X4.833984375 Y5.09765625
G0 X4.5703125 Y5.09765625
G1 X4.5703125 Y5.09765625
G0 X4.21875 Y5.09765625
G1 X4.21875 Y5.09765625
G0 X86.396484375 Y5.009765625
G1 X86.396484375 Y5.009765625
G1 X86.484375 Y5.09765625
G1 X86.572265625 Y5.09765625
G1 X86.484375 Y5.09765625
G0 X84.55078125 Y5.009765625
G1 X84.55078125 Y5.009765625
G1 X84.638671875 Y5.009765625
G1 X84.7265625 Y5.09765625
G1 X84.7265625 Y5.185546875
G1 X84.814453125 Y5.185546875
G1 X84.90234375 Y5.2734375
G1 X84.90234375 Y5.361328125
G1 X84.7265625 Y5.537109375
G1 X84.638671875 Y5.44921875
G1 X84.638671875 Y5.361328125
G1 X84.55078125 Y5.361328125
G1 X84.55078125 Y5.44921875
G1 X84.462890625 Y5.537109375
G1 X84.375 Y5.537109375
G1 X84.375 Y5.625
G1 X84.55078125 Y5.44921875
G1 X84.638671875 Y5.44921875
G1 X84.7265625 Y5.537109375
G1 X84.814453125 Y5.44921875
G1 X84.90234375 Y5.44921875
G1 X84.990234375 Y5.361328125
G1 X84.990234375 Y5.2734375
G1 X84.90234375 Y5.2734375
G1 X84.638671875 Y5.009765625
G0 X83.84765625 Y5.009765625
G1 X83.84765625 Y5.009765625
G0 X79.365234375 Y5.009765625
G1 X79.365234375 Y5.009765625
G1 X79.27734375 Y5.09765625
G0 X82.79296875 Y4.921875
G1 X82.79296875 Y4.921875
G1 X82.880859375 Y4.921875
G0 X82.353515625 Y4.921875
G1 X82.353515625 Y4.921875
G1 X82.353515625 Y5.009765625
G1 X82.265625 Y5.09765625
G1 X82.353515625 Y5.009765625
G0 X82.08984375 Y4.921875
G1 X82.08984375 Y4.921875
G0 X81.73828125 Y4.921875
G1 X81.73828125 Y4.921875
G1 X81.826171875 Y4.921875
G0 X81.474609375 Y4.921875
G1 X81.474609375 Y4.921875
G1 X81.5625 Y4.921875
G0 X81.2109375 Y4.921875
G1 X81.2109375 Y4.921875
G0 X80.859375 Y4.921875
G1 X80.859375 Y4.921875
G1 X80.947265625 Y4.921875
G0 X80.595703125 Y4.921875
G1 X80.595703125 Y4.921875
G0 X80.068359375 Y4.921875
G1 X80.068359375 Y4.921875
G0 X79.62890625 Y4.921875
G1 X79.62890625 Y4.921875
G0 X79.1015625 Y4.921875
G1 X79.1015625 Y4.921875
G0 X78.75 Y4.921875
G1 X78.75 Y4.921875
G0 X76.81640625 Y4.921875
G1 X76.81640625 Y4.921875
G0 X6.767578125 Y4.921875
G1 X6.767578125 Y4.921875
G0 X4.306640625 Y4.921875
G1 X4.306640625 Y4.921875
G0 X3.955078125 Y4.921875
G1 X3.955078125 Y4.921875
G1 X3.8671875 Y5.009765625
G1 X3.955078125 Y5.009765625
G0 X83.671875 Y4.833984375
G1 X83.671875 Y4.833984375
G1 X83.671875 Y4.921875
G0 X83.14453125 Y4.833984375
G1 X83.14453125 Y4.833984375
G1 X83.232421875 Y4.833984375
G1 X83.3203125 Y4.921875
G1 X83.408203125 Y4.921875
G1 X83.3203125 Y4.833984375
G0 X80.33203125 Y4.833984375
G1 X80.33203125 Y4.833984375
G1 X80.419921875 Y4.833984375
G0 X9.66796875 Y4.833984375
G1 X9.66796875 Y4.833984375
G0 X4.658203125 Y4.833984375
G1 X4.658203125 Y4.833984375
G1 X4.658203125 Y4.921875
G0 X86.396484375 Y4.74609375
G1 X86.396484375 Y4.74609375
G1 X86.396484375 Y4.833984375
G0 X82.44140625 Y4.74609375
G1 X82.44140625 Y4.74609375
G1 X82.529296875 Y4.74609375
G0 X82.265625 Y4.74609375
G1 X82.265625 Y4.74609375
G0 X80.771484375 Y4.74609375
G1 X80.771484375 Y4.74609375
G0 X79.8046875 Y4.74609375
G1 X79.8046875 Y4.74609375
G1 X79.892578125 Y4.74609375
G0 X78.57421875 Y4.74609375
G1 X78.57421875 Y4.74609375
G0 X4.39453125 Y4.74609375
G1 X4.39453125 Y4.74609375
G1 X4.482421875 Y4.74609375
G0 X4.04296875 Y4.74609375
G1 X4.04296875 Y4.74609375
G1 X4.130859375 Y4.74609375
G0 X83.408203125 Y4.658203125
G1 X83.408203125 Y4.658203125
G1 X83.49609375 Y4.658203125
G0 X83.056640625 Y4.658203125
G1 X83.056640625 Y4.658203125
G1 X83.14453125 Y4.658203125
G0 X82.79296875 Y4.658203125
G1 X82.79296875 Y4.658203125
G1 X82.79296875 Y4.74609375
G0 X81.9140625 Y4.658203125
G1 X81.9140625 Y4.658203125
G1 X82.001953125 Y4.74609375
G1 X82.001953125 Y4.658203125
G0 X81.38671875 Y4.658203125
G1 X81.38671875 Y4.658203125
G1 X81.650390625 Y4.658203125
G0 X80.947265625 Y4.658203125
G1 X80.947265625 Y4.658203125
G1 X81.123046875 Y4.658203125
G0 X79.365234375 Y4.658203125
G1 X79.365234375 Y4.658203125
G1 X79.27734375 Y4.74609375
G1 X79.365234375 Y4.658203125
G1 X79.453125 Y4.74609375
G0 X78.92578125 Y4.658203125
G1 X78.92578125 Y4.658203125
G1 X79.013671875 Y4.658203125
G0 X78.134765625 Y4.658203125
G1 X78.134765625 Y4.658203125
G0 X4.833984375 Y4.658203125
G1 X4.833984375 Y4.658203125
G1 X4.921875 Y4.74609375
G0 X83.84765625 Y4.5703125
G1 X83.84765625 Y4.5703125
G1 X83.759765625 Y4.658203125
G1 X83.935546875 Y4.658203125
G1 X84.0234375 Y4.74609375
G1 X83.935546875 Y4.833984375
G1 X84.0234375 Y4.833984375
G1 X84.0234375 Y4.74609375
G0 X82.353515625 Y4.5703125
G1 X82.353515625 Y4.5703125
G0 X80.5078125 Y4.5703125
G1 X80.5078125 Y4.5703125
G1 X80.595703125 Y4.658203125
G1 X80.595703125 Y4.5703125
G0 X77.87109375 Y4.5703125
G1 X77.87109375 Y4.5703125
G0 X77.607421875 Y4.5703125
G1 X77.607421875 Y4.5703125
G1 X77.6953125 Y4.5703125
G0 X77.431640625 Y4.5703125
G1 X77.431640625 Y4.5703125
G0 X77.080078125 Y4.5703125
G1 X77.080078125 Y4.5703125
G0 X76.552734375 Y4.5703125
G1 X76.552734375 Y4.5703125
G0 X76.201171875 Y4.5703125
G1 X76.201171875 Y4.5703125
G0 X5.09765625 Y4.5703125
G1 X5.09765625 Y4.5703125
G0 X86.396484375 Y4.482421875
G1 X86.396484375 Y4.482421875
G0 X83.232421875 Y4.482421875
G1 X83.232421875 Y4.482421875
G1 X83.3203125 Y4.482421875
G0 X82.529296875 Y4.482421875
G1 X82.529296875 Y4.482421875
G1 X82.6171875 Y4.5703125
G0 X81.826171875 Y4.482421875
G1 X81.826171875 Y4.482421875
G0 X79.1015625 Y4.482421875
G1 X79.1015625 Y4.482421875
G1 X79.27734375 Y4.482421875
G0 X78.75 Y4.482421875
G1 X78.75 Y4.482421875
G0 X78.310546875 Y4.482421875
G1 X78.310546875 Y4.482421875
G1 X78.3984375 Y4.482421875
G0 X75.76171875 Y4.482421875
G1 X75.76171875 Y4.482421875
G0 X4.658203125 Y4.482421875
G1 X4.658203125 Y4.482421875
G1 X4.5703125 Y4.5703125
G0 X3.779296875 Y4.482421875
G1 X3.779296875 Y4.482421875
G1 X3.8671875 Y4.482421875
G0 X82.96875 Y4.39453125
G1 X82.96875 Y4.39453125
G1 X82.880859375 Y4.482421875
G1 X82.96875 Y4.482421875
G0 X82.705078125 Y4.39453125
G1 X82.705078125 Y4.39453125
G0 X82.177734375 Y4.39453125
G1 X82.177734375 Y4.39453125
G1 X82.177734375 Y4.482421875
G0 X81.5625 Y4.39453125
G1 X81.5625 Y4.39453125
G1 X81.650390625 Y4.39453125
G0 X80.68359375 Y4.39453125
G1 X80.68359375 Y4.39453125
G1 X80.771484375 Y4.39453125
G1 X80.859375 Y4.482421875
G1 X80.771484375 Y4.39453125
G0 X80.419921875 Y4.39453125
G1 X80.419921875 Y4.39453125
G1 X80.244140625 Y4.5703125
G1 X80.15625 Y4.5703125
G1 X80.244140625 Y4.5703125
G0 X80.068359375 Y4.39453125
G1 X80.068359375 Y4.39453125
G1 X79.98046875 Y4.482421875
G1 X79.98046875 Y4.5703125
G1 X79.98046875 Y4.482421875
G0 X79.8046875 Y4.39453125
G1 X79.8046875 Y4.39453125
G1 X79.716796875 Y4.482421875
G1 X79.62890625 Y4.482421875
G1 X79.62890625 Y4.5703125
G0 X78.046875 Y4.39453125
G1 X78.046875 Y4.39453125
G1 X78.046875 Y4.482421875
G0 X77.255859375 Y4.39453125
G1 X77.255859375 Y4.39453125
G0 X76.904296875 Y4.39453125
G1 X76.904296875 Y4.39453125
G0 X76.640625 Y4.39453125
G1 X76.640625 Y4.39453125
G0 X76.025390625 Y4.39453125
G1 X76.025390625 Y4.39453125
G0 X73.388671875 Y4.39453125
G1 X73.388671875 Y4.39453125
G0 X5.2734375 Y4.39453125
G1 X5.2734375 Y4.39453125
G1 X5.361328125 Y4.39453125
G0 X4.921875 Y4.39453125
G1 X4.921875 Y4.39453125
G0 X4.306640625 Y4.39453125
G1 X4.306640625 Y4.39453125
G1 X4.21875 Y4.482421875
G0 X81.123046875 Y4.306640625
G1 X81.123046875 Y4.306640625
G1 X81.2109375 Y4.39453125
G0 X79.453125 Y4.306640625
G1 X79.453125 Y4.306640625
G1 X79.453125 Y4.39453125
G0 X77.607421875 Y4.306640625
G1 X77.607421875 Y4.306640625
G0 X6.6796875 Y4.306640625
G1 X6.6796875 Y4.306640625
G0 X4.04296875 Y4.306640625
G1 X4.04296875 Y4.306640625
G0 X80.15625 Y4.21875
G1 X80.15625 Y4.21875
G1 X80.244140625 Y4.21875
G0 X79.892578125 Y4.21875
G1 X79.892578125 Y4.21875
G0 X78.92578125 Y4.21875
G1 X78.92578125 Y4.21875
G1 X78.92578125 Y4.306640625
G1 X79.013671875 Y4.306640625
G1 X79.013671875 Y4.21875
G0 X78.486328125 Y4.21875
G1 X78.486328125 Y4.21875
G1 X78.57421875 Y4.306640625
G1 X78.57421875 Y4.21875
G0 X78.22265625 Y4.21875
G1 X78.22265625 Y4.21875
G0 X77.87109375 Y4.21875
G1 X77.87109375 Y4.21875
G0 X77.431640625 Y4.21875
G1 X77.431640625 Y4.21875
G0 X77.080078125 Y4.21875
G1 X77.080078125 Y4.21875
G0 X76.728515625 Y4.21875
G1 X76.728515625 Y4.21875
G0 X72.333984375 Y4.21875
G1 X72.333984375 Y4.21875
G0 X7.470703125 Y4.21875
G1 X7.470703125 Y4.21875
G0 X5.625 Y4.21875
G1 X5.625 Y4.21875
G1 X5.712890625 Y4.21875
G0 X4.39453125 Y4.21875
G1 X4.39453125 Y4.21875
G1 X4.482421875 Y4.306640625
G1 X4.482421875 Y4.21875
G0 X82.6171875 Y4.130859375
G1 X82.6171875 Y4.130859375
G1 X82.6171875 Y4.21875
G1 X82.705078125 Y4.130859375
G1 X82.79296875 Y4.21875
G1 X82.880859375 Y4.21875
G1 X82.79296875 Y4.21875
G1 X82.705078125 Y4.130859375
G0 X82.177734375 Y4.130859375
G1 X82.177734375 Y4.130859375
G1 X82.353515625 Y4.306640625
G1 X82.44140625 Y4.306640625
G1 X82.353515625 Y4.306640625
G1 X82.265625 Y4.21875
G1 X82.265625 Y4.130859375
G0 X81.38671875 Y4.130859375
G1 X81.38671875 Y4.130859375
G1 X81.38671875 Y4.21875
G1 X81.474609375 Y4.130859375
G0 X80.859375 Y4.130859375
G1 X80.859375 Y4.130859375
G1 X81.03515625 Y4.130859375
G0 X80.5078125 Y4.130859375
G1 X80.5078125 Y4.130859375
G1 X80.5078125 Y4.21875
G1 X80.595703125 Y4.130859375
G0 X6.50390625 Y4.130859375
G1 X6.50390625 Y4.130859375
G0 X6.328125 Y4.130859375
G1 X6.328125 Y4.130859375
G0 X5.9765625 Y4.130859375
G1 X5.9765625 Y4.130859375
G0 X5.09765625 Y4.130859375
G1 X5.09765625 Y4.130859375
G1 X5.185546875 Y4.130859375
G0 X79.98046875 Y4.04296875
G1 X79.98046875 Y4.04296875
G1 X80.068359375 Y4.04296875
G0 X79.1015625 Y4.04296875
G1 X79.1015625 Y4.04296875
G0 X78.75 Y4.04296875
G1 X78.75 Y4.04296875
G1 X78.75 Y4.130859375
G0 X78.3984375 Y4.04296875
G1 X78.3984375 Y4.04296875
G0 X78.046875 Y4.04296875
G1 X78.046875 Y4.04296875
G0 X77.607421875 Y4.04296875
G1 X77.607421875 Y4.04296875
G0 X76.552734375 Y4.04296875
G1 X76.552734375 Y4.04296875
G0 X76.201171875 Y4.04296875
G1 X76.201171875 Y4.04296875
G0 X75.673828125 Y4.04296875
G1 X75.673828125 Y4.04296875
G0 X9.404296875 Y4.04296875
G1 X9.404296875 Y4.04296875
G0 X6.767578125 Y4.04296875
G1 X6.767578125 Y4.04296875
G0 X4.5703125 Y4.04296875
G1 X4.5703125 Y4.04296875
G1 X4.658203125 Y4.04296875
G1 X4.74609375 Y4.130859375
G1 X4.74609375 Y4.21875
G1 X4.833984375 Y4.21875
G1 X4.658203125 Y4.04296875
G0 X3.69140625 Y4.04296875
G1 X3.69140625 Y4.04296875
G1 X3.69140625 Y4.130859375
G1 X3.603515625 Y4.21875
G1 X3.515625 Y4.21875
G1 X3.603515625 Y4.306640625
G1 X3.603515625 Y4.21875
G1 X3.69140625 Y4.130859375
G1 X3.8671875 Y4.130859375
G1 X3.955078125 Y4.04296875
G1 X3.8671875 Y4.04296875
G1 X3.779296875 Y4.130859375
G0 X82.96875 Y3.955078125
G1 X82.96875 Y3.955078125
G1 X82.96875 Y4.04296875
G1 X83.056640625 Y4.04296875
G0 X82.44140625 Y3.955078125
G1 X82.44140625 Y3.955078125
G1 X82.44140625 Y4.04296875
G1 X82.529296875 Y3.955078125
G0 X81.2109375 Y3.955078125
G1 X81.2109375 Y3.955078125
G1 X81.2109375 Y4.04296875
G0 X80.68359375 Y3.955078125
G1 X80.68359375 Y3.955078125
G1 X80.771484375 Y3.955078125
G0 X77.16796875 Y3.955078125
G1 X77.16796875 Y3.955078125
G0 X75.146484375 Y3.955078125
G1 X75.146484375 Y3.955078125
G0 X5.712890625 Y3.955078125
G1 X5.712890625 Y3.955078125
G1 X5.80078125 Y3.955078125
G0 X4.21875 Y3.955078125
G1 X4.21875 Y3.955078125
G1 X4.21875 Y4.130859375
G0 X81.9140625 Y3.8671875
G1 X81.9140625 Y3.8671875
G1 X81.9140625 Y3.955078125
G1 X81.73828125 Y4.130859375
G1 X81.826171875 Y4.130859375
G1 X81.9140625 Y4.21875
G1 X82.001953125 Y4.21875
G1 X81.9140625 Y4.21875
G1 X81.826171875 Y4.130859375
G1 X81.826171875 Y4.04296875
G1 X81.9140625 Y3.955078125
G1 X82.08984375 Y3.955078125
G1 X82.001953125 Y3.8671875
G0 X80.33203125 Y3.8671875
G1 X80.33203125 Y3.8671875
G1 X80.33203125 Y3.955078125
G1 X80.419921875 Y3.955078125
G0 X78.22265625 Y3.8671875
G1 X78.22265625 Y3.8671875
G0 X76.376953125 Y3.8671875
G1 X76.376953125 Y3.8671875
G0 X75.498046875 Y3.8671875
G1 X75.498046875 Y3.8671875
G0 X74.8828125 Y3.8671875
G1 X74.8828125 Y3.8671875
G0 X74.091796875 Y3.8671875
G1 X74.091796875 Y3.8671875
G0 X8.96484375 Y3.8671875
G1 X8.96484375 Y3.8671875
G0 X7.3828125 Y3.8671875
G1 X7.3828125 Y3.8671875
G0 X7.119140625 Y3.8671875
G1 X7.119140625 Y3.8671875
G0 X6.591796875 Y3.8671875
G1 X6.591796875 Y3.8671875
G0 X5.2734375 Y3.8671875
G1 X5.2734375 Y3.8671875
G1 X5.44921875 Y4.04296875
G1 X5.44921875 Y4.130859375
G1 X5.44921875 Y4.04296875
G1 X5.361328125 Y3.955078125
G1 X5.361328125 Y3.8671875
G0 X83.49609375 Y3.779296875
G1 X83.49609375 Y3.779296875
G1 X83.49609375 Y3.8671875
G1 X83.671875 Y4.04296875
G1 X83.408203125 Y4.306640625
G1 X83.49609375 Y4.306640625
G1 X83.583984375 Y4.39453125
G1 X83.583984375 Y4.482421875
G1 X83.671875 Y4.482421875
G1 X83.671875 Y4.39453125
G1 X83.583984375 Y4.39453125
G1 X83.49609375 Y4.306640625
G1 X83.49609375 Y4.21875
G1 X83.583984375 Y4.130859375
G1 X83.759765625 Y4.130859375
G1 X83.671875 Y4.04296875
G1 X83.671875 Y3.955078125
G1 X83.583984375 Y3.955078125
G1 X83.49609375 Y3.8671875
G0 X83.14453125 Y3.779296875
G1 X83.14453125 Y3.779296875
G1 X83.14453125 Y3.8671875
G1 X83.232421875 Y3.8671875
G1 X83.3203125 Y3.955078125
G1 X83.3203125 Y4.04296875
G1 X83.14453125 Y4.21875
G1 X83.056640625 Y4.21875
G1 X83.14453125 Y4.21875
G1 X83.232421875 Y4.130859375
G1 X83.3203125 Y4.130859375
G1 X83.408203125 Y4.04296875
G0 X81.474609375 Y3.779296875
G1 X81.474609375 Y3.779296875
G1 X81.5625 Y3.8671875
G1 X81.650390625 Y3.8671875
G1 X81.5625 Y3.8671875
G0 X81.03515625 Y3.779296875
G1 X81.03515625 Y3.779296875
G1 X81.03515625 Y3.8671875
G1 X81.123046875 Y3.779296875
G0 X80.5078125 Y3.779296875
G1 X80.5078125 Y3.779296875
G1 X80.595703125 Y3.779296875
G0 X79.62890625 Y3.779296875
G1 X79.62890625 Y3.779296875
G1 X79.716796875 Y3.779296875
G1 X79.8046875 Y3.8671875
G1 X79.892578125 Y3.8671875
G1 X79.8046875 Y3.8671875
G1 X79.716796875 Y3.779296875
G0 X78.837890625 Y3.779296875
G1 X78.837890625 Y3.779296875
G1 X78.92578125 Y3.8671875
G1 X78.92578125 Y3.955078125
G1 X79.013671875 Y3.8671875
G1 X78.92578125 Y3.8671875
G0 X78.57421875 Y3.779296875
G1 X78.57421875 Y3.779296875
G1 X78.57421875 Y3.8671875
G0 X77.783203125 Y3.779296875
G1 X77.783203125 Y3.779296875
G1 X77.6953125 Y3.8671875
G0 X76.9921875 Y3.779296875
G1 X76.9921875 Y3.779296875
G0 X8.61328125 Y3.779296875
G1 X8.61328125 Y3.779296875
G0 X5.9765625 Y3.779296875
G1 X5.9765625 Y3.779296875
G1 X6.064453125 Y3.779296875
G1 X6.240234375 Y3.955078125
G1 X6.240234375 Y3.8671875
G1 X6.15234375 Y3.8671875
G1 X6.064453125 Y3.779296875
G0 X4.39453125 Y3.779296875
G1 X4.39453125 Y3.779296875
G1 X4.39453125 Y3.8671875
G1 X4.482421875 Y3.8671875
G0 X3.69140625 Y3.779296875
G1 X3.69140625 Y3.779296875
G1 X3.69140625 Y3.8671875
G1 X3.779296875 Y3.8671875
G1 X3.779296875 Y3.779296875
G0 X79.98046875 Y3.69140625
G1 X79.98046875 Y3.69140625
G1 X80.068359375 Y3.779296875
G1 X80.15625 Y3.779296875
G1 X80.068359375 Y3.69140625
G0 X79.189453125 Y3.69140625
G1 X79.189453125 Y3.69140625
G1 X79.27734375 Y3.779296875
G1 X79.27734375 Y3.8671875
G1 X79.365234375 Y3.8671875
G1 X79.453125 Y3.955078125
G1 X79.453125 Y4.04296875
G1 X79.365234375 Y4.130859375
G1 X79.27734375 Y4.130859375
G1 X79.27734375 Y4.21875
G1 X79.541015625 Y3.955078125
G1 X79.62890625 Y4.04296875
G1 X79.62890625 Y4.21875
G1 X79.716796875 Y4.130859375
G1 X79.541015625 Y3.955078125
G1 X79.453125 Y3.955078125
G1 X79.365234375 Y3.8671875
G1 X79.365234375 Y3.779296875
G1 X79.27734375 Y3.779296875
G0 X78.046875 Y3.69140625
G1 X78.046875 Y3.69140625
G0 X77.34375 Y3.69140625
G1 X77.34375 Y3.69140625
G0 X6.6796875 Y3.69140625
G1 X6.6796875 Y3.69140625
G0 X6.328125 Y3.69140625
G1 X6.328125 Y3.69140625
G1 X6.416015625 Y3.779296875
G1 X6.416015625 Y3.69140625
G0 X5.44921875 Y3.69140625
G1 X5.44921875 Y3.69140625
G1 X5.537109375 Y3.69140625
G1 X5.625 Y3.779296875
G1 X5.537109375 Y3.69140625
G0 X3.955078125 Y3.69140625
G1 X3.955078125 Y3.69140625
G1 X4.04296875 Y3.779296875
G1 X4.04296875 Y3.69140625
G0 X83.3203125 Y3.603515625
G1 X83.3203125 Y3.603515625
G1 X83.3203125 Y3.69140625
G0 X82.880859375 Y3.603515625
G1 X82.880859375 Y3.603515625
G1 X82.880859375 Y3.69140625
G1 X82.79296875 Y3.779296875
G1 X82.6171875 Y3.779296875
G1 X82.705078125 Y3.779296875
G1 X82.79296875 Y3.8671875
G1 X82.79296875 Y3.779296875
G1 X82.880859375 Y3.69140625
G1 X82.96875 Y3.69140625
G1 X82.96875 Y3.603515625
G0 X82.44140625 Y3.603515625
G1 X82.44140625 Y3.603515625
G1 X82.529296875 Y3.603515625
G0 X81.5625 Y3.603515625
G1 X81.5625 Y3.603515625
G1 X81.73828125 Y3.603515625
G0 X80.859375 Y3.603515625
G1 X80.859375 Y3.603515625
G1 X80.859375 Y3.69140625
G0 X80.33203125 Y3.603515625
G1 X80.33203125 Y3.603515625
G1 X80.419921875 Y3.603515625
G0 X79.541015625 Y3.603515625
G1 X79.541015625 Y3.603515625
G0 X79.013671875 Y3.603515625
G1 X79.013671875 Y3.603515625
G0 X78.75 Y3.603515625
G1 X78.75 Y3.603515625
G0 X77.607421875 Y3.603515625
G1 X77.607421875 Y3.603515625
G0 X77.16796875 Y3.603515625
G1 X77.16796875 Y3.603515625
G0 X75.146484375 Y3.603515625
G1 X75.146484375 Y3.603515625
G0 X5.80078125 Y3.603515625
G1 X5.80078125 Y3.603515625
G1 X5.888671875 Y3.603515625
G0 X4.5703125 Y3.603515625
G1 X4.5703125 Y3.603515625
G1 X4.74609375 Y3.779296875
G1 X4.74609375 Y3.8671875
G1 X4.833984375 Y3.779296875
G1 X5.009765625 Y3.955078125
G1 X4.921875 Y4.04296875
G1 X5.009765625 Y3.955078125
G1 X5.009765625 Y3.8671875
G1 X5.185546875 Y3.69140625
G1 X5.09765625 Y3.69140625
G1 X5.09765625 Y3.779296875
G1 X5.009765625 Y3.8671875
G1 X4.921875 Y3.8671875
G1 X4.833984375 Y3.779296875
G1 X4.74609375 Y3.779296875
G1 X4.658203125 Y3.69140625
G1 X4.658203125 Y3.603515625
G0 X4.21875 Y3.603515625
G1 X4.21875 Y3.603515625
G1 X4.306640625 Y3.603515625
G0 X81.298828125 Y3.515625
G1 X81.298828125 Y3.515625
G1 X81.298828125 Y3.603515625
G1 X81.38671875 Y3.603515625
G0 X80.68359375 Y3.515625
G1 X80.68359375 Y3.515625
G0 X79.8046875 Y3.515625
G1 X79.8046875 Y3.515625
G1 X79.892578125 Y3.515625
G0 X79.27734375 Y3.515625
G1 X79.27734375 Y3.515625
G0 X76.640625 Y3.515625
G1 X76.640625 Y3.515625
G0 X76.376953125 Y3.515625
G1 X76.376953125 Y3.515625
G0 X74.8828125 Y3.515625
G1 X74.8828125 Y3.515625
G0 X72.7734375 Y3.515625
G1 X72.7734375 Y3.515625
G0 X72.509765625 Y3.515625
G1 X72.509765625 Y3.515625
G0 X71.3671875 Y3.515625
G1 X71.3671875 Y3.515625
G0 X71.103515625 Y3.515625
G1 X71.103515625 Y3.515625
G0 X70.224609375 Y3.515625
G1 X70.224609375 Y3.515625
G0 X6.50390625 Y3.515625
G1 X6.50390625 Y3.515625
G0 X6.15234375 Y3.515625
G1 X6.15234375 Y3.515625
G1 X6.15234375 Y3.603515625
G0 X4.833984375 Y3.515625
G1 X4.833984375 Y3.515625
G1 X5.009765625 Y3.515625
G0 X3.33984375 Y3.515625
G1 X3.33984375 Y3.515625
G1 X3.33984375 Y3.603515625
G1 X3.427734375 Y3.603515625
G0 X83.056640625 Y3.427734375
G1 X83.056640625 Y3.427734375
G1 X83.14453125 Y3.427734375
G0 X82.001953125 Y3.427734375
G1 X82.001953125 Y3.427734375
G1 X81.9140625 Y3.515625
G1 X82.177734375 Y3.779296875
G1 X82.353515625 Y3.779296875
G1 X82.177734375 Y3.779296875
G1 X82.08984375 Y3.69140625
G1 X82.08984375 Y3.603515625
G1 X82.177734375 Y3.515625
G1 X82.08984375 Y3.603515625
G1 X82.001953125 Y3.603515625
G1 X81.9140625 Y3.515625
G0 X81.474609375 Y3.427734375
G1 X81.474609375 Y3.427734375
G1 X81.5625 Y3.427734375
G0 X81.03515625 Y3.427734375
G1 X81.03515625 Y3.427734375
G1 X81.03515625 Y3.515625
G1 X81.123046875 Y3.427734375
G0 X79.453125 Y3.427734375
G1 X79.453125 Y3.427734375
G0 X78.57421875 Y3.427734375
G1 X78.57421875 Y3.427734375
G0 X77.783203125 Y3.427734375
G1 X77.783203125 Y3.427734375
G0 X77.34375 Y3.427734375
G1 X77.34375 Y3.427734375
G0 X76.9921875 Y3.427734375
G1 X76.9921875 Y3.427734375
G0 X76.201171875 Y3.427734375
G1 X76.201171875 Y3.427734375
G0 X6.85546875 Y3.427734375
G1 X6.85546875 Y3.427734375
G0 X79.62890625 Y3.33984375
G1 X79.62890625 Y3.33984375
G1 X79.62890625 Y3.427734375
G0 X79.1015625 Y3.33984375
G1 X79.1015625 Y3.33984375
G0 X78.837890625 Y3.33984375
G1 X78.837890625 Y3.33984375
G0 X76.728515625 Y3.33984375
G1 X76.728515625 Y3.33984375
G0 X75.849609375 Y3.33984375
G1 X75.849609375 Y3.33984375
G0 X75.5859375 Y3.33984375
G1 X75.5859375 Y3.33984375
G0 X74.970703125 Y3.33984375
G1 X74.970703125 Y3.33984375
G0 X74.70703125 Y3.33984375
G1 X74.70703125 Y3.33984375
G0 X74.091796875 Y3.33984375
G1 X74.091796875 Y3.33984375
G0 X72.94921875 Y3.33984375
G1 X72.94921875 Y3.33984375
G0 X72.59765625 Y3.33984375
G1 X72.59765625 Y3.33984375
G0 X72.333984375 Y3.33984375
G1 X72.333984375 Y3.33984375
G0 X71.455078125 Y3.33984375
G1 X71.455078125 Y3.33984375
G0 X70.927734375 Y3.33984375
G1 X70.927734375 Y3.33984375
G0 X70.576171875 Y3.33984375
G1 X70.576171875 Y3.33984375
G0 X6.591796875 Y3.33984375
G1 X6.591796875 Y3.33984375
G0 X4.482421875 Y3.33984375
G1 X4.482421875 Y3.33984375
G1 X4.482421875 Y3.427734375
G0 X3.8671875 Y3.33984375
G1 X3.8671875 Y3.33984375
G1 X3.955078125 Y3.33984375
G1 X4.04296875 Y3.427734375
G1 X4.130859375 Y3.427734375
G1 X4.04296875 Y3.427734375
G1 X3.955078125 Y3.33984375
G0 X82.880859375 Y3.251953125
G1 X82.880859375 Y3.251953125
G1 X82.96875 Y3.251953125
G0 X82.6171875 Y3.251953125
G1 X82.6171875 Y3.251953125
G1 X82.529296875 Y3.33984375
G1 X82.6171875 Y3.33984375
G1 X82.705078125 Y3.427734375
G1 X82.79296875 Y3.427734375
G1 X82.705078125 Y3.427734375
G1 X82.6171875 Y3.33984375
G0 X82.265625 Y3.251953125
G1 X82.265625 Y3.251953125
G1 X82.265625 Y3.33984375
G1 X82.353515625 Y3.33984375
G1 X82.353515625 Y3.251953125
G0 X81.73828125 Y3.251953125
G1 X81.73828125 Y3.251953125
G1 X81.826171875 Y3.251953125
G0 X81.298828125 Y3.251953125
G1 X81.298828125 Y3.251953125
G1 X81.38671875 Y3.251953125
G0 X80.859375 Y3.251953125
G1 X80.859375 Y3.251953125
G1 X80.859375 Y3.33984375
G1 X80.947265625 Y3.251953125
G0 X76.11328125 Y3.251953125
G1 X76.11328125 Y3.251953125
G0 X7.119140625 Y3.251953125
G1 X7.119140625 Y3.251953125
G0 X6.328125 Y3.251953125
G1 X6.328125 Y3.251953125
G1 X6.328125 Y3.33984375
G0 X5.09765625 Y3.251953125
G1 X5.09765625 Y3.251953125
G1 X5.09765625 Y3.33984375
G1 X5.185546875 Y3.251953125
G0 X79.541015625 Y3.1640625
G1 X79.541015625 Y3.1640625
G0 X78.310546875 Y3.1640625
G1 X78.310546875 Y3.1640625
G0 X77.080078125 Y3.1640625
G1 X77.080078125 Y3.1640625
G1 X77.080078125 Y3.251953125
G0 X76.904296875 Y3.1640625
G1 X76.904296875 Y3.1640625
G0 X76.552734375 Y3.1640625
G1 X76.552734375 Y3.1640625
G0 X75.673828125 Y3.1640625
G1 X75.673828125 Y3.1640625
G0 X74.794921875 Y3.1640625
G1 X74.794921875 Y3.1640625
G0 X74.267578125 Y3.1640625
G1 X74.267578125 Y3.1640625
G0 X73.916015625 Y3.1640625
G1 X73.916015625 Y3.1640625
G0 X73.65234375 Y3.1640625
G1 X73.65234375 Y3.1640625
G0 X73.388671875 Y3.1640625
G1 X73.388671875 Y3.1640625
G1 X73.388671875 Y3.251953125
G0 X73.037109375 Y3.1640625
G1 X73.037109375 Y3.1640625
G0 X72.685546875 Y3.1640625
G1 X72.685546875 Y3.1640625
G0 X72.421875 Y3.1640625
G1 X72.421875 Y3.1640625
G0 X72.158203125 Y3.1640625
G1 X72.158203125 Y3.1640625
G0 X71.89453125 Y3.1640625
G1 X71.89453125 Y3.1640625
G0 X71.630859375 Y3.1640625
G1 X71.630859375 Y3.1640625
G1 X71.630859375 Y3.251953125
G0 X71.279296875 Y3.1640625
G1 X71.279296875 Y3.1640625
G0 X71.015625 Y3.1640625
G1 X71.015625 Y3.1640625
G0 X70.751953125 Y3.1640625
G1 X70.751953125 Y3.1640625
G0 X69.345703125 Y3.1640625
G1 X69.345703125 Y3.1640625
G0 X6.767578125 Y3.1640625
G1 X6.767578125 Y3.1640625
G0 X83.056640625 Y3.076171875
G1 X83.056640625 Y3.076171875
G1 X83.14453125 Y3.076171875
G1 X83.232421875 Y3.1640625
G1 X83.232421875 Y3.251953125
G1 X83.232421875 Y3.1640625
G1 X83.14453125 Y3.076171875
G0 X82.79296875 Y3.076171875
G1 X82.79296875 Y3.076171875
G1 X82.880859375 Y3.076171875
G0 X82.44140625 Y3.076171875
G1 X82.44140625 Y3.076171875
G1 X82.529296875 Y3.076171875
G0 X81.9140625 Y3.076171875
G1 X81.9140625 Y3.076171875
G1 X82.08984375 Y3.076171875
G0 X81.03515625 Y3.076171875
G1 X81.03515625 Y3.076171875
G1 X81.2109375 Y3.076171875
G0 X80.68359375 Y3.076171875
G1 X80.68359375 Y3.076171875
G1 X80.68359375 Y3.1640625
G0 X80.15625 Y3.076171875
G1 X80.15625 Y3.076171875
G1 X79.98046875 Y3.251953125
G1 X79.98046875 Y3.33984375
G1 X80.068359375 Y3.427734375
G1 X80.244140625 Y3.427734375
G1 X80.068359375 Y3.427734375
G1 X79.98046875 Y3.33984375
G1 X79.98046875 Y3.251953125
G1 X80.15625 Y3.076171875
G1 X80.244140625 Y3.076171875
G1 X80.33203125 Y3.1640625
G1 X80.33203125 Y3.251953125
G1 X80.419921875 Y3.251953125
G1 X80.5078125 Y3.33984375
G1 X80.244140625 Y3.076171875
G0 X79.8046875 Y3.076171875
G1 X79.8046875 Y3.076171875
G1 X79.8046875 Y3.1640625
G0 X71.455078125 Y3.076171875
G1 X71.455078125 Y3.076171875
G0 X10.01953125 Y3.076171875
G1 X10.01953125 Y3.076171875
G0 X9.755859375 Y3.076171875
G1 X9.755859375 Y3.076171875
G0 X9.4921875 Y3.076171875
G1 X9.4921875 Y3.076171875
G0 X9.228515625 Y3.076171875
G1 X9.228515625 Y3.076171875
G0 X8.96484375 Y3.076171875
G1 X8.96484375 Y3.076171875
G0 X7.55859375 Y3.076171875
G1 X7.55859375 Y3.076171875
G0 X6.15234375 Y3.076171875
G1 X6.15234375 Y3.076171875
G1 X6.240234375 Y3.076171875
G0 X4.04296875 Y3.076171875
G1 X4.04296875 Y3.076171875
G1 X4.04296875 Y3.1640625
G1 X4.130859375 Y3.1640625
G1 X4.130859375 Y3.076171875
G0 X3.69140625 Y3.076171875
G1 X3.69140625 Y3.076171875
G1 X3.69140625 Y3.1640625
G0 X83.408203125 Y2.98828125
G1 X83.408203125 Y2.98828125
G1 X83.408203125 Y3.076171875
G1 X83.49609375 Y3.1640625
G1 X83.583984375 Y3.1640625
G1 X83.583984375 Y3.076171875
G1 X83.49609375 Y3.076171875
G0 X81.38671875 Y2.98828125
G1 X81.38671875 Y2.98828125
G1 X81.474609375 Y3.076171875
G1 X81.650390625 Y3.076171875
G1 X81.650390625 Y2.98828125
G1 X81.5625 Y3.076171875
G1 X81.474609375 Y3.076171875
G0 X80.5078125 Y2.98828125
G1 X80.5078125 Y2.98828125
G0 X79.365234375 Y2.98828125
G1 X79.365234375 Y2.98828125
G0 X78.92578125 Y2.98828125
G1 X78.92578125 Y2.98828125
G1 X79.013671875 Y2.98828125
G1 X79.189453125 Y3.1640625
G1 X79.013671875 Y2.98828125
G0 X78.486328125 Y2.98828125
G1 X78.486328125 Y2.98828125
G1 X78.662109375 Y3.1640625
G1 X78.75 Y3.1640625
G1 X78.662109375 Y3.1640625
G0 X78.046875 Y2.98828125
G1 X78.046875 Y2.98828125
G1 X78.134765625 Y2.98828125
G0 X77.6953125 Y2.98828125
G1 X77.6953125 Y2.98828125
G1 X77.783203125 Y2.98828125
G0 X77.51953125 Y2.98828125
G1 X77.51953125 Y2.98828125
G0 X77.255859375 Y2.98828125
G1 X77.255859375 Y2.98828125
G1 X77.255859375 Y3.076171875
G0 X74.619140625 Y2.98828125
G1 X74.619140625 Y2.98828125
G0 X72.861328125 Y2.98828125
G1 X72.861328125 Y2.98828125
G0 X72.509765625 Y2.98828125
G1 X72.509765625 Y2.98828125
G0 X69.521484375 Y2.98828125
G1 X69.521484375 Y2.98828125
G0 X8.61328125 Y2.98828125
G1 X8.61328125 Y2.98828125
G0 X7.822265625 Y2.98828125
G1 X7.822265625 Y2.98828125
G0 X6.591796875 Y2.98828125
G1 X6.591796875 Y2.98828125
G1 X6.50390625 Y3.076171875
G1 X6.591796875 Y3.076171875
G0 X4.482421875 Y2.98828125
G1 X4.482421875 Y2.98828125
G1 X4.306640625 Y3.1640625
G1 X4.306640625 Y3.33984375
G1 X4.306640625 Y3.1640625
G1 X4.39453125 Y3.076171875
G1 X4.482421875 Y3.076171875
G1 X4.658203125 Y3.251953125
G1 X4.74609375 Y3.251953125
G1 X4.833984375 Y3.33984375
G1 X4.74609375 Y3.251953125
G1 X4.74609375 Y3.1640625
G1 X4.833984375 Y3.076171875
G1 X4.921875 Y3.076171875
G1 X4.921875 Y2.98828125
G1 X4.74609375 Y2.98828125
G1 X4.833984375 Y3.076171875
G1 X4.74609375 Y3.1640625
G1 X4.5703125 Y3.1640625
G1 X4.482421875 Y3.076171875
G0 X81.826171875 Y2.900390625
G1 X81.826171875 Y2.900390625
G0 X80.859375 Y2.900390625
G1 X80.859375 Y2.900390625
G1 X80.859375 Y2.98828125
G0 X79.541015625 Y2.900390625
G1 X79.541015625 Y2.900390625
G1 X79.62890625 Y2.900390625
G0 X77.080078125 Y2.900390625
G1 X77.080078125 Y2.900390625
G0 X76.46484375 Y2.900390625
G1 X76.46484375 Y2.900390625
G0 X76.025390625 Y2.900390625
G1 X76.025390625 Y2.900390625
G0 X75.673828125 Y2.900390625
G1 X75.673828125 Y2.900390625
G0 X75.234375 Y2.900390625
G1 X75.234375 Y2.900390625
G0 X74.970703125 Y2.900390625
G1 X74.970703125 Y2.900390625
G0 X74.35546875 Y2.900390625
G1 X74.35546875 Y2.900390625
G0 X73.4765625 Y2.900390625
G1 X73.4765625 Y2.900390625
G0 X72.158203125 Y2.900390625
G1 X72.158203125 Y2.900390625
G1 X72.24609375 Y2.98828125
G0 X71.54296875 Y2.900390625
G1 X71.54296875 Y2.900390625
G1 X71.630859375 Y2.900390625
G0 X71.279296875 Y2.900390625
G1 X71.279296875 Y2.900390625
G0 X70.6640625 Y2.900390625
G1 X70.6640625 Y2.900390625
G1 X70.751953125 Y2.900390625
G0 X70.3125 Y2.900390625
G1 X70.3125 Y2.900390625
G0 X69.78515625 Y2.900390625
G1 X69.78515625 Y2.900390625
G0 X7.20703125 Y2.900390625
G1 X7.20703125 Y2.900390625
G1 X7.20703125 Y2.98828125
G0 X6.943359375 Y2.900390625
G1 X6.943359375 Y2.900390625
G1 X6.943359375 Y3.076171875
G0 X3.8671875 Y2.900390625
G1 X3.8671875 Y2.900390625
G1 X3.8671875 Y2.98828125
G1 X3.955078125 Y2.900390625
G0 X79.189453125 Y2.8125
G1 X79.189453125 Y2.8125
G0 X78.22265625 Y2.8125
G1 X78.22265625 Y2.8125
G1 X78.310546875 Y2.8125
G0 X77.958984375 Y2.8125
G1 X77.958984375 Y2.8125
G0 X77.34375 Y2.8125
G1 X77.34375 Y2.8125
G1 X77.431640625 Y2.8125
G0 X76.81640625 Y2.8125
G1 X76.81640625 Y2.8125
G1 X76.904296875 Y2.8125
G0 X75.849609375 Y2.8125
G1 X75.849609375 Y2.8125
G0 X74.70703125 Y2.8125
G1 X74.70703125 Y2.8125
G0 X74.1796875 Y2.8125
G1 X74.1796875 Y2.8125
G0 X73.916015625 Y2.8125
G1 X73.916015625 Y2.8125
G0 X73.740234375 Y2.8125
G1 X73.740234375 Y2.8125
G0 X72.94921875 Y2.8125
G1 X72.94921875 Y2.8125
G1 X73.037109375 Y2.900390625
G0 X72.685546875 Y2.8125
G1 X72.685546875 Y2.8125
G1 X72.685546875 Y2.900390625
G0 X72.421875 Y2.8125
G1 X72.421875 Y2.8125
G0 X71.982421875 Y2.8125
G1 X71.982421875 Y2.8125
G0 X71.015625 Y2.8125
G1 X71.015625 Y2.8125
G0 X11.689453125 Y2.8125
G1 X11.689453125 Y2.8125
G0 X10.01953125 Y2.8125
G1 X10.01953125 Y2.8125
G0 X9.580078125 Y2.8125
G1 X9.580078125 Y2.8125
G0 X7.470703125 Y2.8125
G1 X7.470703125 Y2.8125
G1 X7.55859375 Y2.8125
G0 X81.03515625 Y2.724609375
G1 X81.03515625 Y2.724609375
G1 X81.03515625 Y2.8125
G0 X79.8046875 Y2.724609375
G1 X79.8046875 Y2.724609375
G1 X79.8046875 Y2.8125
G1 X79.892578125 Y2.724609375
G0 X79.453125 Y2.724609375
G1 X79.453125 Y2.724609375
G0 X66.796875 Y2.724609375
G1 X66.796875 Y2.724609375
G1 X66.884765625 Y2.724609375
G0 X11.162109375 Y2.724609375
G1 X11.162109375 Y2.724609375
G0 X9.052734375 Y2.724609375
G1 X9.052734375 Y2.724609375
G0 X8.61328125 Y2.724609375
G1 X8.61328125 Y2.724609375
G0 X8.0859375 Y2.724609375
G1 X8.0859375 Y2.724609375
G0 X5.44921875 Y2.724609375
G1 X5.44921875 Y2.724609375
G1 X5.44921875 Y2.8125
G1 X5.537109375 Y2.8125
G1 X5.625 Y2.900390625
G1 X5.625 Y3.076171875
G1 X5.537109375 Y3.1640625
G1 X5.44921875 Y3.1640625
G1 X5.361328125 Y3.076171875
G1 X5.361328125 Y2.98828125
G1 X5.2734375 Y2.98828125
G1 X5.09765625 Y2.8125
G1 X5.09765625 Y2.900390625
G1 X5.185546875 Y2.900390625
G1 X5.2734375 Y2.98828125
G1 X5.2734375 Y3.076171875
G1 X5.361328125 Y3.076171875
G1 X5.44921875 Y3.1640625
G1 X5.44921875 Y3.33984375
G1 X5.361328125 Y3.427734375
G1 X5.2734375 Y3.427734375
G1 X5.2734375 Y3.515625
G1 X5.44921875 Y3.33984375
G1 X5.625 Y3.515625
G1 X5.712890625 Y3.427734375
G1 X5.712890625 Y3.33984375
G1 X5.625 Y3.427734375
G1 X5.537109375 Y3.427734375
G1 X5.44921875 Y3.33984375
G1 X5.44921875 Y3.251953125
G1 X5.625 Y3.076171875
G1 X5.712890625 Y3.076171875
G1 X5.80078125 Y3.1640625
G1 X5.888671875 Y3.1640625
G1 X5.9765625 Y3.251953125
G1 X5.9765625 Y3.33984375
G1 X6.064453125 Y3.251953125
G1 X5.9765625 Y3.251953125
G1 X5.888671875 Y3.1640625
G1 X5.888671875 Y3.076171875
G1 X6.064453125 Y2.900390625
G1 X5.9765625 Y2.900390625
G1 X5.888671875 Y2.8125
G1 X5.888671875 Y2.724609375
G1 X5.80078125 Y2.724609375
G1 X5.80078125 Y2.8125
G1 X5.888671875 Y2.8125
G1 X5.9765625 Y2.900390625
G1 X5.9765625 Y2.98828125
G1 X5.888671875 Y3.076171875
G1 X5.712890625 Y3.076171875
G1 X5.625 Y2.98828125
G1 X5.625 Y2.900390625
G0 X82.529296875 Y2.63671875
G1 X82.529296875 Y2.63671875
G1 X82.265625 Y2.900390625
G1 X82.265625 Y2.98828125
G1 X82.265625 Y2.900390625
G1 X82.353515625 Y2.8125
G1 X82.44140625 Y2.8125
G1 X82.529296875 Y2.724609375
G1 X82.6171875 Y2.8125
G1 X82.6171875 Y2.900390625
G1 X82.705078125 Y2.900390625
G1 X82.705078125 Y2.8125
G1 X82.79296875 Y2.724609375
G1 X82.880859375 Y2.724609375
G1 X82.96875 Y2.8125
G1 X82.96875 Y2.900390625
G1 X82.96875 Y2.8125
G1 X82.880859375 Y2.724609375
G1 X82.79296875 Y2.724609375
G1 X82.705078125 Y2.8125
G1 X82.6171875 Y2.8125
G1 X82.529296875 Y2.724609375
G0 X79.013671875 Y2.63671875
G1 X79.013671875 Y2.63671875
G1 X78.837890625 Y2.8125
G1 X78.662109375 Y2.8125
G1 X78.837890625 Y2.8125
G1 X78.92578125 Y2.724609375
G1 X79.013671875 Y2.724609375
G0 X78.134765625 Y2.63671875
G1 X78.134765625 Y2.63671875
G0 X77.87109375 Y2.63671875
G1 X77.87109375 Y2.63671875
G0 X71.71875 Y2.63671875
G1 X71.71875 Y2.63671875
G1 X71.806640625 Y2.63671875
G0 X70.3125 Y2.63671875
G1 X70.3125 Y2.63671875
G1 X71.54296875 Y2.63671875
G0 X69.873046875 Y2.63671875
G1 X69.873046875 Y2.63671875
G1 X70.13671875 Y2.63671875
G0 X69.697265625 Y2.63671875
G1 X69.697265625 Y2.63671875
G0 X68.115234375 Y2.63671875
G1 X68.115234375 Y2.63671875
G0 X11.42578125 Y2.63671875
G1 X11.42578125 Y2.63671875
G0 X79.62890625 Y2.548828125
G1 X79.62890625 Y2.548828125
G1 X79.62890625 Y2.63671875
G1 X79.716796875 Y2.548828125
G0 X78.486328125 Y2.548828125
G1 X78.486328125 Y2.548828125
G1 X78.486328125 Y2.63671875
G1 X78.57421875 Y2.548828125
G0 X77.6953125 Y2.548828125
G1 X77.6953125 Y2.548828125
G0 X77.34375 Y2.548828125
G1 X77.34375 Y2.548828125
G0 X74.70703125 Y2.548828125
G1 X74.70703125 Y2.548828125
G1 X74.70703125 Y2.63671875
G1 X74.8828125 Y2.63671875
G1 X74.970703125 Y2.548828125
G1 X75.05859375 Y2.63671875
G1 X75.673828125 Y2.63671875
G1 X75.76171875 Y2.548828125
G1 X75.498046875 Y2.548828125
G1 X75.41015625 Y2.63671875
G1 X75.322265625 Y2.548828125
G1 X75.234375 Y2.548828125
G1 X75.146484375 Y2.63671875
G1 X75.05859375 Y2.548828125
G1 X74.970703125 Y2.548828125
G1 X74.8828125 Y2.63671875
G1 X74.794921875 Y2.548828125
G0 X73.388671875 Y2.548828125
G1 X73.388671875 Y2.548828125
G1 X73.388671875 Y2.63671875
G1 X73.65234375 Y2.63671875
G1 X73.740234375 Y2.548828125
G1 X73.828125 Y2.548828125
G1 X73.916015625 Y2.63671875
G1 X74.091796875 Y2.63671875
G1 X74.1796875 Y2.548828125
G1 X74.267578125 Y2.63671875
G1 X74.53125 Y2.63671875
G1 X74.443359375 Y2.548828125
G1 X74.35546875 Y2.63671875
G1 X74.267578125 Y2.548828125
G1 X74.1796875 Y2.548828125
G1 X74.091796875 Y2.63671875
G1 X74.00390625 Y2.548828125
G1 X73.65234375 Y2.548828125
G1 X73.564453125 Y2.63671875
G1 X73.4765625 Y2.548828125
G0 X73.037109375 Y2.548828125
G1 X73.037109375 Y2.548828125
G1 X73.037109375 Y2.63671875
G1 X73.212890625 Y2.63671875
G1 X73.212890625 Y2.548828125
G0 X72.861328125 Y2.548828125
G1 X72.861328125 Y2.548828125
G1 X72.7734375 Y2.63671875
G1 X72.861328125 Y2.63671875
G0 X72.509765625 Y2.548828125
G1 X72.509765625 Y2.548828125
G1 X72.509765625 Y2.63671875
G1 X72.59765625 Y2.63671875
G1 X72.59765625 Y2.548828125
G0 X72.0703125 Y2.548828125
G1 X72.0703125 Y2.548828125
G1 X71.982421875 Y2.63671875
G1 X72.333984375 Y2.63671875
G1 X72.333984375 Y2.548828125
G1 X72.24609375 Y2.548828125
G1 X72.158203125 Y2.63671875
G0 X69.43359375 Y2.548828125
G1 X69.43359375 Y2.548828125
G1 X69.43359375 Y2.63671875
G0 X69.2578125 Y2.548828125
G1 X69.2578125 Y2.548828125
G1 X69.2578125 Y2.63671875
G0 X68.73046875 Y2.548828125
G1 X68.73046875 Y2.548828125
G1 X68.818359375 Y2.63671875
G1 X68.90625 Y2.63671875
G1 X68.994140625 Y2.548828125
G1 X68.90625 Y2.548828125
G1 X68.818359375 Y2.63671875
G0 X7.20703125 Y2.548828125
G1 X7.20703125 Y2.548828125
G1 X7.03125 Y2.724609375
G1 X7.20703125 Y2.548828125
G1 X7.294921875 Y2.548828125
G1 X7.3828125 Y2.63671875
G1 X7.294921875 Y2.548828125
G0 X78.75 Y2.4609375
G1 X78.75 Y2.4609375
G1 X78.837890625 Y2.548828125
G1 X78.837890625 Y2.4609375
G0 X77.958984375 Y2.4609375
G1 X77.958984375 Y2.4609375
G0 X77.080078125 Y2.4609375
G1 X77.080078125 Y2.4609375
G1 X77.080078125 Y2.548828125
G1 X77.16796875 Y2.548828125
G0 X76.81640625 Y2.4609375
G1 X76.81640625 Y2.4609375
G1 X76.81640625 Y2.548828125
G1 X76.728515625 Y2.63671875
G1 X76.640625 Y2.63671875
G1 X76.552734375 Y2.548828125
G1 X76.46484375 Y2.548828125
G1 X76.376953125 Y2.63671875
G1 X76.2890625 Y2.63671875
G1 X76.201171875 Y2.548828125
G1 X76.11328125 Y2.548828125
G1 X76.025390625 Y2.63671875
G1 X75.9375 Y2.548828125
G1 X75.9375 Y2.63671875
G1 X76.11328125 Y2.63671875
G1 X76.201171875 Y2.548828125
G1 X76.2890625 Y2.63671875
G1 X76.376953125 Y2.63671875
G1 X76.46484375 Y2.548828125
G1 X76.552734375 Y2.63671875
G1 X76.728515625 Y2.63671875
G1 X76.81640625 Y2.548828125
G1 X76.904296875 Y2.63671875
G1 X76.904296875 Y2.548828125
G0 X66.09375 Y2.4609375
G1 X66.09375 Y2.4609375
G0 X65.91796875 Y2.4609375
G1 X65.91796875 Y2.4609375
G0 X65.654296875 Y2.4609375
G1 X65.654296875 Y2.4609375
G0 X14.23828125 Y2.4609375
G1 X14.23828125 Y2.4609375
G0 X12.919921875 Y2.4609375
G1 X12.919921875 Y2.4609375
G0 X12.568359375 Y2.4609375
G1 X12.568359375 Y2.4609375
G0 X12.216796875 Y2.4609375
G1 X12.216796875 Y2.4609375
G0 X11.6015625 Y2.4609375
G1 X11.6015625 Y2.4609375
G0 X11.25 Y2.4609375
G1 X11.25 Y2.4609375
G0 X10.986328125 Y2.4609375
G1 X10.986328125 Y2.4609375
G0 X9.4921875 Y2.4609375
G1 X9.4921875 Y2.4609375
G0 X9.228515625 Y2.4609375
G1 X9.228515625 Y2.4609375
G1 X9.228515625 Y2.548828125
G0 X8.96484375 Y2.4609375
G1 X8.96484375 Y2.4609375
G0 X8.701171875 Y2.4609375
G1 X8.701171875 Y2.4609375
G0 X8.173828125 Y2.4609375
G1 X8.173828125 Y2.4609375
G0 X7.822265625 Y2.4609375
G1 X7.822265625 Y2.4609375
G0 X79.453125 Y2.373046875
G1 X79.453125 Y2.373046875
G1 X79.541015625 Y2.373046875
G0 X79.1015625 Y2.373046875
G1 X79.1015625 Y2.373046875
G1 X79.1015625 Y2.4609375
G1 X79.189453125 Y2.548828125
G1 X79.27734375 Y2.548828125
G1 X79.189453125 Y2.548828125
G1 X79.1015625 Y2.4609375
G0 X78.310546875 Y2.373046875
G1 X78.310546875 Y2.373046875
G1 X78.3984375 Y2.373046875
G0 X70.927734375 Y2.373046875
G1 X70.927734375 Y2.373046875
G0 X70.576171875 Y2.373046875
G1 X70.576171875 Y2.373046875
G0 X67.412109375 Y2.373046875
G1 X67.412109375 Y2.373046875
G0 X67.1484375 Y2.373046875
G1 X67.1484375 Y2.373046875
G0 X8.525390625 Y2.373046875
G1 X8.525390625 Y2.373046875
G0 X7.55859375 Y2.373046875
G1 X7.55859375 Y2.373046875
G0 X7.03125 Y2.373046875
G1 X7.03125 Y2.373046875
G0 X6.6796875 Y2.373046875
G1 X6.6796875 Y2.373046875
G1 X6.6796875 Y2.4609375
G1 X6.85546875 Y2.63671875
G1 X6.943359375 Y2.548828125
G1 X6.767578125 Y2.548828125
G1 X6.6796875 Y2.4609375
G1 X6.767578125 Y2.373046875
G0 X78.046875 Y2.28515625
G1 X78.046875 Y2.28515625
G1 X78.134765625 Y2.373046875
G1 X78.134765625 Y2.28515625
G0 X77.607421875 Y2.28515625
G1 X77.607421875 Y2.28515625
G1 X77.87109375 Y2.28515625
G0 X74.794921875 Y2.28515625
G1 X74.794921875 Y2.28515625
G1 X75.322265625 Y2.28515625
G1 X75.41015625 Y2.373046875
G1 X75.498046875 Y2.28515625
G1 X75.5859375 Y2.373046875
G1 X75.5859375 Y2.28515625
G1 X75.498046875 Y2.28515625
G1 X75.41015625 Y2.373046875
G1 X75.322265625 Y2.28515625
G0 X73.828125 Y2.28515625
G1 X73.828125 Y2.28515625
G0 X73.65234375 Y2.28515625
G1 X73.65234375 Y2.28515625
G0 X72.94921875 Y2.28515625
G1 X72.94921875 Y2.28515625
G0 X72.685546875 Y2.28515625
G1 X72.685546875 Y2.28515625
G1 X72.7734375 Y2.28515625
G0 X72.509765625 Y2.28515625
G1 X72.509765625 Y2.28515625
G0 X72.24609375 Y2.28515625
G1 X72.24609375 Y2.28515625
G1 X72.333984375 Y2.28515625
G0 X69.43359375 Y2.28515625
G1 X69.43359375 Y2.28515625
G0 X69.169921875 Y2.28515625
G1 X69.169921875 Y2.28515625
G0 X68.90625 Y2.28515625
G1 X68.90625 Y2.28515625
G1 X68.994140625 Y2.28515625
G0 X68.642578125 Y2.28515625
G1 X68.642578125 Y2.28515625
G0 X68.291015625 Y2.28515625
G1 X68.291015625 Y2.28515625
G0 X67.763671875 Y2.28515625
G1 X67.763671875 Y2.28515625
G0 X9.66796875 Y2.28515625
G1 X9.66796875 Y2.28515625
G0 X80.5078125 Y2.197265625
G1 X80.5078125 Y2.197265625
G1 X80.5078125 Y2.28515625
G1 X80.419921875 Y2.373046875
G1 X80.33203125 Y2.373046875
G1 X80.33203125 Y2.4609375
G1 X80.419921875 Y2.548828125
G1 X80.419921875 Y2.63671875
G1 X80.5078125 Y2.63671875
G1 X80.68359375 Y2.8125
G1 X80.68359375 Y2.724609375
G1 X80.771484375 Y2.63671875
G1 X80.859375 Y2.63671875
G1 X80.859375 Y2.548828125
G1 X80.771484375 Y2.548828125
G1 X80.771484375 Y2.63671875
G1 X80.68359375 Y2.724609375
G1 X80.5078125 Y2.548828125
G1 X80.419921875 Y2.548828125
G1 X80.33203125 Y2.4609375
G1 X80.5078125 Y2.28515625
G1 X80.595703125 Y2.373046875
G1 X80.68359375 Y2.373046875
G1 X80.595703125 Y2.373046875
G1 X80.5078125 Y2.28515625
G0 X78.837890625 Y2.197265625
G1 X78.837890625 Y2.197265625
G1 X78.92578125 Y2.197265625
G0 X75.76171875 Y2.197265625
G1 X75.76171875 Y2.197265625
G1 X75.76171875 Y2.28515625
G1 X77.431640625 Y2.28515625
G1 X76.376953125 Y2.28515625
G1 X76.2890625 Y2.197265625
G1 X76.201171875 Y2.197265625
G1 X76.11328125 Y2.28515625
G1 X76.025390625 Y2.28515625
G1 X75.9375 Y2.197265625
G1 X75.849609375 Y2.28515625
G0 X74.35546875 Y2.197265625
G1 X74.35546875 Y2.197265625
G1 X74.267578125 Y2.28515625
G1 X74.00390625 Y2.28515625
G1 X74.53125 Y2.28515625
G1 X74.443359375 Y2.28515625
G0 X73.388671875 Y2.197265625
G1 X73.388671875 Y2.197265625
G1 X73.4765625 Y2.28515625
G0 X73.125 Y2.197265625
G1 X73.125 Y2.197265625
G1 X73.125 Y2.28515625
G1 X73.212890625 Y2.28515625
G0 X71.982421875 Y2.197265625
G1 X71.982421875 Y2.197265625
G1 X71.982421875 Y2.28515625
G1 X72.0703125 Y2.28515625
G0 X71.455078125 Y2.197265625
G1 X71.455078125 Y2.197265625
G1 X71.54296875 Y2.197265625
G1 X71.630859375 Y2.28515625
G1 X71.71875 Y2.197265625
G1 X71.630859375 Y2.28515625
G1 X71.54296875 Y2.197265625
G0 X71.103515625 Y2.197265625
G1 X71.103515625 Y2.197265625
G1 X71.19140625 Y2.197265625
G0 X70.927734375 Y2.197265625
G1 X70.927734375 Y2.197265625
G0 X70.576171875 Y2.197265625
G1 X70.576171875 Y2.197265625
G1 X70.6640625 Y2.197265625
G0 X70.3125 Y2.197265625
G1 X70.3125 Y2.197265625
G1 X70.400390625 Y2.197265625
G0 X70.048828125 Y2.197265625
G1 X70.048828125 Y2.197265625
G1 X70.13671875 Y2.197265625
G0 X69.873046875 Y2.197265625
G1 X69.873046875 Y2.197265625
G0 X69.609375 Y2.197265625
G1 X69.609375 Y2.197265625
G1 X69.609375 Y2.28515625
G0 X14.326171875 Y2.197265625
G1 X14.326171875 Y2.197265625
G0 X7.3828125 Y2.197265625
G1 X7.3828125 Y2.197265625
G1 X7.3828125 Y2.28515625
G0 X6.85546875 Y2.197265625
G1 X6.85546875 Y2.197265625
G1 X6.943359375 Y2.197265625
G0 X6.50390625 Y2.197265625
G1 X6.50390625 Y2.197265625
G1 X6.591796875 Y2.197265625
G0 X78.486328125 Y2.109375
G1 X78.486328125 Y2.109375
G1 X78.662109375 Y2.28515625
G0 X77.607421875 Y2.109375
G1 X77.607421875 Y2.109375
G0 X10.634765625 Y2.109375
G1 X10.634765625 Y2.109375
G0 X8.173828125 Y2.109375
G1 X8.173828125 Y2.109375
G0 X7.822265625 Y2.109375
G1 X7.822265625 Y2.109375
G0 X4.39453125 Y2.109375
G1 X4.39453125 Y2.109375
G1 X4.39453125 Y2.197265625
G1 X4.482421875 Y2.197265625
G0 X77.255859375 Y2.021484375
G1 X77.255859375 Y2.021484375
G1 X77.255859375 Y2.109375
G1 X77.34375 Y2.021484375
G1 X77.431640625 Y2.021484375
G0 X76.904296875 Y2.021484375
G1 X76.904296875 Y2.021484375
G0 X76.640625 Y2.021484375
G1 X76.640625 Y2.021484375
G0 X67.8515625 Y2.021484375
G1 X67.8515625 Y2.021484375
G0 X67.5 Y2.021484375
G1 X67.5 Y2.021484375
G1 X67.587890625 Y2.021484375
G0 X7.470703125 Y2.021484375
G1 X7.470703125 Y2.021484375
G1 X7.55859375 Y2.021484375
G0 X77.783203125 Y1.93359375
G1 X77.783203125 Y1.93359375
G1 X77.783203125 Y2.021484375
G1 X77.87109375 Y2.021484375
G1 X77.958984375 Y2.109375
G1 X78.046875 Y2.021484375
G1 X78.134765625 Y2.109375
G1 X78.22265625 Y2.109375
G1 X78.310546875 Y2.021484375
G1 X78.310546875 Y1.93359375
G1 X78.310546875 Y2.021484375
G1 X78.22265625 Y2.109375
G1 X78.134765625 Y2.109375
G1 X78.046875 Y2.021484375
G1 X77.958984375 Y2.109375
G0 X76.2890625 Y1.93359375
G1 X76.2890625 Y1.93359375
G1 X76.376953125 Y1.93359375
G0 X76.11328125 Y1.93359375
G1 X76.11328125 Y1.93359375
G0 X74.53125 Y1.93359375
G1 X74.53125 Y1.93359375
G0 X74.35546875 Y1.93359375
G1 X74.35546875 Y1.93359375
G0 X73.916015625 Y1.93359375
G1 X73.916015625 Y1.93359375
G1 X74.091796875 Y1.93359375
G0 X72.59765625 Y1.93359375
G1 X72.59765625 Y1.93359375
G1 X72.94921875 Y1.93359375
G1 X73.037109375 Y2.021484375
G1 X73.125 Y1.93359375
G1 X73.740234375 Y1.93359375
G0 X72.333984375 Y1.93359375
G1 X72.333984375 Y1.93359375
G1 X72.421875 Y1.93359375
G0 X70.927734375 Y1.93359375
G1 X70.927734375 Y1.93359375
G1 X71.015625 Y1.93359375
G0 X70.6640625 Y1.93359375
G1 X70.6640625 Y1.93359375
G0 X69.43359375 Y1.93359375
G1 X69.43359375 Y1.93359375
G1 X69.521484375 Y1.93359375
G0 X69.169921875 Y1.93359375
G1 X69.169921875 Y1.93359375
G1 X69.2578125 Y1.93359375
G0 X68.994140625 Y1.93359375
G1 X68.994140625 Y1.93359375
G1 X68.994140625 Y2.021484375
G0 X68.642578125 Y1.93359375
G1 X68.642578125 Y1.93359375
G1 X68.642578125 Y2.021484375
G0 X68.37890625 Y1.93359375
G1 X68.37890625 Y1.93359375
G0 X68.203125 Y1.93359375
G1 X68.203125 Y1.93359375
G0 X60.8203125 Y1.93359375
G1 X60.8203125 Y1.93359375
G0 X12.041015625 Y1.93359375
G1 X12.041015625 Y1.93359375
G0 X10.107421875 Y1.93359375
G1 X10.107421875 Y1.93359375
G0 X9.580078125 Y1.93359375
G1 X9.580078125 Y1.93359375
G0 X9.228515625 Y1.93359375
G1 X9.228515625 Y1.93359375
G1 X9.31640625 Y1.93359375
G0 X8.701171875 Y1.93359375
G1 X8.701171875 Y1.93359375
G1 X8.7890625 Y1.93359375
G0 X8.4375 Y1.93359375
G1 X8.4375 Y1.93359375
G0 X7.91015625 Y1.93359375
G1 X7.91015625 Y1.93359375
G1 X7.998046875 Y1.93359375
G0 X7.294921875 Y1.93359375
G1 X7.294921875 Y1.93359375
G0 X75.849609375 Y1.845703125
G1 X75.849609375 Y1.845703125
G0 X75.234375 Y1.845703125
G1 X75.234375 Y1.845703125
G0 X74.8828125 Y1.845703125
G1 X74.8828125 Y1.845703125
G1 X74.794921875 Y1.93359375
G1 X74.70703125 Y1.93359375
G1 X74.794921875 Y1.93359375
G1 X74.8828125 Y1.845703125
G1 X74.970703125 Y1.93359375
G1 X74.970703125 Y1.845703125
G0 X70.224609375 Y1.845703125
G1 X70.224609375 Y1.845703125
G1 X70.13671875 Y1.93359375
G1 X70.400390625 Y1.93359375
G1 X70.400390625 Y1.845703125
G1 X70.3125 Y1.93359375
G0 X13.53515625 Y1.845703125
G1 X13.53515625 Y1.845703125
G0 X12.392578125 Y1.845703125
G1 X12.392578125 Y1.845703125
G0 X11.07421875 Y1.845703125
G1 X11.07421875 Y1.845703125
G1 X11.07421875 Y1.93359375
G0 X10.634765625 Y1.845703125
G1 X10.634765625 Y1.845703125
G1 X10.72265625 Y1.845703125
G0 X6.50390625 Y1.845703125
G1 X6.50390625 Y1.845703125
G1 X6.591796875 Y1.845703125
G1 X6.6796875 Y1.93359375
G1 X6.6796875 Y2.021484375
G1 X6.767578125 Y2.021484375
G1 X6.591796875 Y1.845703125
G0 X77.607421875 Y1.7578125
G1 X77.607421875 Y1.7578125
G0 X75.498046875 Y1.7578125
G1 X75.498046875 Y1.7578125
G1 X75.5859375 Y1.845703125
G0 X68.466796875 Y1.7578125
G1 X68.466796875 Y1.7578125
G0 X67.587890625 Y1.7578125
G1 X67.587890625 Y1.7578125
G0 X13.0078125 Y1.7578125
G1 X13.0078125 Y1.7578125
G1 X13.095703125 Y1.7578125
G0 X12.744140625 Y1.7578125
G1 X12.744140625 Y1.7578125
G0 X10.283203125 Y1.7578125
G1 X10.283203125 Y1.7578125
G0 X9.931640625 Y1.7578125
G1 X9.931640625 Y1.7578125
G0 X7.646484375 Y1.7578125
G1 X7.646484375 Y1.7578125
G1 X7.734375 Y1.7578125
G0 X7.3828125 Y1.7578125
G1 X7.3828125 Y1.7578125
G1 X7.470703125 Y1.7578125
G0 X73.125 Y1.669921875
G1 X73.125 Y1.669921875
G1 X73.212890625 Y1.669921875
G0 X71.103515625 Y1.669921875
G1 X71.103515625 Y1.669921875
G1 X71.19140625 Y1.669921875
G0 X69.873046875 Y1.669921875
G1 X69.873046875 Y1.669921875
G0 X69.43359375 Y1.669921875
G1 X69.43359375 Y1.669921875
G1 X69.345703125 Y1.7578125
G1 X69.2578125 Y1.7578125
G1 X69.345703125 Y1.7578125
G0 X68.994140625 Y1.669921875
G1 X68.994140625 Y1.669921875
G1 X68.90625 Y1.7578125
G1 X68.994140625 Y1.7578125
G1 X69.08203125 Y1.669921875
G0 X68.642578125 Y1.669921875
G1 X68.642578125 Y1.669921875
G1 X68.73046875 Y1.7578125
G1 X68.73046875 Y1.669921875
G0 X67.763671875 Y1.669921875
G1 X67.763671875 Y1.669921875
G1 X67.8515625 Y1.7578125
G1 X67.939453125 Y1.669921875
G1 X68.02734375 Y1.669921875
G1 X67.939453125 Y1.669921875
G1 X67.8515625 Y1.7578125
G0 X67.236328125 Y1.669921875
G1 X67.236328125 Y1.669921875
G1 X67.32421875 Y1.7578125
G0 X66.708984375 Y1.669921875
G1 X66.708984375 Y1.669921875
G0 X66.533203125 Y1.669921875
G1 X66.533203125 Y1.669921875
G0 X64.16015625 Y1.669921875
G1 X64.16015625 Y1.669921875
G0 X62.05078125 Y1.669921875
G1 X62.05078125 Y1.669921875
G0 X14.326171875 Y1.669921875
G1 X14.326171875 Y1.669921875
G0 X13.359375 Y1.669921875
G1 X13.359375 Y1.669921875
G1 X13.447265625 Y1.669921875
G0 X12.12890625 Y1.669921875
G1 X12.12890625 Y1.669921875
G1 X12.216796875 Y1.669921875
G0 X11.77734375 Y1.669921875
G1 X11.77734375 Y1.669921875
G1 X11.865234375 Y1.7578125
G1 X11.865234375 Y1.669921875
G0 X10.8984375 Y1.669921875
G1 X10.8984375 Y1.669921875
G1 X10.986328125 Y1.669921875
G0 X9.66796875 Y1.669921875
G1 X9.66796875 Y1.669921875
G1 X9.755859375 Y1.7578125
G1 X9.755859375 Y1.669921875
G0 X8.96484375 Y1.669921875
G1 X8.96484375 Y1.669921875
G0 X8.525390625 Y1.669921875
G1 X8.525390625 Y1.669921875
G1 X8.61328125 Y1.669921875
G0 X7.998046875 Y1.669921875
G1 X7.998046875 Y1.669921875
G1 X8.26171875 Y1.93359375
G1 X8.0859375 Y1.7578125
G1 X8.0859375 Y1.669921875
G0 X70.13671875 Y1.58203125
G1 X70.13671875 Y1.58203125
G1 X70.13671875 Y1.669921875
G1 X69.9609375 Y1.845703125
G1 X69.873046875 Y1.845703125
G1 X69.78515625 Y1.93359375
G1 X69.873046875 Y1.845703125
G1 X69.9609375 Y1.93359375
G1 X69.9609375 Y1.845703125
G1 X70.13671875 Y1.669921875
G0 X69.609375 Y1.58203125
G1 X69.609375 Y1.58203125
G1 X69.609375 Y1.669921875
G1 X69.697265625 Y1.669921875
G1 X69.697265625 Y1.58203125
G0 X65.91796875 Y1.58203125
G1 X65.91796875 Y1.58203125
G0 X14.58984375 Y1.58203125
G1 X14.58984375 Y1.58203125
G1 X14.58984375 Y1.669921875
G0 X14.0625 Y1.58203125
G1 X14.0625 Y1.58203125
G1 X14.150390625 Y1.58203125
G0 X13.7109375 Y1.58203125
G1 X13.7109375 Y1.58203125
G0 X12.568359375 Y1.58203125
G1 X12.568359375 Y1.58203125
G0 X11.25 Y1.58203125
G1 X11.25 Y1.58203125
G1 X11.25 Y1.669921875
G1 X11.337890625 Y1.58203125
G0 X10.01953125 Y1.58203125
G1 X10.01953125 Y1.58203125
G1 X10.107421875 Y1.58203125
G0 X9.4921875 Y1.58203125
G1 X9.4921875 Y1.58203125
G1 X9.404296875 Y1.669921875
G1 X9.404296875 Y1.7578125
G1 X9.4921875 Y1.669921875
G0 X9.228515625 Y1.58203125
G1 X9.228515625 Y1.58203125
G1 X9.228515625 Y1.669921875
G0 X8.26171875 Y1.58203125
G1 X8.26171875 Y1.58203125
G1 X8.26171875 Y1.669921875
G0 X7.822265625 Y1.58203125
G1 X7.822265625 Y1.58203125
G0 X70.83984375 Y1.494140625
G1 X70.83984375 Y1.494140625
G0 X70.48828125 Y1.494140625
G1 X70.48828125 Y1.494140625
G1 X70.400390625 Y1.58203125
G1 X70.3125 Y1.58203125
G1 X70.3125 Y1.669921875
G1 X70.400390625 Y1.58203125
G1 X70.576171875 Y1.58203125
G1 X70.6640625 Y1.669921875
G1 X70.751953125 Y1.669921875
G1 X70.83984375 Y1.7578125
G1 X70.927734375 Y1.7578125
G1 X70.927734375 Y1.669921875
G1 X70.83984375 Y1.7578125
G1 X70.6640625 Y1.58203125
G1 X70.576171875 Y1.58203125
G0 X69.9609375 Y1.494140625
G1 X69.9609375 Y1.494140625
G0 X12.83203125 Y1.494140625
G1 X12.83203125 Y1.494140625
G1 X12.83203125 Y1.58203125
G0 X73.30078125 Y1.40625
G1 X73.30078125 Y1.40625
G1 X73.30078125 Y1.494140625
G0 X71.015625 Y1.40625
G1 X71.015625 Y1.40625
G1 X71.015625 Y1.494140625
G1 X71.103515625 Y1.40625
G0 X68.02734375 Y1.40625
G1 X68.02734375 Y1.40625
G1 X68.115234375 Y1.40625
G0 X67.5 Y1.40625
G1 X67.5 Y1.40625
G0 X63.28125 Y1.40625
G1 X63.28125 Y1.40625
G0 X15.1171875 Y1.40625
G1 X15.1171875 Y1.40625
G0 X10.986328125 Y1.40625
G1 X10.986328125 Y1.40625
G1 X11.07421875 Y1.40625
G0 X10.72265625 Y1.40625
G1 X10.72265625 Y1.40625
G1 X10.72265625 Y1.494140625
G1 X10.546875 Y1.669921875
G1 X10.458984375 Y1.669921875
G1 X10.37109375 Y1.58203125
G1 X10.458984375 Y1.669921875
G1 X10.546875 Y1.669921875
G1 X10.72265625 Y1.494140625
G0 X9.84375 Y1.40625
G1 X9.84375 Y1.40625
G1 X9.931640625 Y1.40625
G0 X9.66796875 Y1.40625
G1 X9.66796875 Y1.40625
G0 X9.31640625 Y1.40625
G1 X9.31640625 Y1.40625
G1 X9.404296875 Y1.40625
G0 X7.998046875 Y1.40625
G1 X7.998046875 Y1.40625
G1 X8.0859375 Y1.40625
G0 X67.236328125 Y1.318359375
G1 X67.236328125 Y1.318359375
G0 X15.380859375 Y1.318359375
G1 X15.380859375 Y1.318359375
G0 X14.765625 Y1.318359375
G1 X14.765625 Y1.318359375
G1 X14.765625 Y1.40625
G1 X14.853515625 Y1.40625
G0 X14.23828125 Y1.318359375
G1 X14.23828125 Y1.318359375
G1 X14.326171875 Y1.318359375
G1 X14.4140625 Y1.40625
G1 X14.326171875 Y1.318359375
G0 X13.88671875 Y1.318359375
G1 X13.88671875 Y1.318359375
G1 X13.88671875 Y1.40625
G1 X13.974609375 Y1.318359375
G0 X13.359375 Y1.318359375
G1 X13.359375 Y1.318359375
G1 X13.271484375 Y1.40625
G1 X13.271484375 Y1.494140625
G1 X13.18359375 Y1.58203125
G1 X13.271484375 Y1.494140625
G1 X13.271484375 Y1.40625
G1 X13.359375 Y1.318359375
G1 X13.53515625 Y1.318359375
G0 X12.65625 Y1.318359375
G1 X12.65625 Y1.318359375
G1 X12.65625 Y1.40625
G1 X12.744140625 Y1.318359375
G0 X11.77734375 Y1.318359375
G1 X11.77734375 Y1.318359375
G1 X11.77734375 Y1.40625
G1 X11.689453125 Y1.494140625
G1 X11.6015625 Y1.494140625
G1 X11.6015625 Y1.58203125
G1 X11.513671875 Y1.669921875
G1 X11.513671875 Y1.7578125
G1 X11.513671875 Y1.669921875
G1 X11.77734375 Y1.40625
G1 X12.041015625 Y1.40625
G1 X12.12890625 Y1.318359375
G1 X12.216796875 Y1.318359375
G1 X12.12890625 Y1.318359375
G1 X12.041015625 Y1.40625
G1 X11.953125 Y1.40625
G1 X11.865234375 Y1.318359375
G0 X11.42578125 Y1.318359375
G1 X11.42578125 Y1.318359375
G1 X11.42578125 Y1.40625
G0 X10.546875 Y1.318359375
G1 X10.546875 Y1.318359375
G0 X8.26171875 Y1.318359375
G1 X8.26171875 Y1.318359375
G1 X8.349609375 Y1.40625
G1 X8.61328125 Y1.40625
G1 X8.525390625 Y1.318359375
G1 X8.4375 Y1.40625
G1 X8.349609375 Y1.40625
G0 X7.734375 Y1.318359375
G1 X7.734375 Y1.318359375
G1 X7.734375 Y1.40625
G0 X68.73046875 Y1.23046875
G1 X68.73046875 Y1.23046875
G1 X68.73046875 Y1.318359375
G1 X68.642578125 Y1.40625
G1 X68.466796875 Y1.40625
G1 X68.642578125 Y1.40625
G1 X68.73046875 Y1.318359375
G1 X68.818359375 Y1.40625
G1 X68.73046875 Y1.318359375
G1 X68.818359375 Y1.23046875
G0 X68.37890625 Y1.23046875
G1 X68.37890625 Y1.23046875
G1 X68.466796875 Y1.23046875
G0 X67.939453125 Y1.142578125
G1 X67.939453125 Y1.142578125
G0 X16.083984375 Y1.142578125
G1 X16.083984375 Y1.142578125
G0 X15.64453125 Y1.142578125
G1 X15.64453125 Y1.142578125
G1 X15.732421875 Y1.142578125
G0 X12.83203125 Y1.142578125
G1 X12.83203125 Y1.142578125
G1 X12.919921875 Y1.142578125
G0 X11.162109375 Y1.142578125
G1 X11.162109375 Y1.142578125
G1 X11.25 Y1.23046875
G1 X11.25 Y1.142578125
G0 X10.810546875 Y1.142578125
G1 X10.810546875 Y1.142578125
G1 X10.8984375 Y1.23046875
G1 X10.986328125 Y1.142578125
G0 X8.525390625 Y1.142578125
G1 X8.525390625 Y1.142578125
G1 X8.61328125 Y1.142578125
G0 X69.08203125 Y1.0546875
G1 X69.08203125 Y1.0546875
G1 X69.169921875 Y1.0546875
G1 X69.2578125 Y1.142578125
G1 X69.345703125 Y1.142578125
G1 X69.43359375 Y1.0546875
G0 X68.5546875 Y1.0546875
G1 X68.5546875 Y1.0546875
G0 X68.115234375 Y1.0546875
G1 X68.115234375 Y1.0546875
G1 X68.115234375 Y1.142578125
G1 X68.203125 Y1.23046875
G1 X68.115234375 Y1.142578125
G0 X66.97265625 Y1.0546875
G1 X66.97265625 Y1.0546875
G0 X62.138671875 Y1.0546875
G1 X62.138671875 Y1.0546875
G0 X16.875 Y1.0546875
G1 X16.875 Y1.0546875
G0 X14.853515625 Y1.0546875
G1 X14.853515625 Y1.0546875
G1 X14.853515625 Y1.142578125
G0 X14.501953125 Y1.0546875
G1 X14.501953125 Y1.0546875
G1 X14.4140625 Y1.142578125
G1 X14.501953125 Y1.142578125
G0 X11.953125 Y1.0546875
G1 X11.953125 Y1.0546875
G1 X11.953125 Y1.142578125
G1 X12.041015625 Y1.142578125
G1 X12.041015625 Y1.0546875
G0 X11.689453125 Y1.0546875
G1 X11.689453125 Y1.0546875
G1 X11.689453125 Y1.142578125
G1 X11.6015625 Y1.23046875
G1 X11.689453125 Y1.142578125
G1 X11.77734375 Y1.142578125
G0 X11.42578125 Y1.0546875
G1 X11.42578125 Y1.0546875
G0 X10.458984375 Y1.0546875
G1 X10.458984375 Y1.0546875
G1 X10.546875 Y1.142578125
G1 X10.546875 Y1.0546875
G0 X7.998046875 Y1.0546875
G1 X7.998046875 Y1.0546875
G1 X7.998046875 Y1.142578125
G1 X8.0859375 Y1.142578125
G0 X68.818359375 Y0.966796875
G1 X68.818359375 Y0.966796875
G1 X68.818359375 Y1.0546875
G0 X68.291015625 Y0.966796875
G1 X68.291015625 Y0.966796875
G1 X68.37890625 Y0.966796875
G0 X66.4453125 Y0.966796875
G1 X66.4453125 Y0.966796875
G0 X60.46875 Y0.966796875
G1 X60.46875 Y0.966796875
G0 X59.4140625 Y0.966796875
G1 X59.4140625 Y0.966796875
G0 X15.1171875 Y0.966796875
G1 X15.1171875 Y0.966796875
G1 X15.205078125 Y0.966796875
G1 X15.29296875 Y1.0546875
G1 X15.205078125 Y0.966796875
G0 X14.23828125 Y0.966796875
G1 X14.23828125 Y0.966796875
G1 X14.0625 Y1.142578125
G1 X14.150390625 Y1.142578125
G1 X14.150390625 Y1.0546875
G0 X13.974609375 Y0.966796875
G1 X13.974609375 Y0.966796875
G1 X13.88671875 Y1.0546875
G0 X70.48828125 Y0.87890625
G1 X70.48828125 Y0.87890625
G0 X67.763671875 Y0.87890625
G1 X67.763671875 Y0.87890625
G0 X67.32421875 Y0.87890625
G1 X67.32421875 Y0.87890625
G1 X67.412109375 Y0.966796875
G1 X67.412109375 Y0.87890625
G0 X60.205078125 Y0.87890625
G1 X60.205078125 Y0.87890625
G1 X60.29296875 Y0.87890625
G0 X59.150390625 Y0.87890625
G1 X59.150390625 Y0.87890625
G0 X58.18359375 Y0.87890625
G1 X58.18359375 Y0.87890625
G1 X58.271484375 Y0.87890625
G0 X58.0078125 Y0.87890625
G1 X58.0078125 Y0.87890625
G0 X57.65625 Y0.87890625
G1 X57.65625 Y0.87890625
G1 X57.83203125 Y0.87890625
G0 X57.48046875 Y0.87890625
G1 X57.48046875 Y0.87890625
G0 X54.228515625 Y0.87890625
G1 X54.228515625 Y0.87890625
G0 X53.96484375 Y0.87890625
G1 X53.96484375 Y0.87890625
G0 X53.525390625 Y0.87890625
G1 X53.525390625 Y0.87890625
G0 X16.435546875 Y0.87890625
G1 X16.435546875 Y0.87890625
G0 X16.083984375 Y0.87890625
G1 X16.083984375 Y0.87890625
G0 X15.46875 Y0.87890625
G1 X15.46875 Y0.87890625
G0 X14.58984375 Y0.87890625
G1 X14.58984375 Y0.87890625
G1 X14.677734375 Y0.87890625
G0 X8.96484375 Y0.87890625
G1 X8.96484375 Y0.87890625
G1 X8.96484375 Y0.966796875
G0 X8.61328125 Y0.87890625
G1 X8.61328125 Y0.87890625
G1 X8.701171875 Y0.966796875
G1 X8.701171875 Y0.87890625
G0 X8.349609375 Y0.87890625
G1 X8.349609375 Y0.87890625
G1 X8.26171875 Y0.966796875
G1 X8.349609375 Y0.966796875
G1 X8.4375 Y0.87890625
G0 X7.734375 Y0.87890625
G1 X7.734375 Y0.87890625
G1 X7.822265625 Y0.87890625
G0 X71.19140625 Y0.791015625
G1 X71.19140625 Y0.791015625
G1 X71.19140625 Y0.87890625
G1 X71.279296875 Y0.87890625
G1 X71.279296875 Y0.791015625
G0 X62.314453125 Y0.791015625
G1 X62.314453125 Y0.791015625
G0 X61.259765625 Y0.791015625
G1 X61.259765625 Y0.791015625
G0 X54.931640625 Y0.791015625
G1 X54.931640625 Y0.791015625
G0 X15.29296875 Y0.791015625
G1 X15.29296875 Y0.791015625
G0 X14.94140625 Y0.791015625
G1 X14.94140625 Y0.791015625
G1 X14.94140625 Y0.87890625
G0 X14.0625 Y0.791015625
G1 X14.0625 Y0.791015625
G1 X14.150390625 Y0.791015625
G0 X13.7109375 Y0.791015625
G1 X13.7109375 Y0.791015625
G1 X13.798828125 Y0.791015625
G0 X12.83203125 Y0.791015625
G1 X12.83203125 Y0.791015625
G1 X12.919921875 Y0.791015625
G1 X13.0078125 Y0.87890625
G1 X13.0078125 Y0.966796875
G1 X13.095703125 Y0.966796875
G1 X13.18359375 Y1.0546875
G1 X13.18359375 Y1.142578125
G1 X13.095703125 Y1.23046875
G1 X13.095703125 Y1.318359375
G1 X13.0078125 Y1.40625
G1 X13.095703125 Y1.318359375
G1 X13.095703125 Y1.23046875
G1 X13.18359375 Y1.142578125
G1 X13.359375 Y1.142578125
G1 X13.271484375 Y1.142578125
G1 X12.919921875 Y0.791015625
G0 X12.12890625 Y0.791015625
G1 X12.12890625 Y0.791015625
G1 X12.12890625 Y0.87890625
G1 X12.216796875 Y0.791015625
G0 X11.689453125 Y0.791015625
G1 X11.689453125 Y0.791015625
G1 X11.6015625 Y0.87890625
G1 X11.513671875 Y0.87890625
G1 X11.6015625 Y0.87890625
G1 X11.689453125 Y0.791015625
G1 X11.77734375 Y0.791015625
G1 X11.865234375 Y0.87890625
G1 X11.77734375 Y0.791015625
G0 X11.25 Y0.791015625
G1 X11.25 Y0.791015625
G1 X11.337890625 Y0.791015625
G0 X10.810546875 Y0.791015625
G1 X10.810546875 Y0.791015625
G1 X10.72265625 Y0.87890625
G1 X10.72265625 Y0.966796875
G1 X10.72265625 Y0.87890625
G1 X10.810546875 Y0.791015625
G1 X10.8984375 Y0.791015625
G1 X11.07421875 Y0.966796875
G1 X11.07421875 Y0.87890625
G1 X10.986328125 Y0.87890625
G1 X10.8984375 Y0.791015625
G0 X10.01953125 Y0.791015625
G1 X10.01953125 Y0.791015625
G1 X10.107421875 Y0.791015625
G0 X67.587890625 Y0.703125
G1 X67.587890625 Y0.703125
G1 X67.67578125 Y0.703125
G0 X67.236328125 Y0.703125
G1 X67.236328125 Y0.703125
G0 X64.072265625 Y0.703125
G1 X64.072265625 Y0.703125
G0 X62.9296875 Y0.703125
G1 X62.9296875 Y0.703125
G1 X63.017578125 Y0.703125
G0 X60.908203125 Y0.703125
G1 X60.908203125 Y0.703125
G0 X58.359375 Y0.703125
G1 X58.359375 Y0.703125
G0 X58.095703125 Y0.703125
G1 X58.095703125 Y0.703125
G0 X57.12890625 Y0.703125
G1 X57.12890625 Y0.703125
G1 X57.12890625 Y0.791015625
G0 X56.953125 Y0.703125
G1 X56.953125 Y0.703125
G1 X56.953125 Y0.791015625
G0 X55.810546875 Y0.703125
G1 X55.810546875 Y0.703125
G0 X55.458984375 Y0.703125
G1 X55.458984375 Y0.703125
G1 X55.546875 Y0.703125
G0 X54.404296875 Y0.703125
G1 X54.404296875 Y0.703125
G0 X53.61328125 Y0.703125
G1 X53.61328125 Y0.703125
G0 X16.259765625 Y0.703125
G1 X16.259765625 Y0.703125
G0 X0.0 Y0.703125
G1 X0.0 Y0.703125
G0 X89.736328125 Y0.615234375
G1 X89.736328125 Y0.615234375
G0 X67.939453125 Y0.615234375
G1 X67.939453125 Y0.615234375
G0 X62.490234375 Y0.615234375
G1 X62.490234375 Y0.615234375
G0 X59.94140625 Y0.615234375
G1 X59.94140625 Y0.615234375
G0 X59.677734375 Y0.615234375
G1 X59.677734375 Y0.615234375
G1 X59.765625 Y0.615234375
G0 X59.23828125 Y0.615234375
G1 X59.23828125 Y0.615234375
G1 X59.23828125 Y0.703125
G0 X55.01953125 Y0.615234375
G1 X55.01953125 Y0.615234375
G0 X54.755859375 Y0.615234375
G1 X54.755859375 Y0.615234375
G0 X54.052734375 Y0.615234375
G1 X54.052734375 Y0.615234375
G0 X53.876953125 Y0.615234375
G1 X53.876953125 Y0.615234375
G1 X53.7890625 Y0.703125
G0 X16.875 Y0.615234375
G1 X16.875 Y0.615234375
G0 X16.5234375 Y0.615234375
G1 X16.5234375 Y0.615234375
G0 X15.99609375 Y0.615234375
G1 X15.99609375 Y0.615234375
G0 X15.1171875 Y0.615234375
G1 X15.1171875 Y0.615234375
G1 X15.205078125 Y0.615234375
G0 X14.765625 Y0.615234375
G1 X14.765625 Y0.615234375
G0 X14.4140625 Y0.615234375
G1 X14.4140625 Y0.615234375
G1 X14.4140625 Y0.703125
G0 X13.88671875 Y0.615234375
G1 X13.88671875 Y0.615234375
G1 X13.974609375 Y0.615234375
G0 X13.095703125 Y0.615234375
G1 X13.095703125 Y0.615234375
G1 X13.095703125 Y0.703125
G1 X13.18359375 Y0.703125
G1 X13.18359375 Y0.615234375
G0 X11.42578125 Y0.615234375
G1 X11.42578125 Y0.615234375
G1 X11.6015625 Y0.615234375
G0 X11.07421875 Y0.615234375
G1 X11.07421875 Y0.615234375
G1 X11.162109375 Y0.615234375
G0 X66.4453125 Y0.52734375
G1 X66.4453125 Y0.52734375
G0 X66.09375 Y0.52734375
G1 X66.09375 Y0.52734375
G0 X62.138671875 Y0.52734375
G1 X62.138671875 Y0.52734375
G0 X61.875 Y0.52734375
G1 X61.875 Y0.52734375
G0 X57.3046875 Y0.52734375
G1 X57.3046875 Y0.52734375
G1 X57.392578125 Y0.615234375
G1 X57.48046875 Y0.52734375
G1 X57.568359375 Y0.52734375
G1 X57.65625 Y0.615234375
G1 X57.744140625 Y0.52734375
G1 X57.83203125 Y0.52734375
G1 X57.919921875 Y0.615234375
G1 X58.0078125 Y0.52734375
G0 X55.986328125 Y0.52734375
G1 X55.986328125 Y0.52734375
G1 X56.162109375 Y0.52734375
G0 X54.580078125 Y0.52734375
G1 X54.580078125 Y0.52734375
G0 X54.404296875 Y0.52734375
G1 X54.404296875 Y0.52734375
G0 X53.26171875 Y0.52734375
G1 X53.26171875 Y0.52734375
G0 X16.34765625 Y0.52734375
G1 X16.34765625 Y0.52734375
G0 X15.46875 Y0.52734375
G1 X15.46875 Y0.52734375
G0 X14.23828125 Y0.52734375
G1 X14.23828125 Y0.52734375
G0 X13.53515625 Y0.52734375
G1 X13.53515625 Y0.52734375
G1 X13.53515625 Y0.615234375
G1 X13.359375 Y0.791015625
G1 X13.359375 Y0.87890625
G1 X13.7109375 Y1.23046875
G1 X13.7109375 Y1.142578125
G1 X13.623046875 Y1.142578125
G1 X13.53515625 Y1.0546875
G1 X13.53515625 Y0.966796875
G1 X13.447265625 Y0.966796875
G1 X13.359375 Y0.87890625
G1 X13.359375 Y0.791015625
G1 X13.53515625 Y0.615234375
G0 X10.810546875 Y0.52734375
G1 X10.810546875 Y0.52734375
G1 X10.72265625 Y0.615234375
G1 X10.810546875 Y0.615234375
G1 X10.8984375 Y0.52734375
G0 X10.546875 Y0.52734375
G1 X10.546875 Y0.52734375
G1 X10.546875 Y0.615234375
G1 X10.458984375 Y0.703125
G1 X10.37109375 Y0.703125
G1 X10.37109375 Y0.791015625
G1 X10.458984375 Y0.791015625
G1 X10.458984375 Y0.703125
G1 X10.546875 Y0.615234375
G0 X8.26171875 Y0.52734375
G1 X8.26171875 Y0.52734375
G1 X8.173828125 Y0.615234375
G1 X8.173828125 Y0.703125
G1 X8.0859375 Y0.791015625
G1 X7.998046875 Y0.791015625
G1 X7.998046875 Y0.87890625
G1 X8.0859375 Y0.87890625
G1 X8.0859375 Y0.791015625
G1 X8.26171875 Y0.615234375
G1 X8.349609375 Y0.615234375
G1 X8.4375 Y0.703125
G1 X8.525390625 Y0.615234375
G1 X8.61328125 Y0.615234375
G1 X8.61328125 Y0.52734375
G1 X8.4375 Y0.703125
G1 X8.349609375 Y0.615234375
G1 X8.349609375 Y0.52734375
G0 X7.734375 Y0.52734375
G1 X7.734375 Y0.52734375
G1 X7.734375 Y0.615234375
G1 X7.646484375 Y0.703125
G1 X7.470703125 Y0.703125
G1 X7.470703125 Y0.791015625
G1 X7.55859375 Y0.791015625
G1 X7.734375 Y0.615234375
G1 X7.91015625 Y0.615234375
G1 X7.998046875 Y0.52734375
G1 X7.91015625 Y0.615234375
G1 X7.822265625 Y0.52734375
G0 X61.5234375 Y0.439453125
G1 X61.5234375 Y0.439453125
G0 X60.8203125 Y0.439453125
G1 X60.8203125 Y0.439453125
G0 X60.64453125 Y0.439453125
G1 X60.64453125 Y0.439453125
G0 X59.4140625 Y0.439453125
G1 X59.4140625 Y0.439453125
G0 X59.0625 Y0.439453125
G1 X59.0625 Y0.439453125
G1 X59.150390625 Y0.439453125
G0 X58.88671875 Y0.439453125
G1 X58.88671875 Y0.439453125
G0 X58.7109375 Y0.439453125
G1 X58.7109375 Y0.439453125
G1 X58.623046875 Y0.52734375
G1 X58.18359375 Y0.52734375
G1 X58.7109375 Y0.52734375
G0 X55.458984375 Y0.439453125
G1 X55.458984375 Y0.439453125
G1 X55.634765625 Y0.439453125
G1 X55.72265625 Y0.52734375
G1 X55.810546875 Y0.52734375
G1 X55.810546875 Y0.439453125
G0 X54.140625 Y0.439453125
G1 X54.140625 Y0.439453125
G0 X53.7890625 Y0.439453125
G1 X53.7890625 Y0.439453125
G0 X16.69921875 Y0.439453125
G1 X16.69921875 Y0.439453125
G0 X61.962890625 Y0.3515625
G1 X61.962890625 Y0.3515625
G1 X62.05078125 Y0.3515625
G0 X61.787109375 Y0.3515625
G1 X61.787109375 Y0.3515625
G0 X61.34765625 Y0.3515625
G1 X61.34765625 Y0.3515625
G0 X60.380859375 Y0.3515625
G1 X60.380859375 Y0.3515625
G0 X60.029296875 Y0.3515625
G1 X60.029296875 Y0.3515625
G1 X60.1171875 Y0.3515625
G0 X59.765625 Y0.3515625
G1 X59.765625 Y0.3515625
G1 X59.853515625 Y0.3515625
G0 X59.58984375 Y0.3515625
G1 X59.58984375 Y0.3515625
G0 X56.689453125 Y0.3515625
G1 X56.689453125 Y0.3515625
G1 X56.513671875 Y0.52734375
G1 X56.42578125 Y0.52734375
G1 X56.42578125 Y0.615234375
G1 X56.337890625 Y0.703125
G1 X56.25 Y0.703125
G1 X56.6015625 Y0.703125
G1 X56.689453125 Y0.791015625
G1 X56.77734375 Y0.703125
G1 X56.513671875 Y0.703125
G1 X56.42578125 Y0.615234375
G1 X56.513671875 Y0.52734375
G1 X56.6015625 Y0.52734375
G1 X56.6015625 Y0.439453125
G1 X56.689453125 Y0.3515625
G1 X56.77734375 Y0.439453125
G1 X56.77734375 Y0.52734375
G1 X57.12890625 Y0.52734375
G1 X57.041015625 Y0.439453125
G1 X56.953125 Y0.52734375
G1 X56.865234375 Y0.439453125
G1 X56.865234375 Y0.3515625
G1 X56.77734375 Y0.439453125
G0 X55.1953125 Y0.3515625
G1 X55.1953125 Y0.3515625
G1 X55.283203125 Y0.439453125
G0 X55.01953125 Y0.3515625
G1 X55.01953125 Y0.3515625
G0 X54.84375 Y0.3515625
G1 X54.84375 Y0.3515625
G0 X16.5234375 Y0.3515625
G1 X16.5234375 Y0.3515625
G0 X16.083984375 Y0.3515625
G1 X16.083984375 Y0.3515625
G1 X16.171875 Y0.3515625
G0 X15.29296875 Y0.3515625
G1 X15.29296875 Y0.3515625
G0 X14.94140625 Y0.3515625
G1 X14.94140625 Y0.3515625
G1 X15.029296875 Y0.3515625
G0 X13.7109375 Y0.3515625
G1 X13.7109375 Y0.3515625
G1 X13.798828125 Y0.3515625
G0 X13.359375 Y0.3515625
G1 X13.359375 Y0.3515625
G1 X13.359375 Y0.439453125
G1 X13.447265625 Y0.3515625
G0 X11.25 Y0.3515625
G1 X11.25 Y0.3515625
G1 X11.25 Y0.439453125
G1 X11.337890625 Y0.439453125
G1 X11.337890625 Y0.3515625
G0 X9.66796875 Y0.3515625
G1 X9.66796875 Y0.3515625
G1 X9.755859375 Y0.439453125
G1 X9.66796875 Y0.52734375
G1 X9.66796875 Y0.615234375
G1 X9.580078125 Y0.703125
G1 X9.4921875 Y0.615234375
G1 X9.4921875 Y0.52734375
G1 X9.404296875 Y0.52734375
G1 X9.404296875 Y0.615234375
G1 X9.228515625 Y0.791015625
G1 X9.228515625 Y0.87890625
G1 X9.31640625 Y0.966796875
G1 X9.31640625 Y1.0546875
G1 X9.228515625 Y1.142578125
G1 X9.052734375 Y1.142578125
G1 X8.96484375 Y1.23046875
G1 X8.876953125 Y1.142578125
G1 X8.7890625 Y1.142578125
G1 X8.876953125 Y1.142578125
G1 X8.96484375 Y1.23046875
G1 X8.96484375 Y1.318359375
G1 X8.876953125 Y1.40625
G1 X8.7890625 Y1.40625
G1 X8.876953125 Y1.40625
G1 X8.96484375 Y1.318359375
G1 X9.052734375 Y1.40625
G1 X9.140625 Y1.40625
G1 X9.052734375 Y1.40625
G1 X8.96484375 Y1.318359375
G1 X8.96484375 Y1.23046875
G1 X9.052734375 Y1.142578125
G1 X9.140625 Y1.142578125
G1 X9.228515625 Y1.23046875
G1 X9.228515625 Y1.142578125
G1 X9.31640625 Y1.0546875
G1 X9.31640625 Y0.966796875
G1 X9.228515625 Y0.87890625
G1 X9.228515625 Y0.791015625
G1 X9.404296875 Y0.615234375
G1 X9.4921875 Y0.615234375
G1 X9.580078125 Y0.703125
G1 X9.580078125 Y0.791015625
G1 X9.4921875 Y0.87890625
G1 X9.4921875 Y0.966796875
G1 X9.580078125 Y1.0546875
G1 X9.4921875 Y1.142578125
G1 X9.4921875 Y1.23046875
G1 X9.580078125 Y1.142578125
G1 X9.66796875 Y1.142578125
G1 X9.755859375 Y1.23046875
G1 X9.755859375 Y1.142578125
G1 X9.84375 Y1.0546875
G1 X9.931640625 Y1.0546875
G1 X10.01953125 Y1.142578125
G1 X10.01953125 Y1.23046875
G1 X10.1953125 Y1.40625
G1 X10.283203125 Y1.40625
G1 X10.283203125 Y1.318359375
G1 X10.37109375 Y1.23046875
G1 X10.1953125 Y1.40625
G1 X10.01953125 Y1.23046875
G1 X10.01953125 Y1.142578125
G1 X10.107421875 Y1.0546875
G1 X10.1953125 Y1.0546875
G1 X10.283203125 Y0.966796875
G1 X10.1953125 Y0.966796875
G1 X10.01953125 Y1.142578125
G1 X9.931640625 Y1.0546875
G1 X9.84375 Y1.0546875
G1 X9.755859375 Y0.966796875
G1 X9.755859375 Y0.87890625
G1 X9.580078125 Y0.703125
G1 X9.66796875 Y0.615234375
G1 X9.755859375 Y0.615234375
G1 X9.84375 Y0.703125
G1 X9.931640625 Y0.615234375
G1 X9.84375 Y0.703125
G1 X9.66796875 Y0.52734375
G1 X9.755859375 Y0.439453125
G1 X9.755859375 Y0.3515625
G0 X9.228515625 Y0.3515625
G1 X9.228515625 Y0.3515625
G0 X61.611328125 Y0.263671875
G1 X61.611328125 Y0.263671875
G0 X60.732421875 Y0.263671875
G1 X60.732421875 Y0.263671875
G0 X58.359375 Y0.263671875
G1 X58.359375 Y0.263671875
G1 X58.447265625 Y0.263671875
G0 X57.568359375 Y0.263671875
G1 X57.568359375 Y0.263671875
G1 X57.919921875 Y0.263671875
G0 X57.3046875 Y0.263671875
G1 X57.3046875 Y0.263671875
G1 X57.392578125 Y0.263671875
G0 X56.42578125 Y0.263671875
G1 X56.42578125 Y0.263671875
G0 X55.810546875 Y0.263671875
G1 X55.810546875 Y0.263671875
G1 X55.8984375 Y0.263671875
G1 X55.986328125 Y0.3515625
G1 X55.8984375 Y0.263671875
G0 X16.875 Y0.263671875
G1 X16.875 Y0.263671875
G0 X15.64453125 Y0.263671875
G1 X15.64453125 Y0.263671875
G1 X15.732421875 Y0.3515625
G0 X14.765625 Y0.263671875
G1 X14.765625 Y0.263671875
G0 X14.4140625 Y0.263671875
G1 X14.4140625 Y0.263671875
G1 X14.326171875 Y0.3515625
G1 X14.501953125 Y0.3515625
G1 X14.501953125 Y0.263671875
G0 X13.18359375 Y0.263671875
G1 X13.18359375 Y0.263671875
G0 X11.07421875 Y0.263671875
G1 X11.07421875 Y0.263671875
G1 X10.986328125 Y0.3515625
G1 X11.07421875 Y0.3515625
G0 X10.72265625 Y0.263671875
G1 X10.72265625 Y0.263671875
G1 X10.634765625 Y0.3515625
G1 X10.810546875 Y0.3515625
G1 X10.810546875 Y0.263671875
G0 X9.4921875 Y0.263671875
G1 X9.4921875 Y0.263671875
G1 X9.4921875 Y0.3515625
G0 X7.734375 Y0.263671875
G1 X7.734375 Y0.263671875
G1 X7.734375 Y0.3515625
G1 X7.822265625 Y0.3515625
G1 X7.822265625 Y0.263671875
G0 X89.208984375 Y0.17578125
G1 X89.208984375 Y0.17578125
G0 X61.875 Y0.17578125
G1 X61.875 Y0.17578125
G0 X61.259765625 Y0.17578125
G1 X61.259765625 Y0.17578125
G0 X60.46875 Y0.17578125
G1 X60.46875 Y0.17578125
G0 X58.18359375 Y0.17578125
G1 X58.18359375 Y0.17578125
G1 X58.18359375 Y0.263671875
G0 X54.140625 Y0.17578125
G1 X54.140625 Y0.17578125
G0 X67.236328125 Y0.087890625
G1 X67.236328125 Y0.087890625
G1 X67.32421875 Y0.087890625
G0 X66.97265625 Y0.087890625
G1 X66.97265625 Y0.087890625
G1 X67.060546875 Y0.087890625
G0 X19.6875 Y0.087890625
G1 X19.6875 Y0.087890625
G0 X17.138671875 Y0.087890625
G1 X17.138671875 Y0.087890625
G0 X15.908203125 Y0.087890625
G1 X15.908203125 Y0.087890625
G0 X15.380859375 Y0.087890625
G1 X15.380859375 Y0.087890625
G1 X15.46875 Y0.087890625
G0 X15.1171875 Y0.087890625
G1 X15.1171875 Y0.087890625
G0 X14.23828125 Y0.087890625
G1 X14.23828125 Y0.087890625
G0 X13.798828125 Y0.087890625
G1 X13.798828125 Y0.087890625
G1 X14.0625 Y0.3515625
G1 X14.150390625 Y0.263671875
G1 X14.0625 Y0.3515625
G0 X13.359375 Y0.087890625
G1 X13.359375 Y0.087890625
G0 X13.0078125 Y0.087890625
G1 X13.0078125 Y0.087890625
G1 X13.095703125 Y0.087890625
G0 X12.48046875 Y0.087890625
G1 X12.48046875 Y0.087890625
G1 X12.65625 Y0.087890625
G0 X12.12890625 Y0.087890625
G1 X12.12890625 Y0.087890625
G1 X12.216796875 Y0.087890625
G1 X12.3046875 Y0.17578125
G1 X12.3046875 Y0.263671875
G1 X12.216796875 Y0.3515625
G1 X12.12890625 Y0.3515625
G1 X12.12890625 Y0.439453125
G1 X12.041015625 Y0.52734375
G1 X11.953125 Y0.52734375
G1 X11.865234375 Y0.439453125
G1 X11.865234375 Y0.3515625
G1 X11.953125 Y0.263671875
G1 X11.77734375 Y0.439453125
G1 X11.6015625 Y0.263671875
G1 X11.513671875 Y0.3515625
G1 X11.689453125 Y0.3515625
G1 X11.77734375 Y0.439453125
G1 X11.865234375 Y0.439453125
G1 X11.953125 Y0.52734375
G1 X11.953125 Y0.615234375
G1 X12.041015625 Y0.615234375
G1 X12.041015625 Y0.52734375
G1 X12.12890625 Y0.439453125
G1 X12.216796875 Y0.439453125
G1 X12.216796875 Y0.3515625
G1 X12.3046875 Y0.263671875
G1 X12.392578125 Y0.263671875
G1 X12.65625 Y0.52734375
G1 X12.65625 Y0.615234375
G1 X12.568359375 Y0.703125
G1 X12.48046875 Y0.703125
G1 X12.392578125 Y0.615234375
G1 X12.3046875 Y0.615234375
G1 X12.392578125 Y0.615234375
G1 X12.48046875 Y0.703125
G1 X12.48046875 Y0.87890625
G1 X12.392578125 Y0.966796875
G1 X12.3046875 Y0.966796875
G1 X12.3046875 Y1.0546875
G1 X12.392578125 Y1.0546875
G1 X12.48046875 Y1.142578125
G1 X12.48046875 Y1.23046875
G1 X12.392578125 Y1.318359375
G1 X12.392578125 Y1.40625
G1 X12.392578125 Y1.318359375
G1 X12.568359375 Y1.142578125
G1 X12.48046875 Y1.142578125
G1 X12.392578125 Y1.0546875
G1 X12.392578125 Y0.966796875
G1 X12.568359375 Y0.791015625
G1 X12.65625 Y0.87890625
G1 X12.65625 Y0.966796875
G1 X12.744140625 Y0.966796875
G1 X12.568359375 Y0.791015625
G1 X12.568359375 Y0.703125
G1 X12.65625 Y0.615234375
G1 X12.744140625 Y0.615234375
G1 X12.83203125 Y0.52734375
G1 X12.919921875 Y0.52734375
G1 X13.0078125 Y0.439453125
G1 X12.83203125 Y0.263671875
G1 X13.0078125 Y0.439453125
G1 X12.919921875 Y0.52734375
G1 X12.83203125 Y0.52734375
G1 X12.744140625 Y0.615234375
G1 X12.65625 Y0.52734375
G1 X12.65625 Y0.439453125
G1 X12.568359375 Y0.3515625
G1 X12.48046875 Y0.3515625
G1 X12.3046875 Y0.17578125
G1 X12.3046875 Y0.087890625
G0 X11.77734375 Y0.087890625
G1 X11.77734375 Y0.087890625
G1 X11.865234375 Y0.087890625
G0 X11.25 Y0.087890625
G1 X11.25 Y0.087890625
G1 X11.337890625 Y0.087890625
G0 X10.810546875 Y0.087890625
G1 X10.810546875 Y0.087890625
G1 X10.986328125 Y0.087890625
G0 X10.01953125 Y0.087890625
G1 X10.01953125 Y0.087890625
G1 X9.931640625 Y0.17578125
G1 X9.931640625 Y0.263671875
G1 X10.01953125 Y0.3515625
G1 X10.01953125 Y0.439453125
G1 X10.107421875 Y0.439453125
G1 X10.1953125 Y0.52734375
G1 X10.1953125 Y0.615234375
G1 X10.283203125 Y0.52734375
G1 X10.1953125 Y0.52734375
G1 X10.107421875 Y0.439453125
G1 X10.107421875 Y0.3515625
G1 X10.01953125 Y0.3515625
G1 X9.931640625 Y0.263671875
G1 X9.931640625 Y0.17578125
G1 X10.01953125 Y0.087890625
G1 X10.1953125 Y0.087890625
G0 X9.66796875 Y0.087890625
G1 X9.66796875 Y0.087890625
G1 X9.755859375 Y0.087890625
G0 X9.228515625 Y0.087890625
G1 X9.228515625 Y0.087890625
G1 X9.31640625 Y0.087890625
G0 X8.7890625 Y0.087890625
G1 X8.7890625 Y0.087890625
G1 X8.7890625 Y0.17578125
G1 X8.876953125 Y0.263671875
G1 X8.876953125 Y0.3515625
G1 X8.96484375 Y0.439453125
G1 X8.876953125 Y0.52734375
G1 X8.876953125 Y0.615234375
G1 X8.7890625 Y0.703125
G1 X8.876953125 Y0.615234375
G1 X8.96484375 Y0.615234375
G1 X9.052734375 Y0.703125
G1 X9.140625 Y0.615234375
G1 X9.140625 Y0.52734375
G1 X9.140625 Y0.615234375
G1 X9.052734375 Y0.703125
G1 X8.876953125 Y0.52734375
G1 X8.96484375 Y0.439453125
G1 X8.96484375 Y0.3515625
G1 X9.052734375 Y0.263671875
G1 X9.052734375 Y0.17578125
G1 X8.96484375 Y0.087890625
G1 X9.052734375 Y0.17578125
G1 X9.052734375 Y0.263671875
G1 X8.96484375 Y0.3515625
G1 X8.7890625 Y0.17578125
G0 X8.525390625 Y0.087890625
G1 X8.525390625 Y0.087890625
G1 X8.525390625 Y0.17578125
G1 X8.4375 Y0.263671875
G1 X8.349609375 Y0.263671875
G1 X8.26171875 Y0.3515625
G1 X8.0859375 Y0.3515625
G1 X7.998046875 Y0.263671875
G1 X7.998046875 Y0.3515625
G1 X8.26171875 Y0.3515625
G1 X8.349609375 Y0.263671875
G1 X8.4375 Y0.3515625
G1 X8.4375 Y0.263671875
G1 X8.525390625 Y0.17578125
G1 X8.701171875 Y0.3515625
G1 X8.525390625 Y0.17578125
G0 X8.173828125 Y0.087890625
G1 X8.173828125 Y0.087890625
G1 X8.173828125 Y0.17578125
G1 X8.26171875 Y0.087890625
G1 X8.349609375 Y0.087890625
G0 X7.998046875 Y0.087890625
G1 X7.998046875 Y0.087890625
G0 X7.3828125 Y0.087890625
G1 X7.3828125 Y0.087890625
G1 X7.470703125 Y0.17578125
G1 X7.470703125 Y0.439453125
G1 X7.55859375 Y0.439453125
G1 X7.470703125 Y0.3515625
G1 X7.55859375 Y0.263671875
G1 X7.470703125 Y0.17578125
G1 X7.470703125 Y0.087890625
G0 X0.615234375 Y0.087890625
G1 X0.615234375 Y0.087890625
G0 X70.224609375 Y0.0
G1 X70.224609375 Y0.0
G0 X70.048828125 Y0.0
G1 X70.048828125 Y0.0
G0 X69.521484375 Y0.0
G1 X69.521484375 Y0.0
G1 X69.78515625 Y0.0
G0 X68.73046875 Y0.0
G1 X68.73046875 Y0.0
G1 X68.642578125 Y0.087890625
G1 X68.5546875 Y0.087890625
G1 X68.5546875 Y0.17578125
G1 X68.37890625 Y0.3515625
G1 X68.203125 Y0.17578125
G1 X68.291015625 Y0.087890625
G1 X68.203125 Y0.087890625
G1 X68.203125 Y0.17578125
G1 X68.115234375 Y0.263671875
G1 X67.939453125 Y0.087890625
G1 X67.587890625 Y0.087890625
G1 X67.939453125 Y0.087890625
G1 X68.02734375 Y0.17578125
G1 X68.02734375 Y0.263671875
G1 X67.939453125 Y0.3515625
G1 X67.8515625 Y0.3515625
G1 X67.763671875 Y0.263671875
G1 X67.236328125 Y0.263671875
G1 X67.1484375 Y0.3515625
G1 X67.060546875 Y0.263671875
G1 X66.884765625 Y0.263671875
G1 X66.708984375 Y0.087890625
G1 X66.796875 Y0.17578125
G1 X66.708984375 Y0.263671875
G1 X66.533203125 Y0.263671875
G1 X66.4453125 Y0.17578125
G1 X66.533203125 Y0.087890625
G1 X66.4453125 Y0.087890625
G1 X66.357421875 Y0.17578125
G1 X66.26953125 Y0.087890625
G1 X66.181640625 Y0.17578125
G1 X66.09375 Y0.17578125
G1 X66.09375 Y0.263671875
G1 X66.005859375 Y0.3515625
G1 X65.91796875 Y0.263671875
G1 X65.91796875 Y0.17578125
G1 X65.302734375 Y0.17578125
G1 X65.21484375 Y0.087890625
G1 X65.126953125 Y0.17578125
G1 X64.16015625 Y0.17578125
G1 X64.072265625 Y0.087890625
G1 X63.984375 Y0.17578125
G1 X63.45703125 Y0.17578125
G1 X63.369140625 Y0.263671875
G1 X63.28125 Y0.17578125
G1 X63.017578125 Y0.17578125
G1 X62.9296875 Y0.263671875
G1 X62.40234375 Y0.263671875
G1 X62.314453125 Y0.17578125
G1 X62.2265625 Y0.17578125
G1 X62.314453125 Y0.17578125
G1 X62.40234375 Y0.263671875
G1 X62.314453125 Y0.3515625
G1 X62.40234375 Y0.3515625
G1 X62.490234375 Y0.263671875
G1 X62.578125 Y0.3515625
G1 X62.666015625 Y0.3515625
G1 X62.75390625 Y0.439453125
G1 X62.841796875 Y0.439453125
G1 X62.9296875 Y0.3515625
G1 X63.017578125 Y0.439453125
G1 X63.193359375 Y0.439453125
G1 X63.28125 Y0.3515625
G1 X63.369140625 Y0.439453125
G1 X63.984375 Y0.439453125
G1 X64.072265625 Y0.3515625
G1 X64.16015625 Y0.439453125
G1 X64.16015625 Y0.52734375
G1 X64.248046875 Y0.439453125
G1 X64.3359375 Y0.439453125
G1 X64.423828125 Y0.3515625
G1 X64.51171875 Y0.439453125
G1 X64.775390625 Y0.439453125
G1 X64.86328125 Y0.3515625
G1 X65.0390625 Y0.3515625
G1 X64.951171875 Y0.3515625
G1 X64.86328125 Y0.263671875
G1 X64.951171875 Y0.17578125
G1 X65.21484375 Y0.17578125
G1 X65.302734375 Y0.263671875
G1 X65.21484375 Y0.3515625
G1 X65.390625 Y0.3515625
G1 X65.478515625 Y0.439453125
G1 X65.478515625 Y0.52734375
G1 X65.478515625 Y0.3515625
G1 X65.56640625 Y0.263671875
G1 X65.654296875 Y0.3515625
G1 X65.654296875 Y0.439453125
G1 X65.7421875 Y0.439453125
G1 X65.830078125 Y0.3515625
G1 X65.91796875 Y0.439453125
G1 X65.91796875 Y0.52734375
G1 X65.91796875 Y0.439453125
G1 X66.005859375 Y0.3515625
G1 X66.357421875 Y0.3515625
G1 X66.4453125 Y0.263671875
G1 X66.533203125 Y0.263671875
G1 X66.62109375 Y0.3515625
G1 X66.708984375 Y0.3515625
G1 X66.796875 Y0.263671875
G1 X66.884765625 Y0.3515625
G1 X67.67578125 Y0.3515625
G1 X67.763671875 Y0.439453125
G1 X67.8515625 Y0.3515625
G1 X67.939453125 Y0.3515625
G1 X68.02734375 Y0.439453125
G1 X68.115234375 Y0.439453125
G1 X68.203125 Y0.3515625
G1 X68.291015625 Y0.3515625
G1 X68.37890625 Y0.439453125
G1 X68.5546875 Y0.439453125
G1 X68.642578125 Y0.52734375
G1 X68.5546875 Y0.615234375
G1 X68.466796875 Y0.615234375
G1 X68.37890625 Y0.703125
G1 X68.291015625 Y0.703125
G1 X68.203125 Y0.615234375
G1 X68.115234375 Y0.703125
G1 X68.203125 Y0.615234375
G1 X68.291015625 Y0.703125
G1 X68.466796875 Y0.703125
G1 X68.642578125 Y0.52734375
G1 X68.73046875 Y0.615234375
G1 X68.73046875 Y0.439453125
G1 X68.818359375 Y0.3515625
G1 X68.90625 Y0.3515625
G1 X68.994140625 Y0.439453125
G1 X68.994140625 Y0.52734375
G1 X68.90625 Y0.615234375
G1 X68.994140625 Y0.52734375
G1 X69.169921875 Y0.703125
G1 X69.08203125 Y0.791015625
G1 X68.642578125 Y0.791015625
G1 X68.642578125 Y0.87890625
G1 X68.73046875 Y0.791015625
G1 X68.90625 Y0.791015625
G1 X68.994140625 Y0.87890625
G1 X69.08203125 Y0.791015625
G1 X69.43359375 Y0.791015625
G1 X69.609375 Y0.966796875
G1 X69.609375 Y1.0546875
G1 X69.697265625 Y0.966796875
G1 X70.048828125 Y0.966796875
G1 X70.048828125 Y0.87890625
G1 X69.9609375 Y0.966796875
G1 X69.609375 Y0.966796875
G1 X69.521484375 Y0.87890625
G1 X69.609375 Y0.791015625
G1 X69.697265625 Y0.791015625
G1 X69.697265625 Y0.703125
G1 X69.78515625 Y0.615234375
G1 X69.873046875 Y0.703125
G1 X69.9609375 Y0.703125
G1 X70.048828125 Y0.615234375
G1 X70.224609375 Y0.791015625
G1 X70.224609375 Y0.87890625
G1 X70.3125 Y0.87890625
G1 X70.13671875 Y0.703125
G1 X70.224609375 Y0.615234375
G1 X70.400390625 Y0.615234375
G1 X70.48828125 Y0.52734375
G1 X70.576171875 Y0.615234375
G1 X70.576171875 Y0.703125
G1 X70.751953125 Y0.87890625
G1 X71.015625 Y0.87890625
G1 X71.015625 Y0.791015625
G1 X70.927734375 Y0.87890625
G1 X70.83984375 Y0.87890625
G1 X70.751953125 Y0.791015625
G1 X70.6640625 Y0.791015625
G1 X70.576171875 Y0.703125
G1 X70.6640625 Y0.615234375
G1 X71.54296875 Y0.615234375
G1 X71.630859375 Y0.703125
G1 X71.54296875 Y0.791015625
G1 X71.455078125 Y0.791015625
G1 X71.455078125 Y0.87890625
G1 X71.54296875 Y0.87890625
G1 X71.54296875 Y0.791015625
G1 X71.630859375 Y0.703125
G1 X71.71875 Y0.791015625
G1 X71.71875 Y0.87890625
G1 X71.89453125 Y0.87890625
G1 X71.982421875 Y0.966796875
G1 X71.89453125 Y1.0546875
G1 X71.3671875 Y1.0546875
G1 X71.279296875 Y1.142578125
G1 X71.19140625 Y1.142578125
G1 X71.103515625 Y1.0546875
G1 X71.015625 Y1.0546875
G1 X70.927734375 Y1.142578125
G1 X70.83984375 Y1.0546875
G1 X70.751953125 Y1.142578125
G1 X70.6640625 Y1.0546875
G1 X70.576171875 Y1.0546875
G1 X70.576171875 Y1.142578125
G1 X70.48828125 Y1.23046875
G1 X70.400390625 Y1.142578125
G1 X70.3125 Y1.142578125
G1 X70.224609375 Y1.0546875
G1 X70.048828125 Y1.23046875
G1 X69.873046875 Y1.23046875
G1 X69.873046875 Y1.318359375
G1 X69.78515625 Y1.40625
G1 X69.609375 Y1.23046875
G1 X69.521484375 Y1.23046875
G1 X69.521484375 Y1.318359375
G1 X69.43359375 Y1.40625
G1 X69.345703125 Y1.40625
G1 X69.2578125 Y1.318359375
G1 X68.994140625 Y1.318359375
G1 X68.994140625 Y1.40625
G1 X69.08203125 Y1.40625
G1 X69.169921875 Y1.318359375
G1 X69.2578125 Y1.40625
G1 X69.43359375 Y1.40625
G1 X69.521484375 Y1.318359375
G1 X69.697265625 Y1.318359375
G1 X69.78515625 Y1.40625
G1 X69.9609375 Y1.23046875
G1 X70.048828125 Y1.23046875
G1 X70.13671875 Y1.318359375
G1 X70.224609375 Y1.318359375
G1 X70.3125 Y1.23046875
G1 X70.400390625 Y1.318359375
G1 X70.48828125 Y1.23046875
G1 X70.6640625 Y1.23046875
G1 X70.751953125 Y1.318359375
G1 X70.83984375 Y1.23046875
G1 X71.015625 Y1.23046875
G1 X71.103515625 Y1.142578125
G1 X71.19140625 Y1.23046875
G1 X71.279296875 Y1.23046875
G1 X71.3671875 Y1.142578125
G1 X71.455078125 Y1.142578125
G1 X71.54296875 Y1.23046875
G1 X71.54296875 Y1.318359375
G1 X71.455078125 Y1.40625
G1 X71.3671875 Y1.40625
G1 X71.279296875 Y1.494140625
G1 X71.3671875 Y1.494140625
G1 X71.54296875 Y1.318359375
G1 X71.630859375 Y1.40625
G1 X71.630859375 Y1.494140625
G1 X71.455078125 Y1.669921875
G1 X71.3671875 Y1.669921875
G1 X71.3671875 Y1.7578125
G1 X71.19140625 Y1.93359375
G1 X72.158203125 Y1.93359375
G1 X71.3671875 Y1.93359375
G1 X71.279296875 Y1.845703125
G1 X71.455078125 Y1.669921875
G1 X71.54296875 Y1.669921875
G1 X71.630859375 Y1.7578125
G1 X71.71875 Y1.669921875
G1 X71.806640625 Y1.7578125
G1 X71.89453125 Y1.669921875
G1 X71.982421875 Y1.669921875
G1 X71.982421875 Y1.58203125
G1 X72.0703125 Y1.494140625
G1 X72.158203125 Y1.494140625
G1 X72.24609375 Y1.40625
G1 X72.333984375 Y1.40625
G1 X72.421875 Y1.318359375
G1 X72.421875 Y1.23046875
G1 X72.509765625 Y1.142578125
G1 X72.59765625 Y1.23046875
G1 X72.94921875 Y1.23046875
G1 X73.037109375 Y1.318359375
G1 X73.037109375 Y1.494140625
G1 X72.94921875 Y1.58203125
G1 X72.861328125 Y1.58203125
G1 X72.7734375 Y1.494140625
G1 X72.685546875 Y1.58203125
G1 X72.59765625 Y1.494140625
G1 X72.59765625 Y1.40625
G1 X72.421875 Y1.58203125
G1 X72.333984375 Y1.58203125
G1 X72.24609375 Y1.669921875
G1 X72.158203125 Y1.669921875
G1 X72.24609375 Y1.669921875
G1 X72.333984375 Y1.58203125
G1 X72.421875 Y1.669921875
G1 X72.509765625 Y1.669921875
G1 X72.421875 Y1.58203125
G1 X72.509765625 Y1.494140625
G1 X72.59765625 Y1.494140625
G1 X72.685546875 Y1.58203125
G1 X72.685546875 Y1.669921875
G1 X72.685546875 Y1.58203125
G1 X72.7734375 Y1.494140625
G1 X72.861328125 Y1.58203125
G1 X72.861328125 Y1.669921875
G1 X72.94921875 Y1.669921875
G1 X72.94921875 Y1.58203125
G1 X73.125 Y1.40625
G1 X73.037109375 Y1.318359375
G1 X73.037109375 Y1.23046875
G1 X73.125 Y1.142578125
G1 X73.212890625 Y1.23046875
G1 X73.4765625 Y1.23046875
G1 X73.65234375 Y1.40625
G1 X73.564453125 Y1.494140625
G1 X73.4765625 Y1.494140625
G1 X73.65234375 Y1.494140625
G1 X73.65234375 Y1.40625
G1 X73.4765625 Y1.23046875
G1 X73.564453125 Y1.142578125
G1 X73.65234375 Y1.142578125
G1 X73.828125 Y1.318359375
G1 X73.740234375 Y1.23046875
G1 X73.828125 Y1.142578125
G1 X73.916015625 Y1.142578125
G1 X74.091796875 Y1.318359375
G1 X73.916015625 Y1.494140625
G1 X74.00390625 Y1.40625
G1 X74.091796875 Y1.40625
G1 X74.1796875 Y1.494140625
G1 X74.53125 Y1.142578125
G1 X74.619140625 Y1.142578125
G1 X74.70703125 Y1.23046875
G1 X74.35546875 Y1.58203125
G1 X74.35546875 Y1.669921875
G1 X74.267578125 Y1.7578125
G1 X74.1796875 Y1.669921875
G1 X73.916015625 Y1.669921875
G1 X74.1796875 Y1.669921875
G1 X74.267578125 Y1.7578125
G1 X74.35546875 Y1.669921875
G1 X74.35546875 Y1.58203125
G1 X74.443359375 Y1.494140625
G1 X74.53125 Y1.494140625
G1 X74.53125 Y1.40625
G1 X74.619140625 Y1.318359375
G1 X74.70703125 Y1.318359375
G1 X74.8828125 Y1.494140625
G1 X74.794921875 Y1.58203125
G1 X74.70703125 Y1.58203125
G1 X74.619140625 Y1.669921875
G1 X74.53125 Y1.669921875
G1 X74.619140625 Y1.669921875
G1 X74.70703125 Y1.58203125
G1 X74.794921875 Y1.669921875
G1 X74.8828125 Y1.669921875
G1 X74.794921875 Y1.58203125
G1 X74.8828125 Y1.494140625
G1 X74.8828125 Y1.40625
G1 X74.794921875 Y1.40625
G1 X74.70703125 Y1.318359375
G1 X74.70703125 Y1.23046875
G1 X74.794921875 Y1.142578125
G1 X74.8828125 Y1.23046875
G1 X74.970703125 Y1.23046875
G1 X75.05859375 Y1.142578125
G1 X75.234375 Y1.318359375
G1 X75.146484375 Y1.40625
G1 X75.146484375 Y1.494140625
G1 X75.05859375 Y1.58203125
G1 X75.05859375 Y1.669921875
G1 X75.05859375 Y1.58203125
G1 X75.146484375 Y1.494140625
G1 X75.146484375 Y1.40625
G1 X75.234375 Y1.318359375
G1 X75.322265625 Y1.318359375
G1 X75.41015625 Y1.40625
G1 X75.41015625 Y1.494140625
G1 X75.322265625 Y1.58203125
G1 X75.41015625 Y1.494140625
G1 X75.498046875 Y1.494140625
G1 X75.5859375 Y1.58203125
G1 X75.673828125 Y1.58203125
G1 X75.76171875 Y1.669921875
G1 X75.849609375 Y1.58203125
G1 X75.9375 Y1.58203125
G1 X75.9375 Y1.494140625
G1 X76.11328125 Y1.318359375
G1 X76.201171875 Y1.318359375
G1 X76.2890625 Y1.40625
G1 X76.2890625 Y1.494140625
G1 X76.11328125 Y1.669921875
G1 X76.11328125 Y1.7578125
G1 X76.11328125 Y1.669921875
G1 X76.2890625 Y1.494140625
G1 X76.376953125 Y1.494140625
G1 X76.552734375 Y1.318359375
G1 X76.640625 Y1.40625
G1 X76.640625 Y1.494140625
G1 X76.46484375 Y1.669921875
G1 X76.376953125 Y1.669921875
G1 X76.376953125 Y1.7578125
G1 X76.46484375 Y1.7578125
G1 X76.552734375 Y1.669921875
G1 X76.552734375 Y1.58203125
G1 X76.640625 Y1.494140625
G1 X76.640625 Y1.40625
G1 X76.552734375 Y1.318359375
G1 X76.46484375 Y1.318359375
G1 X76.376953125 Y1.23046875
G1 X76.46484375 Y1.142578125
G1 X76.640625 Y1.142578125
G1 X76.904296875 Y1.40625
G1 X76.81640625 Y1.494140625
G1 X76.81640625 Y1.58203125
G1 X76.728515625 Y1.669921875
G1 X76.728515625 Y1.7578125
G1 X76.728515625 Y1.669921875
G1 X76.81640625 Y1.58203125
G1 X76.81640625 Y1.494140625
G1 X76.904296875 Y1.40625
G1 X76.9921875 Y1.494140625
G1 X76.9921875 Y1.40625
G1 X77.080078125 Y1.318359375
G1 X77.16796875 Y1.40625
G1 X77.16796875 Y1.58203125
G1 X77.080078125 Y1.669921875
G1 X76.9921875 Y1.669921875
G1 X77.080078125 Y1.669921875
G1 X77.16796875 Y1.7578125
G1 X77.16796875 Y1.845703125
G1 X77.080078125 Y1.93359375
G1 X77.16796875 Y1.845703125
G1 X77.16796875 Y1.7578125
G1 X77.080078125 Y1.669921875
G1 X77.255859375 Y1.494140625
G1 X77.255859375 Y1.40625
G1 X77.34375 Y1.318359375
G1 X77.431640625 Y1.40625
G1 X77.431640625 Y1.58203125
G1 X77.34375 Y1.669921875
G1 X77.34375 Y1.7578125
G1 X77.34375 Y1.669921875
G1 X77.431640625 Y1.58203125
G1 X77.51953125 Y1.58203125
G1 X77.607421875 Y1.494140625
G1 X77.6953125 Y1.494140625
G1 X77.783203125 Y1.58203125
G1 X77.87109375 Y1.494140625
G1 X77.87109375 Y1.40625
G1 X77.958984375 Y1.318359375
G1 X78.046875 Y1.318359375
G1 X78.134765625 Y1.40625
G1 X78.046875 Y1.494140625
G1 X78.22265625 Y1.494140625
G1 X78.310546875 Y1.58203125
G1 X78.134765625 Y1.7578125
G1 X78.046875 Y1.669921875
G1 X77.958984375 Y1.669921875
G1 X77.87109375 Y1.7578125
G1 X77.958984375 Y1.7578125
G1 X78.046875 Y1.669921875
G1 X78.134765625 Y1.7578125
G1 X78.134765625 Y1.845703125
G1 X78.134765625 Y1.7578125
G1 X78.22265625 Y1.669921875
G1 X78.3984375 Y1.669921875
G1 X78.57421875 Y1.845703125
G1 X78.57421875 Y1.93359375
G1 X78.662109375 Y1.93359375
G1 X78.75 Y2.021484375
G1 X78.75 Y1.93359375
G1 X78.662109375 Y1.845703125
G1 X78.57421875 Y1.845703125
G1 X78.486328125 Y1.7578125
G1 X78.662109375 Y1.58203125
G1 X78.75 Y1.669921875
G1 X78.837890625 Y1.669921875
G1 X78.837890625 Y1.58203125
G1 X78.92578125 Y1.494140625
G1 X79.1015625 Y1.494140625
G1 X79.189453125 Y1.58203125
G1 X79.1015625 Y1.669921875
G1 X79.189453125 Y1.669921875
G1 X79.27734375 Y1.7578125
G1 X79.27734375 Y1.845703125
G1 X79.189453125 Y1.93359375
G1 X79.1015625 Y1.93359375
G1 X79.013671875 Y1.845703125
G1 X78.92578125 Y1.845703125
G1 X79.013671875 Y1.845703125
G1 X79.1015625 Y1.93359375
G1 X79.1015625 Y2.109375
G1 X79.27734375 Y2.28515625
G1 X79.365234375 Y2.197265625
G1 X79.189453125 Y2.197265625
G1 X79.1015625 Y2.109375
G1 X79.189453125 Y2.021484375
G1 X79.189453125 Y1.93359375
G1 X79.27734375 Y1.845703125
G1 X79.365234375 Y1.93359375
G1 X79.365234375 Y2.021484375
G1 X79.541015625 Y2.021484375
G1 X79.62890625 Y2.109375
G1 X79.62890625 Y2.197265625
G1 X79.8046875 Y2.197265625
G1 X79.716796875 Y2.197265625
G1 X79.62890625 Y2.109375
G1 X79.62890625 Y2.021484375
G1 X79.716796875 Y1.93359375
G1 X79.8046875 Y1.93359375
G1 X80.068359375 Y2.197265625
G1 X80.068359375 Y2.28515625
G1 X79.98046875 Y2.373046875
G1 X79.8046875 Y2.373046875
G1 X79.892578125 Y2.373046875
G1 X79.98046875 Y2.4609375
G1 X79.98046875 Y2.548828125
G1 X80.068359375 Y2.548828125
G1 X80.15625 Y2.63671875
G1 X80.15625 Y2.724609375
G1 X79.98046875 Y2.900390625
G1 X79.98046875 Y2.98828125
G1 X80.068359375 Y2.900390625
G1 X80.068359375 Y2.8125
G1 X80.15625 Y2.724609375
G1 X80.244140625 Y2.724609375
G1 X80.33203125 Y2.8125
G1 X80.33203125 Y2.900390625
G1 X80.33203125 Y2.8125
G1 X80.15625 Y2.63671875
G1 X80.15625 Y2.548828125
G1 X80.068359375 Y2.548828125
G1 X79.98046875 Y2.4609375
G1 X79.98046875 Y2.373046875
G1 X80.068359375 Y2.28515625
G1 X80.15625 Y2.28515625
G1 X80.15625 Y2.197265625
G1 X80.068359375 Y2.197265625
G1 X79.98046875 Y2.109375
G1 X79.98046875 Y2.021484375
G1 X80.068359375 Y1.93359375
G1 X80.15625 Y1.93359375
G1 X80.33203125 Y2.109375
G1 X80.5078125 Y1.93359375
G1 X80.595703125 Y1.93359375
G1 X80.947265625 Y2.28515625
G1 X80.947265625 Y2.373046875
G1 X81.03515625 Y2.373046875
G1 X81.123046875 Y2.4609375
G1 X81.03515625 Y2.548828125
G1 X81.123046875 Y2.548828125
G1 X81.2109375 Y2.63671875
G1 X81.298828125 Y2.63671875
G1 X81.474609375 Y2.8125
G1 X81.5625 Y2.724609375
G1 X81.73828125 Y2.724609375
G1 X81.826171875 Y2.63671875
G1 X81.9140625 Y2.63671875
G1 X82.08984375 Y2.8125
G1 X82.08984375 Y2.724609375
G1 X82.177734375 Y2.63671875
G1 X82.265625 Y2.63671875
G1 X82.353515625 Y2.548828125
G1 X82.353515625 Y2.4609375
G1 X82.44140625 Y2.373046875
G1 X82.529296875 Y2.4609375
G1 X82.6171875 Y2.4609375
G1 X82.705078125 Y2.548828125
G1 X82.79296875 Y2.548828125
G1 X82.880859375 Y2.4609375
G1 X82.96875 Y2.4609375
G1 X83.056640625 Y2.548828125
G1 X83.056640625 Y2.63671875
G1 X83.14453125 Y2.63671875
G1 X83.232421875 Y2.724609375
G1 X83.232421875 Y2.900390625
G1 X83.3203125 Y2.8125
G1 X83.49609375 Y2.8125
G1 X83.583984375 Y2.724609375
G1 X83.671875 Y2.724609375
G1 X83.759765625 Y2.8125
G1 X83.671875 Y2.900390625
G1 X83.84765625 Y2.900390625
G1 X83.935546875 Y2.98828125
G1 X83.759765625 Y3.1640625
G1 X83.759765625 Y3.251953125
G1 X83.583984375 Y3.427734375
G1 X83.49609375 Y3.427734375
G1 X83.408203125 Y3.33984375
G1 X83.671875 Y3.603515625
G1 X83.671875 Y3.69140625
G1 X83.759765625 Y3.779296875
G1 X83.84765625 Y3.779296875
G1 X83.935546875 Y3.8671875
G1 X83.935546875 Y3.955078125
G1 X84.0234375 Y4.04296875
G1 X84.0234375 Y4.130859375
G1 X83.84765625 Y4.306640625
G1 X83.84765625 Y4.39453125
G1 X83.935546875 Y4.306640625
G1 X84.0234375 Y4.306640625
G1 X84.111328125 Y4.39453125
G1 X84.0234375 Y4.482421875
G1 X84.111328125 Y4.482421875
G1 X84.19921875 Y4.5703125
G1 X84.19921875 Y4.658203125
G1 X84.287109375 Y4.5703125
G1 X84.375 Y4.658203125
G1 X84.375 Y4.74609375
G1 X84.111328125 Y5.009765625
G1 X84.19921875 Y5.009765625
G1 X84.19921875 Y4.921875
G1 X84.287109375 Y4.833984375
G1 X84.462890625 Y4.833984375
G1 X84.462890625 Y4.74609375
G1 X84.55078125 Y4.658203125
G1 X84.638671875 Y4.658203125
G1 X84.7265625 Y4.74609375
G1 X84.814453125 Y4.658203125
G1 X84.990234375 Y4.658203125
G1 X85.078125 Y4.74609375
G1 X84.990234375 Y4.833984375
G1 X84.90234375 Y4.833984375
G1 X84.90234375 Y4.921875
G1 X84.990234375 Y4.833984375
G1 X85.166015625 Y4.833984375
G1 X85.25390625 Y4.921875
G1 X85.25390625 Y5.009765625
G1 X85.166015625 Y5.09765625
G1 X84.990234375 Y5.09765625
G1 X85.078125 Y5.09765625
G1 X85.25390625 Y5.2734375
G1 X85.25390625 Y5.361328125
G1 X85.166015625 Y5.44921875
G1 X85.25390625 Y5.361328125
G1 X85.341796875 Y5.361328125
G1 X85.60546875 Y5.625
G1 X85.517578125 Y5.712890625
G1 X85.517578125 Y5.80078125
G1 X85.60546875 Y5.712890625
G1 X85.60546875 Y5.625
G1 X85.693359375 Y5.537109375
G1 X85.78125 Y5.537109375
G1 X85.869140625 Y5.625
G1 X85.78125 Y5.537109375
G1 X85.60546875 Y5.537109375
G1 X85.517578125 Y5.44921875
G1 X85.4296875 Y5.44921875
G1 X85.341796875 Y5.361328125
G1 X85.341796875 Y5.2734375
G1 X85.4296875 Y5.185546875
G1 X85.517578125 Y5.185546875
G1 X85.60546875 Y5.2734375
G1 X85.4296875 Y5.09765625
G1 X85.517578125 Y5.009765625
G1 X85.60546875 Y5.009765625
G1 X85.693359375 Y5.09765625
G1 X85.78125 Y5.09765625
G1 X85.869140625 Y5.009765625
G1 X85.693359375 Y4.833984375
G1 X85.693359375 Y4.74609375
G1 X85.78125 Y4.658203125
G1 X85.78125 Y4.5703125
G1 X85.869140625 Y4.482421875
G1 X85.95703125 Y4.482421875
G1 X86.1328125 Y4.658203125
G1 X86.044921875 Y4.74609375
G1 X85.95703125 Y4.74609375
G1 X85.95703125 Y4.833984375
G1 X86.044921875 Y4.921875
G1 X86.044921875 Y5.009765625
G1 X86.1328125 Y5.09765625
G1 X86.044921875 Y5.185546875
G1 X85.95703125 Y5.185546875
G1 X85.869140625 Y5.2734375
G1 X85.869140625 Y5.361328125
G1 X85.869140625 Y5.2734375
G1 X85.95703125 Y5.185546875
G1 X86.1328125 Y5.361328125
G1 X86.044921875 Y5.44921875
G1 X86.044921875 Y5.537109375
G1 X86.220703125 Y5.537109375
G1 X86.1328125 Y5.44921875
G1 X86.220703125 Y5.361328125
G1 X86.220703125 Y5.2734375
G1 X86.1328125 Y5.185546875
G1 X86.220703125 Y5.09765625
G1 X86.220703125 Y5.009765625
G1 X86.1328125 Y4.921875
G1 X86.220703125 Y4.833984375
G1 X86.1328125 Y4.74609375
G1 X86.1328125 Y4.658203125
G1 X86.220703125 Y4.5703125
G1 X86.220703125 Y4.482421875
G1 X86.1328125 Y4.39453125
G1 X86.30859375 Y4.21875
G1 X86.396484375 Y4.21875
G1 X86.484375 Y4.306640625
G1 X86.572265625 Y4.306640625
G1 X86.748046875 Y4.482421875
G1 X86.66015625 Y4.5703125
G1 X86.572265625 Y4.5703125
G1 X86.8359375 Y4.833984375
G1 X86.748046875 Y4.921875
G1 X86.66015625 Y4.921875
G1 X86.572265625 Y4.833984375
G1 X86.8359375 Y5.09765625
G1 X86.66015625 Y5.2734375
G1 X86.748046875 Y5.2734375
G1 X86.8359375 Y5.361328125
G1 X86.8359375 Y5.44921875
G1 X86.748046875 Y5.537109375
G1 X86.66015625 Y5.44921875
G1 X86.748046875 Y5.537109375
G1 X86.66015625 Y5.625
G1 X86.484375 Y5.625
G1 X86.396484375 Y5.537109375
G1 X86.484375 Y5.625
G1 X86.748046875 Y5.625
G1 X86.923828125 Y5.80078125
G1 X87.01171875 Y5.80078125
G1 X87.099609375 Y5.888671875
G1 X87.01171875 Y5.9765625
G1 X86.8359375 Y5.9765625
G1 X86.66015625 Y5.80078125
G1 X86.8359375 Y5.9765625
G1 X86.8359375 Y6.064453125
G1 X86.748046875 Y6.15234375
G1 X86.748046875 Y6.240234375
G1 X86.8359375 Y6.240234375
G1 X86.923828125 Y6.328125
G1 X86.8359375 Y6.416015625
G1 X86.8359375 Y6.591796875
G1 X86.748046875 Y6.6796875
G1 X86.8359375 Y6.591796875
G1 X86.923828125 Y6.591796875
G1 X87.01171875 Y6.6796875
G1 X86.923828125 Y6.767578125
G1 X86.923828125 Y6.85546875
G1 X86.923828125 Y6.767578125
G1 X87.01171875 Y6.6796875
G1 X87.099609375 Y6.6796875
G1 X87.1875 Y6.767578125
G1 X87.099609375 Y6.85546875
G1 X87.099609375 Y6.943359375
G1 X86.923828125 Y7.119140625
G1 X86.8359375 Y7.119140625
G1 X86.748046875 Y7.03125
G1 X87.01171875 Y7.294921875
G1 X87.01171875 Y7.3828125
G1 X87.099609375 Y7.3828125
G1 X87.1875 Y7.470703125
G1 X87.1875 Y7.55859375
G1 X87.099609375 Y7.646484375
G1 X87.01171875 Y7.646484375
G1 X86.748046875 Y7.3828125
G1 X87.01171875 Y7.646484375
G1 X86.923828125 Y7.734375
G1 X86.923828125 Y7.822265625
G1 X87.01171875 Y7.822265625
G1 X87.099609375 Y7.91015625
G1 X87.099609375 Y7.998046875
G1 X87.1875 Y8.0859375
G1 X87.1875 Y8.173828125
G1 X87.099609375 Y8.26171875
G1 X87.1875 Y8.173828125
G1 X87.275390625 Y8.173828125
G1 X87.36328125 Y8.26171875
G1 X87.36328125 Y8.349609375
G1 X87.275390625 Y8.4375
G1 X87.1875 Y8.4375
G1 X87.275390625 Y8.525390625
G1 X87.099609375 Y8.701171875
G1 X87.01171875 Y8.701171875
G1 X86.923828125 Y8.61328125
G1 X87.01171875 Y8.701171875
G1 X87.01171875 Y8.7890625
G1 X86.923828125 Y8.876953125
G1 X87.01171875 Y8.7890625
G1 X87.099609375 Y8.7890625
G1 X87.1875 Y8.876953125
G1 X87.1875 Y8.96484375
G1 X87.099609375 Y9.052734375
G1 X87.01171875 Y9.052734375
G1 X87.01171875 Y9.140625
G1 X87.451171875 Y9.580078125
G1 X87.451171875 Y9.66796875
G1 X87.36328125 Y9.755859375
G1 X87.275390625 Y9.755859375
G1 X87.1875 Y9.84375
G1 X87.36328125 Y9.84375
G1 X87.5390625 Y10.01953125
G1 X87.626953125 Y10.01953125
G1 X87.71484375 Y9.931640625
G1 X87.802734375 Y9.931640625
G1 X87.890625 Y10.01953125
G1 X87.978515625 Y10.01953125
G1 X88.06640625 Y10.107421875
G1 X88.06640625 Y10.1953125
G1 X88.154296875 Y10.1953125
G1 X88.2421875 Y10.283203125
G1 X88.2421875 Y10.37109375
G1 X88.41796875 Y10.546875
G1 X88.505859375 Y10.546875
G1 X88.59375 Y10.634765625
G1 X88.59375 Y10.810546875
G1 X88.505859375 Y10.8984375
G1 X88.06640625 Y10.458984375
G1 X88.06640625 Y10.37109375
G1 X87.890625 Y10.37109375
G1 X87.802734375 Y10.458984375
G1 X87.802734375 Y10.546875
G1 X87.890625 Y10.546875
G1 X87.890625 Y10.458984375
G1 X87.978515625 Y10.37109375
G1 X88.154296875 Y10.546875
G1 X87.890625 Y10.810546875
G1 X87.802734375 Y10.72265625
G1 X87.71484375 Y10.72265625
G1 X87.71484375 Y10.810546875
G1 X87.5390625 Y10.986328125
G1 X87.626953125 Y10.986328125
G1 X87.802734375 Y11.162109375
G1 X87.71484375 Y11.25
G1 X87.626953125 Y11.25
G1 X87.626953125 Y11.337890625
G1 X87.5390625 Y11.42578125
G1 X87.5390625 Y11.513671875
G1 X87.451171875 Y11.6015625
G1 X87.36328125 Y11.6015625
G1 X87.451171875 Y11.6015625
G1 X87.5390625 Y11.513671875
G1 X87.5390625 Y11.42578125
G1 X87.626953125 Y11.337890625
G1 X87.71484375 Y11.337890625
G1 X87.71484375 Y11.25
G1 X87.802734375 Y11.162109375
G1 X87.890625 Y11.162109375
G1 X87.890625 Y11.07421875
G1 X87.978515625 Y10.986328125
G1 X88.06640625 Y10.986328125
G1 X88.06640625 Y10.8984375
G1 X87.978515625 Y10.810546875
G1 X87.978515625 Y10.72265625
G1 X88.06640625 Y10.634765625
G1 X88.154296875 Y10.634765625
G1 X88.2421875 Y10.72265625
G1 X88.2421875 Y10.810546875
G1 X88.330078125 Y10.810546875
G1 X88.41796875 Y10.8984375
G1 X88.505859375 Y10.8984375
G1 X88.59375 Y10.986328125
G1 X88.59375 Y11.07421875
G1 X88.505859375 Y11.162109375
G1 X88.41796875 Y11.162109375
G1 X88.330078125 Y11.07421875
G1 X88.2421875 Y11.07421875
G1 X88.154296875 Y11.162109375
G1 X88.154296875 Y11.25
G1 X88.06640625 Y11.337890625
G1 X87.978515625 Y11.337890625
G1 X88.06640625 Y11.42578125
G1 X88.06640625 Y11.513671875
G1 X87.978515625 Y11.6015625
G1 X87.890625 Y11.513671875
G1 X87.802734375 Y11.513671875
G1 X87.890625 Y11.6015625
G1 X87.890625 Y11.689453125
G1 X87.802734375 Y11.77734375
G1 X87.71484375 Y11.689453125
G1 X87.626953125 Y11.77734375
G1 X87.5390625 Y11.77734375
G1 X87.71484375 Y11.77734375
G1 X87.802734375 Y11.865234375
G1 X87.890625 Y11.865234375
G1 X87.802734375 Y11.77734375
G1 X87.890625 Y11.689453125
G1 X87.978515625 Y11.689453125
G1 X88.154296875 Y11.865234375
G1 X88.06640625 Y11.953125
G1 X88.06640625 Y12.041015625
G1 X87.978515625 Y12.12890625
G1 X87.890625 Y12.12890625
G1 X87.802734375 Y12.041015625
G1 X87.890625 Y12.12890625
G1 X87.978515625 Y12.12890625
G1 X88.06640625 Y12.041015625
G1 X88.154296875 Y12.041015625
G1 X88.2421875 Y12.12890625
G1 X88.2421875 Y12.216796875
G1 X88.154296875 Y12.3046875
G1 X88.06640625 Y12.3046875
G1 X88.06640625 Y12.392578125
G1 X87.890625 Y12.568359375
G1 X87.890625 Y12.65625
G1 X87.978515625 Y12.65625
G1 X88.06640625 Y12.744140625
G1 X88.06640625 Y12.65625
G1 X87.978515625 Y12.65625
G1 X87.890625 Y12.568359375
G1 X88.06640625 Y12.392578125
G1 X88.154296875 Y12.392578125
G1 X88.2421875 Y12.48046875
G1 X88.2421875 Y12.568359375
G1 X88.41796875 Y12.744140625
G1 X88.505859375 Y12.744140625
G1 X88.59375 Y12.83203125
G1 X88.59375 Y12.919921875
G1 X88.505859375 Y13.0078125
G1 X88.41796875 Y13.0078125
G1 X88.2421875 Y12.83203125
G1 X88.06640625 Y13.0078125
G1 X87.978515625 Y13.0078125
G1 X87.802734375 Y13.18359375
G1 X87.890625 Y13.095703125
G1 X87.978515625 Y13.095703125
G1 X88.154296875 Y12.919921875
G1 X88.330078125 Y12.919921875
G1 X88.41796875 Y13.0078125
G1 X88.330078125 Y13.095703125
G1 X88.330078125 Y13.18359375
G1 X88.2421875 Y13.271484375
G1 X88.154296875 Y13.18359375
G1 X87.978515625 Y13.359375
G1 X87.890625 Y13.359375
G1 X87.978515625 Y13.447265625
G1 X87.978515625 Y13.359375
G1 X88.06640625 Y13.271484375
G1 X88.154296875 Y13.271484375
G1 X88.41796875 Y13.53515625
G1 X88.330078125 Y13.623046875
G1 X88.2421875 Y13.623046875
G1 X88.2421875 Y13.798828125
G1 X88.154296875 Y13.88671875
G1 X88.06640625 Y13.88671875
G1 X87.978515625 Y13.798828125
G1 X87.978515625 Y13.7109375
G1 X88.06640625 Y13.623046875
G1 X87.978515625 Y13.7109375
G1 X87.890625 Y13.7109375
G1 X87.802734375 Y13.623046875
G1 X87.71484375 Y13.623046875
G1 X87.71484375 Y13.7109375
G1 X87.890625 Y13.7109375
G1 X88.06640625 Y13.88671875
G1 X88.06640625 Y13.974609375
G1 X87.890625 Y14.150390625
G1 X87.802734375 Y14.0625
G1 X87.802734375 Y13.974609375
G1 X87.802734375 Y14.0625
G1 X87.890625 Y14.150390625
G1 X87.978515625 Y14.150390625
G1 X87.978515625 Y14.0625
G1 X88.06640625 Y13.974609375
G1 X88.154296875 Y13.974609375
G1 X88.154296875 Y13.88671875
G1 X88.2421875 Y13.798828125
G1 X88.330078125 Y13.798828125
G1 X88.505859375 Y13.974609375
G1 X88.41796875 Y14.0625
G1 X88.330078125 Y14.0625
G1 X88.2421875 Y14.150390625
G1 X88.2421875 Y14.23828125
G1 X88.41796875 Y14.4140625
G1 X88.2421875 Y14.58984375
G1 X88.2421875 Y14.677734375
G1 X88.154296875 Y14.765625
G1 X88.06640625 Y14.765625
G1 X87.978515625 Y14.677734375
G1 X87.802734375 Y14.677734375
G1 X87.978515625 Y14.677734375
G1 X88.06640625 Y14.765625
G1 X88.06640625 Y14.853515625
G1 X87.978515625 Y14.94140625
G1 X87.71484375 Y14.94140625
G1 X87.890625 Y14.94140625
G1 X88.06640625 Y15.1171875
G1 X88.06640625 Y15.205078125
G1 X87.978515625 Y15.29296875
G1 X87.978515625 Y15.380859375
G1 X88.06640625 Y15.380859375
G1 X88.154296875 Y15.46875
G1 X88.2421875 Y15.46875
G1 X88.41796875 Y15.64453125
G1 X88.2421875 Y15.8203125
G1 X88.154296875 Y15.732421875
G1 X88.154296875 Y15.64453125
G1 X88.06640625 Y15.64453125
G1 X88.06640625 Y15.732421875
G1 X88.154296875 Y15.732421875
G1 X88.2421875 Y15.8203125
G1 X88.2421875 Y15.908203125
G1 X88.154296875 Y15.99609375
G1 X88.06640625 Y15.99609375
G1 X88.06640625 Y16.083984375
G1 X87.978515625 Y16.171875
G1 X87.890625 Y16.171875
G1 X87.802734375 Y16.083984375
G1 X87.802734375 Y15.99609375
G1 X87.71484375 Y15.99609375
G1 X87.71484375 Y16.083984375
G1 X87.802734375 Y16.083984375
G1 X87.978515625 Y16.259765625
G1 X87.978515625 Y16.171875
G1 X88.06640625 Y16.083984375
G1 X88.154296875 Y16.083984375
G1 X88.154296875 Y15.99609375
G1 X88.2421875 Y15.908203125
G1 X88.330078125 Y15.908203125
G1 X88.505859375 Y16.083984375
G1 X88.41796875 Y16.171875
G1 X88.330078125 Y16.171875
G1 X88.330078125 Y16.259765625
G1 X88.41796875 Y16.259765625
G1 X88.505859375 Y16.34765625
G1 X88.505859375 Y16.435546875
G1 X88.41796875 Y16.5234375
G1 X88.330078125 Y16.435546875
G1 X88.2421875 Y16.435546875
G1 X88.154296875 Y16.34765625
G1 X88.330078125 Y16.5234375
G1 X88.330078125 Y16.611328125
G1 X88.2421875 Y16.69921875
G1 X88.154296875 Y16.611328125
G1 X88.154296875 Y16.787109375
G1 X87.978515625 Y16.962890625
G1 X87.890625 Y16.962890625
G1 X88.154296875 Y16.962890625
G1 X88.2421875 Y17.05078125
G1 X88.06640625 Y17.2265625
G1 X88.2421875 Y17.2265625
G1 X88.154296875 Y17.138671875
G1 X88.2421875 Y17.05078125
G1 X88.330078125 Y17.05078125
G1 X88.41796875 Y17.138671875
G1 X88.41796875 Y17.2265625
G1 X88.59375 Y17.2265625
G1 X88.681640625 Y17.314453125
G1 X88.59375 Y17.40234375
G1 X88.154296875 Y17.40234375
G1 X88.06640625 Y17.490234375
G1 X87.978515625 Y17.490234375
G1 X87.890625 Y17.40234375
G1 X87.802734375 Y17.490234375
G1 X87.978515625 Y17.490234375
G1 X88.06640625 Y17.578125
G1 X88.06640625 Y17.666015625
G1 X87.890625 Y17.841796875
G1 X87.890625 Y17.9296875
G1 X87.71484375 Y18.10546875
G1 X87.802734375 Y18.10546875
G1 X87.802734375 Y18.017578125
G1 X87.890625 Y17.9296875
G1 X88.06640625 Y18.10546875
G1 X87.890625 Y18.28125
G1 X87.978515625 Y18.369140625
G1 X87.890625 Y18.45703125
G1 X87.978515625 Y18.544921875
G1 X87.978515625 Y18.6328125
G1 X87.890625 Y18.720703125
G1 X87.978515625 Y18.80859375
G1 X87.978515625 Y18.896484375
G1 X87.890625 Y18.984375
G1 X87.978515625 Y19.072265625
G1 X87.978515625 Y19.248046875
G1 X87.890625 Y19.3359375
G1 X87.978515625 Y19.423828125
G1 X87.978515625 Y19.51171875
G1 X87.890625 Y19.599609375
G1 X87.978515625 Y19.6875
G1 X87.978515625 Y19.775390625
G1 X87.890625 Y19.86328125
G1 X87.890625 Y19.951171875
G1 X87.978515625 Y19.951171875
G1 X88.06640625 Y20.0390625
G1 X87.978515625 Y20.126953125
G1 X87.802734375 Y20.126953125
G1 X87.890625 Y20.126953125
G1 X87.978515625 Y20.21484375
G1 X87.978515625 Y20.302734375
G1 X87.890625 Y20.390625
G1 X87.890625 Y20.478515625
G1 X87.978515625 Y20.56640625
G1 X87.978515625 Y20.654296875
G1 X87.890625 Y20.7421875
G1 X87.978515625 Y20.830078125
G1 X87.890625 Y20.91796875
G1 X87.802734375 Y20.91796875
G1 X87.802734375 Y21.005859375
G1 X87.890625 Y21.09375
G1 X87.890625 Y21.26953125
G1 X87.802734375 Y21.357421875
G1 X87.71484375 Y21.357421875
G1 X87.802734375 Y21.357421875
G1 X87.890625 Y21.4453125
G1 X87.890625 Y21.533203125
G1 X87.71484375 Y21.708984375
G1 X87.802734375 Y21.708984375
G1 X87.890625 Y21.62109375
G1 X87.978515625 Y21.62109375
G1 X88.06640625 Y21.708984375
G1 X87.802734375 Y21.97265625
G1 X87.802734375 Y22.060546875
G1 X87.626953125 Y22.236328125
G1 X87.36328125 Y22.236328125
G1 X87.275390625 Y22.1484375
G1 X87.1875 Y22.1484375
G1 X87.1875 Y22.236328125
G1 X87.36328125 Y22.236328125
G1 X87.5390625 Y22.412109375
G1 X87.36328125 Y22.587890625
G1 X87.275390625 Y22.5
G1 X87.275390625 Y22.412109375
G1 X87.1875 Y22.412109375
G1 X87.1875 Y22.5
G1 X87.275390625 Y22.5
G1 X87.36328125 Y22.587890625
G1 X87.451171875 Y22.587890625
G1 X87.451171875 Y22.5
G1 X87.5390625 Y22.412109375
G1 X87.5390625 Y22.32421875
G1 X87.626953125 Y22.236328125
G1 X87.802734375 Y22.236328125
G1 X87.890625 Y22.32421875
G1 X87.890625 Y22.412109375
G1 X87.802734375 Y22.5
G1 X87.71484375 Y22.5
G1 X87.802734375 Y22.587890625
G1 X87.71484375 Y22.67578125
G1 X87.626953125 Y22.67578125
G1 X87.451171875 Y22.8515625
G1 X87.275390625 Y22.8515625
G1 X87.1875 Y22.763671875
G1 X87.1875 Y22.67578125
G1 X86.923828125 Y22.67578125
G1 X86.8359375 Y22.587890625
G1 X86.8359375 Y22.5
G1 X86.923828125 Y22.412109375
G1 X87.01171875 Y22.412109375
G1 X87.01171875 Y22.32421875
G1 X86.923828125 Y22.32421875
G1 X86.923828125 Y22.412109375
G1 X86.8359375 Y22.5
G1 X86.66015625 Y22.5
G1 X86.748046875 Y22.5
G1 X87.01171875 Y22.763671875
G1 X86.923828125 Y22.8515625
G1 X86.8359375 Y22.8515625
G1 X86.8359375 Y22.939453125
G1 X86.748046875 Y23.02734375
G1 X86.66015625 Y23.02734375
G1 X86.66015625 Y23.115234375
G1 X86.748046875 Y23.115234375
G1 X86.748046875 Y23.02734375
G1 X87.01171875 Y22.763671875
G1 X87.1875 Y22.763671875
G1 X87.275390625 Y22.8515625
G1 X87.275390625 Y22.939453125
G1 X87.1875 Y23.02734375
G1 X87.099609375 Y22.939453125
G1 X86.923828125 Y23.115234375
G1 X86.923828125 Y23.203125
G1 X86.748046875 Y23.37890625
G1 X86.8359375 Y23.37890625
G1 X86.923828125 Y23.291015625
G1 X87.1875 Y23.291015625
G1 X87.275390625 Y23.203125
G1 X87.5390625 Y23.203125
G1 X87.626953125 Y23.291015625
G1 X87.626953125 Y23.466796875
G1 X87.5390625 Y23.5546875
G1 X87.451171875 Y23.466796875
G1 X87.451171875 Y23.37890625
G1 X87.36328125 Y23.37890625
G1 X87.275390625 Y23.466796875
G1 X87.1875 Y23.466796875
G1 X87.099609375 Y23.5546875
G1 X86.923828125 Y23.5546875
G1 X86.923828125 Y23.73046875
G1 X86.8359375 Y23.818359375
G1 X86.66015625 Y23.818359375
G1 X86.572265625 Y23.73046875
G1 X86.66015625 Y23.642578125
G1 X86.66015625 Y23.5546875
G1 X86.572265625 Y23.5546875
G1 X86.484375 Y23.642578125
G1 X86.30859375 Y23.642578125
G1 X86.220703125 Y23.5546875
G1 X86.30859375 Y23.466796875
G1 X86.396484375 Y23.466796875
G1 X86.484375 Y23.37890625
G1 X86.572265625 Y23.37890625
G1 X86.572265625 Y23.291015625
G1 X86.484375 Y23.291015625
G1 X86.396484375 Y23.37890625
G1 X86.220703125 Y23.37890625
G1 X86.30859375 Y23.466796875
G1 X86.220703125 Y23.5546875
G1 X86.1328125 Y23.5546875
G1 X86.044921875 Y23.466796875
G1 X86.044921875 Y23.37890625
G1 X85.95703125 Y23.37890625
G1 X85.869140625 Y23.291015625
G1 X85.869140625 Y23.203125
G1 X85.95703125 Y23.115234375
G1 X86.044921875 Y23.203125
G1 X86.1328125 Y23.203125
G1 X86.220703125 Y23.115234375
G1 X86.396484375 Y23.115234375
G1 X86.396484375 Y23.02734375
G1 X86.220703125 Y23.02734375
G1 X86.1328125 Y23.115234375
G1 X85.95703125 Y23.115234375
G1 X85.869140625 Y23.203125
G1 X85.78125 Y23.203125
G1 X85.693359375 Y23.115234375
G1 X85.693359375 Y23.02734375
G1 X85.60546875 Y23.02734375
G1 X85.517578125 Y22.939453125
G1 X85.693359375 Y22.763671875
G1 X85.869140625 Y22.939453125
G1 X86.044921875 Y22.939453125
G1 X86.1328125 Y22.8515625
G1 X86.484375 Y22.8515625
G1 X86.572265625 Y22.763671875
G1 X86.66015625 Y22.763671875
G1 X86.66015625 Y22.67578125
G1 X86.572265625 Y22.67578125
G1 X86.396484375 Y22.8515625
G1 X86.220703125 Y22.8515625
G1 X86.1328125 Y22.763671875
G1 X86.1328125 Y22.67578125
G1 X86.044921875 Y22.587890625
G1 X85.869140625 Y22.587890625
G1 X85.60546875 Y22.32421875
G1 X85.693359375 Y22.236328125
G1 X85.78125 Y22.236328125
G1 X85.95703125 Y22.412109375
G1 X86.044921875 Y22.412109375
G1 X86.044921875 Y22.32421875
G1 X86.1328125 Y22.236328125
G1 X86.220703125 Y22.236328125
G1 X86.044921875 Y22.236328125
G1 X85.95703125 Y22.32421875
G1 X85.869140625 Y22.32421875
G1 X85.693359375 Y22.1484375
G1 X85.78125 Y22.060546875
G1 X85.95703125 Y22.060546875
G1 X85.95703125 Y21.97265625
G1 X86.044921875 Y21.884765625
G1 X86.1328125 Y21.884765625
G1 X86.1328125 Y21.796875
G1 X85.95703125 Y21.796875
G1 X86.044921875 Y21.884765625
G1 X85.95703125 Y21.97265625
G1 X85.78125 Y21.97265625
G1 X85.693359375 Y21.884765625
G1 X85.693359375 Y21.796875
G1 X85.78125 Y21.708984375
G1 X85.78125 Y21.62109375
G1 X85.869140625 Y21.533203125
G1 X86.044921875 Y21.533203125
G1 X86.1328125 Y21.62109375
G1 X86.220703125 Y21.62109375
G1 X86.30859375 Y21.708984375
G1 X86.396484375 Y21.708984375
G1 X86.30859375 Y21.708984375
G1 X86.044921875 Y21.4453125
G1 X85.95703125 Y21.4453125
G1 X85.78125 Y21.62109375
G1 X85.693359375 Y21.62109375
G1 X85.517578125 Y21.4453125
G1 X85.60546875 Y21.357421875
G1 X85.78125 Y21.357421875
G1 X85.693359375 Y21.26953125
G1 X85.60546875 Y21.26953125
G1 X85.60546875 Y21.357421875
G1 X85.517578125 Y21.4453125
G1 X85.4296875 Y21.4453125
G1 X85.341796875 Y21.357421875
G1 X85.341796875 Y21.26953125
G1 X85.4296875 Y21.181640625
G1 X85.341796875 Y21.09375
G1 X85.25390625 Y21.09375
G1 X84.90234375 Y20.7421875
G1 X84.990234375 Y20.654296875
G1 X85.078125 Y20.654296875
G1 X85.078125 Y20.56640625
G1 X84.990234375 Y20.56640625
G1 X84.990234375 Y20.654296875
G1 X84.814453125 Y20.830078125
G1 X84.814453125 Y20.91796875
G1 X84.7265625 Y21.005859375
G1 X84.7265625 Y21.09375
G1 X84.814453125 Y21.09375
G1 X84.90234375 Y21.181640625
G1 X84.990234375 Y21.181640625
G1 X84.990234375 Y21.09375
G1 X85.078125 Y21.005859375
G1 X85.166015625 Y21.005859375
G1 X85.25390625 Y21.09375
G1 X85.341796875 Y21.09375
G1 X85.4296875 Y21.181640625
G1 X85.341796875 Y21.26953125
G1 X85.166015625 Y21.26953125
G1 X85.078125 Y21.357421875
G1 X84.990234375 Y21.357421875
G1 X85.078125 Y21.4453125
G1 X85.078125 Y21.533203125
G1 X85.166015625 Y21.533203125
G1 X85.341796875 Y21.708984375
G1 X85.25390625 Y21.796875
G1 X85.078125 Y21.796875
G1 X84.814453125 Y21.533203125
G1 X84.814453125 Y21.357421875
G1 X84.7265625 Y21.4453125
G1 X84.7265625 Y21.533203125
G1 X84.814453125 Y21.533203125
G1 X84.90234375 Y21.62109375
G1 X84.7265625 Y21.796875
G1 X84.7265625 Y21.884765625
G1 X84.90234375 Y21.708984375
G1 X84.990234375 Y21.708984375
G1 X85.078125 Y21.796875
G1 X85.078125 Y21.884765625
G1 X84.990234375 Y21.97265625
G1 X84.90234375 Y21.97265625
G1 X84.90234375 Y22.060546875
G1 X84.814453125 Y22.1484375
G1 X84.7265625 Y22.1484375
G1 X84.638671875 Y22.060546875
G1 X84.55078125 Y22.060546875
G1 X84.462890625 Y21.97265625
G1 X84.462890625 Y21.796875
G1 X84.55078125 Y21.708984375
G1 X84.55078125 Y21.533203125
G1 X84.462890625 Y21.533203125
G1 X84.462890625 Y21.62109375
G1 X84.55078125 Y21.708984375
G1 X84.462890625 Y21.796875
G1 X84.462890625 Y21.884765625
G1 X84.375 Y21.97265625
G1 X84.19921875 Y21.796875
G1 X84.287109375 Y21.708984375
G1 X84.19921875 Y21.708984375
G1 X84.19921875 Y21.796875
G1 X84.375 Y21.97265625
G1 X84.19921875 Y22.1484375
G1 X84.287109375 Y22.1484375
G1 X84.287109375 Y22.060546875
G1 X84.375 Y21.97265625
G1 X84.462890625 Y21.97265625
G1 X84.55078125 Y22.060546875
G1 X84.638671875 Y22.060546875
G1 X84.7265625 Y22.1484375
G1 X84.7265625 Y22.236328125
G1 X84.638671875 Y22.32421875
G1 X84.55078125 Y22.32421875
G1 X84.462890625 Y22.236328125
G1 X84.287109375 Y22.412109375
G1 X84.111328125 Y22.412109375
G1 X84.0234375 Y22.5
G1 X84.0234375 Y22.587890625
G1 X84.0234375 Y22.5
G1 X84.111328125 Y22.412109375
G1 X84.287109375 Y22.412109375
G1 X84.375 Y22.32421875
G1 X84.55078125 Y22.32421875
G1 X84.638671875 Y22.412109375
G1 X84.462890625 Y22.587890625
G1 X84.375 Y22.587890625
G1 X84.287109375 Y22.67578125
G1 X84.19921875 Y22.67578125
G1 X84.19921875 Y22.763671875
G1 X84.287109375 Y22.67578125
G1 X84.375 Y22.67578125
G1 X84.55078125 Y22.5
G1 X84.7265625 Y22.67578125
G1 X84.814453125 Y22.67578125
G1 X84.90234375 Y22.763671875
G1 X84.90234375 Y22.8515625
G1 X84.7265625 Y23.02734375
G1 X84.638671875 Y22.939453125
G1 X84.638671875 Y22.8515625
G1 X84.55078125 Y22.763671875
G1 X84.55078125 Y22.939453125
G1 X84.462890625 Y23.02734375
G1 X84.375 Y22.939453125
G1 X84.287109375 Y22.939453125
G1 X84.287109375 Y23.02734375
G1 X84.375 Y23.115234375
G1 X84.55078125 Y22.939453125
G1 X84.638671875 Y22.939453125
G1 X84.7265625 Y23.02734375
G1 X84.7265625 Y23.115234375
G1 X84.638671875 Y23.203125
G1 X84.55078125 Y23.203125
G1 X84.55078125 Y23.291015625
G1 X84.638671875 Y23.291015625
G1 X84.7265625 Y23.37890625
G1 X84.7265625 Y23.466796875
G1 X84.55078125 Y23.642578125
G1 X84.462890625 Y23.642578125
G1 X84.375 Y23.5546875
G1 X84.375 Y23.37890625
G1 X84.287109375 Y23.466796875
G1 X84.7265625 Y23.90625
G1 X84.814453125 Y23.90625
G1 X84.90234375 Y23.994140625
G1 X84.90234375 Y24.08203125
G1 X84.814453125 Y24.169921875
G1 X84.7265625 Y24.169921875
G1 X84.638671875 Y24.08203125
G1 X84.55078125 Y24.08203125
G1 X84.638671875 Y24.08203125
G1 X84.7265625 Y24.169921875
G1 X84.7265625 Y24.2578125
G1 X84.814453125 Y24.345703125
G1 X85.078125 Y24.345703125
G1 X85.166015625 Y24.43359375
G1 X85.25390625 Y24.43359375
G1 X85.341796875 Y24.521484375
G1 X85.341796875 Y24.609375
G1 X85.25390625 Y24.697265625
G1 X85.166015625 Y24.697265625
G1 X85.078125 Y24.609375
G1 X84.990234375 Y24.609375
G1 X84.90234375 Y24.521484375
G1 X84.814453125 Y24.521484375
G1 X84.814453125 Y24.609375
G1 X84.7265625 Y24.697265625
G1 X84.638671875 Y24.697265625
G1 X84.638671875 Y24.78515625
G1 X84.55078125 Y24.873046875
G1 X84.462890625 Y24.873046875
G1 X84.55078125 Y24.9609375
G1 X84.55078125 Y24.873046875
G1 X84.638671875 Y24.78515625
G1 X84.7265625 Y24.78515625
G1 X84.814453125 Y24.873046875
G1 X84.814453125 Y24.9609375
G1 X84.7265625 Y25.048828125
G1 X84.7265625 Y25.13671875
G1 X84.814453125 Y25.13671875
G1 X84.90234375 Y25.224609375
G1 X84.90234375 Y25.400390625
G1 X84.814453125 Y25.48828125
G1 X84.7265625 Y25.48828125
G1 X84.55078125 Y25.3125
G1 X84.55078125 Y25.400390625
G1 X84.638671875 Y25.400390625
G1 X84.7265625 Y25.48828125
G1 X84.7265625 Y25.576171875
G1 X84.814453125 Y25.576171875
G1 X84.90234375 Y25.6640625
G1 X84.90234375 Y25.751953125
G1 X84.7265625 Y25.927734375
G1 X84.638671875 Y25.83984375
G1 X84.638671875 Y25.751953125
G1 X84.55078125 Y25.751953125
G1 X84.55078125 Y25.83984375
G1 X84.638671875 Y25.83984375
G1 X84.7265625 Y25.927734375
G1 X84.7265625 Y26.015625
G1 X84.814453125 Y25.927734375
G1 X84.814453125 Y25.83984375
G1 X84.90234375 Y25.751953125
G1 X84.990234375 Y25.751953125
G1 X85.078125 Y25.83984375
G1 X85.166015625 Y25.83984375
G1 X85.341796875 Y25.6640625
G1 X85.341796875 Y25.576171875
G1 X85.4296875 Y25.48828125
G1 X85.517578125 Y25.576171875
G1 X85.517578125 Y25.6640625
G1 X85.60546875 Y25.6640625
G1 X85.693359375 Y25.576171875
G1 X85.78125 Y25.6640625
G1 X85.78125 Y25.751953125
G1 X85.60546875 Y25.927734375
G1 X85.517578125 Y25.83984375
G1 X85.4296875 Y25.83984375
G1 X85.25390625 Y26.015625
G1 X85.341796875 Y26.015625
G1 X85.341796875 Y25.927734375
G1 X85.4296875 Y25.83984375
G1 X85.517578125 Y25.83984375
G1 X85.78125 Y26.103515625
G1 X85.78125 Y26.19140625
G1 X85.693359375 Y26.279296875
G1 X85.517578125 Y26.103515625
G1 X85.25390625 Y26.3671875
G1 X85.166015625 Y26.279296875
G1 X85.166015625 Y26.19140625
G1 X85.078125 Y26.19140625
G1 X84.990234375 Y26.103515625
G1 X84.990234375 Y26.015625
G1 X84.7265625 Y26.279296875
G1 X84.7265625 Y26.3671875
G1 X84.814453125 Y26.455078125
G1 X84.814453125 Y26.54296875
G1 X84.7265625 Y26.630859375
G1 X84.7265625 Y26.71875
G1 X84.814453125 Y26.71875
G1 X84.7265625 Y26.630859375
G1 X84.90234375 Y26.455078125
G1 X84.990234375 Y26.455078125
G1 X84.990234375 Y26.3671875
G1 X85.078125 Y26.279296875
G1 X85.166015625 Y26.279296875
G1 X85.25390625 Y26.3671875
G1 X85.25390625 Y26.455078125
G1 X85.078125 Y26.630859375
G1 X84.990234375 Y26.630859375
G1 X84.990234375 Y26.71875
G1 X85.078125 Y26.630859375
G1 X85.166015625 Y26.630859375
G1 X85.166015625 Y26.54296875
G1 X85.25390625 Y26.455078125
G1 X85.341796875 Y26.455078125
G1 X85.4296875 Y26.54296875
G1 X85.4296875 Y26.630859375
G1 X85.078125 Y26.982421875
G1 X84.990234375 Y26.89453125
G1 X84.90234375 Y26.89453125
G1 X84.814453125 Y26.982421875
G1 X84.7265625 Y26.982421875
G1 X84.638671875 Y26.89453125
G1 X84.462890625 Y27.0703125
G1 X84.375 Y26.982421875
G1 X84.287109375 Y26.982421875
G1 X84.19921875 Y27.0703125
G1 X84.287109375 Y27.0703125
G1 X84.375 Y26.982421875
G1 X84.462890625 Y27.0703125
G1 X84.462890625 Y27.158203125
G1 X84.462890625 Y27.0703125
G1 X84.55078125 Y26.982421875
G1 X84.638671875 Y26.982421875
G1 X84.7265625 Y27.0703125
G1 X84.814453125 Y27.0703125
G1 X84.814453125 Y26.982421875
G1 X84.90234375 Y26.89453125
G1 X84.990234375 Y26.982421875
G1 X85.166015625 Y26.982421875
G1 X85.166015625 Y26.89453125
G1 X85.25390625 Y26.806640625
G1 X85.341796875 Y26.806640625
G1 X85.4296875 Y26.89453125
G1 X85.4296875 Y26.982421875
G1 X85.517578125 Y26.982421875
G1 X85.517578125 Y26.89453125
G1 X85.60546875 Y26.806640625
G1 X85.693359375 Y26.806640625
G1 X85.78125 Y26.89453125
G1 X85.78125 Y26.982421875
G1 X85.4296875 Y27.333984375
G1 X85.341796875 Y27.333984375
G1 X85.25390625 Y27.24609375
G1 X85.341796875 Y27.158203125
G1 X85.166015625 Y27.158203125
G1 X85.4296875 Y27.421875
G1 X85.4296875 Y27.509765625
G1 X85.60546875 Y27.509765625
G1 X85.517578125 Y27.421875
G1 X85.517578125 Y27.333984375
G1 X85.60546875 Y27.24609375
G1 X85.78125 Y27.421875
G1 X85.869140625 Y27.421875
G1 X85.95703125 Y27.509765625
G1 X86.044921875 Y27.509765625
G1 X86.1328125 Y27.421875
G1 X86.30859375 Y27.421875
G1 X86.396484375 Y27.509765625
G1 X86.30859375 Y27.59765625
G1 X86.396484375 Y27.685546875
G1 X86.572265625 Y27.685546875
G1 X86.66015625 Y27.7734375
G1 X86.572265625 Y27.861328125
G1 X86.484375 Y27.861328125
G1 X86.396484375 Y27.94921875
G1 X86.30859375 Y27.861328125
G1 X86.220703125 Y27.861328125
G1 X86.1328125 Y27.7734375
G1 X86.1328125 Y27.685546875
G1 X86.044921875 Y27.685546875
G1 X86.044921875 Y27.7734375
G1 X85.95703125 Y27.861328125
G1 X85.78125 Y27.861328125
G1 X85.60546875 Y28.037109375
G1 X85.60546875 Y28.125
G1 X85.60546875 Y28.037109375
G1 X85.78125 Y27.861328125
G1 X85.869140625 Y27.861328125
G1 X85.95703125 Y27.94921875
G1 X85.95703125 Y28.037109375
G1 X85.78125 Y28.212890625
G1 X85.78125 Y28.30078125
G1 X85.869140625 Y28.388671875
G1 X86.044921875 Y28.388671875
G1 X86.044921875 Y28.30078125
G1 X86.1328125 Y28.212890625
G1 X86.220703125 Y28.212890625
G1 X86.30859375 Y28.30078125
G1 X86.30859375 Y28.388671875
G1 X86.396484375 Y28.388671875
G1 X86.396484375 Y28.30078125
G1 X86.30859375 Y28.30078125
G1 X86.220703125 Y28.212890625
G1 X86.220703125 Y28.125
G1 X86.30859375 Y28.037109375
G1 X86.484375 Y28.037109375
G1 X86.66015625 Y27.861328125
G1 X86.748046875 Y27.861328125
G1 X86.8359375 Y27.94921875
G1 X86.748046875 Y28.037109375
G1 X86.748046875 Y28.125
G1 X86.66015625 Y28.212890625
G1 X86.572265625 Y28.212890625
G1 X86.572265625 Y28.30078125
G1 X86.66015625 Y28.30078125
G1 X86.748046875 Y28.388671875
G1 X86.748046875 Y28.4765625
G1 X86.66015625 Y28.564453125
G1 X86.572265625 Y28.4765625
G1 X86.484375 Y28.564453125
G1 X86.66015625 Y28.564453125
G1 X86.748046875 Y28.65234375
G1 X86.572265625 Y28.828125
G1 X86.484375 Y28.740234375
G1 X86.30859375 Y28.740234375
G1 X86.220703125 Y28.65234375
G1 X86.220703125 Y28.564453125
G1 X86.1328125 Y28.564453125
G1 X86.044921875 Y28.65234375
G1 X85.95703125 Y28.65234375
G1 X85.869140625 Y28.564453125
G1 X85.78125 Y28.564453125
G1 X85.517578125 Y28.30078125
G1 X85.341796875 Y28.4765625
G1 X85.25390625 Y28.4765625
G1 X85.166015625 Y28.388671875
G1 X85.166015625 Y28.30078125
G1 X85.25390625 Y28.212890625
G1 X85.341796875 Y28.212890625
G1 X85.25390625 Y28.212890625
G1 X85.166015625 Y28.30078125
G1 X85.166015625 Y28.388671875
G1 X85.25390625 Y28.4765625
G1 X85.25390625 Y28.564453125
G1 X85.341796875 Y28.564453125
G1 X85.341796875 Y28.4765625
G1 X85.4296875 Y28.388671875
G1 X85.517578125 Y28.388671875
G1 X85.60546875 Y28.4765625
G1 X85.693359375 Y28.4765625
G1 X85.78125 Y28.564453125
G1 X85.78125 Y28.65234375
G1 X85.869140625 Y28.65234375
G1 X85.95703125 Y28.740234375
G1 X85.78125 Y28.916015625
G1 X85.60546875 Y28.740234375
G1 X85.60546875 Y28.65234375
G1 X85.517578125 Y28.65234375
G1 X85.341796875 Y28.828125
G1 X85.4296875 Y28.828125
G1 X85.517578125 Y28.740234375
G1 X85.60546875 Y28.740234375
G1 X85.78125 Y28.916015625
G1 X85.78125 Y29.091796875
G1 X85.693359375 Y29.1796875
G1 X85.693359375 Y29.267578125
G1 X85.78125 Y29.1796875
G1 X85.78125 Y29.091796875
G1 X85.869140625 Y29.00390625
G1 X85.78125 Y28.916015625
G1 X85.869140625 Y28.828125
G1 X85.95703125 Y28.828125
G1 X85.95703125 Y28.740234375
G1 X86.044921875 Y28.65234375
G1 X86.220703125 Y28.65234375
G1 X86.30859375 Y28.740234375
G1 X86.30859375 Y28.828125
G1 X86.220703125 Y28.916015625
G1 X86.1328125 Y28.916015625
G1 X86.1328125 Y29.00390625
G1 X86.220703125 Y29.00390625
G1 X86.30859375 Y29.091796875
G1 X86.30859375 Y29.1796875
G1 X86.220703125 Y29.267578125
G1 X86.1328125 Y29.267578125
G1 X86.044921875 Y29.1796875
G1 X85.95703125 Y29.1796875
G1 X85.95703125 Y29.267578125
G1 X85.869140625 Y29.35546875
G1 X85.869140625 Y29.443359375
G1 X85.869140625 Y29.35546875
G1 X85.95703125 Y29.267578125
G1 X86.1328125 Y29.267578125
G1 X86.30859375 Y29.443359375
G1 X86.30859375 Y29.53125
G1 X86.396484375 Y29.53125
G1 X86.484375 Y29.619140625
G1 X86.484375 Y29.70703125
G1 X86.396484375 Y29.794921875
G1 X86.30859375 Y29.794921875
G1 X86.220703125 Y29.70703125
G1 X86.1328125 Y29.70703125
G1 X86.044921875 Y29.619140625
G1 X86.1328125 Y29.53125
G1 X86.044921875 Y29.53125
G1 X86.044921875 Y29.619140625
G1 X86.1328125 Y29.70703125
G1 X86.1328125 Y29.794921875
G1 X86.044921875 Y29.8828125
G1 X85.95703125 Y29.8828125
G1 X86.044921875 Y29.8828125
G1 X86.1328125 Y29.794921875
G1 X86.220703125 Y29.794921875
G1 X86.30859375 Y29.8828125
G1 X86.30859375 Y29.970703125
G1 X86.220703125 Y30.05859375
G1 X86.1328125 Y30.05859375
G1 X85.95703125 Y30.234375
G1 X86.044921875 Y30.234375
G1 X86.044921875 Y30.146484375
G1 X86.1328125 Y30.05859375
G1 X86.220703125 Y30.05859375
G1 X86.30859375 Y29.970703125
G1 X86.396484375 Y29.970703125
G1 X86.484375 Y30.05859375
G1 X86.396484375 Y30.146484375
G1 X86.396484375 Y30.234375
G1 X86.30859375 Y30.322265625
G1 X86.220703125 Y30.322265625
G1 X86.484375 Y30.5859375
G1 X86.30859375 Y30.76171875
G1 X86.396484375 Y30.76171875
G1 X86.484375 Y30.673828125
G1 X86.572265625 Y30.673828125
G1 X86.66015625 Y30.76171875
G1 X86.66015625 Y30.849609375
G1 X86.572265625 Y30.9375
G1 X86.484375 Y30.9375
G1 X86.396484375 Y31.025390625
G1 X86.396484375 Y31.11328125
G1 X86.572265625 Y31.2890625
G1 X86.66015625 Y31.201171875
G1 X86.748046875 Y31.201171875
G1 X86.748046875 Y31.11328125
G1 X86.66015625 Y31.11328125
G1 X86.66015625 Y31.201171875
G1 X86.572265625 Y31.2890625
G1 X86.396484375 Y31.11328125
G1 X86.396484375 Y31.025390625
G1 X86.484375 Y30.9375
G1 X86.572265625 Y30.9375
G1 X86.66015625 Y30.849609375
G1 X86.748046875 Y30.9375
G1 X86.8359375 Y30.9375
G1 X86.923828125 Y31.025390625
G1 X86.923828125 Y31.201171875
G1 X87.01171875 Y31.201171875
G1 X86.923828125 Y31.11328125
G1 X87.01171875 Y31.025390625
G1 X86.923828125 Y30.9375
G1 X86.923828125 Y30.849609375
G1 X87.099609375 Y30.673828125
G1 X87.1875 Y30.673828125
G1 X87.275390625 Y30.76171875
G1 X87.275390625 Y30.849609375
G1 X87.1875 Y30.9375
G1 X87.36328125 Y30.9375
G1 X87.451171875 Y31.025390625
G1 X87.451171875 Y31.201171875
G1 X87.275390625 Y31.376953125
G1 X87.1875 Y31.376953125
G1 X87.275390625 Y31.46484375
G1 X87.1875 Y31.552734375
G1 X87.099609375 Y31.552734375
G1 X86.923828125 Y31.376953125
G1 X86.8359375 Y31.376953125
G1 X86.748046875 Y31.46484375
G1 X86.66015625 Y31.46484375
G1 X86.748046875 Y31.46484375
G1 X86.8359375 Y31.376953125
G1 X87.01171875 Y31.552734375
G1 X86.923828125 Y31.640625
G1 X86.923828125 Y31.728515625
G1 X87.01171875 Y31.81640625
G1 X87.099609375 Y31.81640625
G1 X87.1875 Y31.904296875
G1 X87.1875 Y31.9921875
G1 X87.275390625 Y32.080078125
G1 X87.275390625 Y32.16796875
G1 X87.1875 Y32.255859375
G1 X87.099609375 Y32.255859375
G1 X87.01171875 Y32.16796875
G1 X87.01171875 Y32.080078125
G1 X87.01171875 Y32.16796875
G1 X87.099609375 Y32.255859375
G1 X87.099609375 Y32.34375
G1 X87.1875 Y32.431640625
G1 X87.099609375 Y32.51953125
G1 X87.099609375 Y32.607421875
G1 X87.01171875 Y32.6953125
G1 X86.923828125 Y32.6953125
G1 X87.099609375 Y32.6953125
G1 X87.275390625 Y32.87109375
G1 X87.1875 Y32.958984375
G1 X87.01171875 Y32.958984375
G1 X86.923828125 Y32.87109375
G1 X86.8359375 Y32.87109375
G1 X86.748046875 Y32.958984375
G1 X86.66015625 Y32.958984375
G1 X86.572265625 Y32.87109375
G1 X86.484375 Y32.87109375
G1 X86.396484375 Y32.783203125
G1 X86.396484375 Y32.6953125
G1 X86.484375 Y32.607421875
G1 X86.66015625 Y32.607421875
G1 X86.748046875 Y32.6953125
G1 X86.748046875 Y32.607421875
G1 X86.66015625 Y32.607421875
G1 X86.572265625 Y32.51953125
G1 X86.484375 Y32.51953125
G1 X86.484375 Y32.607421875
G1 X86.396484375 Y32.6953125
G1 X86.30859375 Y32.6953125
G1 X86.220703125 Y32.607421875
G1 X86.220703125 Y32.51953125
G1 X86.1328125 Y32.51953125
G1 X86.1328125 Y32.607421875
G1 X86.044921875 Y32.6953125
G1 X86.1328125 Y32.607421875
G1 X86.220703125 Y32.607421875
G1 X86.30859375 Y32.6953125
G1 X86.30859375 Y32.783203125
G1 X86.220703125 Y32.87109375
G1 X86.1328125 Y32.87109375
G1 X86.220703125 Y32.87109375
G1 X86.30859375 Y32.783203125
G1 X86.396484375 Y32.783203125
G1 X86.572265625 Y32.958984375
G1 X86.66015625 Y32.958984375
G1 X86.748046875 Y33.046875
G1 X86.748046875 Y33.134765625
G1 X86.8359375 Y33.134765625
G1 X87.01171875 Y33.310546875
G1 X87.01171875 Y33.22265625
G1 X86.923828125 Y33.22265625
G1 X86.748046875 Y33.046875
G1 X86.748046875 Y32.958984375
G1 X86.8359375 Y32.87109375
G1 X86.923828125 Y32.87109375
G1 X87.1875 Y33.134765625
G1 X87.1875 Y33.22265625
G1 X87.275390625 Y33.22265625
G1 X87.36328125 Y33.134765625
G1 X87.451171875 Y33.22265625
G1 X87.451171875 Y33.310546875
G1 X87.275390625 Y33.486328125
G1 X87.1875 Y33.3984375
G1 X87.1875 Y33.837890625
G1 X87.099609375 Y33.92578125
G1 X87.01171875 Y33.837890625
G1 X87.01171875 Y33.92578125
G1 X86.8359375 Y34.1015625
G1 X86.8359375 Y34.189453125
G1 X86.748046875 Y34.27734375
G1 X86.66015625 Y34.27734375
G1 X86.572265625 Y34.189453125
G1 X86.572265625 Y34.1015625
G1 X86.66015625 Y34.013671875
G1 X86.66015625 Y33.837890625
G1 X86.923828125 Y33.57421875
G1 X87.01171875 Y33.57421875
G1 X86.923828125 Y33.486328125
G1 X86.8359375 Y33.486328125
G1 X86.748046875 Y33.3984375
G1 X86.748046875 Y33.310546875
G1 X86.66015625 Y33.310546875
G1 X86.572265625 Y33.22265625
G1 X86.66015625 Y33.310546875
G1 X86.66015625 Y33.3984375
G1 X86.572265625 Y33.486328125
G1 X86.30859375 Y33.486328125
G1 X86.220703125 Y33.3984375
G1 X86.1328125 Y33.3984375
G1 X86.220703125 Y33.3984375
G1 X86.30859375 Y33.486328125
G1 X86.484375 Y33.486328125
G1 X86.572265625 Y33.57421875
G1 X86.572265625 Y33.486328125
G1 X86.66015625 Y33.3984375
G1 X86.748046875 Y33.3984375
G1 X86.8359375 Y33.486328125
G1 X86.8359375 Y33.57421875
G1 X86.748046875 Y33.662109375
G1 X86.748046875 Y33.75
G1 X86.66015625 Y33.837890625
G1 X86.66015625 Y34.013671875
G1 X86.572265625 Y34.1015625
G1 X86.572265625 Y34.189453125
G1 X86.66015625 Y34.27734375
G1 X86.748046875 Y34.27734375
G1 X86.8359375 Y34.189453125
G1 X86.923828125 Y34.189453125
G1 X87.01171875 Y34.27734375
G1 X86.923828125 Y34.365234375
G1 X86.923828125 Y34.453125
G1 X86.8359375 Y34.541015625
G1 X86.8359375 Y34.62890625
G1 X87.01171875 Y34.8046875
G1 X86.8359375 Y34.98046875
G1 X87.099609375 Y35.244140625
G1 X87.01171875 Y35.33203125
G1 X86.8359375 Y35.33203125
G1 X86.748046875 Y35.244140625
G1 X86.748046875 Y35.15625
G1 X86.66015625 Y35.15625
G1 X86.572265625 Y35.068359375
G1 X86.572265625 Y34.98046875
G1 X86.748046875 Y34.8046875
G1 X86.66015625 Y34.8046875
G1 X86.66015625 Y34.892578125
G1 X86.484375 Y35.068359375
G1 X86.572265625 Y35.068359375
G1 X86.66015625 Y35.15625
G1 X86.66015625 Y35.244140625
G1 X86.572265625 Y35.33203125
G1 X86.396484375 Y35.33203125
G1 X86.572265625 Y35.33203125
G1 X86.66015625 Y35.244140625
G1 X86.748046875 Y35.244140625
G1 X86.8359375 Y35.33203125
G1 X86.8359375 Y35.419921875
G1 X86.66015625 Y35.595703125
G1 X86.572265625 Y35.595703125
G1 X86.923828125 Y35.947265625
G1 X86.923828125 Y36.123046875
G1 X86.8359375 Y36.2109375
G1 X86.748046875 Y36.123046875
G1 X86.748046875 Y36.03515625
G1 X86.66015625 Y36.03515625
G1 X86.66015625 Y36.123046875
G1 X86.572265625 Y36.2109375
G1 X86.484375 Y36.2109375
G1 X86.484375 Y36.38671875
G1 X86.396484375 Y36.474609375
G1 X86.30859375 Y36.474609375
G1 X86.220703125 Y36.38671875
G1 X86.220703125 Y36.2109375
G1 X86.1328125 Y36.123046875
G1 X86.044921875 Y36.123046875
G1 X86.1328125 Y36.123046875
G1 X86.220703125 Y36.2109375
G1 X86.1328125 Y36.298828125
G1 X86.044921875 Y36.298828125
G1 X86.1328125 Y36.38671875
G1 X86.220703125 Y36.38671875
G1 X86.30859375 Y36.474609375
G1 X86.396484375 Y36.474609375
G1 X86.572265625 Y36.650390625
G1 X86.572265625 Y36.73828125
G1 X86.66015625 Y36.73828125
G1 X86.66015625 Y36.650390625
G1 X86.748046875 Y36.5625
G1 X86.8359375 Y36.5625
G1 X86.923828125 Y36.650390625
G1 X86.8359375 Y36.73828125
G1 X86.8359375 Y36.826171875
G1 X86.748046875 Y36.9140625
G1 X86.748046875 Y37.001953125
G1 X86.66015625 Y37.08984375
G1 X86.572265625 Y37.001953125
G1 X86.572265625 Y36.9140625
G1 X86.484375 Y36.9140625
G1 X86.484375 Y37.001953125
G1 X86.396484375 Y37.08984375
G1 X86.30859375 Y37.08984375
G1 X86.396484375 Y37.177734375
G1 X86.30859375 Y37.265625
G1 X86.220703125 Y37.265625
G1 X86.220703125 Y37.353515625
G1 X86.1328125 Y37.44140625
G1 X86.044921875 Y37.353515625
G1 X85.95703125 Y37.353515625
G1 X86.044921875 Y37.353515625
G1 X86.1328125 Y37.44140625
G1 X86.220703125 Y37.44140625
G1 X86.30859375 Y37.353515625
G1 X86.30859375 Y37.265625
G1 X86.396484375 Y37.177734375
G1 X86.396484375 Y37.08984375
G1 X86.484375 Y37.001953125
G1 X86.572265625 Y37.001953125
G1 X86.66015625 Y37.08984375
G1 X86.66015625 Y37.177734375
G1 X86.572265625 Y37.265625
G1 X86.66015625 Y37.265625
G1 X86.748046875 Y37.353515625
G1 X86.66015625 Y37.44140625
G1 X86.8359375 Y37.6171875
G1 X86.748046875 Y37.705078125
G1 X86.66015625 Y37.705078125
G1 X86.572265625 Y37.79296875
G1 X86.484375 Y37.79296875
G1 X86.484375 Y37.880859375
G1 X86.572265625 Y37.880859375
G1 X86.572265625 Y37.79296875
G1 X86.66015625 Y37.705078125
G1 X86.748046875 Y37.79296875
G1 X86.8359375 Y37.705078125
G1 X86.923828125 Y37.79296875
G1 X86.923828125 Y37.880859375
G1 X86.8359375 Y37.96875
G1 X86.748046875 Y37.96875
G1 X86.748046875 Y38.056640625
G1 X86.8359375 Y38.14453125
G1 X86.8359375 Y38.3203125
G1 X86.923828125 Y38.408203125
G1 X86.748046875 Y38.583984375
G1 X86.8359375 Y38.583984375
G1 X86.923828125 Y38.671875
G1 X86.923828125 Y38.759765625
G1 X86.8359375 Y38.84765625
G1 X86.8359375 Y39.0234375
G1 X86.923828125 Y39.111328125
G1 X86.8359375 Y39.19921875
G1 X86.8359375 Y39.287109375
G1 X86.748046875 Y39.375
G1 X86.748046875 Y39.462890625
G1 X86.8359375 Y39.55078125
G1 X86.8359375 Y39.638671875
G1 X86.748046875 Y39.7265625
G1 X86.748046875 Y39.814453125
G1 X86.66015625 Y39.90234375
G1 X86.572265625 Y39.814453125
G1 X86.572265625 Y39.7265625
G1 X86.572265625 Y39.814453125
G1 X86.66015625 Y39.90234375
G1 X86.748046875 Y39.814453125
G1 X86.8359375 Y39.814453125
G1 X87.01171875 Y39.990234375
G1 X87.01171875 Y40.25390625
G1 X86.8359375 Y40.4296875
G1 X86.748046875 Y40.341796875
G1 X86.748046875 Y40.25390625
G1 X86.8359375 Y40.166015625
G1 X86.8359375 Y40.078125
G1 X86.748046875 Y40.078125
G1 X86.748046875 Y40.166015625
G1 X86.66015625 Y40.25390625
G1 X86.572265625 Y40.166015625
G1 X86.572265625 Y40.078125
G1 X86.572265625 Y40.166015625
G1 X86.484375 Y40.25390625
G1 X86.30859375 Y40.078125
G1 X86.30859375 Y39.990234375
G1 X86.220703125 Y39.90234375
G1 X86.30859375 Y39.814453125
G1 X86.30859375 Y39.462890625
G1 X86.220703125 Y39.375
G1 X86.220703125 Y38.935546875
G1 X86.30859375 Y38.84765625
G1 X86.220703125 Y38.759765625
G1 X86.220703125 Y38.671875
G1 X86.1328125 Y38.583984375
G1 X86.220703125 Y38.49609375
G1 X86.30859375 Y38.49609375
G1 X86.220703125 Y38.408203125
G1 X86.220703125 Y38.3203125
G1 X86.30859375 Y38.232421875
G1 X86.220703125 Y38.14453125
G1 X86.220703125 Y38.056640625
G1 X86.1328125 Y38.056640625
G1 X86.044921875 Y38.14453125
G1 X85.95703125 Y38.14453125
G1 X86.044921875 Y38.14453125
G1 X86.220703125 Y38.3203125
G1 X86.1328125 Y38.408203125
G1 X86.1328125 Y38.583984375
G1 X86.044921875 Y38.671875
G1 X86.220703125 Y38.84765625
G1 X86.1328125 Y38.935546875
G1 X86.044921875 Y38.935546875
G1 X85.95703125 Y39.0234375
G1 X86.044921875 Y38.935546875
G1 X86.1328125 Y39.0234375
G1 X86.1328125 Y39.287109375
G1 X86.220703125 Y39.375
G1 X86.1328125 Y39.462890625
G1 X86.1328125 Y39.55078125
G1 X86.220703125 Y39.638671875
G1 X86.1328125 Y39.7265625
G1 X86.1328125 Y39.814453125
G1 X86.220703125 Y39.90234375
G1 X86.1328125 Y39.990234375
G1 X86.044921875 Y39.990234375
G1 X86.044921875 Y40.078125
G1 X85.95703125 Y40.166015625
G1 X85.869140625 Y40.166015625
G1 X85.95703125 Y40.25390625
G1 X85.95703125 Y40.166015625
G1 X86.1328125 Y39.990234375
G1 X86.220703125 Y39.990234375
G1 X86.30859375 Y40.078125
G1 X86.30859375 Y40.166015625
G1 X86.220703125 Y40.25390625
G1 X86.1328125 Y40.25390625
G1 X86.1328125 Y40.341796875
G1 X86.220703125 Y40.341796875
G1 X86.30859375 Y40.4296875
G1 X86.30859375 Y40.517578125
G1 X86.220703125 Y40.60546875
G1 X86.1328125 Y40.60546875
G1 X86.044921875 Y40.517578125
G1 X85.95703125 Y40.517578125
G1 X85.869140625 Y40.4296875
G1 X85.78125 Y40.4296875
G1 X85.693359375 Y40.341796875
G1 X85.693359375 Y40.25390625
G1 X85.60546875 Y40.25390625
G1 X85.78125 Y40.4296875
G1 X85.869140625 Y40.4296875
G1 X85.95703125 Y40.517578125
G1 X85.95703125 Y40.60546875
G1 X86.1328125 Y40.60546875
G1 X86.220703125 Y40.693359375
G1 X85.693359375 Y41.220703125
G1 X85.60546875 Y41.1328125
G1 X85.4296875 Y41.30859375
G1 X85.517578125 Y41.30859375
G1 X85.60546875 Y41.396484375
G1 X85.517578125 Y41.484375
G1 X85.517578125 Y41.572265625
G1 X85.60546875 Y41.66015625
G1 X85.60546875 Y41.748046875
G1 X85.693359375 Y41.748046875
G1 X85.78125 Y41.8359375
G1 X85.693359375 Y41.923828125
G1 X85.60546875 Y41.923828125
G1 X85.60546875 Y42.01171875
G1 X85.517578125 Y42.099609375
G1 X85.4296875 Y42.099609375
G1 X85.4296875 Y42.1875
G1 X85.517578125 Y42.1875
G1 X85.60546875 Y42.275390625
G1 X85.60546875 Y42.36328125
G1 X85.693359375 Y42.451171875
G1 X85.60546875 Y42.5390625
G1 X85.517578125 Y42.5390625
G1 X85.341796875 Y42.36328125
G1 X85.517578125 Y42.5390625
G1 X85.517578125 Y42.626953125
G1 X85.4296875 Y42.71484375
G1 X85.517578125 Y42.626953125
G1 X85.60546875 Y42.626953125
G1 X85.60546875 Y42.5390625
G1 X85.693359375 Y42.451171875
G1 X85.95703125 Y42.71484375
G1 X85.95703125 Y42.802734375
G1 X85.869140625 Y42.890625
G1 X85.78125 Y42.802734375
G1 X85.60546875 Y42.802734375
G1 X85.78125 Y42.802734375
G1 X85.869140625 Y42.890625
G1 X85.869140625 Y42.978515625
G1 X85.693359375 Y43.154296875
G1 X85.517578125 Y42.978515625
G1 X85.4296875 Y42.978515625
G1 X85.517578125 Y42.978515625
G1 X85.60546875 Y43.06640625
G1 X85.60546875 Y43.154296875
G1 X85.517578125 Y43.2421875
G1 X85.60546875 Y43.2421875
G1 X85.693359375 Y43.154296875
G1 X85.78125 Y43.154296875
G1 X85.869140625 Y43.2421875
G1 X85.693359375 Y43.41796875
G1 X85.693359375 Y43.505859375
G1 X85.517578125 Y43.681640625
G1 X85.517578125 Y43.76953125
G1 X85.60546875 Y43.681640625
G1 X85.693359375 Y43.681640625
G1 X85.78125 Y43.76953125
G1 X85.4296875 Y44.12109375
G1 X85.517578125 Y44.12109375
G1 X85.78125 Y44.384765625
G1 X85.693359375 Y44.47265625
G1 X85.60546875 Y44.47265625
G1 X85.517578125 Y44.384765625
G1 X85.4296875 Y44.384765625
G1 X85.517578125 Y44.384765625
G1 X85.693359375 Y44.560546875
G1 X85.869140625 Y44.560546875
G1 X85.95703125 Y44.6484375
G1 X85.95703125 Y44.736328125
G1 X85.869140625 Y44.82421875
G1 X85.869140625 Y44.912109375
G1 X85.78125 Y45.0
G1 X85.78125 Y45.087890625
G1 X85.693359375 Y45.17578125
G1 X85.693359375 Y45.263671875
G1 X85.60546875 Y45.3515625
G1 X85.60546875 Y45.439453125
G1 X85.517578125 Y45.52734375
G1 X85.4296875 Y45.52734375
G1 X85.517578125 Y45.52734375
G1 X85.60546875 Y45.439453125
G1 X85.60546875 Y45.3515625
G1 X85.693359375 Y45.263671875
G1 X85.78125 Y45.263671875
G1 X85.869140625 Y45.3515625
G1 X85.869140625 Y45.439453125
G1 X85.78125 Y45.52734375
G1 X85.78125 Y45.615234375
G1 X85.693359375 Y45.703125
G1 X85.60546875 Y45.703125
G1 X85.693359375 Y45.703125
G1 X85.78125 Y45.615234375
G1 X85.95703125 Y45.615234375
G1 X86.044921875 Y45.703125
G1 X85.95703125 Y45.791015625
G1 X85.869140625 Y45.791015625
G1 X85.869140625 Y45.87890625
G1 X85.78125 Y45.966796875
G1 X85.693359375 Y45.966796875
G1 X85.60546875 Y45.87890625
G1 X85.78125 Y46.0546875
G1 X85.693359375 Y46.142578125
G1 X85.60546875 Y46.142578125
G1 X85.517578125 Y46.0546875
G1 X85.4296875 Y46.0546875
G1 X85.517578125 Y46.0546875
G1 X85.60546875 Y46.142578125
G1 X85.60546875 Y46.23046875
G1 X85.517578125 Y46.318359375
G1 X85.517578125 Y46.40625
G1 X85.60546875 Y46.318359375
G1 X85.693359375 Y46.40625
G1 X85.693359375 Y46.494140625
G1 X85.60546875 Y46.58203125
G1 X85.693359375 Y46.669921875
G1 X85.4296875 Y46.93359375
G1 X85.341796875 Y46.93359375
G1 X85.517578125 Y46.93359375
G1 X85.60546875 Y46.845703125
G1 X85.693359375 Y46.845703125
G1 X85.78125 Y46.93359375
G1 X85.869140625 Y46.93359375
G1 X85.95703125 Y46.845703125
G1 X86.044921875 Y46.93359375
G1 X86.044921875 Y47.021484375
G1 X85.869140625 Y47.197265625
G1 X85.78125 Y47.197265625
G1 X85.693359375 Y47.109375
G1 X85.60546875 Y47.109375
G1 X85.341796875 Y47.373046875
G1 X85.25390625 Y47.373046875
G1 X85.341796875 Y47.4609375
G1 X85.341796875 Y47.373046875
G1 X85.4296875 Y47.28515625
G1 X85.517578125 Y47.28515625
G1 X85.60546875 Y47.373046875
G1 X85.60546875 Y47.548828125
G1 X85.517578125 Y47.63671875
G1 X85.60546875 Y47.63671875
G1 X85.693359375 Y47.724609375
G1 X85.869140625 Y47.724609375
G1 X85.95703125 Y47.8125
G1 X85.95703125 Y47.900390625
G1 X85.869140625 Y47.98828125
G1 X85.78125 Y47.98828125
G1 X85.693359375 Y47.900390625
G1 X85.517578125 Y48.076171875
G1 X85.4296875 Y48.076171875
G1 X85.341796875 Y47.98828125
G1 X85.517578125 Y47.8125
G1 X85.341796875 Y47.98828125
G1 X85.4296875 Y48.076171875
G1 X85.341796875 Y48.1640625
G1 X85.341796875 Y48.251953125
G1 X85.341796875 Y48.1640625
G1 X85.4296875 Y48.076171875
G1 X85.60546875 Y48.076171875
G1 X85.693359375 Y48.1640625
G1 X85.341796875 Y48.515625
G1 X85.4296875 Y48.515625
G1 X85.60546875 Y48.69140625
G1 X85.4296875 Y48.8671875
G1 X85.341796875 Y48.779296875
G1 X85.25390625 Y48.779296875
G1 X85.4296875 Y48.955078125
G1 X85.60546875 Y48.779296875
G1 X85.693359375 Y48.779296875
G1 X85.78125 Y48.8671875
G1 X85.517578125 Y49.130859375
G1 X85.25390625 Y49.130859375
G1 X85.4296875 Y49.130859375
G1 X85.517578125 Y49.21875
G1 X85.341796875 Y49.39453125
G1 X85.166015625 Y49.39453125
G1 X85.517578125 Y49.39453125
G1 X85.4296875 Y49.306640625
G1 X85.517578125 Y49.21875
G1 X85.60546875 Y49.21875
G1 X85.693359375 Y49.130859375
G1 X85.78125 Y49.21875
G1 X85.95703125 Y49.21875
G1 X86.044921875 Y49.130859375
G1 X86.1328125 Y49.21875
G1 X86.220703125 Y49.21875
G1 X86.220703125 Y49.130859375
G1 X86.1328125 Y49.130859375
G1 X86.044921875 Y49.04296875
G1 X86.1328125 Y48.955078125
G1 X86.396484375 Y48.955078125
G1 X86.484375 Y49.04296875
G1 X86.396484375 Y49.130859375
G1 X86.396484375 Y49.21875
G1 X86.572265625 Y49.21875
G1 X86.66015625 Y49.306640625
G1 X86.66015625 Y49.39453125
G1 X86.484375 Y49.5703125
G1 X86.396484375 Y49.482421875
G1 X86.396484375 Y49.39453125
G1 X86.30859375 Y49.39453125
G1 X86.220703125 Y49.482421875
G1 X86.1328125 Y49.482421875
G1 X86.044921875 Y49.39453125
G1 X85.95703125 Y49.482421875
G1 X85.869140625 Y49.482421875
G1 X85.78125 Y49.39453125
G1 X85.693359375 Y49.39453125
G1 X85.693359375 Y49.482421875
G1 X85.517578125 Y49.658203125
G1 X85.25390625 Y49.658203125
G1 X85.25390625 Y49.74609375
G1 X85.341796875 Y49.74609375
G1 X85.4296875 Y49.833984375
G1 X85.341796875 Y49.921875
G1 X85.25390625 Y49.921875
G1 X85.166015625 Y50.009765625
G1 X85.166015625 Y50.09765625
G1 X85.25390625 Y50.009765625
G1 X85.341796875 Y50.09765625
G1 X85.341796875 Y50.185546875
G1 X85.25390625 Y50.2734375
G1 X85.078125 Y50.2734375
G1 X85.166015625 Y50.2734375
G1 X85.25390625 Y50.361328125
G1 X85.25390625 Y50.537109375
G1 X85.166015625 Y50.625
G1 X85.25390625 Y50.537109375
G1 X85.341796875 Y50.625
G1 X85.341796875 Y50.712890625
G1 X85.25390625 Y50.80078125
G1 X85.25390625 Y50.888671875
G1 X85.078125 Y51.064453125
G1 X84.90234375 Y51.064453125
G1 X85.078125 Y51.064453125
G1 X85.166015625 Y50.9765625
G1 X85.25390625 Y50.9765625
G1 X85.341796875 Y50.888671875
G1 X85.4296875 Y50.9765625
G1 X85.4296875 Y51.064453125
G1 X85.25390625 Y51.240234375
G1 X85.078125 Y51.240234375
G1 X85.25390625 Y51.240234375
G1 X85.341796875 Y51.15234375
G1 X85.4296875 Y51.15234375
G1 X85.517578125 Y51.240234375
G1 X85.517578125 Y51.328125
G1 X85.4296875 Y51.416015625
G1 X85.25390625 Y51.416015625
G1 X85.166015625 Y51.50390625
G1 X85.078125 Y51.50390625
G1 X84.990234375 Y51.416015625
G1 X85.25390625 Y51.6796875
G1 X85.166015625 Y51.767578125
G1 X85.166015625 Y51.85546875
G1 X85.078125 Y51.943359375
G1 X84.990234375 Y51.943359375
G1 X84.990234375 Y52.03125
G1 X84.90234375 Y52.119140625
G1 X84.90234375 Y52.294921875
G1 X84.814453125 Y52.3828125
G1 X84.814453125 Y52.470703125
G1 X84.814453125 Y52.3828125
G1 X84.90234375 Y52.294921875
G1 X84.990234375 Y52.294921875
G1 X85.078125 Y52.3828125
G1 X85.078125 Y52.470703125
G1 X84.990234375 Y52.55859375
G1 X84.990234375 Y52.646484375
G1 X84.90234375 Y52.734375
G1 X84.990234375 Y52.646484375
G1 X84.990234375 Y52.55859375
G1 X85.078125 Y52.470703125
G1 X85.166015625 Y52.470703125
G1 X85.25390625 Y52.55859375
G1 X85.25390625 Y52.646484375
G1 X85.166015625 Y52.734375
G1 X85.166015625 Y52.822265625
G1 X84.90234375 Y53.0859375
G1 X84.990234375 Y53.0859375
G1 X84.990234375 Y52.998046875
G1 X85.166015625 Y52.822265625
G1 X85.25390625 Y52.822265625
G1 X85.341796875 Y52.91015625
G1 X85.25390625 Y52.998046875
G1 X85.25390625 Y53.0859375
G1 X84.990234375 Y53.349609375
G1 X84.90234375 Y53.349609375
G1 X84.814453125 Y53.26171875
G1 X84.814453125 Y53.349609375
G1 X84.7265625 Y53.4375
G1 X84.638671875 Y53.4375
G1 X84.7265625 Y53.4375
G1 X84.814453125 Y53.349609375
G1 X84.90234375 Y53.349609375
G1 X84.990234375 Y53.4375
G1 X84.990234375 Y53.525390625
G1 X84.90234375 Y53.61328125
G1 X84.90234375 Y53.701171875
G1 X84.814453125 Y53.7890625
G1 X84.7265625 Y53.7890625
G1 X84.814453125 Y53.7890625
G1 X84.90234375 Y53.701171875
G1 X84.990234375 Y53.701171875
G1 X85.078125 Y53.7890625
G1 X84.90234375 Y53.96484375
G1 X84.990234375 Y53.96484375
G1 X85.078125 Y54.052734375
G1 X85.078125 Y54.140625
G1 X85.166015625 Y54.140625
G1 X85.25390625 Y54.228515625
G1 X85.25390625 Y54.404296875
G1 X85.166015625 Y54.4921875
G1 X85.078125 Y54.4921875
G1 X84.990234375 Y54.404296875
G1 X84.990234375 Y54.31640625
G1 X84.990234375 Y54.404296875
G1 X84.814453125 Y54.580078125
G1 X84.814453125 Y54.66796875
G1 X84.814453125 Y54.580078125
G1 X84.990234375 Y54.404296875
G1 X85.166015625 Y54.580078125
G1 X84.990234375 Y54.755859375
G1 X84.990234375 Y54.84375
G1 X85.25390625 Y55.107421875
G1 X85.25390625 Y55.1953125
G1 X85.166015625 Y55.283203125
G1 X85.078125 Y55.283203125
G1 X85.078125 Y55.458984375
G1 X85.341796875 Y55.1953125
G1 X85.166015625 Y55.01953125
G1 X85.25390625 Y54.931640625
G1 X85.341796875 Y54.931640625
G1 X85.4296875 Y55.01953125
G1 X85.517578125 Y55.01953125
G1 X85.517578125 Y54.84375
G1 X85.78125 Y54.580078125
G1 X85.869140625 Y54.66796875
G1 X85.95703125 Y54.66796875
G1 X85.95703125 Y54.580078125
G1 X85.869140625 Y54.580078125
G1 X85.78125 Y54.4921875
G1 X85.869140625 Y54.404296875
G1 X85.869140625 Y54.31640625
G1 X85.78125 Y54.404296875
G1 X85.693359375 Y54.404296875
G1 X85.60546875 Y54.31640625
G1 X85.60546875 Y54.228515625
G1 X85.517578125 Y54.228515625
G1 X85.4296875 Y54.140625
G1 X85.517578125 Y54.052734375
G1 X85.517578125 Y53.96484375
G1 X85.60546875 Y53.876953125
G1 X85.693359375 Y53.96484375
G1 X85.693359375 Y54.052734375
G1 X85.869140625 Y54.052734375
G1 X85.95703125 Y54.140625
G1 X86.044921875 Y54.052734375
G1 X86.220703125 Y54.052734375
G1 X86.30859375 Y54.140625
G1 X86.396484375 Y54.052734375
G1 X86.396484375 Y53.96484375
G1 X86.484375 Y53.876953125
G1 X86.66015625 Y54.052734375
G1 X86.748046875 Y54.052734375
G1 X86.8359375 Y54.140625
G1 X86.748046875 Y54.228515625
G1 X86.484375 Y54.228515625
G1 X86.484375 Y54.31640625
G1 X86.30859375 Y54.4921875
G1 X86.220703125 Y54.4921875
G1 X86.1328125 Y54.404296875
G1 X86.220703125 Y54.31640625
G1 X86.1328125 Y54.228515625
G1 X86.044921875 Y54.31640625
G1 X86.220703125 Y54.4921875
G1 X86.220703125 Y54.580078125
G1 X86.1328125 Y54.66796875
G1 X86.1328125 Y54.755859375
G1 X86.220703125 Y54.84375
G1 X86.220703125 Y55.01953125
G1 X86.1328125 Y55.107421875
G1 X86.1328125 Y55.1953125
G1 X86.1328125 Y55.107421875
G1 X86.30859375 Y54.931640625
G1 X86.396484375 Y54.931640625
G1 X86.484375 Y54.84375
G1 X86.396484375 Y54.931640625
G1 X86.30859375 Y54.931640625
G1 X86.1328125 Y54.755859375
G1 X86.30859375 Y54.580078125
G1 X86.30859375 Y54.4921875
G1 X86.396484375 Y54.404296875
G1 X86.484375 Y54.404296875
G1 X86.572265625 Y54.31640625
G1 X86.66015625 Y54.404296875
G1 X86.66015625 Y54.4921875
G1 X86.484375 Y54.66796875
G1 X86.66015625 Y54.66796875
G1 X86.748046875 Y54.755859375
G1 X86.748046875 Y54.84375
G1 X86.66015625 Y54.931640625
G1 X86.66015625 Y55.01953125
G1 X86.572265625 Y55.107421875
G1 X86.484375 Y55.107421875
G1 X86.484375 Y55.1953125
G1 X86.396484375 Y55.283203125
G1 X86.30859375 Y55.283203125
G1 X86.30859375 Y55.458984375
G1 X86.220703125 Y55.546875
G1 X86.220703125 Y55.72265625
G1 X86.220703125 Y55.634765625
G1 X86.30859375 Y55.546875
G1 X86.30859375 Y55.37109375
G1 X86.484375 Y55.1953125
G1 X86.66015625 Y55.37109375
G1 X86.572265625 Y55.458984375
G1 X86.572265625 Y55.634765625
G1 X86.66015625 Y55.634765625
G1 X86.748046875 Y55.72265625
G1 X86.572265625 Y55.8984375
G1 X86.484375 Y55.810546875
G1 X86.396484375 Y55.810546875
G1 X86.484375 Y55.810546875
G1 X86.572265625 Y55.8984375
G1 X86.572265625 Y55.986328125
G1 X86.484375 Y56.07421875
G1 X86.484375 Y56.162109375
G1 X86.572265625 Y56.25
G1 X86.572265625 Y56.337890625
G1 X86.484375 Y56.42578125
G1 X86.484375 Y56.513671875
G1 X86.66015625 Y56.513671875
G1 X86.748046875 Y56.6015625
G1 X86.66015625 Y56.689453125
G1 X86.572265625 Y56.689453125
G1 X86.484375 Y56.77734375
G1 X86.396484375 Y56.77734375
G1 X86.30859375 Y56.865234375
G1 X86.396484375 Y56.865234375
G1 X86.484375 Y56.77734375
G1 X86.572265625 Y56.865234375
G1 X86.572265625 Y56.953125
G1 X86.484375 Y57.041015625
G1 X86.396484375 Y57.041015625
G1 X86.30859375 Y57.12890625
G1 X86.484375 Y57.12890625
G1 X86.572265625 Y57.216796875
G1 X86.572265625 Y57.3046875
G1 X86.484375 Y57.392578125
G1 X86.396484375 Y57.392578125
G1 X86.30859375 Y57.3046875
G1 X86.396484375 Y57.392578125
G1 X86.396484375 Y57.568359375
G1 X86.30859375 Y57.65625
G1 X86.396484375 Y57.744140625
G1 X86.396484375 Y57.83203125
G1 X86.30859375 Y57.919921875
G1 X86.220703125 Y57.83203125
G1 X86.30859375 Y57.919921875
G1 X86.220703125 Y58.0078125
G1 X86.1328125 Y58.0078125
G1 X86.396484375 Y58.271484375
G1 X86.30859375 Y58.359375
G1 X86.1328125 Y58.359375
G1 X86.044921875 Y58.271484375
G1 X86.044921875 Y58.18359375
G1 X85.95703125 Y58.18359375
G1 X85.869140625 Y58.095703125
G1 X86.1328125 Y58.359375
G1 X86.1328125 Y58.447265625
G1 X86.044921875 Y58.53515625
G1 X85.95703125 Y58.53515625
G1 X86.044921875 Y58.53515625
G1 X86.1328125 Y58.623046875
G1 X86.044921875 Y58.53515625
G1 X86.220703125 Y58.359375
G1 X86.30859375 Y58.359375
G1 X86.484375 Y58.53515625
G1 X86.396484375 Y58.623046875
G1 X86.30859375 Y58.623046875
G1 X86.30859375 Y58.7109375
G1 X86.396484375 Y58.798828125
G1 X86.30859375 Y58.88671875
G1 X86.30859375 Y59.0625
G1 X86.396484375 Y59.150390625
G1 X86.220703125 Y59.326171875
G1 X86.1328125 Y59.23828125
G1 X86.1328125 Y59.150390625
G1 X86.044921875 Y59.23828125
G1 X86.044921875 Y59.326171875
G1 X86.1328125 Y59.23828125
G1 X86.220703125 Y59.326171875
G1 X86.220703125 Y59.501953125
G1 X86.1328125 Y59.58984375
G1 X86.044921875 Y59.58984375
G1 X86.1328125 Y59.58984375
G1 X86.30859375 Y59.765625
G1 X86.30859375 Y59.853515625
G1 X86.1328125 Y60.029296875
G1 X86.044921875 Y60.029296875
G1 X86.044921875 Y60.1171875
G1 X85.869140625 Y60.29296875
G1 X85.869140625 Y60.380859375
G1 X85.78125 Y60.46875
G1 X85.78125 Y60.556640625
G1 X85.869140625 Y60.556640625
G1 X85.78125 Y60.46875
G1 X85.869140625 Y60.380859375
G1 X86.044921875 Y60.380859375
G1 X86.1328125 Y60.46875
G1 X86.220703125 Y60.46875
G1 X86.30859375 Y60.556640625
G1 X86.30859375 Y60.732421875
G1 X86.1328125 Y60.908203125
G1 X86.1328125 Y60.99609375
G1 X86.044921875 Y61.083984375
G1 X85.95703125 Y61.083984375
G1 X85.869140625 Y60.99609375
G1 X86.044921875 Y61.171875
G1 X86.044921875 Y61.259765625
G1 X85.95703125 Y61.34765625
G1 X85.869140625 Y61.259765625
G1 X85.869140625 Y61.34765625
G1 X85.95703125 Y61.34765625
G1 X86.044921875 Y61.259765625
G1 X86.1328125 Y61.259765625
G1 X86.220703125 Y61.34765625
G1 X86.484375 Y61.34765625
G1 X86.572265625 Y61.435546875
G1 X86.396484375 Y61.611328125
G1 X86.30859375 Y61.611328125
G1 X86.220703125 Y61.5234375
G1 X86.044921875 Y61.5234375
G1 X85.869140625 Y61.69921875
G1 X85.869140625 Y61.787109375
G1 X85.869140625 Y61.69921875
G1 X85.95703125 Y61.611328125
G1 X86.044921875 Y61.611328125
G1 X86.1328125 Y61.5234375
G1 X86.220703125 Y61.5234375
G1 X86.30859375 Y61.611328125
G1 X86.30859375 Y61.787109375
G1 X86.220703125 Y61.875
G1 X86.220703125 Y61.962890625
G1 X85.869140625 Y62.314453125
G1 X85.95703125 Y62.314453125
G1 X85.95703125 Y62.2265625
G1 X86.044921875 Y62.138671875
G1 X86.1328125 Y62.138671875
G1 X86.220703125 Y62.2265625
G1 X86.220703125 Y62.314453125
G1 X86.1328125 Y62.40234375
G1 X86.1328125 Y62.490234375
G1 X86.044921875 Y62.578125
G1 X86.044921875 Y62.666015625
G1 X86.1328125 Y62.75390625
G1 X85.95703125 Y62.9296875
G1 X85.869140625 Y62.841796875
G1 X85.869140625 Y62.75390625
G1 X85.869140625 Y62.841796875
G1 X85.95703125 Y62.9296875
G1 X85.95703125 Y63.017578125
G1 X85.869140625 Y63.10546875
G1 X86.044921875 Y62.9296875
G1 X86.1328125 Y62.9296875
G1 X86.30859375 Y63.10546875
G1 X86.220703125 Y63.193359375
G1 X86.044921875 Y63.193359375
G1 X86.044921875 Y63.28125
G1 X85.95703125 Y63.369140625
G1 X85.95703125 Y63.45703125
G1 X85.869140625 Y63.544921875
G1 X85.78125 Y63.544921875
G1 X85.869140625 Y63.6328125
G1 X85.869140625 Y63.544921875
G1 X85.95703125 Y63.45703125
G1 X86.044921875 Y63.45703125
G1 X85.95703125 Y63.369140625
G1 X86.044921875 Y63.28125
G1 X86.1328125 Y63.28125
G1 X86.220703125 Y63.369140625
G1 X86.220703125 Y63.45703125
G1 X86.30859375 Y63.369140625
G1 X86.396484375 Y63.45703125
G1 X86.396484375 Y63.544921875
G1 X86.30859375 Y63.6328125
G1 X86.1328125 Y63.6328125
G1 X86.30859375 Y63.6328125
G1 X86.396484375 Y63.720703125
G1 X86.396484375 Y63.80859375
G1 X86.30859375 Y63.896484375
G1 X86.220703125 Y63.896484375
G1 X86.1328125 Y63.80859375
G1 X86.044921875 Y63.80859375
G1 X85.95703125 Y63.896484375
G1 X85.869140625 Y63.80859375
G1 X85.78125 Y63.80859375
G1 X85.693359375 Y63.896484375
G1 X85.693359375 Y63.984375
G1 X85.693359375 Y63.896484375
G1 X85.78125 Y63.80859375
G1 X85.869140625 Y63.80859375
G1 X85.95703125 Y63.896484375
G1 X85.95703125 Y63.984375
G1 X85.869140625 Y64.072265625
G1 X85.869140625 Y64.16015625
G1 X85.78125 Y64.248046875
G1 X85.693359375 Y64.16015625
G1 X85.693359375 Y64.248046875
G1 X85.869140625 Y64.248046875
G1 X85.95703125 Y64.16015625
G1 X86.1328125 Y64.16015625
G1 X86.1328125 Y64.072265625
G1 X86.044921875 Y63.984375
G1 X86.1328125 Y63.896484375
G1 X86.30859375 Y63.896484375
G1 X86.396484375 Y63.984375
G1 X86.396484375 Y64.248046875
G1 X86.30859375 Y64.3359375
G1 X86.044921875 Y64.3359375
G1 X85.95703125 Y64.423828125
G1 X85.78125 Y64.423828125
G1 X85.869140625 Y64.51171875
G1 X85.869140625 Y64.6875
G1 X85.95703125 Y64.599609375
G1 X86.30859375 Y64.599609375
G1 X86.396484375 Y64.6875
G1 X86.396484375 Y64.775390625
G1 X86.30859375 Y64.86328125
G1 X86.220703125 Y64.86328125
G1 X86.1328125 Y64.951171875
G1 X86.1328125 Y65.126953125
G1 X86.044921875 Y65.21484375
G1 X85.869140625 Y65.0390625
G1 X85.95703125 Y64.951171875
G1 X85.95703125 Y64.86328125
G1 X86.044921875 Y64.775390625
G1 X85.95703125 Y64.86328125
G1 X85.869140625 Y64.86328125
G1 X85.517578125 Y65.21484375
G1 X85.693359375 Y65.390625
G1 X85.693359375 Y65.478515625
G1 X85.517578125 Y65.654296875
G1 X85.4296875 Y65.654296875
G1 X85.341796875 Y65.56640625
G1 X85.25390625 Y65.56640625
G1 X85.166015625 Y65.654296875
G1 X85.25390625 Y65.56640625
G1 X85.341796875 Y65.56640625
G1 X85.517578125 Y65.7421875
G1 X85.517578125 Y65.830078125
G1 X85.4296875 Y65.91796875
G1 X85.60546875 Y65.91796875
G1 X85.693359375 Y66.005859375
G1 X85.60546875 Y66.09375
G1 X85.60546875 Y66.181640625
G1 X85.517578125 Y66.26953125
G1 X85.4296875 Y66.26953125
G1 X85.341796875 Y66.181640625
G1 X85.166015625 Y66.181640625
G1 X85.25390625 Y66.26953125
G1 X85.341796875 Y66.181640625
G1 X85.4296875 Y66.26953125
G1 X85.4296875 Y66.357421875
G1 X85.25390625 Y66.533203125
G1 X84.990234375 Y66.26953125
G1 X84.90234375 Y66.26953125
G1 X84.814453125 Y66.357421875
G1 X84.7265625 Y66.357421875
G1 X84.638671875 Y66.26953125
G1 X84.375 Y66.26953125
G1 X84.287109375 Y66.357421875
G1 X84.287109375 Y66.4453125
G1 X84.375 Y66.4453125
G1 X84.55078125 Y66.62109375
G1 X84.7265625 Y66.62109375
G1 X84.638671875 Y66.533203125
G1 X84.462890625 Y66.533203125
G1 X84.375 Y66.4453125
G1 X84.55078125 Y66.26953125
G1 X84.638671875 Y66.357421875
G1 X84.7265625 Y66.357421875
G1 X84.814453125 Y66.4453125
G1 X84.90234375 Y66.357421875
G1 X84.990234375 Y66.357421875
G1 X85.078125 Y66.4453125
G1 X84.990234375 Y66.533203125
G1 X84.990234375 Y66.62109375
G1 X84.90234375 Y66.708984375
G1 X84.990234375 Y66.708984375
G1 X85.078125 Y66.796875
G1 X85.078125 Y66.884765625
G1 X84.990234375 Y66.97265625
G1 X84.90234375 Y66.884765625
G1 X84.7265625 Y66.884765625
G1 X84.814453125 Y66.884765625
G1 X84.90234375 Y66.97265625
G1 X84.90234375 Y67.060546875
G1 X84.638671875 Y67.32421875
G1 X84.814453125 Y67.32421875
G1 X84.90234375 Y67.412109375
G1 X84.7265625 Y67.587890625
G1 X84.638671875 Y67.5
G1 X84.55078125 Y67.5
G1 X84.462890625 Y67.412109375
G1 X84.462890625 Y67.32421875
G1 X84.375 Y67.236328125
G1 X84.462890625 Y67.1484375
G1 X84.55078125 Y67.1484375
G1 X84.638671875 Y67.060546875
G1 X84.462890625 Y67.060546875
G1 X84.375 Y66.97265625
G1 X84.462890625 Y66.884765625
G1 X84.55078125 Y66.884765625
G1 X84.55078125 Y66.796875
G1 X84.462890625 Y66.796875
G1 X84.287109375 Y66.62109375
G1 X84.287109375 Y66.708984375
G1 X84.375 Y66.708984375
G1 X84.462890625 Y66.796875
G1 X84.462890625 Y66.884765625
G1 X84.375 Y66.97265625
G1 X84.19921875 Y66.97265625
G1 X84.111328125 Y67.060546875
G1 X84.0234375 Y67.060546875
G1 X83.935546875 Y66.97265625
G1 X84.111328125 Y66.796875
G1 X84.111328125 Y66.708984375
G1 X84.0234375 Y66.796875
G1 X83.935546875 Y66.796875
G1 X83.759765625 Y66.62109375
G1 X83.671875 Y66.708984375
G1 X83.583984375 Y66.708984375
G1 X83.671875 Y66.708984375
G1 X83.759765625 Y66.62109375
G1 X84.0234375 Y66.884765625
G1 X83.935546875 Y66.97265625
G1 X83.671875 Y66.97265625
G1 X83.583984375 Y66.884765625
G1 X83.671875 Y66.97265625
G1 X83.84765625 Y66.97265625
G1 X84.0234375 Y67.1484375
G1 X83.935546875 Y67.236328125
G1 X83.759765625 Y67.236328125
G1 X83.84765625 Y67.32421875
G1 X83.759765625 Y67.412109375
G1 X83.583984375 Y67.412109375
G1 X83.671875 Y67.412109375
G1 X83.84765625 Y67.587890625
G1 X83.759765625 Y67.67578125
G1 X83.49609375 Y67.67578125
G1 X83.583984375 Y67.763671875
G1 X83.49609375 Y67.8515625
G1 X83.408203125 Y67.8515625
G1 X83.232421875 Y67.67578125
G1 X83.408203125 Y67.5
G1 X83.232421875 Y67.67578125
G1 X83.232421875 Y67.8515625
G1 X83.14453125 Y67.939453125
G1 X82.96875 Y67.763671875
G1 X83.056640625 Y67.67578125
G1 X83.056640625 Y67.587890625
G1 X82.96875 Y67.587890625
G1 X82.96875 Y67.763671875
G1 X83.14453125 Y67.939453125
G1 X83.056640625 Y68.02734375
G1 X82.96875 Y68.02734375
G1 X83.14453125 Y68.203125
G1 X83.056640625 Y68.291015625
G1 X82.96875 Y68.291015625
G1 X82.96875 Y68.37890625
G1 X83.056640625 Y68.37890625
G1 X83.14453125 Y68.466796875
G1 X83.14453125 Y68.642578125
G1 X83.056640625 Y68.73046875
G1 X83.056640625 Y68.818359375
G1 X83.14453125 Y68.90625
G1 X83.14453125 Y68.994140625
G1 X83.056640625 Y69.08203125
G1 X83.14453125 Y69.169921875
G1 X83.056640625 Y69.2578125
G1 X82.96875 Y69.2578125
G1 X83.14453125 Y69.43359375
G1 X83.056640625 Y69.521484375
G1 X82.79296875 Y69.521484375
G1 X82.705078125 Y69.609375
G1 X82.705078125 Y69.697265625
G1 X82.705078125 Y69.609375
G1 X82.79296875 Y69.521484375
G1 X82.96875 Y69.521484375
G1 X83.14453125 Y69.697265625
G1 X83.056640625 Y69.78515625
G1 X82.96875 Y69.78515625
G1 X82.96875 Y69.873046875
G1 X83.056640625 Y69.873046875
G1 X83.14453125 Y69.9609375
G1 X83.056640625 Y70.048828125
G1 X83.056640625 Y70.13671875
G1 X82.96875 Y70.224609375
G1 X82.880859375 Y70.224609375
G1 X83.14453125 Y70.48828125
G1 X82.96875 Y70.6640625
G1 X83.232421875 Y70.6640625
G1 X83.3203125 Y70.751953125
G1 X83.232421875 Y70.83984375
G1 X83.14453125 Y70.83984375
G1 X83.14453125 Y70.927734375
G1 X83.056640625 Y71.015625
G1 X82.96875 Y71.015625
G1 X83.056640625 Y71.103515625
G1 X82.96875 Y71.19140625
G1 X82.880859375 Y71.19140625
G1 X82.79296875 Y71.279296875
G1 X82.705078125 Y71.19140625
G1 X82.705078125 Y71.103515625
G1 X82.79296875 Y71.015625
G1 X82.79296875 Y70.751953125
G1 X82.6171875 Y70.576171875
G1 X82.705078125 Y70.48828125
G1 X82.880859375 Y70.48828125
G1 X82.79296875 Y70.400390625
G1 X82.705078125 Y70.400390625
G1 X82.705078125 Y70.48828125
G1 X82.6171875 Y70.576171875
G1 X82.44140625 Y70.400390625
G1 X82.44140625 Y70.3125
G1 X82.529296875 Y70.224609375
G1 X82.6171875 Y70.224609375
G1 X82.79296875 Y70.048828125
G1 X82.880859375 Y70.048828125
G1 X82.705078125 Y69.873046875
G1 X82.6171875 Y69.873046875
G1 X82.529296875 Y69.78515625
G1 X82.44140625 Y69.78515625
G1 X82.353515625 Y69.697265625
G1 X82.44140625 Y69.609375
G1 X82.529296875 Y69.609375
G1 X82.529296875 Y69.521484375
G1 X82.705078125 Y69.345703125
G1 X82.79296875 Y69.345703125
G1 X82.6171875 Y69.169921875
G1 X82.705078125 Y69.08203125
G1 X82.79296875 Y69.08203125
G1 X82.705078125 Y68.994140625
G1 X82.705078125 Y68.90625
G1 X82.79296875 Y68.818359375
G1 X82.705078125 Y68.90625
G1 X82.6171875 Y68.90625
G1 X82.529296875 Y68.818359375
G1 X82.6171875 Y68.73046875
G1 X82.6171875 Y68.642578125
G1 X82.705078125 Y68.5546875
G1 X82.6171875 Y68.5546875
G1 X82.353515625 Y68.291015625
G1 X82.44140625 Y68.203125
G1 X82.529296875 Y68.203125
G1 X82.529296875 Y68.115234375
G1 X82.79296875 Y67.8515625
G1 X82.705078125 Y67.763671875
G1 X82.705078125 Y67.587890625
G1 X82.6171875 Y67.587890625
G1 X82.529296875 Y67.5
G1 X82.6171875 Y67.412109375
G1 X82.705078125 Y67.412109375
G1 X82.6171875 Y67.32421875
G1 X82.705078125 Y67.236328125
G1 X82.705078125 Y67.1484375
G1 X82.6171875 Y67.1484375
G1 X82.705078125 Y67.236328125
G1 X82.6171875 Y67.32421875
G1 X82.529296875 Y67.32421875
G1 X82.44140625 Y67.236328125
G1 X82.44140625 Y67.1484375
G1 X82.353515625 Y67.060546875
G1 X82.44140625 Y66.97265625
G1 X82.529296875 Y66.97265625
G1 X82.44140625 Y66.97265625
G1 X82.353515625 Y66.884765625
G1 X82.353515625 Y66.796875
G1 X82.265625 Y66.708984375
G1 X82.177734375 Y66.708984375
G1 X82.08984375 Y66.62109375
G1 X82.08984375 Y66.4453125
G1 X82.177734375 Y66.357421875
G1 X82.265625 Y66.4453125
G1 X82.265625 Y66.533203125
G1 X82.353515625 Y66.533203125
G1 X82.44140625 Y66.62109375
G1 X82.353515625 Y66.533203125
G1 X82.353515625 Y66.4453125
G1 X82.44140625 Y66.357421875
G1 X82.529296875 Y66.357421875
G1 X82.6171875 Y66.4453125
G1 X82.6171875 Y66.533203125
G1 X82.79296875 Y66.533203125
G1 X82.705078125 Y66.533203125
G1 X82.6171875 Y66.4453125
G1 X82.79296875 Y66.26953125
G1 X82.529296875 Y66.005859375
G1 X82.6171875 Y65.91796875
G1 X82.353515625 Y65.654296875
G1 X82.44140625 Y65.56640625
G1 X82.6171875 Y65.56640625
G1 X82.705078125 Y65.654296875
G1 X82.705078125 Y65.56640625
G1 X82.529296875 Y65.56640625
G1 X82.44140625 Y65.478515625
G1 X82.6171875 Y65.302734375
G1 X82.79296875 Y65.302734375
G1 X82.529296875 Y65.302734375
G1 X82.44140625 Y65.21484375
G1 X82.529296875 Y65.126953125
G1 X82.6171875 Y65.126953125
G1 X82.705078125 Y65.0390625
G1 X82.6171875 Y65.126953125
G1 X82.44140625 Y64.951171875
G1 X82.529296875 Y64.86328125
G1 X82.6171875 Y64.86328125
G1 X82.529296875 Y64.86328125
G1 X82.44140625 Y64.775390625
G1 X82.529296875 Y64.6875
G1 X82.44140625 Y64.6875
G1 X82.44140625 Y64.775390625
G1 X82.529296875 Y64.86328125
G1 X82.44140625 Y64.951171875
G1 X82.44140625 Y65.0390625
G1 X82.529296875 Y65.126953125
G1 X82.44140625 Y65.21484375
G1 X82.265625 Y65.21484375
G1 X82.177734375 Y65.302734375
G1 X82.177734375 Y65.390625
G1 X82.265625 Y65.390625
G1 X82.177734375 Y65.302734375
G1 X82.265625 Y65.21484375
G1 X82.353515625 Y65.21484375
G1 X82.529296875 Y65.390625
G1 X82.44140625 Y65.478515625
G1 X82.44140625 Y65.56640625
G1 X82.353515625 Y65.654296875
G1 X82.265625 Y65.654296875
G1 X82.177734375 Y65.56640625
G1 X82.08984375 Y65.56640625
G1 X82.08984375 Y65.654296875
G1 X82.001953125 Y65.7421875
G1 X81.9140625 Y65.7421875
G1 X81.826171875 Y65.654296875
G1 X81.826171875 Y65.56640625
G1 X82.001953125 Y65.390625
G1 X81.9140625 Y65.390625
G1 X81.9140625 Y65.478515625
G1 X81.826171875 Y65.56640625
G1 X81.826171875 Y65.654296875
G1 X81.9140625 Y65.7421875
G1 X81.826171875 Y65.830078125
G1 X81.73828125 Y65.830078125
G1 X81.73828125 Y65.91796875
G1 X81.826171875 Y65.91796875
G1 X81.9140625 Y65.830078125
G1 X82.001953125 Y65.830078125
G1 X82.08984375 Y65.91796875
G1 X82.001953125 Y66.005859375
G1 X82.001953125 Y66.09375
G1 X82.08984375 Y66.181640625
G1 X82.001953125 Y66.26953125
G1 X82.08984375 Y66.181640625
G1 X82.08984375 Y66.09375
G1 X82.001953125 Y66.005859375
G1 X82.08984375 Y65.91796875
G1 X82.353515625 Y65.91796875
G1 X82.44140625 Y66.005859375
G1 X82.44140625 Y66.357421875
G1 X82.353515625 Y66.4453125
G1 X82.265625 Y66.357421875
G1 X82.177734375 Y66.357421875
G1 X82.001953125 Y66.533203125
G1 X81.9140625 Y66.4453125
G1 X81.826171875 Y66.4453125
G1 X81.9140625 Y66.4453125
G1 X82.177734375 Y66.708984375
G1 X82.08984375 Y66.796875
G1 X82.08984375 Y66.884765625
G1 X82.001953125 Y66.97265625
G1 X81.9140625 Y66.97265625
G1 X81.826171875 Y66.884765625
G1 X81.9140625 Y66.97265625
G1 X82.001953125 Y66.97265625
G1 X82.08984375 Y66.884765625
G1 X82.177734375 Y66.884765625
G1 X82.265625 Y66.97265625
G1 X82.265625 Y67.060546875
G1 X82.177734375 Y67.1484375
G1 X82.08984375 Y67.1484375
G1 X82.08984375 Y67.236328125
G1 X81.826171875 Y67.5
G1 X81.73828125 Y67.5
G1 X81.9140625 Y67.5
G1 X82.08984375 Y67.67578125
G1 X82.08984375 Y67.763671875
G1 X82.177734375 Y67.763671875
G1 X82.265625 Y67.8515625
G1 X82.08984375 Y68.02734375
G1 X81.9140625 Y67.8515625
G1 X81.9140625 Y67.763671875
G1 X81.826171875 Y67.763671875
G1 X81.826171875 Y67.8515625
G1 X81.73828125 Y67.939453125
G1 X81.650390625 Y67.939453125
G1 X81.474609375 Y67.763671875
G1 X81.474609375 Y67.8515625
G1 X81.5625 Y67.8515625
G1 X82.08984375 Y68.37890625
G1 X82.08984375 Y68.466796875
G1 X82.001953125 Y68.5546875
G1 X81.826171875 Y68.37890625
G1 X81.826171875 Y68.466796875
G1 X81.9140625 Y68.5546875
G1 X81.9140625 Y68.642578125
G1 X81.826171875 Y68.73046875
G1 X81.826171875 Y68.818359375
G1 X81.9140625 Y68.90625
G1 X81.826171875 Y68.994140625
G1 X81.73828125 Y68.994140625
G1 X81.650390625 Y69.08203125
G1 X81.5625 Y69.08203125
G1 X81.474609375 Y69.169921875
G1 X81.38671875 Y69.08203125
G1 X81.38671875 Y69.169921875
G1 X81.474609375 Y69.169921875
G1 X81.5625 Y69.08203125
G1 X81.650390625 Y69.08203125
G1 X81.73828125 Y68.994140625
G1 X81.9140625 Y68.994140625
G1 X82.001953125 Y69.08203125
G1 X81.73828125 Y69.345703125
G1 X81.650390625 Y69.345703125
G1 X81.826171875 Y69.521484375
G1 X81.826171875 Y69.609375
G1 X81.9140625 Y69.609375
G1 X82.08984375 Y69.78515625
G1 X82.08984375 Y69.873046875
G1 X82.001953125 Y69.9609375
G1 X81.9140625 Y69.9609375
G1 X81.826171875 Y69.873046875
G1 X81.826171875 Y69.78515625
G1 X81.73828125 Y69.78515625
G1 X81.650390625 Y69.697265625
G1 X81.650390625 Y69.609375
G1 X81.5625 Y69.609375
G1 X81.5625 Y69.697265625
G1 X81.474609375 Y69.78515625
G1 X81.5625 Y69.697265625
G1 X81.650390625 Y69.697265625
G1 X81.73828125 Y69.78515625
G1 X81.73828125 Y69.873046875
G1 X81.650390625 Y69.9609375
G1 X81.5625 Y69.9609375
G1 X81.73828125 Y70.13671875
G1 X81.650390625 Y70.224609375
G1 X81.38671875 Y70.224609375
G1 X81.298828125 Y70.13671875
G1 X81.2109375 Y70.13671875
G1 X81.123046875 Y70.224609375
G1 X81.123046875 Y70.3125
G1 X81.2109375 Y70.400390625
G1 X81.123046875 Y70.3125
G1 X81.123046875 Y70.224609375
G1 X81.2109375 Y70.13671875
G1 X81.298828125 Y70.13671875
G1 X81.38671875 Y70.224609375
G1 X81.650390625 Y70.224609375
G1 X81.73828125 Y70.13671875
G1 X81.826171875 Y70.13671875
G1 X81.9140625 Y70.048828125
G1 X82.001953125 Y70.048828125
G1 X82.08984375 Y70.13671875
G1 X82.001953125 Y70.224609375
G1 X82.001953125 Y70.3125
G1 X81.9140625 Y70.400390625
G1 X81.73828125 Y70.400390625
G1 X81.650390625 Y70.48828125
G1 X81.38671875 Y70.48828125
G1 X81.38671875 Y70.576171875
G1 X81.474609375 Y70.48828125
G1 X81.650390625 Y70.48828125
G1 X81.73828125 Y70.400390625
G1 X81.826171875 Y70.400390625
G1 X82.001953125 Y70.576171875
G1 X82.001953125 Y70.751953125
G1 X81.9140625 Y70.83984375
G1 X81.826171875 Y70.751953125
G1 X81.826171875 Y70.6640625
G1 X81.73828125 Y70.6640625
G1 X81.650390625 Y70.751953125
G1 X81.38671875 Y70.751953125
G1 X81.474609375 Y70.751953125
G1 X81.5625 Y70.83984375
G1 X81.38671875 Y71.015625
G1 X81.38671875 Y71.103515625
G1 X81.474609375 Y71.19140625
G1 X81.474609375 Y71.279296875
G1 X81.298828125 Y71.455078125
G1 X81.2109375 Y71.455078125
G1 X81.123046875 Y71.54296875
G1 X81.03515625 Y71.455078125
G1 X80.947265625 Y71.455078125
G1 X81.03515625 Y71.54296875
G1 X81.123046875 Y71.54296875
G1 X81.2109375 Y71.455078125
G1 X81.38671875 Y71.455078125
G1 X81.474609375 Y71.54296875
G1 X81.474609375 Y71.630859375
G1 X81.5625 Y71.71875
G1 X81.650390625 Y71.71875
G1 X81.650390625 Y71.630859375
G1 X81.73828125 Y71.54296875
G1 X81.9140625 Y71.71875
G1 X81.5625 Y72.0703125
G1 X81.474609375 Y71.982421875
G1 X81.474609375 Y71.89453125
G1 X81.298828125 Y72.0703125
G1 X81.123046875 Y71.89453125
G1 X81.298828125 Y72.0703125
G1 X81.298828125 Y72.158203125
G1 X81.2109375 Y72.24609375
G1 X81.38671875 Y72.24609375
G1 X81.474609375 Y72.333984375
G1 X81.5625 Y72.333984375
G1 X81.650390625 Y72.421875
G1 X81.650390625 Y72.509765625
G1 X81.5625 Y72.59765625
G1 X81.474609375 Y72.509765625
G1 X81.298828125 Y72.509765625
G1 X81.38671875 Y72.59765625
G1 X81.38671875 Y72.685546875
G1 X81.298828125 Y72.7734375
G1 X81.474609375 Y72.7734375
G1 X81.5625 Y72.861328125
G1 X81.474609375 Y72.94921875
G1 X81.38671875 Y72.94921875
G1 X81.38671875 Y73.037109375
G1 X81.298828125 Y73.125
G1 X81.298828125 Y73.212890625
G1 X81.38671875 Y73.212890625
G1 X81.474609375 Y73.30078125
G1 X81.474609375 Y73.388671875
G1 X81.38671875 Y73.4765625
G1 X81.298828125 Y73.388671875
G1 X81.38671875 Y73.4765625
G1 X81.474609375 Y73.4765625
G1 X81.474609375 Y73.388671875
G1 X81.5625 Y73.30078125
G1 X81.474609375 Y73.30078125
G1 X81.38671875 Y73.212890625
G1 X81.38671875 Y73.125
G1 X81.474609375 Y73.037109375
G1 X81.474609375 Y72.94921875
G1 X81.5625 Y72.861328125
G1 X81.650390625 Y72.861328125
G1 X81.73828125 Y72.94921875
G1 X81.73828125 Y73.037109375
G1 X81.650390625 Y73.125
G1 X81.73828125 Y73.125
G1 X81.9140625 Y73.30078125
G1 X81.826171875 Y73.388671875
G1 X81.73828125 Y73.388671875
G1 X81.73828125 Y73.4765625
G1 X81.650390625 Y73.564453125
G1 X81.9140625 Y73.564453125
G1 X82.001953125 Y73.65234375
G1 X81.826171875 Y73.828125
G1 X81.826171875 Y73.916015625
G1 X81.9140625 Y73.916015625
G1 X81.826171875 Y73.828125
G1 X82.177734375 Y73.4765625
G1 X82.265625 Y73.4765625
G1 X82.353515625 Y73.564453125
G1 X82.353515625 Y73.65234375
G1 X82.265625 Y73.740234375
G1 X82.177734375 Y73.740234375
G1 X82.177734375 Y73.828125
G1 X82.265625 Y73.916015625
G1 X82.177734375 Y74.00390625
G1 X82.08984375 Y74.00390625
G1 X82.001953125 Y74.091796875
G1 X81.826171875 Y74.091796875
G1 X81.826171875 Y74.1796875
G1 X81.73828125 Y74.267578125
G1 X81.5625 Y74.267578125
G1 X81.474609375 Y74.35546875
G1 X81.474609375 Y74.443359375
G1 X81.38671875 Y74.53125
G1 X81.298828125 Y74.53125
G1 X81.123046875 Y74.70703125
G1 X81.298828125 Y74.70703125
G1 X81.298828125 Y74.619140625
G1 X81.474609375 Y74.443359375
G1 X81.474609375 Y74.35546875
G1 X81.5625 Y74.267578125
G1 X81.650390625 Y74.267578125
G1 X81.826171875 Y74.443359375
G1 X81.73828125 Y74.53125
G1 X81.650390625 Y74.53125
G1 X81.73828125 Y74.53125
G1 X81.826171875 Y74.443359375
G1 X81.9140625 Y74.443359375
G1 X82.001953125 Y74.53125
G1 X82.001953125 Y74.619140625
G1 X81.826171875 Y74.794921875
G1 X81.826171875 Y74.8828125
G1 X81.73828125 Y74.970703125
G1 X81.650390625 Y74.970703125
G1 X81.73828125 Y75.05859375
G1 X81.650390625 Y75.146484375
G1 X81.5625 Y75.146484375
G1 X81.650390625 Y75.146484375
G1 X81.73828125 Y75.05859375
G1 X81.73828125 Y74.970703125
G1 X81.826171875 Y74.8828125
G1 X81.826171875 Y74.794921875
G1 X82.08984375 Y74.53125
G1 X82.001953125 Y74.53125
G1 X81.826171875 Y74.35546875
G1 X81.826171875 Y74.267578125
G1 X81.9140625 Y74.1796875
G1 X82.001953125 Y74.1796875
G1 X82.08984375 Y74.091796875
G1 X82.177734375 Y74.091796875
G1 X82.265625 Y74.1796875
G1 X82.08984375 Y74.35546875
G1 X82.177734375 Y74.35546875
G1 X82.265625 Y74.267578125
G1 X82.529296875 Y74.267578125
G1 X82.6171875 Y74.35546875
G1 X82.6171875 Y74.443359375
G1 X82.529296875 Y74.53125
G1 X82.265625 Y74.53125
G1 X82.353515625 Y74.53125
G1 X82.44140625 Y74.619140625
G1 X82.6171875 Y74.619140625
G1 X82.705078125 Y74.70703125
G1 X82.529296875 Y74.8828125
G1 X82.44140625 Y74.794921875
G1 X82.265625 Y74.794921875
G1 X82.177734375 Y74.70703125
G1 X82.265625 Y74.794921875
G1 X82.177734375 Y74.8828125
G1 X82.08984375 Y74.8828125
G1 X82.08984375 Y74.970703125
G1 X82.001953125 Y75.05859375
G1 X81.9140625 Y75.05859375
G1 X82.08984375 Y75.234375
G1 X82.265625 Y75.234375
G1 X82.265625 Y75.146484375
G1 X82.353515625 Y75.05859375
G1 X82.44140625 Y75.05859375
G1 X82.6171875 Y75.234375
G1 X82.79296875 Y75.234375
G1 X83.056640625 Y75.498046875
G1 X83.14453125 Y75.498046875
G1 X83.232421875 Y75.5859375
G1 X83.14453125 Y75.673828125
G1 X83.14453125 Y75.849609375
G1 X83.056640625 Y75.9375
G1 X82.96875 Y75.849609375
G1 X82.79296875 Y75.849609375
G1 X82.705078125 Y75.9375
G1 X82.6171875 Y75.9375
G1 X82.79296875 Y76.11328125
G1 X82.705078125 Y76.201171875
G1 X82.6171875 Y76.201171875
G1 X82.353515625 Y75.9375
G1 X82.265625 Y75.9375
G1 X82.177734375 Y75.849609375
G1 X82.265625 Y75.76171875
G1 X82.529296875 Y75.76171875
G1 X82.529296875 Y75.673828125
G1 X82.353515625 Y75.673828125
G1 X82.265625 Y75.5859375
G1 X82.44140625 Y75.41015625
G1 X82.529296875 Y75.41015625
G1 X82.44140625 Y75.322265625
G1 X82.265625 Y75.498046875
G1 X82.08984375 Y75.498046875
G1 X82.001953125 Y75.41015625
G1 X82.08984375 Y75.498046875
G1 X82.177734375 Y75.498046875
G1 X82.265625 Y75.5859375
G1 X82.265625 Y75.673828125
G1 X82.177734375 Y75.76171875
G1 X82.177734375 Y75.849609375
G1 X82.08984375 Y75.9375
G1 X82.001953125 Y75.9375
G1 X81.9140625 Y76.025390625
G1 X81.9140625 Y76.11328125
G1 X81.826171875 Y76.201171875
G1 X81.826171875 Y76.2890625
G1 X81.73828125 Y76.376953125
G1 X81.650390625 Y76.376953125
G1 X81.73828125 Y76.46484375
G1 X81.73828125 Y76.376953125
G1 X81.826171875 Y76.2890625
G1 X81.9140625 Y76.2890625
G1 X82.001953125 Y76.376953125
G1 X81.9140625 Y76.46484375
G1 X82.001953125 Y76.46484375
G1 X82.08984375 Y76.376953125
G1 X82.177734375 Y76.376953125
G1 X82.08984375 Y76.376953125
G1 X82.001953125 Y76.2890625
G1 X81.9140625 Y76.2890625
G1 X81.826171875 Y76.201171875
G1 X81.9140625 Y76.11328125
G1 X81.9140625 Y76.025390625
G1 X82.001953125 Y75.9375
G1 X82.08984375 Y75.9375
G1 X82.177734375 Y75.849609375
G1 X82.44140625 Y76.11328125
G1 X82.529296875 Y76.11328125
G1 X82.6171875 Y76.201171875
G1 X82.6171875 Y76.2890625
G1 X82.529296875 Y76.376953125
G1 X82.44140625 Y76.2890625
G1 X82.353515625 Y76.2890625
G1 X82.177734375 Y76.11328125
G1 X82.177734375 Y76.201171875
G1 X82.265625 Y76.201171875
G1 X82.353515625 Y76.2890625
G1 X82.44140625 Y76.2890625
G1 X82.529296875 Y76.376953125
G1 X82.44140625 Y76.46484375
G1 X82.353515625 Y76.46484375
G1 X82.44140625 Y76.46484375
G1 X82.529296875 Y76.376953125
G1 X82.705078125 Y76.376953125
G1 X82.79296875 Y76.46484375
G1 X82.705078125 Y76.552734375
G1 X82.6171875 Y76.552734375
G1 X82.6171875 Y76.640625
G1 X82.529296875 Y76.728515625
G1 X82.44140625 Y76.728515625
G1 X82.353515625 Y76.640625
G1 X82.177734375 Y76.640625
G1 X82.353515625 Y76.640625
G1 X82.44140625 Y76.728515625
G1 X82.44140625 Y76.81640625
G1 X82.353515625 Y76.904296875
G1 X82.265625 Y76.904296875
G1 X82.177734375 Y76.81640625
G1 X82.08984375 Y76.81640625
G1 X82.001953125 Y76.904296875
G1 X82.265625 Y76.904296875
G1 X82.353515625 Y76.9921875
G1 X82.44140625 Y76.9921875
G1 X82.529296875 Y76.904296875
G1 X82.705078125 Y76.904296875
G1 X82.79296875 Y76.9921875
G1 X82.705078125 Y77.080078125
G1 X82.6171875 Y77.080078125
G1 X82.529296875 Y77.16796875
G1 X82.177734375 Y77.16796875
G1 X82.44140625 Y77.16796875
G1 X82.529296875 Y77.255859375
G1 X82.44140625 Y77.34375
G1 X82.353515625 Y77.34375
G1 X82.353515625 Y77.431640625
G1 X82.265625 Y77.51953125
G1 X82.265625 Y77.607421875
G1 X82.177734375 Y77.6953125
G1 X82.08984375 Y77.6953125
G1 X82.001953125 Y77.607421875
G1 X82.001953125 Y77.431640625
G1 X82.08984375 Y77.34375
G1 X82.177734375 Y77.34375
G1 X82.08984375 Y77.34375
G1 X82.001953125 Y77.431640625
G1 X81.9140625 Y77.431640625
G1 X81.9140625 Y77.51953125
G1 X81.826171875 Y77.607421875
G1 X81.650390625 Y77.431640625
G1 X81.650390625 Y77.34375
G1 X81.5625 Y77.255859375
G1 X81.5625 Y77.080078125
G1 X81.474609375 Y76.9921875
G1 X81.474609375 Y76.904296875
G1 X81.5625 Y76.81640625
G1 X81.650390625 Y76.904296875
G1 X81.650390625 Y76.81640625
G1 X81.5625 Y76.81640625
G1 X81.38671875 Y76.9921875
G1 X81.298828125 Y76.9921875
G1 X81.2109375 Y77.080078125
G1 X81.123046875 Y77.080078125
G1 X80.947265625 Y76.904296875
G1 X80.947265625 Y76.728515625
G1 X81.03515625 Y76.640625
G1 X80.947265625 Y76.640625
G1 X80.859375 Y76.552734375
G1 X80.859375 Y76.46484375
G1 X80.947265625 Y76.376953125
G1 X80.859375 Y76.376953125
G1 X80.771484375 Y76.46484375
G1 X80.947265625 Y76.640625
G1 X80.947265625 Y76.728515625
G1 X80.859375 Y76.81640625
G1 X80.771484375 Y76.81640625
G1 X80.595703125 Y76.640625
G1 X80.5078125 Y76.640625
G1 X80.595703125 Y76.640625
G1 X80.68359375 Y76.728515625
G1 X80.68359375 Y76.81640625
G1 X80.771484375 Y76.81640625
G1 X80.859375 Y76.904296875
G1 X80.947265625 Y76.904296875
G1 X81.03515625 Y76.9921875
G1 X80.947265625 Y77.080078125
G1 X81.123046875 Y77.080078125
G1 X81.2109375 Y77.16796875
G1 X81.03515625 Y77.34375
G1 X80.947265625 Y77.34375
G1 X80.771484375 Y77.16796875
G1 X80.771484375 Y77.34375
G1 X81.123046875 Y77.34375
G1 X81.123046875 Y77.255859375
G1 X81.2109375 Y77.16796875
G1 X81.2109375 Y77.080078125
G1 X81.298828125 Y76.9921875
G1 X81.474609375 Y76.9921875
G1 X81.5625 Y77.080078125
G1 X81.474609375 Y77.16796875
G1 X81.474609375 Y77.255859375
G1 X81.298828125 Y77.431640625
G1 X81.298828125 Y77.51953125
G1 X81.38671875 Y77.51953125
G1 X81.474609375 Y77.607421875
G1 X81.5625 Y77.607421875
G1 X81.650390625 Y77.51953125
G1 X81.73828125 Y77.51953125
G1 X81.826171875 Y77.607421875
G1 X82.001953125 Y77.607421875
G1 X82.08984375 Y77.6953125
G1 X82.08984375 Y77.783203125
G1 X82.001953125 Y77.87109375
G1 X81.9140625 Y77.783203125
G1 X81.9140625 Y77.87109375
G1 X81.826171875 Y77.958984375
G1 X81.9140625 Y77.958984375
G1 X82.08984375 Y77.783203125
G1 X82.353515625 Y78.046875
G1 X82.44140625 Y78.046875
G1 X82.529296875 Y78.134765625
G1 X82.529296875 Y78.22265625
G1 X82.44140625 Y78.310546875
G1 X82.353515625 Y78.22265625
G1 X82.705078125 Y78.57421875
G1 X82.6171875 Y78.662109375
G1 X82.529296875 Y78.662109375
G1 X82.44140625 Y78.57421875
G1 X82.44140625 Y78.662109375
G1 X82.353515625 Y78.75
G1 X82.265625 Y78.75
G1 X82.177734375 Y78.662109375
G1 X82.177734375 Y78.486328125
G1 X82.265625 Y78.3984375
G1 X82.177734375 Y78.3984375
G1 X82.177734375 Y78.486328125
G1 X82.08984375 Y78.57421875
G1 X82.001953125 Y78.57421875
G1 X81.9140625 Y78.662109375
G1 X81.73828125 Y78.662109375
G1 X81.73828125 Y78.75
G1 X81.826171875 Y78.837890625
G1 X81.5625 Y79.1015625
G1 X81.73828125 Y79.1015625
G1 X81.826171875 Y79.013671875
G1 X81.9140625 Y79.013671875
G1 X82.001953125 Y79.1015625
G1 X81.9140625 Y79.189453125
G1 X81.9140625 Y79.27734375
G1 X81.826171875 Y79.365234375
G1 X81.73828125 Y79.365234375
G1 X81.826171875 Y79.365234375
G1 X81.9140625 Y79.27734375
G1 X82.001953125 Y79.27734375
G1 X82.08984375 Y79.365234375
G1 X82.08984375 Y79.453125
G1 X82.001953125 Y79.541015625
G1 X81.9140625 Y79.541015625
G1 X81.826171875 Y79.62890625
G1 X81.73828125 Y79.62890625
G1 X81.5625 Y79.453125
G1 X81.650390625 Y79.541015625
G1 X81.650390625 Y79.62890625
G1 X81.5625 Y79.716796875
G1 X81.5625 Y79.892578125
G1 X81.826171875 Y79.892578125
G1 X81.9140625 Y79.8046875
G1 X82.177734375 Y79.8046875
G1 X82.177734375 Y79.716796875
G1 X82.08984375 Y79.716796875
G1 X82.001953125 Y79.62890625
G1 X82.001953125 Y79.541015625
G1 X82.08984375 Y79.453125
G1 X82.265625 Y79.453125
G1 X82.265625 Y79.365234375
G1 X82.44140625 Y79.189453125
G1 X82.6171875 Y79.189453125
G1 X82.705078125 Y79.27734375
G1 X82.44140625 Y79.541015625
G1 X82.44140625 Y79.716796875
G1 X82.529296875 Y79.716796875
G1 X82.6171875 Y79.8046875
G1 X82.6171875 Y79.892578125
G1 X82.705078125 Y79.892578125
G1 X82.79296875 Y79.98046875
G1 X82.705078125 Y80.068359375
G1 X82.529296875 Y80.068359375
G1 X82.44140625 Y80.15625
G1 X82.529296875 Y80.068359375
G1 X82.705078125 Y80.068359375
G1 X82.79296875 Y80.15625
G1 X82.6171875 Y80.33203125
G1 X82.705078125 Y80.33203125
G1 X82.79296875 Y80.244140625
G1 X82.880859375 Y80.33203125
G1 X82.79296875 Y80.244140625
G1 X82.79296875 Y80.15625
G1 X82.880859375 Y80.068359375
G1 X82.79296875 Y79.98046875
G1 X82.880859375 Y79.892578125
G1 X82.79296875 Y79.8046875
G1 X82.79296875 Y79.716796875
G1 X82.880859375 Y79.62890625
G1 X82.79296875 Y79.541015625
G1 X82.79296875 Y79.365234375
G1 X82.880859375 Y79.27734375
G1 X82.79296875 Y79.189453125
G1 X82.96875 Y79.013671875
G1 X82.880859375 Y79.1015625
G1 X82.705078125 Y78.92578125
G1 X82.79296875 Y78.837890625
G1 X82.880859375 Y78.837890625
G1 X82.880859375 Y78.75
G1 X82.79296875 Y78.662109375
G1 X82.79296875 Y78.57421875
G1 X82.705078125 Y78.57421875
G1 X82.6171875 Y78.486328125
G1 X82.705078125 Y78.3984375
G1 X82.880859375 Y78.3984375
G1 X82.79296875 Y78.310546875
G1 X82.96875 Y78.134765625
G1 X82.96875 Y78.046875
G1 X82.79296875 Y77.87109375
G1 X82.96875 Y77.6953125
G1 X82.880859375 Y77.607421875
G1 X82.880859375 Y77.51953125
G1 X82.96875 Y77.431640625
G1 X82.880859375 Y77.34375
G1 X82.880859375 Y77.255859375
G1 X82.96875 Y77.16796875
G1 X83.14453125 Y77.34375
G1 X83.14453125 Y78.3984375
G1 X83.232421875 Y78.3984375
G1 X83.3203125 Y78.486328125
G1 X83.232421875 Y78.57421875
G1 X83.14453125 Y78.57421875
G1 X83.14453125 Y78.662109375
G1 X83.232421875 Y78.75
G1 X83.14453125 Y78.837890625
G1 X83.14453125 Y78.92578125
G1 X83.232421875 Y79.013671875
G1 X83.14453125 Y79.1015625
G1 X83.14453125 Y79.189453125
G1 X83.232421875 Y79.189453125
G1 X83.3203125 Y79.27734375
G1 X83.232421875 Y79.365234375
G1 X83.14453125 Y79.365234375
G1 X83.14453125 Y79.541015625
G1 X83.232421875 Y79.62890625
G1 X83.14453125 Y79.716796875
G1 X83.14453125 Y79.8046875
G1 X83.056640625 Y79.892578125
G1 X83.232421875 Y80.068359375
G1 X83.14453125 Y80.15625
G1 X83.14453125 Y80.244140625
G1 X83.3203125 Y80.244140625
G1 X83.49609375 Y80.068359375
G1 X83.671875 Y80.068359375
G1 X83.759765625 Y80.15625
G1 X83.583984375 Y80.33203125
G1 X83.49609375 Y80.33203125
G1 X83.49609375 Y80.419921875
G1 X83.408203125 Y80.5078125
G1 X83.3203125 Y80.5078125
G1 X83.232421875 Y80.419921875
G1 X83.14453125 Y80.5078125
G1 X83.232421875 Y80.5078125
G1 X83.3203125 Y80.595703125
G1 X83.232421875 Y80.68359375
G1 X83.232421875 Y80.771484375
G1 X83.3203125 Y80.771484375
G1 X83.408203125 Y80.859375
G1 X83.3203125 Y80.947265625
G1 X83.232421875 Y80.947265625
G1 X83.232421875 Y81.03515625
G1 X83.3203125 Y81.123046875
G1 X83.14453125 Y81.298828125
G1 X83.3203125 Y81.298828125
G1 X83.408203125 Y81.38671875
G1 X83.232421875 Y81.5625
G1 X83.14453125 Y81.5625
G1 X83.408203125 Y81.5625
G1 X83.3203125 Y81.474609375
G1 X83.49609375 Y81.298828125
G1 X83.583984375 Y81.298828125
G1 X83.583984375 Y81.2109375
G1 X83.671875 Y81.123046875
G1 X83.935546875 Y81.123046875
G1 X84.0234375 Y81.2109375
G1 X84.0234375 Y81.298828125
G1 X83.935546875 Y81.38671875
G1 X83.84765625 Y81.298828125
G1 X83.583984375 Y81.5625
G1 X83.671875 Y81.5625
G1 X83.84765625 Y81.73828125
G1 X83.671875 Y81.9140625
G1 X83.583984375 Y81.826171875
G1 X83.583984375 Y81.73828125
G1 X83.49609375 Y81.73828125
G1 X83.408203125 Y81.826171875
G1 X83.232421875 Y81.826171875
G1 X83.14453125 Y81.73828125
G1 X83.056640625 Y81.73828125
G1 X83.14453125 Y81.73828125
G1 X83.3203125 Y81.9140625
G1 X83.232421875 Y82.001953125
G1 X83.14453125 Y82.001953125
G1 X83.14453125 Y82.177734375
G1 X83.056640625 Y82.265625
G1 X82.96875 Y82.265625
G1 X82.79296875 Y82.08984375
G1 X82.79296875 Y82.177734375
G1 X82.6171875 Y82.353515625
G1 X82.705078125 Y82.44140625
G1 X82.96875 Y82.44140625
G1 X82.79296875 Y82.44140625
G1 X82.705078125 Y82.353515625
G1 X82.705078125 Y82.265625
G1 X82.79296875 Y82.177734375
G1 X82.880859375 Y82.177734375
G1 X82.96875 Y82.265625
G1 X83.14453125 Y82.265625
G1 X83.232421875 Y82.177734375
G1 X83.3203125 Y82.177734375
G1 X83.408203125 Y82.265625
G1 X83.14453125 Y82.529296875
G1 X83.232421875 Y82.529296875
G1 X83.408203125 Y82.705078125
G1 X83.408203125 Y82.79296875
G1 X83.232421875 Y82.96875
G1 X83.14453125 Y82.96875
G1 X83.232421875 Y83.056640625
G1 X83.14453125 Y83.14453125
G1 X83.056640625 Y83.14453125
G1 X82.96875 Y83.056640625
G1 X82.96875 Y82.96875
G1 X82.79296875 Y82.96875
G1 X82.705078125 Y82.880859375
G1 X82.705078125 Y82.96875
G1 X82.880859375 Y82.96875
G1 X83.056640625 Y83.14453125
G1 X82.96875 Y83.232421875
G1 X82.705078125 Y83.232421875
G1 X82.6171875 Y83.14453125
G1 X82.529296875 Y83.14453125
G1 X82.353515625 Y82.96875
G1 X82.265625 Y82.96875
G1 X82.265625 Y83.056640625
G1 X82.177734375 Y83.14453125
G1 X82.001953125 Y83.14453125
G1 X81.9140625 Y83.056640625
G1 X82.001953125 Y82.96875
G1 X81.9140625 Y82.96875
G1 X81.9140625 Y83.14453125
G1 X81.826171875 Y83.232421875
G1 X81.73828125 Y83.232421875
G1 X81.73828125 Y83.3203125
G1 X81.826171875 Y83.3203125
G1 X81.9140625 Y83.408203125
G1 X81.826171875 Y83.49609375
G1 X81.650390625 Y83.49609375
G1 X81.5625 Y83.583984375
G1 X81.38671875 Y83.408203125
G1 X81.474609375 Y83.3203125
G1 X81.5625 Y83.3203125
G1 X81.123046875 Y83.3203125
G1 X81.03515625 Y83.408203125
G1 X80.947265625 Y83.3203125
G1 X80.859375 Y83.3203125
G1 X80.771484375 Y83.408203125
G1 X80.68359375 Y83.3203125
G1 X80.595703125 Y83.408203125
G1 X80.5078125 Y83.3203125
G1 X80.419921875 Y83.408203125
G1 X80.33203125 Y83.408203125
G1 X80.244140625 Y83.3203125
G1 X80.15625 Y83.408203125
G1 X80.068359375 Y83.408203125
G1 X79.98046875 Y83.3203125
G1 X79.892578125 Y83.408203125
G1 X79.8046875 Y83.3203125
G1 X79.716796875 Y83.408203125
G1 X79.453125 Y83.408203125
G1 X79.365234375 Y83.49609375
G1 X79.189453125 Y83.3203125
G1 X79.1015625 Y83.408203125
G1 X78.92578125 Y83.408203125
G1 X78.837890625 Y83.3203125
G1 X78.75 Y83.408203125
G1 X78.486328125 Y83.408203125
G1 X78.3984375 Y83.3203125
G1 X78.310546875 Y83.408203125
G1 X75.673828125 Y83.408203125
G1 X76.46484375 Y83.408203125
G1 X76.552734375 Y83.49609375
G1 X76.640625 Y83.408203125
G1 X76.728515625 Y83.408203125
G1 X76.81640625 Y83.49609375
G1 X76.904296875 Y83.408203125
G1 X76.9921875 Y83.408203125
G1 X77.080078125 Y83.49609375
G1 X77.16796875 Y83.49609375
G1 X77.255859375 Y83.408203125
G1 X77.34375 Y83.49609375
G1 X77.34375 Y83.583984375
G1 X77.34375 Y83.49609375
G1 X77.431640625 Y83.408203125
G1 X77.51953125 Y83.408203125
G1 X77.607421875 Y83.49609375
G1 X77.6953125 Y83.408203125
G1 X77.783203125 Y83.408203125
G1 X77.87109375 Y83.49609375
G1 X77.783203125 Y83.583984375
G1 X77.87109375 Y83.49609375
G1 X77.958984375 Y83.49609375
G1 X78.046875 Y83.408203125
G1 X78.134765625 Y83.49609375
G1 X78.134765625 Y83.583984375
G1 X78.22265625 Y83.49609375
G1 X78.310546875 Y83.49609375
G1 X78.3984375 Y83.408203125
G1 X78.57421875 Y83.583984375
G1 X78.486328125 Y83.49609375
G1 X78.57421875 Y83.408203125
G1 X78.662109375 Y83.408203125
G1 X78.837890625 Y83.583984375
G1 X78.92578125 Y83.583984375
G1 X78.92578125 Y83.49609375
G1 X79.013671875 Y83.408203125
G1 X79.1015625 Y83.49609375
G1 X79.1015625 Y83.583984375
G1 X79.189453125 Y83.583984375
G1 X79.27734375 Y83.49609375
G1 X79.365234375 Y83.583984375
G1 X79.453125 Y83.583984375
G1 X79.541015625 Y83.49609375
G1 X79.8046875 Y83.49609375
G1 X79.892578125 Y83.408203125
G1 X79.98046875 Y83.49609375
G1 X80.15625 Y83.49609375
G1 X80.244140625 Y83.583984375
G1 X80.33203125 Y83.49609375
G1 X80.419921875 Y83.583984375
G1 X80.5078125 Y83.49609375
G1 X80.595703125 Y83.49609375
G1 X80.68359375 Y83.583984375
G1 X80.771484375 Y83.583984375
G1 X80.68359375 Y83.49609375
G1 X80.771484375 Y83.408203125
G1 X80.859375 Y83.408203125
G1 X80.947265625 Y83.49609375
G1 X80.947265625 Y83.583984375
G1 X81.03515625 Y83.49609375
G1 X81.123046875 Y83.49609375
G1 X81.2109375 Y83.583984375
G1 X81.826171875 Y83.583984375
G1 X81.9140625 Y83.49609375
G1 X82.001953125 Y83.583984375
G1 X82.265625 Y83.583984375
G1 X82.353515625 Y83.671875
G1 X82.177734375 Y83.84765625
G1 X82.001953125 Y83.84765625
G1 X81.9140625 Y83.759765625
G1 X81.826171875 Y83.84765625
G1 X79.1015625 Y83.84765625
G1 X79.013671875 Y83.759765625
G1 X78.92578125 Y83.84765625
G1 X78.837890625 Y83.84765625
G1 X78.75 Y83.759765625
G1 X78.662109375 Y83.84765625
G1 X78.57421875 Y83.84765625
G1 X78.486328125 Y83.759765625
G1 X78.3984375 Y83.84765625
G1 X78.310546875 Y83.759765625
G1 X78.22265625 Y83.759765625
G1 X78.22265625 Y83.84765625
G1 X82.353515625 Y83.84765625
G1 X82.44140625 Y83.935546875
G1 X82.529296875 Y83.935546875
G1 X82.6171875 Y83.84765625
G1 X82.79296875 Y83.84765625
G1 X82.880859375 Y83.935546875
G1 X82.705078125 Y84.111328125
G1 X79.892578125 Y84.111328125
G1 X79.8046875 Y84.19921875
G1 X79.716796875 Y84.111328125
G1 X79.27734375 Y84.111328125
G1 X79.189453125 Y84.19921875
G1 X79.1015625 Y84.111328125
G1 X77.16796875 Y84.111328125
G1 X77.080078125 Y84.19921875
G1 X76.9921875 Y84.111328125
G1 X76.9921875 Y84.0234375
G1 X76.904296875 Y84.111328125
G1 X76.81640625 Y84.111328125
G1 X76.904296875 Y84.111328125
G1 X76.9921875 Y84.19921875
G1 X77.080078125 Y84.19921875
G1 X77.16796875 Y84.287109375
G1 X77.34375 Y84.111328125
G1 X77.431640625 Y84.19921875
G1 X77.607421875 Y84.19921875
G1 X77.6953125 Y84.287109375
G1 X77.783203125 Y84.19921875
G1 X78.046875 Y84.19921875
G1 X78.134765625 Y84.111328125
G1 X78.22265625 Y84.111328125
G1 X78.310546875 Y84.19921875
G1 X78.662109375 Y84.19921875
G1 X78.75 Y84.111328125
G1 X78.837890625 Y84.19921875
G1 X79.189453125 Y84.19921875
G1 X79.27734375 Y84.287109375
G1 X79.365234375 Y84.19921875
G1 X79.541015625 Y84.19921875
G1 X79.62890625 Y84.287109375
G1 X79.62890625 Y84.375
G1 X79.541015625 Y84.462890625
G1 X79.453125 Y84.462890625
G1 X79.365234375 Y84.55078125
G1 X79.27734375 Y84.462890625
G1 X79.189453125 Y84.462890625
G1 X79.1015625 Y84.55078125
G1 X79.013671875 Y84.462890625
G1 X78.92578125 Y84.55078125
G1 X78.75 Y84.375
G1 X78.75 Y84.462890625
G1 X78.662109375 Y84.55078125
G1 X78.486328125 Y84.375
G1 X78.3984375 Y84.462890625
G1 X78.310546875 Y84.375
G1 X78.22265625 Y84.375
G1 X78.22265625 Y84.462890625
G1 X78.134765625 Y84.55078125
G1 X77.958984375 Y84.375
G1 X77.958984375 Y84.462890625
G1 X77.87109375 Y84.55078125
G1 X77.783203125 Y84.462890625
G1 X77.783203125 Y84.55078125
G1 X77.87109375 Y84.55078125
G1 X77.958984375 Y84.462890625
G1 X78.046875 Y84.55078125
G1 X78.310546875 Y84.55078125
G1 X78.3984375 Y84.462890625
G1 X78.486328125 Y84.55078125
G1 X78.486328125 Y84.7265625
G1 X78.3984375 Y84.814453125
G1 X78.310546875 Y84.814453125
G1 X78.22265625 Y84.7265625
G1 X78.22265625 Y84.814453125
G1 X78.134765625 Y84.90234375
G1 X78.046875 Y84.814453125
G1 X78.046875 Y84.7265625
G1 X77.958984375 Y84.7265625
G1 X77.87109375 Y84.814453125
G1 X77.783203125 Y84.814453125
G1 X77.6953125 Y84.7265625
G1 X77.51953125 Y84.90234375
G1 X77.431640625 Y84.814453125
G1 X77.34375 Y84.814453125
G1 X77.16796875 Y84.638671875
G1 X77.080078125 Y84.7265625
G1 X76.9921875 Y84.7265625
G1 X76.904296875 Y84.638671875
G1 X76.81640625 Y84.638671875
G1 X76.728515625 Y84.7265625
G1 X76.81640625 Y84.638671875
G1 X76.904296875 Y84.638671875
G1 X76.9921875 Y84.7265625
G1 X77.080078125 Y84.7265625
G1 X77.16796875 Y84.638671875
G1 X77.255859375 Y84.7265625
G1 X77.255859375 Y84.814453125
G1 X77.080078125 Y84.990234375
G1 X76.9921875 Y84.990234375
G1 X76.904296875 Y84.90234375
G1 X76.81640625 Y84.90234375
G1 X76.728515625 Y84.990234375
G1 X76.640625 Y84.90234375
G1 X76.640625 Y84.990234375
G1 X76.552734375 Y85.078125
G1 X76.46484375 Y84.990234375
G1 X76.376953125 Y84.990234375
G1 X76.46484375 Y84.990234375
G1 X76.552734375 Y85.078125
G1 X76.552734375 Y85.166015625
G1 X76.640625 Y85.25390625
G1 X76.728515625 Y85.25390625
G1 X76.81640625 Y85.166015625
G1 X76.904296875 Y85.166015625
G1 X77.080078125 Y85.341796875
G1 X76.9921875 Y85.4296875
G1 X76.904296875 Y85.4296875
G1 X76.9921875 Y85.4296875
G1 X77.080078125 Y85.341796875
G1 X77.255859375 Y85.517578125
G1 X77.255859375 Y85.60546875
G1 X77.16796875 Y85.693359375
G1 X77.080078125 Y85.693359375
G1 X77.16796875 Y85.693359375
G1 X77.255859375 Y85.60546875
G1 X77.34375 Y85.693359375
G1 X77.431640625 Y85.693359375
G1 X77.6953125 Y85.95703125
G1 X77.6953125 Y86.044921875
G1 X77.607421875 Y86.1328125
G1 X77.51953125 Y86.1328125
G1 X77.431640625 Y86.044921875
G1 X77.431640625 Y85.95703125
G1 X77.34375 Y85.95703125
G1 X77.255859375 Y85.869140625
G1 X76.9921875 Y85.869140625
G1 X77.080078125 Y85.95703125
G1 X76.9921875 Y86.044921875
G1 X76.904296875 Y86.044921875
G1 X76.81640625 Y85.95703125
G1 X76.81640625 Y85.869140625
G1 X76.728515625 Y85.78125
G1 X76.81640625 Y85.693359375
G1 X76.904296875 Y85.693359375
G1 X76.81640625 Y85.693359375
G1 X76.728515625 Y85.78125
G1 X76.640625 Y85.78125
G1 X76.552734375 Y85.869140625
G1 X76.46484375 Y85.869140625
G1 X76.2890625 Y85.693359375
G1 X76.376953125 Y85.60546875
G1 X76.552734375 Y85.60546875
G1 X76.640625 Y85.517578125
G1 X76.728515625 Y85.517578125
G1 X76.640625 Y85.517578125
G1 X76.552734375 Y85.60546875
G1 X76.2890625 Y85.60546875
G1 X76.201171875 Y85.517578125
G1 X76.201171875 Y85.4296875
G1 X76.11328125 Y85.4296875
G1 X76.025390625 Y85.341796875
G1 X75.9375 Y85.341796875
G1 X75.849609375 Y85.25390625
G1 X75.76171875 Y85.25390625
G1 X75.76171875 Y85.341796875
G1 X75.673828125 Y85.4296875
G1 X75.5859375 Y85.4296875
G1 X75.5859375 Y85.517578125
G1 X75.498046875 Y85.60546875
G1 X75.41015625 Y85.60546875
G1 X75.322265625 Y85.517578125
G1 X75.322265625 Y85.60546875
G1 X75.5859375 Y85.60546875
G1 X75.673828125 Y85.517578125
G1 X75.76171875 Y85.60546875
G1 X76.025390625 Y85.60546875
G1 X75.9375 Y85.517578125
G1 X75.9375 Y85.4296875
G1 X76.025390625 Y85.341796875
G1 X76.2890625 Y85.60546875
G1 X76.2890625 Y85.693359375
G1 X76.201171875 Y85.78125
G1 X76.11328125 Y85.78125
G1 X76.201171875 Y85.78125
G1 X76.2890625 Y85.869140625
G1 X76.46484375 Y85.869140625
G1 X76.552734375 Y85.95703125
G1 X76.46484375 Y86.044921875
G1 X76.376953125 Y86.044921875
G1 X76.376953125 Y86.1328125
G1 X76.2890625 Y86.220703125
G1 X76.201171875 Y86.1328125
G1 X76.201171875 Y86.044921875
G1 X76.11328125 Y86.044921875
G1 X76.025390625 Y85.95703125
G1 X75.9375 Y85.95703125
G1 X75.76171875 Y86.1328125
G1 X75.5859375 Y85.95703125
G1 X75.673828125 Y85.869140625
G1 X75.76171875 Y85.869140625
G1 X75.76171875 Y85.78125
G1 X75.673828125 Y85.78125
G1 X75.673828125 Y85.869140625
G1 X75.5859375 Y85.95703125
G1 X75.498046875 Y85.95703125
G1 X75.41015625 Y85.869140625
G1 X75.41015625 Y85.78125
G1 X75.41015625 Y85.869140625
G1 X75.322265625 Y85.95703125
G1 X75.05859375 Y85.95703125
G1 X75.146484375 Y85.95703125
G1 X75.234375 Y86.044921875
G1 X75.322265625 Y86.044921875
G1 X75.41015625 Y86.1328125
G1 X75.322265625 Y86.220703125
G1 X75.322265625 Y86.30859375
G1 X75.41015625 Y86.220703125
G1 X75.498046875 Y86.220703125
G1 X75.498046875 Y86.1328125
G1 X75.5859375 Y86.044921875
G1 X75.76171875 Y86.220703125
G1 X75.5859375 Y86.396484375
G1 X75.498046875 Y86.396484375
G1 X75.498046875 Y86.572265625
G1 X75.41015625 Y86.66015625
G1 X75.322265625 Y86.572265625
G1 X75.322265625 Y86.484375
G1 X75.146484375 Y86.484375
G1 X75.234375 Y86.572265625
G1 X75.146484375 Y86.66015625
G1 X75.05859375 Y86.66015625
G1 X74.8828125 Y86.484375
G1 X74.619140625 Y86.484375
G1 X74.619140625 Y86.572265625
G1 X74.53125 Y86.66015625
G1 X74.443359375 Y86.66015625
G1 X74.35546875 Y86.748046875
G1 X74.1796875 Y86.572265625
G1 X74.091796875 Y86.572265625
G1 X74.00390625 Y86.484375
G1 X74.00390625 Y86.572265625
G1 X74.091796875 Y86.572265625
G1 X74.1796875 Y86.66015625
G1 X74.1796875 Y86.748046875
G1 X74.091796875 Y86.8359375
G1 X74.00390625 Y86.8359375
G1 X74.00390625 Y86.923828125
G1 X74.091796875 Y86.923828125
G1 X74.1796875 Y87.01171875
G1 X74.1796875 Y87.1875
G1 X74.091796875 Y87.275390625
G1 X74.00390625 Y87.275390625
G1 X74.00390625 Y87.36328125
G1 X73.916015625 Y87.451171875
G1 X73.828125 Y87.451171875
G1 X73.740234375 Y87.36328125
G1 X73.740234375 Y87.275390625
G1 X73.916015625 Y87.099609375
G1 X73.828125 Y87.099609375
G1 X73.740234375 Y87.01171875
G1 X73.740234375 Y86.923828125
G1 X73.65234375 Y86.923828125
G1 X73.65234375 Y87.01171875
G1 X73.564453125 Y87.099609375
G1 X73.4765625 Y87.099609375
G1 X73.388671875 Y87.01171875
G1 X73.30078125 Y87.01171875
G1 X73.388671875 Y87.01171875
G1 X73.4765625 Y87.099609375
G1 X73.4765625 Y87.275390625
G1 X73.30078125 Y87.451171875
G1 X73.212890625 Y87.451171875
G1 X73.125 Y87.36328125
G1 X73.212890625 Y87.275390625
G1 X73.212890625 Y87.1875
G1 X73.037109375 Y87.01171875
G1 X72.94921875 Y87.099609375
G1 X72.861328125 Y87.099609375
G1 X72.7734375 Y87.01171875
G1 X72.685546875 Y87.01171875
G1 X72.59765625 Y86.923828125
G1 X72.509765625 Y87.01171875
G1 X72.509765625 Y87.099609375
G1 X72.861328125 Y87.099609375
G1 X72.94921875 Y87.1875
G1 X73.037109375 Y87.099609375
G1 X73.212890625 Y87.275390625
G1 X73.125 Y87.36328125
G1 X73.125 Y87.451171875
G1 X73.212890625 Y87.451171875
G1 X73.30078125 Y87.5390625
G1 X73.212890625 Y87.626953125
G1 X73.037109375 Y87.626953125
G1 X73.125 Y87.71484375
G1 X73.212890625 Y87.71484375
G1 X73.212890625 Y87.626953125
G1 X73.388671875 Y87.451171875
G1 X73.564453125 Y87.626953125
G1 X73.212890625 Y87.978515625
G1 X73.125 Y87.978515625
G1 X73.037109375 Y87.890625
G1 X72.94921875 Y87.890625
G1 X72.861328125 Y87.802734375
G1 X72.861328125 Y87.71484375
G1 X72.7734375 Y87.71484375
G1 X72.685546875 Y87.626953125
G1 X72.59765625 Y87.626953125
G1 X72.421875 Y87.451171875
G1 X72.509765625 Y87.36328125
G1 X72.59765625 Y87.36328125
G1 X72.685546875 Y87.275390625
G1 X72.7734375 Y87.36328125
G1 X72.7734375 Y87.451171875
G1 X72.94921875 Y87.451171875
G1 X72.861328125 Y87.36328125
G1 X72.7734375 Y87.36328125
G1 X72.685546875 Y87.275390625
G1 X72.59765625 Y87.36328125
G1 X72.509765625 Y87.36328125
G1 X72.421875 Y87.451171875
G1 X72.333984375 Y87.451171875
G1 X72.24609375 Y87.36328125
G1 X72.0703125 Y87.5390625
G1 X71.89453125 Y87.36328125
G1 X71.89453125 Y87.451171875
G1 X71.982421875 Y87.451171875
G1 X72.0703125 Y87.5390625
G1 X72.158203125 Y87.5390625
G1 X72.24609375 Y87.451171875
G1 X72.333984375 Y87.451171875
G1 X72.421875 Y87.5390625
G1 X72.421875 Y87.626953125
G1 X72.333984375 Y87.71484375
G1 X72.158203125 Y87.71484375
G1 X72.333984375 Y87.71484375
G1 X72.421875 Y87.626953125
G1 X72.509765625 Y87.626953125
G1 X72.59765625 Y87.71484375
G1 X72.685546875 Y87.71484375
G1 X72.7734375 Y87.802734375
G1 X72.861328125 Y87.802734375
G1 X72.94921875 Y87.890625
G1 X72.861328125 Y87.978515625
G1 X72.685546875 Y87.978515625
G1 X72.59765625 Y87.890625
G1 X72.421875 Y87.890625
G1 X72.333984375 Y87.978515625
G1 X72.158203125 Y87.978515625
G1 X72.0703125 Y87.890625
G1 X71.982421875 Y87.890625
G1 X71.89453125 Y87.802734375
G1 X71.982421875 Y87.71484375
G1 X71.89453125 Y87.71484375
G1 X71.806640625 Y87.626953125
G1 X71.71875 Y87.626953125
G1 X71.630859375 Y87.5390625
G1 X71.630859375 Y87.451171875
G1 X71.54296875 Y87.451171875
G1 X71.54296875 Y87.5390625
G1 X71.455078125 Y87.626953125
G1 X71.3671875 Y87.626953125
G1 X71.279296875 Y87.5390625
G1 X71.279296875 Y87.451171875
G1 X71.3671875 Y87.36328125
G1 X71.3671875 Y87.275390625
G1 X71.279296875 Y87.275390625
G1 X71.279296875 Y87.36328125
G1 X71.19140625 Y87.451171875
G1 X71.103515625 Y87.451171875
G1 X71.015625 Y87.36328125
G1 X71.103515625 Y87.275390625
G1 X70.927734375 Y87.099609375
G1 X70.751953125 Y87.099609375
G1 X70.6640625 Y87.01171875
G1 X70.6640625 Y86.923828125
G1 X70.83984375 Y86.748046875
G1 X70.927734375 Y86.8359375
G1 X70.927734375 Y86.923828125
G1 X71.015625 Y86.923828125
G1 X71.19140625 Y87.099609375
G1 X71.279296875 Y87.099609375
G1 X71.279296875 Y87.01171875
G1 X71.103515625 Y87.01171875
G1 X71.015625 Y86.923828125
G1 X71.015625 Y86.8359375
G1 X70.927734375 Y86.8359375
G1 X70.83984375 Y86.748046875
G1 X70.927734375 Y86.66015625
G1 X70.83984375 Y86.748046875
G1 X70.751953125 Y86.66015625
G1 X70.83984375 Y86.748046875
G1 X70.751953125 Y86.8359375
G1 X70.6640625 Y86.8359375
G1 X70.6640625 Y86.923828125
G1 X70.576171875 Y87.01171875
G1 X70.6640625 Y87.01171875
G1 X70.927734375 Y87.275390625
G1 X70.927734375 Y87.36328125
G1 X70.83984375 Y87.451171875
G1 X70.6640625 Y87.275390625
G1 X70.576171875 Y87.275390625
G1 X70.3125 Y87.01171875
G1 X70.224609375 Y87.099609375
G1 X70.400390625 Y87.099609375
G1 X70.48828125 Y87.1875
G1 X70.48828125 Y87.275390625
G1 X70.400390625 Y87.36328125
G1 X70.224609375 Y87.36328125
G1 X70.13671875 Y87.275390625
G1 X70.048828125 Y87.275390625
G1 X70.13671875 Y87.36328125
G1 X70.048828125 Y87.451171875
G1 X69.873046875 Y87.451171875
G1 X69.78515625 Y87.36328125
G1 X69.78515625 Y87.275390625
G1 X69.9609375 Y87.099609375
G1 X70.048828125 Y87.099609375
G1 X69.9609375 Y87.01171875
G1 X70.13671875 Y86.8359375
G1 X70.048828125 Y86.8359375
G1 X70.048828125 Y86.923828125
G1 X69.9609375 Y87.01171875
G1 X69.9609375 Y87.099609375
G1 X69.873046875 Y87.1875
G1 X69.78515625 Y87.1875
G1 X69.697265625 Y87.099609375
G1 X69.697265625 Y87.01171875
G1 X69.78515625 Y86.923828125
G1 X69.78515625 Y86.8359375
G1 X69.78515625 Y86.923828125
G1 X69.697265625 Y87.01171875
G1 X69.609375 Y87.01171875
G1 X69.521484375 Y86.923828125
G1 X69.521484375 Y87.01171875
G1 X69.43359375 Y87.099609375
G1 X69.345703125 Y87.099609375
G1 X69.43359375 Y87.1875
G1 X69.43359375 Y87.099609375
G1 X69.521484375 Y87.01171875
G1 X69.609375 Y87.099609375
G1 X69.697265625 Y87.099609375
G1 X69.78515625 Y87.1875
G1 X69.78515625 Y87.275390625
G1 X69.697265625 Y87.36328125
G1 X69.521484375 Y87.36328125
G1 X69.521484375 Y87.451171875
G1 X69.43359375 Y87.5390625
G1 X69.521484375 Y87.5390625
G1 X69.697265625 Y87.71484375
G1 X69.697265625 Y87.802734375
G1 X69.609375 Y87.890625
G1 X69.521484375 Y87.802734375
G1 X69.43359375 Y87.802734375
G1 X69.345703125 Y87.71484375
G1 X69.345703125 Y87.802734375
G1 X69.2578125 Y87.890625
G1 X69.08203125 Y87.890625
G1 X68.994140625 Y87.802734375
G1 X69.08203125 Y87.71484375
G1 X69.169921875 Y87.71484375
G1 X69.169921875 Y87.626953125
G1 X69.2578125 Y87.5390625
G1 X69.2578125 Y87.36328125
G1 X69.169921875 Y87.36328125
G1 X69.08203125 Y87.275390625
G1 X68.994140625 Y87.275390625
G1 X68.90625 Y87.1875
G1 X68.90625 Y87.099609375
G1 X68.818359375 Y87.099609375
G1 X68.818359375 Y87.1875
G1 X68.90625 Y87.1875
G1 X68.994140625 Y87.275390625
G1 X68.994140625 Y87.451171875
G1 X68.90625 Y87.5390625
G1 X68.73046875 Y87.36328125
G1 X68.5546875 Y87.5390625
G1 X68.37890625 Y87.36328125
G1 X68.291015625 Y87.451171875
G1 X68.466796875 Y87.451171875
G1 X68.5546875 Y87.5390625
G1 X68.642578125 Y87.5390625
G1 X68.73046875 Y87.451171875
G1 X68.818359375 Y87.451171875
G1 X69.08203125 Y87.71484375
G1 X68.994140625 Y87.802734375
G1 X68.90625 Y87.802734375
G1 X68.818359375 Y87.71484375
G1 X68.73046875 Y87.802734375
G1 X68.642578125 Y87.802734375
G1 X68.5546875 Y87.71484375
G1 X68.37890625 Y87.71484375
G1 X68.291015625 Y87.626953125
G1 X68.115234375 Y87.626953125
G1 X68.02734375 Y87.5390625
G1 X68.02734375 Y87.451171875
G1 X68.115234375 Y87.36328125
G1 X68.115234375 Y87.275390625
G1 X68.291015625 Y87.099609375
G1 X68.37890625 Y87.099609375
G1 X68.466796875 Y87.1875
G1 X68.5546875 Y87.1875
G1 X68.5546875 Y87.099609375
G1 X68.642578125 Y87.01171875
G1 X68.5546875 Y87.099609375
G1 X68.291015625 Y87.099609375
G1 X68.203125 Y87.01171875
G1 X68.115234375 Y87.099609375
G1 X68.02734375 Y87.099609375
G1 X67.939453125 Y87.01171875
G1 X68.115234375 Y86.8359375
G1 X68.115234375 Y86.66015625
G1 X68.203125 Y86.572265625
G1 X68.466796875 Y86.572265625
G1 X68.203125 Y86.572265625
G1 X68.115234375 Y86.66015625
G1 X68.02734375 Y86.66015625
G1 X67.939453125 Y86.572265625
G1 X67.763671875 Y86.572265625
G1 X67.939453125 Y86.572265625
G1 X68.115234375 Y86.748046875
G1 X68.02734375 Y86.8359375
G1 X67.939453125 Y86.8359375
G1 X68.02734375 Y86.923828125
G1 X67.8515625 Y87.099609375
G1 X67.67578125 Y87.099609375
G1 X67.5 Y86.923828125
G1 X67.5 Y86.8359375
G1 X67.412109375 Y86.923828125
G1 X67.236328125 Y86.923828125
G1 X67.1484375 Y86.8359375
G1 X67.236328125 Y86.748046875
G1 X67.236328125 Y86.66015625
G1 X67.1484375 Y86.66015625
G1 X67.236328125 Y86.748046875
G1 X67.060546875 Y86.923828125
G1 X66.97265625 Y86.8359375
G1 X66.97265625 Y86.923828125
G1 X67.060546875 Y86.923828125
G1 X67.1484375 Y86.8359375
G1 X67.236328125 Y86.923828125
G1 X67.5 Y86.923828125
G1 X67.587890625 Y87.01171875
G1 X67.5 Y87.099609375
G1 X67.5 Y87.1875
G1 X67.587890625 Y87.099609375
G1 X67.763671875 Y87.275390625
G1 X67.763671875 Y87.36328125
G1 X67.67578125 Y87.451171875
G1 X67.587890625 Y87.36328125
G1 X67.412109375 Y87.36328125
G1 X67.412109375 Y87.451171875
G1 X67.236328125 Y87.626953125
G1 X67.412109375 Y87.626953125
G1 X67.5 Y87.71484375
G1 X67.5 Y87.802734375
G1 X67.412109375 Y87.890625
G1 X67.32421875 Y87.890625
G1 X67.236328125 Y87.802734375
G1 X67.1484375 Y87.802734375
G1 X67.1484375 Y87.890625
G1 X67.236328125 Y87.890625
G1 X67.32421875 Y87.978515625
G1 X67.32421875 Y88.06640625
G1 X67.236328125 Y88.154296875
G1 X67.1484375 Y88.154296875
G1 X67.060546875 Y88.06640625
G1 X66.97265625 Y88.06640625
G1 X66.884765625 Y88.154296875
G1 X66.796875 Y88.06640625
G1 X66.181640625 Y88.06640625
G1 X66.09375 Y87.978515625
G1 X66.005859375 Y88.06640625
G1 X65.91796875 Y88.06640625
G1 X65.830078125 Y87.978515625
G1 X65.7421875 Y88.06640625
G1 X65.654296875 Y88.06640625
G1 X65.56640625 Y87.978515625
G1 X65.478515625 Y88.06640625
G1 X65.390625 Y88.06640625
G1 X65.302734375 Y87.978515625
G1 X65.302734375 Y87.802734375
G1 X65.21484375 Y87.802734375
G1 X65.126953125 Y87.71484375
G1 X65.0390625 Y87.802734375
G1 X64.951171875 Y87.802734375
G1 X64.86328125 Y87.890625
G1 X64.775390625 Y87.802734375
G1 X64.6875 Y87.802734375
G1 X64.775390625 Y87.802734375
G1 X64.86328125 Y87.890625
G1 X64.951171875 Y87.802734375
G1 X65.21484375 Y87.802734375
G1 X65.302734375 Y87.890625
G1 X65.302734375 Y87.978515625
G1 X65.21484375 Y88.06640625
G1 X65.126953125 Y88.06640625
G1 X65.0390625 Y87.978515625
G1 X64.951171875 Y88.06640625
G1 X64.86328125 Y88.06640625
G1 X64.86328125 Y88.154296875
G1 X64.951171875 Y88.154296875
G1 X64.951171875 Y88.06640625
G1 X65.0390625 Y87.978515625
G1 X65.126953125 Y88.06640625
G1 X65.21484375 Y88.06640625
G1 X65.302734375 Y88.154296875
G1 X65.302734375 Y88.2421875
G1 X65.21484375 Y88.330078125
G1 X65.126953125 Y88.2421875
G1 X65.0390625 Y88.330078125
G1 X64.775390625 Y88.330078125
G1 X64.6875 Y88.41796875
G1 X64.599609375 Y88.41796875
G1 X64.51171875 Y88.330078125
G1 X64.423828125 Y88.330078125
G1 X64.423828125 Y88.41796875
G1 X64.248046875 Y88.59375
G1 X64.423828125 Y88.59375
G1 X64.3359375 Y88.505859375
G1 X64.423828125 Y88.41796875
G1 X64.51171875 Y88.41796875
G1 X64.599609375 Y88.505859375
G1 X64.599609375 Y88.59375
G1 X64.6875 Y88.681640625
G1 X64.6875 Y88.76953125
G1 X64.599609375 Y88.857421875
G1 X64.51171875 Y88.857421875
G1 X64.423828125 Y88.76953125
G1 X64.423828125 Y88.857421875
G1 X64.3359375 Y88.9453125
G1 X64.16015625 Y88.76953125
G1 X64.16015625 Y88.9453125
G1 X64.599609375 Y88.9453125
G1 X64.6875 Y89.033203125
G1 X64.775390625 Y89.033203125
G1 X64.86328125 Y89.12109375
G1 X64.86328125 Y89.033203125
G1 X64.951171875 Y88.9453125
G1 X65.126953125 Y89.12109375
G1 X65.126953125 Y89.033203125
G1 X65.21484375 Y88.9453125
G1 X65.56640625 Y88.9453125
G1 X65.654296875 Y89.033203125
G1 X65.654296875 Y89.12109375
G1 X65.56640625 Y89.208984375
G1 X65.478515625 Y89.208984375
G1 X65.390625 Y89.12109375
G1 X65.390625 Y89.208984375
G1 X65.302734375 Y89.296875
G1 X64.775390625 Y89.296875
G1 X64.6875 Y89.208984375
G1 X64.599609375 Y89.208984375
G1 X64.51171875 Y89.296875
G1 X64.423828125 Y89.208984375
G1 X64.3359375 Y89.208984375
G1 X64.248046875 Y89.296875
G1 X64.16015625 Y89.208984375
G1 X63.6328125 Y89.208984375
G1 X63.6328125 Y89.296875
G1 X63.984375 Y89.296875
G1 X64.072265625 Y89.208984375
G1 X64.16015625 Y89.296875
G1 X64.3359375 Y89.296875
G1 X64.423828125 Y89.384765625
G1 X64.51171875 Y89.296875
G1 X64.6875 Y89.296875
G1 X64.775390625 Y89.384765625
G1 X65.21484375 Y89.384765625
G1 X65.302734375 Y89.47265625
G1 X65.302734375 Y89.560546875
G1 X65.91796875 Y89.560546875
G1 X66.005859375 Y89.6484375
G1 X66.005859375 Y89.736328125
G1 X65.91796875 Y89.82421875
G1 X65.830078125 Y89.736328125
G1 X65.7421875 Y89.82421875
G1 X65.654296875 Y89.736328125
G1 X65.21484375 Y89.736328125
G1 X65.126953125 Y89.6484375
G1 X65.126953125 Y89.560546875
G1 X65.0390625 Y89.560546875
G1 X64.951171875 Y89.6484375
G1 X64.86328125 Y89.560546875
G1 X63.193359375 Y89.560546875
G1 X63.10546875 Y89.6484375
G1 X63.017578125 Y89.560546875
G1 X63.10546875 Y89.6484375
G1 X63.193359375 Y89.560546875
G1 X63.28125 Y89.6484375
G1 X63.28125 Y89.736328125
G1 X63.28125 Y89.6484375
G1 X63.369140625 Y89.560546875
G1 X63.45703125 Y89.6484375
G1 X63.544921875 Y89.560546875
G1 X63.720703125 Y89.736328125
G1 X63.80859375 Y89.6484375
G1 X63.896484375 Y89.6484375
G1 X63.984375 Y89.736328125
G1 X64.072265625 Y89.6484375
G1 X64.16015625 Y89.6484375
G1 X64.248046875 Y89.736328125
G1 X64.3359375 Y89.736328125
G1 X64.423828125 Y89.82421875
G1 X64.51171875 Y89.82421875
G1 X64.599609375 Y89.736328125
G1 X64.6875 Y89.736328125
G1 X64.775390625 Y89.6484375
G1 X64.86328125 Y89.736328125
G1 X65.126953125 Y89.736328125
G1 X65.21484375 Y89.82421875
G1 X65.302734375 Y89.736328125
G1 X65.390625 Y89.82421875
G1 X65.56640625 Y89.82421875
G1 X65.654296875 Y89.736328125
G1 X65.7421875 Y89.82421875
G1 X66.357421875 Y89.82421875
G1 X66.4453125 Y89.912109375
G1 X67.763671875 Y89.912109375
G1 X67.8515625 Y89.82421875
G1 X67.939453125 Y89.912109375
G1 X68.115234375 Y89.912109375
G1 X68.203125 Y89.82421875
G1 X68.291015625 Y89.912109375
G1 X68.90625 Y89.912109375
G1 X68.994140625 Y89.82421875
G1 X69.08203125 Y89.82421875
G1 X69.169921875 Y89.912109375
G1 X72.685546875 Y89.912109375
G1 X72.7734375 Y89.82421875
G1 X72.861328125 Y89.912109375
G1 X72.94921875 Y89.82421875
G1 X73.037109375 Y89.912109375
G1 X73.125 Y89.912109375
G1 X73.212890625 Y89.82421875
G1 X73.30078125 Y89.912109375
G1 X88.154296875 Y89.912109375
G1 X88.2421875 Y89.82421875
G1 X88.330078125 Y89.912109375
G1 X88.41796875 Y89.912109375
G1 X88.505859375 Y89.82421875
G1 X88.59375 Y89.912109375
G1 X88.681640625 Y89.82421875
G1 X88.76953125 Y89.912109375
G1 X88.9453125 Y89.912109375
G1 X89.033203125 Y89.82421875
G1 X89.208984375 Y89.82421875
G1 X89.296875 Y89.912109375
G1 X89.296875 Y89.82421875
G1 X89.560546875 Y89.560546875
G1 X89.6484375 Y89.560546875
G1 X89.736328125 Y89.47265625
G1 X89.82421875 Y89.47265625
G1 X89.82421875 Y89.384765625
G1 X89.912109375 Y89.296875
G1 X89.82421875 Y89.208984375
G1 X89.912109375 Y89.12109375
G1 X89.912109375 Y89.033203125
G1 X89.736328125 Y88.857421875
G1 X89.912109375 Y88.681640625
G1 X89.912109375 Y88.59375
G1 X89.82421875 Y88.505859375
G1 X89.912109375 Y88.41796875
G1 X89.82421875 Y88.330078125
G1 X89.82421875 Y88.2421875
G1 X89.912109375 Y88.154296875
G1 X89.912109375 Y87.802734375
G1 X89.82421875 Y87.71484375
G1 X89.912109375 Y87.626953125
G1 X89.912109375 Y86.66015625
G1 X89.82421875 Y86.572265625
G1 X89.912109375 Y86.484375
G1 X89.912109375 Y86.396484375
G1 X89.82421875 Y86.30859375
G1 X89.912109375 Y86.220703125
G1 X89.912109375 Y84.7265625
G1 X89.82421875 Y84.638671875
G1 X89.912109375 Y84.55078125
G1 X89.82421875 Y84.462890625
G1 X89.82421875 Y84.375
G1 X89.912109375 Y84.287109375
G1 X89.912109375 Y75.9375
G1 X89.82421875 Y75.849609375
G1 X89.82421875 Y75.76171875
G1 X89.912109375 Y75.673828125
G1 X89.912109375 Y56.162109375
G1 X89.82421875 Y56.07421875
G1 X89.912109375 Y55.986328125
G1 X89.912109375 Y55.1953125
G1 X89.82421875 Y55.107421875
G1 X89.912109375 Y55.01953125
G1 X89.82421875 Y54.931640625
G1 X89.912109375 Y54.84375
G1 X89.82421875 Y54.755859375
G1 X89.82421875 Y54.66796875
G1 X89.912109375 Y54.580078125
G1 X89.912109375 Y51.85546875
G1 X89.82421875 Y51.767578125
G1 X89.912109375 Y51.6796875
G1 X89.912109375 Y51.591796875
G1 X89.82421875 Y51.50390625
G1 X89.912109375 Y51.416015625
G1 X89.82421875 Y51.328125
G1 X89.912109375 Y51.240234375
G1 X89.912109375 Y50.625
G1 X89.82421875 Y50.537109375
G1 X89.912109375 Y50.44921875
G1 X89.82421875 Y50.361328125
G1 X89.912109375 Y50.2734375
G1 X89.82421875 Y50.185546875
G1 X89.912109375 Y50.09765625
G1 X89.82421875 Y50.009765625
G1 X89.912109375 Y49.921875
G1 X89.912109375 Y49.833984375
G1 X89.82421875 Y49.74609375
G1 X89.912109375 Y49.658203125
G1 X89.912109375 Y49.21875
G1 X89.82421875 Y49.130859375
G1 X89.912109375 Y49.04296875
G1 X89.912109375 Y48.955078125
G1 X89.82421875 Y48.8671875
G1 X89.82421875 Y48.779296875
G1 X89.912109375 Y48.69140625
G1 X89.82421875 Y48.603515625
G1 X89.82421875 Y48.515625
G1 X89.912109375 Y48.427734375
G1 X89.82421875 Y48.33984375
G1 X89.912109375 Y48.251953125
G1 X89.912109375 Y46.318359375
G1 X89.82421875 Y46.23046875
G1 X89.912109375 Y46.142578125
G1 X89.912109375 Y46.0546875
G1 X89.82421875 Y45.966796875
G1 X89.912109375 Y45.87890625
G1 X89.912109375 Y45.3515625
G1 X89.82421875 Y45.263671875
G1 X89.912109375 Y45.17578125
G1 X89.912109375 Y44.912109375
G1 X89.82421875 Y44.82421875
G1 X89.82421875 Y44.736328125
G1 X89.912109375 Y44.6484375
G1 X89.912109375 Y44.384765625
G1 X89.82421875 Y44.296875
G1 X89.82421875 Y44.208984375
G1 X89.912109375 Y44.12109375
G1 X89.912109375 Y44.033203125
G1 X89.82421875 Y43.9453125
G1 X89.912109375 Y43.857421875
G1 X89.82421875 Y43.76953125
G1 X89.82421875 Y43.681640625
G1 X89.912109375 Y43.59375
G1 X89.912109375 Y43.41796875
G1 X89.82421875 Y43.330078125
G1 X89.912109375 Y43.2421875
G1 X89.82421875 Y43.154296875
G1 X89.912109375 Y43.06640625
G1 X89.912109375 Y42.978515625
G1 X89.82421875 Y42.890625
G1 X89.912109375 Y42.802734375
G1 X89.912109375 Y42.626953125
G1 X89.82421875 Y42.5390625
G1 X89.912109375 Y42.451171875
G1 X89.82421875 Y42.36328125
G1 X89.82421875 Y42.275390625
G1 X89.912109375 Y42.1875
G1 X89.82421875 Y42.099609375
G1 X89.82421875 Y41.923828125
G1 X89.912109375 Y41.8359375
G1 X89.82421875 Y41.748046875
G1 X89.82421875 Y41.66015625
G1 X89.912109375 Y41.572265625
G1 X89.82421875 Y41.484375
G1 X89.912109375 Y41.396484375
G1 X89.82421875 Y41.30859375
G1 X89.82421875 Y41.220703125
G1 X89.912109375 Y41.1328125
G1 X89.912109375 Y40.869140625
G1 X89.82421875 Y40.78125
G1 X89.912109375 Y40.693359375
G1 X89.912109375 Y37.353515625
G1 X89.82421875 Y37.265625
G1 X89.912109375 Y37.177734375
G1 X89.912109375 Y36.9140625
G1 X89.82421875 Y36.826171875
G1 X89.82421875 Y36.73828125
G1 X89.912109375 Y36.650390625
G1 X89.82421875 Y36.5625
G1 X89.82421875 Y30.9375
G1 X89.912109375 Y30.849609375
G1 X89.82421875 Y30.76171875
G1 X89.82421875 Y30.673828125
G1 X89.912109375 Y30.5859375
G1 X89.82421875 Y30.498046875
G1 X89.82421875 Y30.41015625
G1 X89.912109375 Y30.322265625
G1 X89.82421875 Y30.234375
G1 X89.82421875 Y30.05859375
G1 X89.912109375 Y29.970703125
G1 X89.82421875 Y29.8828125
G1 X89.82421875 Y28.388671875
G1 X89.912109375 Y28.30078125
G1 X89.912109375 Y28.125
G1 X89.82421875 Y28.037109375
G1 X89.82421875 Y27.94921875
G1 X89.912109375 Y27.861328125
G1 X89.82421875 Y27.7734375
G1 X89.82421875 Y27.509765625
G1 X89.912109375 Y27.421875
G1 X89.82421875 Y27.333984375
G1 X89.82421875 Y27.0703125
G1 X89.912109375 Y26.982421875
G1 X89.82421875 Y26.89453125
G1 X89.82421875 Y25.83984375
G1 X89.736328125 Y25.751953125
G1 X89.82421875 Y25.6640625
G1 X89.82421875 Y25.576171875
G1 X89.736328125 Y25.48828125
G1 X89.82421875 Y25.400390625
G1 X89.82421875 Y25.3125
G1 X89.736328125 Y25.224609375
G1 X89.82421875 Y25.13671875
G1 X89.736328125 Y25.048828125
G1 X89.736328125 Y24.9609375
G1 X89.82421875 Y24.873046875
G1 X89.736328125 Y24.78515625
G1 X89.736328125 Y24.609375
G1 X89.82421875 Y24.521484375
G1 X89.736328125 Y24.43359375
G1 X89.736328125 Y24.08203125
G1 X89.82421875 Y23.994140625
G1 X89.736328125 Y23.994140625
G1 X89.6484375 Y23.90625
G1 X89.736328125 Y23.818359375
G1 X89.736328125 Y23.73046875
G1 X89.6484375 Y23.642578125
G1 X89.6484375 Y23.5546875
G1 X89.736328125 Y23.466796875
G1 X89.736328125 Y23.37890625
G1 X89.6484375 Y23.291015625
G1 X89.736328125 Y23.203125
G1 X89.82421875 Y23.203125
G1 X89.736328125 Y23.115234375
G1 X89.82421875 Y23.02734375
G1 X89.82421875 Y22.8515625
G1 X89.736328125 Y22.763671875
G1 X89.82421875 Y22.67578125
G1 X89.736328125 Y22.587890625
G1 X89.736328125 Y22.5
G1 X89.82421875 Y22.412109375
G1 X89.82421875 Y22.32421875
G1 X89.736328125 Y22.236328125
G1 X89.736328125 Y22.1484375
G1 X89.82421875 Y22.060546875
G1 X89.736328125 Y21.97265625
G1 X89.736328125 Y21.884765625
G1 X89.82421875 Y21.796875
G1 X89.736328125 Y21.708984375
G1 X89.736328125 Y21.533203125
G1 X89.82421875 Y21.4453125
G1 X89.82421875 Y21.357421875
G1 X89.736328125 Y21.26953125
G1 X89.82421875 Y21.181640625
G1 X89.82421875 Y21.09375
G1 X89.6484375 Y20.91796875
G1 X89.736328125 Y20.830078125
G1 X89.82421875 Y20.830078125
G1 X89.6484375 Y20.654296875
G1 X89.736328125 Y20.56640625
G1 X89.82421875 Y20.56640625
G1 X89.6484375 Y20.390625
G1 X89.736328125 Y20.302734375
G1 X89.82421875 Y20.302734375
G1 X89.736328125 Y20.21484375
G1 X89.82421875 Y20.126953125
G1 X89.82421875 Y20.0390625
G1 X89.736328125 Y19.951171875
G1 X89.736328125 Y19.86328125
G1 X89.82421875 Y19.775390625
G1 X89.82421875 Y19.16015625
G1 X89.736328125 Y19.072265625
G1 X89.82421875 Y18.984375
G1 X89.82421875 Y17.40234375
G1 X89.736328125 Y17.314453125
G1 X89.82421875 Y17.2265625
G1 X89.82421875 Y15.8203125
G1 X89.912109375 Y15.732421875
G1 X89.82421875 Y15.64453125
G1 X89.82421875 Y15.556640625
G1 X89.736328125 Y15.46875
G1 X89.82421875 Y15.380859375
G1 X89.912109375 Y15.380859375
G1 X89.912109375 Y15.29296875
G1 X89.82421875 Y15.205078125
G1 X89.912109375 Y15.1171875
G1 X89.82421875 Y15.029296875
G1 X89.82421875 Y14.765625
G1 X89.912109375 Y14.677734375
G1 X89.82421875 Y14.58984375
G1 X89.82421875 Y14.4140625
G1 X89.912109375 Y14.326171875
G1 X89.82421875 Y14.23828125
G1 X89.82421875 Y14.0625
G1 X89.912109375 Y13.974609375
G1 X89.82421875 Y13.88671875
G1 X89.912109375 Y13.798828125
G1 X89.82421875 Y13.7109375
G1 X89.82421875 Y13.623046875
G1 X89.912109375 Y13.53515625
G1 X89.82421875 Y13.447265625
G1 X89.912109375 Y13.359375
G1 X89.82421875 Y13.271484375
G1 X89.82421875 Y11.25
G1 X89.736328125 Y11.162109375
G1 X89.82421875 Y11.07421875
G1 X89.82421875 Y10.72265625
G1 X89.736328125 Y10.634765625
G1 X89.82421875 Y10.546875
G1 X89.912109375 Y10.546875
G1 X89.736328125 Y10.37109375
G1 X89.82421875 Y10.283203125
G1 X89.82421875 Y10.01953125
G1 X89.736328125 Y10.01953125
G1 X89.6484375 Y9.931640625
G1 X89.736328125 Y9.84375
G1 X89.82421875 Y9.84375
G1 X89.82421875 Y9.755859375
G1 X89.736328125 Y9.755859375
G1 X89.6484375 Y9.66796875
G1 X89.736328125 Y9.580078125
G1 X89.82421875 Y9.580078125
G1 X89.6484375 Y9.580078125
G1 X89.560546875 Y9.4921875
G1 X89.560546875 Y9.404296875
G1 X89.6484375 Y9.31640625
G1 X89.736328125 Y9.31640625
G1 X89.82421875 Y9.404296875
G1 X89.82421875 Y9.31640625
G1 X89.6484375 Y9.140625
G1 X89.736328125 Y9.052734375
G1 X89.912109375 Y9.052734375
G1 X89.82421875 Y9.052734375
G1 X89.736328125 Y8.96484375
G1 X89.736328125 Y8.7890625
G1 X89.82421875 Y8.701171875
G1 X89.82421875 Y8.4375
G1 X89.912109375 Y8.349609375
G1 X89.82421875 Y8.4375
G1 X89.6484375 Y8.4375
G1 X89.560546875 Y8.349609375
G1 X89.6484375 Y8.26171875
G1 X89.736328125 Y8.26171875
G1 X89.82421875 Y8.173828125
G1 X89.736328125 Y8.0859375
G1 X89.82421875 Y7.998046875
G1 X89.912109375 Y7.998046875
G1 X89.6484375 Y7.734375
G1 X89.736328125 Y7.646484375
G1 X89.82421875 Y7.646484375
G1 X89.736328125 Y7.55859375
G1 X89.82421875 Y7.470703125
G1 X89.82421875 Y7.3828125
G1 X89.736328125 Y7.294921875
G1 X89.82421875 Y7.20703125
G1 X89.736328125 Y7.20703125
G1 X89.6484375 Y7.119140625
G1 X89.736328125 Y7.03125
G1 X89.82421875 Y7.03125
G1 X89.82421875 Y6.85546875
G1 X89.736328125 Y6.767578125
G1 X89.82421875 Y6.6796875
G1 X89.912109375 Y6.6796875
G1 X89.82421875 Y6.591796875
G1 X89.82421875 Y6.416015625
G1 X89.736328125 Y6.416015625
G1 X89.6484375 Y6.328125
G1 X89.736328125 Y6.240234375
G1 X89.82421875 Y6.240234375
G1 X89.82421875 Y5.888671875
G1 X89.912109375 Y5.80078125
G1 X89.82421875 Y5.712890625
G1 X89.82421875 Y5.625
G1 X89.736328125 Y5.537109375
G1 X89.912109375 Y5.361328125
G1 X89.82421875 Y5.2734375
G1 X89.912109375 Y5.185546875
G1 X89.82421875 Y5.09765625
G1 X89.82421875 Y4.921875
G1 X89.912109375 Y4.833984375
G1 X89.82421875 Y4.74609375
G1 X89.82421875 Y3.955078125
G1 X89.912109375 Y3.8671875
G1 X89.82421875 Y3.779296875
G1 X89.736328125 Y3.779296875
G1 X89.6484375 Y3.69140625
G1 X89.736328125 Y3.603515625
G1 X89.82421875 Y3.603515625
G1 X89.82421875 Y3.515625
G1 X89.736328125 Y3.427734375
G1 X89.82421875 Y3.33984375
G1 X89.82421875 Y2.900390625
G1 X89.912109375 Y2.8125
G1 X89.82421875 Y2.724609375
G1 X89.82421875 Y2.109375
G1 X89.736328125 Y2.109375
G1 X89.6484375 Y2.021484375
G1 X89.736328125 Y1.93359375
G1 X89.82421875 Y1.93359375
G1 X89.82421875 Y1.845703125
G1 X89.736328125 Y1.7578125
G1 X89.82421875 Y1.669921875
G1 X89.82421875 Y1.58203125
G1 X89.736328125 Y1.494140625
G1 X89.736328125 Y1.40625
G1 X89.82421875 Y1.318359375
G1 X89.736328125 Y1.23046875
G1 X89.736328125 Y0.966796875
G1 X89.6484375 Y0.87890625
G1 X89.6484375 Y0.791015625
G1 X89.47265625 Y0.966796875
G1 X89.208984375 Y0.703125
G1 X89.296875 Y0.615234375
G1 X89.384765625 Y0.615234375
G1 X89.47265625 Y0.703125
G1 X89.560546875 Y0.615234375
G1 X89.560546875 Y0.52734375
G1 X89.47265625 Y0.439453125
G1 X89.47265625 Y0.3515625
G1 X89.384765625 Y0.3515625
G1 X89.384765625 Y0.439453125
G1 X89.296875 Y0.52734375
G1 X89.208984375 Y0.439453125
G1 X89.12109375 Y0.439453125
G1 X89.033203125 Y0.3515625
G1 X89.033203125 Y0.263671875
G1 X88.76953125 Y0.0
G1 X88.76953125 Y0.087890625
G1 X88.857421875 Y0.087890625
G1 X88.9453125 Y0.17578125
G1 X88.9453125 Y0.263671875
G1 X88.857421875 Y0.3515625
G1 X88.76953125 Y0.3515625
G1 X88.681640625 Y0.263671875
G1 X88.59375 Y0.263671875
G1 X88.330078125 Y0.0
G1 X88.2421875 Y0.0
G1 X88.2421875 Y0.087890625
G1 X88.154296875 Y0.17578125
G1 X88.06640625 Y0.087890625
G1 X88.06640625 Y0.0
G1 X87.978515625 Y0.087890625
G1 X87.890625 Y0.087890625
G1 X87.802734375 Y0.0
G1 X87.71484375 Y0.0
G1 X87.71484375 Y0.087890625
G1 X87.626953125 Y0.17578125
G1 X87.5390625 Y0.087890625
G1 X87.5390625 Y0.0
G1 X87.451171875 Y0.0
G1 X87.36328125 Y0.087890625
G1 X87.275390625 Y0.0
G1 X86.923828125 Y0.0
G1 X87.01171875 Y0.087890625
G1 X86.923828125 Y0.17578125
G1 X86.8359375 Y0.17578125
G1 X86.748046875 Y0.087890625
G1 X86.748046875 Y0.0
G1 X86.484375 Y0.0
G1 X86.396484375 Y0.087890625
G1 X86.30859375 Y0.0
G1 X86.220703125 Y0.087890625
G1 X86.1328125 Y0.087890625
G1 X86.044921875 Y0.0
G1 X85.869140625 Y0.0
G1 X85.78125 Y0.087890625
G1 X85.693359375 Y0.0
G1 X85.517578125 Y0.0
G1 X85.4296875 Y0.087890625
G1 X85.341796875 Y0.0
G1 X85.25390625 Y0.087890625
G1 X85.166015625 Y0.0
G1 X85.078125 Y0.0
G1 X84.990234375 Y0.087890625
G1 X84.90234375 Y0.0
G1 X84.55078125 Y0.0
G1 X84.462890625 Y0.087890625
G1 X84.375 Y0.0
G1 X84.287109375 Y0.0
G1 X84.19921875 Y0.087890625
G1 X84.111328125 Y0.0
G1 X83.84765625 Y0.0
G1 X83.759765625 Y0.087890625
G1 X83.671875 Y0.0
G1 X80.771484375 Y0.0
G1 X80.68359375 Y0.087890625
G1 X80.595703125 Y0.0
G1 X79.27734375 Y0.0
G1 X79.189453125 Y0.087890625
G1 X79.1015625 Y0.0
G1 X78.310546875 Y0.0
G1 X78.22265625 Y0.087890625
G1 X78.134765625 Y0.0
G1 X78.046875 Y0.087890625
G1 X77.958984375 Y0.087890625
G1 X77.87109375 Y0.0
G1 X77.783203125 Y0.0
G1 X77.6953125 Y0.087890625
G1 X76.904296875 Y0.087890625
G1 X76.81640625 Y0.17578125
G1 X76.728515625 Y0.087890625
G1 X76.46484375 Y0.087890625
G1 X76.552734375 Y0.17578125
G1 X76.46484375 Y0.263671875
G1 X76.376953125 Y0.263671875
G1 X76.2890625 Y0.17578125
G1 X76.2890625 Y0.087890625
G1 X76.11328125 Y0.087890625
G1 X76.025390625 Y0.0
G1 X76.025390625 Y0.087890625
G1 X75.9375 Y0.17578125
G1 X75.849609375 Y0.087890625
G1 X75.76171875 Y0.087890625
G1 X75.76171875 Y0.17578125
G1 X75.673828125 Y0.263671875
G1 X75.5859375 Y0.17578125
G1 X75.5859375 Y0.087890625
G1 X75.498046875 Y0.087890625
G1 X75.41015625 Y0.0
G1 X75.322265625 Y0.087890625
G1 X75.234375 Y0.087890625
G1 X75.146484375 Y0.17578125
G1 X75.05859375 Y0.087890625
G1 X74.970703125 Y0.087890625
G1 X74.8828125 Y0.17578125
G1 X74.794921875 Y0.087890625
G1 X74.35546875 Y0.087890625
G1 X74.267578125 Y0.0
G1 X74.35546875 Y0.087890625
G1 X74.267578125 Y0.17578125
G1 X74.1796875 Y0.17578125
G1 X74.091796875 Y0.087890625
G1 X74.00390625 Y0.087890625
G1 X73.916015625 Y0.17578125
G1 X73.828125 Y0.087890625
G1 X73.4765625 Y0.087890625
G1 X73.388671875 Y0.17578125
G1 X73.30078125 Y0.087890625
G1 X73.212890625 Y0.087890625
G1 X73.125 Y0.17578125
G1 X73.037109375 Y0.087890625
G1 X72.94921875 Y0.17578125
G1 X72.861328125 Y0.087890625
G1 X72.7734375 Y0.17578125
G1 X72.685546875 Y0.17578125
G1 X72.59765625 Y0.087890625
G1 X72.509765625 Y0.17578125
G1 X72.421875 Y0.087890625
G1 X72.333984375 Y0.17578125
G1 X72.158203125 Y0.17578125
G1 X72.0703125 Y0.087890625
G1 X71.982421875 Y0.17578125
G1 X71.89453125 Y0.17578125
G1 X71.806640625 Y0.087890625
G1 X71.806640625 Y0.263671875
G1 X71.71875 Y0.3515625
G1 X71.54296875 Y0.17578125
G1 X71.630859375 Y0.087890625
G1 X71.015625 Y0.087890625
G1 X70.83984375 Y0.263671875
G1 X70.751953125 Y0.17578125
G1 X70.576171875 Y0.17578125
G1 X70.48828125 Y0.263671875
G1 X70.400390625 Y0.17578125
G1 X70.048828125 Y0.17578125
G1 X69.9609375 Y0.263671875
G1 X69.873046875 Y0.17578125
G1 X69.78515625 Y0.263671875
G1 X69.697265625 Y0.263671875
G1 X69.609375 Y0.17578125
G1 X69.521484375 Y0.263671875
G1 X69.43359375 Y0.263671875
G1 X69.345703125 Y0.17578125
G1 X69.345703125 Y0.087890625
G1 X69.345703125 Y0.17578125
G1 X69.2578125 Y0.263671875
G1 X69.169921875 Y0.263671875
G1 X69.08203125 Y0.17578125
G1 X69.08203125 Y0.263671875
G1 X68.994140625 Y0.3515625
G1 X68.90625 Y0.263671875
G1 X68.90625 Y0.17578125
G0 X63.80859375 Y0.0
G1 X63.80859375 Y0.0
G0 X10.37109375 Y0.0
G1 X10.37109375 Y0.0
G1 X10.458984375 Y0.087890625
G1 X10.458984375 Y0.17578125
G1 X10.37109375 Y0.263671875
G1 X10.283203125 Y0.263671875
G1 X10.283203125 Y0.3515625
G1 X10.37109375 Y0.3515625
G1 X10.37109375 Y0.263671875
G1 X10.546875 Y0.087890625
G1 X10.634765625 Y0.087890625
G1 X10.458984375 Y0.087890625
G0 X7.646484375 Y0.0
G1 X7.646484375 Y0.0
G1 X7.646484375 Y0.087890625
G1 X7.734375 Y0.087890625
G0 X1.669921875 Y0.0
G1 X1.669921875 Y0.0
G1 X1.93359375 Y0.263671875
G1 X1.845703125 Y0.3515625
G1 X1.7578125 Y0.3515625
G1 X1.58203125 Y0.17578125
G1 X1.58203125 Y0.263671875
G1 X1.40625 Y0.439453125
G1 X1.40625 Y0.52734375
G1 X1.58203125 Y0.52734375
G1 X1.669921875 Y0.615234375
G1 X1.58203125 Y0.703125
G1 X1.58203125 Y0.791015625
G1 X1.494140625 Y0.87890625
G1 X1.318359375 Y0.703125
G1 X1.23046875 Y0.703125
G1 X1.0546875 Y0.52734375
G1 X1.142578125 Y0.439453125
G1 X1.23046875 Y0.439453125
G1 X1.23046875 Y0.3515625
G1 X1.0546875 Y0.17578125
G1 X1.0546875 Y0.087890625
G1 X0.966796875 Y0.087890625
G1 X1.23046875 Y0.3515625
G1 X1.0546875 Y0.52734375
G1 X0.966796875 Y0.439453125
G1 X0.87890625 Y0.439453125
G1 X0.791015625 Y0.3515625
G1 X0.791015625 Y0.263671875
G1 X0.791015625 Y0.3515625
G1 X0.87890625 Y0.439453125
G1 X0.87890625 Y0.52734375
G1 X0.791015625 Y0.615234375
G1 X0.703125 Y0.615234375
G1 X0.615234375 Y0.52734375
G1 X0.615234375 Y0.439453125
G1 X0.52734375 Y0.3515625
G1 X0.52734375 Y0.52734375
G1 X0.439453125 Y0.615234375
G1 X0.3515625 Y0.52734375
G1 X0.3515625 Y0.791015625
G1 X0.17578125 Y0.966796875
G1 X0.263671875 Y0.966796875
G1 X0.3515625 Y1.0546875
G1 X0.3515625 Y1.142578125
G1 X0.263671875 Y1.23046875
G1 X0.17578125 Y1.23046875
G1 X0.087890625 Y1.142578125
G1 X0.17578125 Y1.23046875
G1 X0.17578125 Y1.40625
G1 X0.087890625 Y1.494140625
G1 X0.17578125 Y1.494140625
G1 X0.263671875 Y1.58203125
G1 X0.263671875 Y1.669921875
G1 X0.17578125 Y1.7578125
G1 X0.087890625 Y1.669921875
G1 X0.17578125 Y1.7578125
G1 X0.17578125 Y2.373046875
G1 X0.087890625 Y2.4609375
G1 X0.087890625 Y3.69140625
G1 X0.17578125 Y3.779296875
G1 X0.087890625 Y3.8671875
G1 X0.087890625 Y3.955078125
G1 X0.17578125 Y4.04296875
G1 X0.087890625 Y4.130859375
G1 X0.17578125 Y4.21875
G1 X0.087890625 Y4.306640625
G1 X0.087890625 Y4.39453125
G1 X0.17578125 Y4.482421875
G1 X0.087890625 Y4.5703125
G1 X0.087890625 Y11.689453125
G1 X0.0 Y11.77734375
G1 X0.087890625 Y11.865234375
G1 X0.0 Y11.953125
G1 X0.0 Y12.041015625
G1 X0.087890625 Y12.12890625
G1 X0.087890625 Y12.216796875
G1 X0.0 Y12.3046875
G1 X0.087890625 Y12.392578125
G1 X0.0 Y12.48046875
G1 X0.0 Y12.568359375
G1 X0.087890625 Y12.65625
G1 X0.087890625 Y13.0078125
G1 X0.0 Y13.095703125
G1 X0.0 Y13.18359375
G1 X0.087890625 Y13.271484375
G1 X0.087890625 Y13.7109375
G1 X0.0 Y13.798828125
G1 X0.087890625 Y13.88671875
G1 X0.087890625 Y13.974609375
G1 X0.0 Y14.0625
G1 X0.0 Y14.326171875
G1 X0.087890625 Y14.4140625
G1 X0.0 Y14.501953125
G1 X0.0 Y14.58984375
G1 X0.087890625 Y14.677734375
G1 X0.0 Y14.765625
G1 X0.0 Y14.94140625
G1 X0.087890625 Y15.029296875
G1 X0.0 Y15.1171875
G1 X0.087890625 Y15.205078125
G1 X0.087890625 Y15.29296875
G1 X0.0 Y15.380859375
G1 X0.087890625 Y15.46875
G1 X0.087890625 Y15.556640625
G1 X0.0 Y15.64453125
G1 X0.087890625 Y15.732421875
G1 X0.087890625 Y15.908203125
G1 X0.0 Y15.99609375
G1 X0.087890625 Y16.083984375
G1 X0.087890625 Y16.171875
G1 X0.0 Y16.259765625
G1 X0.087890625 Y16.34765625
G1 X0.0 Y16.435546875
G1 X0.0 Y16.5234375
G1 X0.087890625 Y16.611328125
G1 X0.087890625 Y16.69921875
G1 X0.0 Y16.787109375
G1 X0.0 Y16.875
G1 X0.087890625 Y16.962890625
G1 X0.0 Y17.05078125
G1 X0.087890625 Y17.138671875
G1 X0.087890625 Y17.2265625
G1 X0.0 Y17.314453125
G1 X0.087890625 Y17.40234375
G1 X0.087890625 Y18.193359375
G1 X0.0 Y18.28125
G1 X0.087890625 Y18.369140625
G1 X0.087890625 Y24.9609375
G1 X0.0 Y25.048828125
G1 X0.087890625 Y25.13671875
G1 X0.087890625 Y25.576171875
G1 X0.0 Y25.6640625
G1 X0.087890625 Y25.751953125
G1 X0.0 Y25.83984375
G1 X0.0 Y31.552734375
G1 X0.087890625 Y31.640625
G1 X0.0 Y31.728515625
G1 X0.0 Y33.046875
G1 X0.087890625 Y33.134765625
G1 X0.0 Y33.22265625
G1 X0.0 Y34.365234375
G1 X0.087890625 Y34.453125
G1 X0.0 Y34.541015625
G1 X0.0 Y34.892578125
G1 X0.087890625 Y34.98046875
G1 X0.0 Y35.068359375
G1 X0.0 Y39.287109375
G1 X0.087890625 Y39.375
G1 X0.0 Y39.462890625
G1 X0.0 Y39.55078125
G1 X0.087890625 Y39.638671875
G1 X0.0 Y39.7265625
G1 X0.0 Y40.078125
G1 X0.087890625 Y40.166015625
G1 X0.0 Y40.25390625
G1 X0.087890625 Y40.341796875
G1 X0.0 Y40.4296875
G1 X0.0 Y40.517578125
G1 X0.087890625 Y40.60546875
G1 X0.0 Y40.693359375
G1 X0.0 Y41.30859375
G1 X0.087890625 Y41.396484375
G1 X0.0 Y41.484375
G1 X0.0 Y42.802734375
G1 X0.087890625 Y42.890625
G1 X0.0 Y42.978515625
G1 X0.0 Y43.06640625
G1 X0.087890625 Y43.154296875
G1 X0.0 Y43.2421875
G1 X0.0 Y43.330078125
G1 X0.087890625 Y43.41796875
G1 X0.0 Y43.505859375
G1 X0.0 Y43.59375
G1 X0.087890625 Y43.681640625
G1 X0.0 Y43.76953125
G1 X0.087890625 Y43.857421875
G1 X0.0 Y43.9453125
G1 X0.0 Y45.966796875
G1 X0.087890625 Y46.0546875
G1 X0.0 Y46.142578125
G1 X0.0 Y47.900390625
G1 X0.087890625 Y47.98828125
G1 X0.0 Y48.076171875
G1 X0.0 Y49.04296875
G1 X0.087890625 Y49.130859375
G1 X0.087890625 Y49.21875
G1 X0.0 Y49.306640625
G1 X0.0 Y49.658203125
G1 X0.087890625 Y49.74609375
G1 X0.0 Y49.833984375
G1 X0.0 Y49.921875
G1 X0.087890625 Y50.009765625
G1 X0.0 Y50.09765625
G1 X0.0 Y51.064453125
G1 X0.087890625 Y51.15234375
G1 X0.0 Y51.240234375
G1 X0.0 Y52.470703125
G1 X0.087890625 Y52.55859375
G1 X0.0 Y52.646484375
G1 X0.0 Y54.140625
G1 X0.087890625 Y54.228515625
G1 X0.0 Y54.31640625
G1 X0.0 Y54.931640625
G1 X0.087890625 Y55.01953125
G1 X0.0 Y55.107421875
G1 X0.0 Y55.37109375
G1 X0.087890625 Y55.458984375
G1 X0.0 Y55.546875
G1 X0.0 Y56.337890625
G1 X0.087890625 Y56.42578125
G1 X0.0 Y56.513671875
G1 X0.0 Y56.865234375
G1 X0.087890625 Y56.953125
G1 X0.087890625 Y57.041015625
G1 X0.0 Y57.12890625
G1 X0.0 Y57.48046875
G1 X0.087890625 Y57.568359375
G1 X0.0 Y57.65625
G1 X0.0 Y58.0078125
G1 X0.087890625 Y58.095703125
G1 X0.0 Y58.18359375
G1 X0.0 Y59.501953125
G1 X0.087890625 Y59.58984375
G1 X0.0 Y59.677734375
G1 X0.087890625 Y59.765625
G1 X0.087890625 Y60.205078125
G1 X0.0 Y60.29296875
G1 X0.0 Y60.380859375
G1 X0.087890625 Y60.46875
G1 X0.087890625 Y60.556640625
G1 X0.0 Y60.64453125
G1 X0.087890625 Y60.732421875
G1 X0.087890625 Y60.8203125
G1 X0.0 Y60.908203125
G1 X0.087890625 Y60.99609375
G1 X0.087890625 Y61.34765625
G1 X0.0 Y61.435546875
G1 X0.0 Y62.314453125
G1 X0.087890625 Y62.40234375
G1 X0.0 Y62.490234375
G1 X0.0 Y66.708984375
G1 X0.087890625 Y66.796875
G1 X0.0 Y66.884765625
G1 X0.087890625 Y66.97265625
G1 X0.087890625 Y67.236328125
G1 X0.0 Y67.32421875
G1 X0.0 Y67.412109375
G1 X0.087890625 Y67.5
G1 X0.087890625 Y67.587890625
G1 X0.0 Y67.67578125
G1 X0.087890625 Y67.763671875
G1 X0.0 Y67.8515625
G1 X0.0 Y67.939453125
G1 X0.087890625 Y68.02734375
G1 X0.0 Y68.115234375
G1 X0.0 Y68.203125
G1 X0.087890625 Y68.291015625
G1 X0.0 Y68.37890625
G1 X0.0 Y69.697265625
G1 X0.087890625 Y69.78515625
G1 X0.087890625 Y69.873046875
G1 X0.0 Y69.9609375
G1 X0.087890625 Y70.048828125
G1 X0.0 Y70.13671875
G1 X0.0 Y70.3125
G1 X0.087890625 Y70.400390625
G1 X0.0 Y70.48828125
G1 X0.087890625 Y70.576171875
G1 X0.087890625 Y70.6640625
G1 X0.0 Y70.751953125
G1 X0.0 Y70.927734375
G1 X0.087890625 Y71.015625
G1 X0.087890625 Y71.103515625
G1 X0.0 Y71.19140625
G1 X0.087890625 Y71.279296875
G1 X0.0 Y71.3671875
G1 X0.087890625 Y71.455078125
G1 X0.087890625 Y71.54296875
G1 X0.0 Y71.630859375
G1 X0.087890625 Y71.71875
G1 X0.087890625 Y73.564453125
G1 X0.0 Y73.65234375
G1 X0.087890625 Y73.740234375
G1 X0.087890625 Y74.091796875
G1 X0.0 Y74.1796875
G1 X0.087890625 Y74.267578125
G1 X0.087890625 Y74.70703125
G1 X0.0 Y74.794921875
G1 X0.0 Y74.970703125
G1 X0.087890625 Y75.05859375
G1 X0.087890625 Y75.146484375
G1 X0.0 Y75.234375
G1 X0.0 Y75.498046875
G1 X0.087890625 Y75.5859375
G1 X0.087890625 Y75.673828125
G1 X0.0 Y75.76171875
G1 X0.0 Y84.19921875
G1 X0.087890625 Y84.287109375
G1 X0.0 Y84.375
G1 X0.0 Y85.693359375
G1 X0.087890625 Y85.78125
G1 X0.0 Y85.869140625
G1 X0.087890625 Y85.95703125
G1 X0.087890625 Y86.044921875
G1 X0.0 Y86.1328125
G1 X0.087890625 Y86.220703125
G1 X0.0 Y86.30859375
G1 X0.0 Y86.396484375
G1 X0.087890625 Y86.484375
G1 X0.087890625 Y86.66015625
G1 X0.17578125 Y86.748046875
G1 X0.087890625 Y86.8359375
G1 X0.0 Y86.8359375
G1 X0.087890625 Y86.923828125
G1 X0.087890625 Y87.01171875
G1 X0.0 Y87.099609375
G1 X0.17578125 Y87.275390625
G1 X0.17578125 Y87.36328125
G1 X0.087890625 Y87.451171875
G1 X0.0 Y87.36328125
G1 X0.17578125 Y87.5390625
G1 X0.087890625 Y87.626953125
G1 X0.087890625 Y87.71484375
G1 X0.17578125 Y87.802734375
G1 X0.17578125 Y87.890625
G1 X0.087890625 Y87.978515625
G1 X0.17578125 Y87.978515625
G1 X0.263671875 Y88.06640625
G1 X0.17578125 Y88.154296875
G1 X0.17578125 Y88.2421875
G1 X0.263671875 Y88.330078125
G1 X0.17578125 Y88.41796875
G1 X0.263671875 Y88.505859375
G1 X0.17578125 Y88.59375
G1 X0.3515625 Y88.76953125
G1 X0.263671875 Y88.857421875
G1 X0.3515625 Y88.9453125
G1 X0.263671875 Y89.033203125
G1 X0.439453125 Y89.033203125
G1 X0.52734375 Y89.12109375
G1 X0.3515625 Y89.296875
G1 X0.439453125 Y89.296875
G1 X0.52734375 Y89.384765625
G1 X0.52734375 Y89.560546875
G1 X0.615234375 Y89.6484375
G1 X0.615234375 Y89.736328125
G1 X0.52734375 Y89.82421875
G1 X0.615234375 Y89.82421875
G1 X0.615234375 Y89.736328125
G1 X0.703125 Y89.6484375
G1 X0.791015625 Y89.6484375
G1 X0.87890625 Y89.736328125
G1 X0.87890625 Y89.82421875
G1 X0.791015625 Y89.912109375
G1 X0.87890625 Y89.82421875
G1 X1.0546875 Y89.82421875
G1 X1.142578125 Y89.736328125
G1 X1.23046875 Y89.82421875
G1 X1.23046875 Y89.912109375
G1 X1.494140625 Y89.912109375
G1 X1.494140625 Y89.82421875
G1 X1.58203125 Y89.736328125
G1 X1.669921875 Y89.736328125
G1 X1.7578125 Y89.82421875
G1 X1.669921875 Y89.912109375
G1 X1.7578125 Y89.912109375
G1 X1.845703125 Y89.82421875
G1 X1.93359375 Y89.912109375
G1 X2.4609375 Y89.912109375
G1 X2.548828125 Y89.82421875
G1 X2.63671875 Y89.912109375
G1 X2.8125 Y89.912109375
G1 X2.900390625 Y89.82421875
G1 X2.98828125 Y89.912109375
G1 X3.076171875 Y89.912109375
G1 X3.1640625 Y89.82421875
G1 X3.251953125 Y89.912109375
G1 X14.23828125 Y89.912109375
G1 X14.326171875 Y89.82421875
G1 X14.4140625 Y89.912109375
G1 X14.94140625 Y89.912109375
G1 X15.029296875 Y89.82421875
G1 X15.1171875 Y89.82421875
G1 X15.205078125 Y89.912109375
G1 X15.29296875 Y89.82421875
G1 X15.380859375 Y89.912109375
G1 X15.46875 Y89.82421875
G1 X15.556640625 Y89.912109375
G1 X16.435546875 Y89.912109375
G1 X16.5234375 Y89.82421875
G1 X16.611328125 Y89.912109375
G1 X16.875 Y89.912109375
G1 X16.787109375 Y89.82421875
G1 X16.787109375 Y89.736328125
G1 X16.875 Y89.6484375
G1 X17.138671875 Y89.912109375
G1 X17.578125 Y89.912109375
G1 X17.666015625 Y89.82421875
G1 X17.75390625 Y89.912109375
G1 X17.841796875 Y89.82421875
G1 X17.9296875 Y89.912109375
G1 X18.6328125 Y89.912109375
G1 X18.720703125 Y89.82421875
G1 X18.80859375 Y89.912109375
G1 X25.6640625 Y89.912109375
G1 X25.576171875 Y89.82421875
G1 X25.48828125 Y89.912109375
G1 X25.13671875 Y89.912109375
G1 X25.048828125 Y89.82421875
G1 X24.9609375 Y89.82421875
G1 X24.873046875 Y89.736328125
G1 X24.9609375 Y89.6484375
G1 X24.9609375 Y89.560546875
G1 X25.13671875 Y89.384765625
G1 X25.048828125 Y89.47265625
G1 X24.9609375 Y89.384765625
G1 X24.873046875 Y89.384765625
G1 X24.78515625 Y89.47265625
G1 X24.697265625 Y89.47265625
G1 X24.609375 Y89.384765625
G1 X24.697265625 Y89.296875
G1 X24.697265625 Y89.208984375
G1 X24.78515625 Y89.12109375
G1 X24.873046875 Y89.208984375
G1 X24.9609375 Y89.208984375
G1 X25.048828125 Y89.12109375
G1 X25.13671875 Y89.208984375
G1 X25.224609375 Y89.208984375
G1 X25.3125 Y89.12109375
G1 X25.400390625 Y89.208984375
G1 X25.400390625 Y89.384765625
G1 X25.48828125 Y89.384765625
G1 X25.48828125 Y89.296875
G1 X25.576171875 Y89.208984375
G1 X25.6640625 Y89.296875
G1 X25.6640625 Y89.384765625
G1 X25.83984375 Y89.384765625
G1 X25.927734375 Y89.296875
G1 X26.015625 Y89.384765625
G1 X26.015625 Y89.47265625
G1 X25.927734375 Y89.560546875
G1 X26.015625 Y89.47265625
G1 X26.3671875 Y89.47265625
G1 X26.3671875 Y89.384765625
G1 X26.455078125 Y89.296875
G1 X26.54296875 Y89.384765625
G1 X26.54296875 Y89.47265625
G1 X26.630859375 Y89.47265625
G1 X26.71875 Y89.560546875
G1 X26.806640625 Y89.560546875
G1 X26.89453125 Y89.47265625
G1 X26.982421875 Y89.560546875
G1 X27.0703125 Y89.47265625
G1 X27.24609375 Y89.47265625
G1 X27.333984375 Y89.560546875
G1 X27.685546875 Y89.560546875
G1 X27.685546875 Y89.47265625
G1 X27.59765625 Y89.47265625
G1 X27.509765625 Y89.560546875
G1 X27.24609375 Y89.296875
G1 X27.333984375 Y89.384765625
G1 X27.24609375 Y89.47265625
G1 X27.158203125 Y89.47265625
G1 X26.982421875 Y89.296875
G1 X26.982421875 Y89.208984375
G1 X27.0703125 Y89.12109375
G1 X27.158203125 Y89.12109375
G1 X27.24609375 Y89.033203125
G1 X27.333984375 Y89.12109375
G1 X28.125 Y89.12109375
G1 X28.125 Y89.033203125
G1 X28.037109375 Y89.12109375
G1 X27.94921875 Y89.12109375
G1 X27.861328125 Y89.033203125
G1 X27.7734375 Y89.12109375
G1 X27.685546875 Y89.12109375
G1 X27.59765625 Y89.033203125
G1 X27.509765625 Y89.033203125
G1 X27.421875 Y89.12109375
G1 X27.333984375 Y89.033203125
G1 X27.158203125 Y89.033203125
G1 X27.0703125 Y89.12109375
G1 X26.982421875 Y89.12109375
G1 X26.89453125 Y89.208984375
G1 X26.806640625 Y89.12109375
G1 X26.806640625 Y89.033203125
G1 X26.71875 Y89.12109375
G1 X26.630859375 Y89.033203125
G1 X26.630859375 Y88.9453125
G1 X26.630859375 Y89.033203125
G1 X26.54296875 Y89.12109375
G1 X26.54296875 Y89.208984375
G1 X26.455078125 Y89.296875
G1 X26.3671875 Y89.208984375
G1 X26.3671875 Y89.12109375
G1 X26.279296875 Y89.12109375
G1 X26.19140625 Y89.208984375
G1 X26.103515625 Y89.12109375
G1 X25.927734375 Y89.296875
G1 X25.83984375 Y89.208984375
G1 X25.83984375 Y89.033203125
G1 X25.751953125 Y89.12109375
G1 X25.751953125 Y89.208984375
G1 X25.6640625 Y89.296875
G1 X25.576171875 Y89.208984375
G1 X25.576171875 Y89.033203125
G1 X25.48828125 Y89.12109375
G1 X25.224609375 Y89.12109375
G1 X25.13671875 Y89.033203125
G1 X25.048828125 Y89.12109375
G1 X24.9609375 Y89.033203125
G1 X24.873046875 Y89.12109375
G1 X24.2578125 Y89.12109375
G1 X24.169921875 Y89.208984375
G1 X24.08203125 Y89.12109375
G1 X23.994140625 Y89.12109375
G1 X24.08203125 Y89.208984375
G1 X23.994140625 Y89.296875
G1 X23.90625 Y89.296875
G1 X23.73046875 Y89.12109375
G1 X23.5546875 Y89.12109375
G1 X23.73046875 Y89.12109375
G1 X23.818359375 Y89.208984375
G1 X23.818359375 Y89.296875
G1 X23.90625 Y89.296875
G1 X23.994140625 Y89.384765625
G1 X23.90625 Y89.47265625
G1 X23.818359375 Y89.47265625
G1 X23.73046875 Y89.560546875
G1 X23.642578125 Y89.47265625
G1 X23.37890625 Y89.47265625
G1 X23.291015625 Y89.560546875
G1 X23.203125 Y89.47265625
G1 X23.203125 Y89.384765625
G1 X23.115234375 Y89.47265625
G1 X22.67578125 Y89.47265625
G1 X22.587890625 Y89.384765625
G1 X22.67578125 Y89.296875
G1 X22.763671875 Y89.296875
G1 X22.67578125 Y89.208984375
G1 X22.67578125 Y89.296875
G1 X22.5 Y89.47265625
G1 X22.32421875 Y89.47265625
G1 X22.236328125 Y89.384765625
G1 X22.236328125 Y89.296875
G1 X22.1484375 Y89.208984375
G1 X21.884765625 Y89.208984375
G1 X21.796875 Y89.296875
G1 X21.708984375 Y89.208984375
G1 X21.62109375 Y89.208984375
G1 X21.4453125 Y89.384765625
G1 X21.357421875 Y89.296875
G1 X21.26953125 Y89.296875
G1 X21.357421875 Y89.384765625
G1 X21.26953125 Y89.47265625
G1 X21.181640625 Y89.47265625
G1 X21.09375 Y89.384765625
G1 X21.09375 Y89.296875
G1 X20.390625 Y89.296875
G1 X20.390625 Y89.384765625
G1 X20.478515625 Y89.296875
G1 X20.56640625 Y89.296875
G1 X20.654296875 Y89.384765625
G1 X20.7421875 Y89.296875
G1 X20.830078125 Y89.384765625
G1 X20.91796875 Y89.384765625
G1 X21.005859375 Y89.47265625
G1 X21.181640625 Y89.47265625
G1 X21.26953125 Y89.560546875
G1 X21.357421875 Y89.47265625
G1 X21.4453125 Y89.47265625
G1 X21.533203125 Y89.560546875
G1 X21.62109375 Y89.560546875
G1 X21.708984375 Y89.47265625
G1 X21.796875 Y89.560546875
G1 X21.884765625 Y89.47265625
G1 X21.884765625 Y89.296875
G1 X21.97265625 Y89.208984375
G1 X22.060546875 Y89.208984375
G1 X22.236328125 Y89.384765625
G1 X22.1484375 Y89.47265625
G1 X22.060546875 Y89.47265625
G1 X22.060546875 Y89.560546875
G1 X22.1484375 Y89.560546875
G1 X22.1484375 Y89.47265625
G1 X22.236328125 Y89.384765625
G1 X22.32421875 Y89.47265625
G1 X22.32421875 Y89.560546875
G1 X23.642578125 Y89.560546875
G1 X23.73046875 Y89.6484375
G1 X23.818359375 Y89.6484375
G1 X23.90625 Y89.736328125
G1 X23.73046875 Y89.912109375
G1 X23.642578125 Y89.912109375
G1 X23.5546875 Y89.82421875
G1 X23.466796875 Y89.912109375
G1 X23.37890625 Y89.82421875
G1 X23.291015625 Y89.912109375
G1 X23.203125 Y89.82421875
G1 X22.763671875 Y89.82421875
G1 X22.67578125 Y89.912109375
G1 X22.587890625 Y89.82421875
G1 X22.5 Y89.912109375
G1 X22.412109375 Y89.82421875
G1 X22.32421875 Y89.82421875
G1 X22.236328125 Y89.912109375
G1 X22.1484375 Y89.82421875
G1 X22.060546875 Y89.912109375
G1 X21.97265625 Y89.912109375
G1 X21.884765625 Y89.82421875
G1 X21.796875 Y89.912109375
G1 X21.708984375 Y89.82421875
G1 X21.62109375 Y89.82421875
G1 X21.533203125 Y89.912109375
G1 X21.4453125 Y89.82421875
G1 X21.26953125 Y89.82421875
G1 X21.181640625 Y89.912109375
G1 X21.09375 Y89.82421875
G1 X21.005859375 Y89.912109375
G1 X20.91796875 Y89.912109375
G1 X20.830078125 Y89.82421875
G1 X20.7421875 Y89.82421875
G1 X20.654296875 Y89.912109375
G1 X20.56640625 Y89.82421875
G1 X20.478515625 Y89.912109375
G1 X20.390625 Y89.82421875
G1 X20.126953125 Y89.82421875
G1 X20.0390625 Y89.912109375
G1 X19.951171875 Y89.82421875
G1 X19.86328125 Y89.82421875
G1 X19.775390625 Y89.912109375
G1 X19.6875 Y89.82421875
G1 X19.072265625 Y89.82421875
G1 X18.984375 Y89.736328125
G1 X18.896484375 Y89.82421875
G1 X18.80859375 Y89.736328125
G1 X18.80859375 Y89.6484375
G1 X18.80859375 Y89.736328125
G1 X18.720703125 Y89.82421875
G1 X18.6328125 Y89.82421875
G1 X18.544921875 Y89.736328125
G1 X18.45703125 Y89.82421875
G1 X18.369140625 Y89.82421875
G1 X18.28125 Y89.736328125
G1 X18.28125 Y89.6484375
G1 X18.369140625 Y89.560546875
G1 X18.45703125 Y89.560546875
G1 X18.369140625 Y89.47265625
G1 X18.193359375 Y89.6484375
G1 X18.10546875 Y89.560546875
G1 X17.490234375 Y89.560546875
G1 X17.40234375 Y89.6484375
G1 X15.380859375 Y89.6484375
G1 X15.29296875 Y89.736328125
G1 X15.205078125 Y89.6484375
G1 X14.4140625 Y89.6484375
G1 X14.23828125 Y89.47265625
G1 X14.326171875 Y89.384765625
G1 X14.4140625 Y89.384765625
G1 X14.501953125 Y89.296875
G1 X14.58984375 Y89.384765625
G1 X14.677734375 Y89.296875
G1 X14.765625 Y89.384765625
G1 X14.765625 Y89.47265625
G1 X14.853515625 Y89.47265625
G1 X14.94140625 Y89.384765625
G1 X15.029296875 Y89.47265625
G1 X14.94140625 Y89.384765625
G1 X15.029296875 Y89.296875
G1 X15.46875 Y89.296875
G1 X15.556640625 Y89.208984375
G1 X15.556640625 Y89.12109375
G1 X15.556640625 Y89.208984375
G1 X15.46875 Y89.296875
G1 X15.380859375 Y89.208984375
G1 X15.29296875 Y89.208984375
G1 X15.205078125 Y89.296875
G1 X15.1171875 Y89.208984375
G1 X15.029296875 Y89.208984375
G1 X14.94140625 Y89.296875
G1 X14.853515625 Y89.208984375
G1 X13.623046875 Y89.208984375
G1 X13.53515625 Y89.12109375
G1 X13.447265625 Y89.12109375
G1 X13.359375 Y89.033203125
G1 X13.447265625 Y88.9453125
G1 X13.623046875 Y88.9453125
G1 X13.7109375 Y89.033203125
G1 X13.798828125 Y88.9453125
G1 X13.88671875 Y88.9453125
G1 X13.974609375 Y89.033203125
G1 X14.0625 Y88.9453125
G1 X14.150390625 Y88.9453125
G1 X14.23828125 Y89.033203125
G1 X14.326171875 Y89.033203125
G1 X14.4140625 Y88.9453125
G1 X14.677734375 Y88.9453125
G1 X14.765625 Y89.033203125
G1 X14.853515625 Y88.9453125
G1 X15.380859375 Y88.9453125
G1 X15.46875 Y88.857421875
G1 X15.556640625 Y88.9453125
G1 X15.64453125 Y88.9453125
G1 X15.732421875 Y88.857421875
G1 X15.8203125 Y88.857421875
G1 X15.908203125 Y88.9453125
G1 X15.99609375 Y88.857421875
G1 X16.083984375 Y88.9453125
G1 X16.171875 Y88.857421875
G1 X16.34765625 Y88.857421875
G1 X16.435546875 Y88.9453125
G1 X16.5234375 Y88.857421875
G1 X16.69921875 Y88.857421875
G1 X16.34765625 Y88.857421875
G1 X16.259765625 Y88.76953125
G1 X16.171875 Y88.857421875
G1 X16.083984375 Y88.857421875
G1 X15.99609375 Y88.76953125
G1 X15.908203125 Y88.857421875
G1 X15.8203125 Y88.76953125
G1 X15.732421875 Y88.76953125
G1 X15.64453125 Y88.857421875
G1 X15.556640625 Y88.857421875
G1 X15.46875 Y88.76953125
G1 X15.380859375 Y88.857421875
G1 X15.29296875 Y88.857421875
G1 X15.205078125 Y88.76953125
G1 X15.1171875 Y88.857421875
G1 X15.029296875 Y88.76953125
G1 X14.853515625 Y88.76953125
G1 X14.765625 Y88.857421875
G1 X14.677734375 Y88.857421875
G1 X14.58984375 Y88.76953125
G1 X13.974609375 Y88.76953125
G1 X13.88671875 Y88.681640625
G1 X14.0625 Y88.505859375
G1 X14.677734375 Y88.505859375
G1 X14.765625 Y88.41796875
G1 X14.853515625 Y88.505859375
G1 X15.46875 Y88.505859375
G1 X15.46875 Y88.41796875
G1 X13.53515625 Y88.41796875
G1 X13.447265625 Y88.330078125
G1 X13.447265625 Y88.2421875
G1 X13.447265625 Y88.330078125
G1 X13.359375 Y88.41796875
G1 X13.271484375 Y88.41796875
G1 X13.18359375 Y88.330078125
G1 X13.18359375 Y88.2421875
G1 X13.095703125 Y88.154296875
G1 X13.18359375 Y88.06640625
G1 X13.623046875 Y88.06640625
G1 X13.7109375 Y88.154296875
G1 X13.7109375 Y88.2421875
G1 X13.7109375 Y88.154296875
G1 X13.798828125 Y88.06640625
G1 X13.974609375 Y88.06640625
G1 X14.0625 Y88.154296875
G1 X14.0625 Y88.06640625
G1 X13.974609375 Y88.06640625
G1 X13.88671875 Y87.978515625
G1 X13.798828125 Y87.978515625
G1 X13.7109375 Y88.06640625
G1 X13.623046875 Y87.978515625
G1 X13.53515625 Y87.978515625
G1 X13.447265625 Y87.890625
G1 X13.53515625 Y87.802734375
G1 X13.53515625 Y87.71484375
G1 X13.7109375 Y87.5390625
G1 X13.798828125 Y87.626953125
G1 X13.798828125 Y87.71484375
G1 X13.7109375 Y87.802734375
G1 X13.798828125 Y87.71484375
G1 X13.974609375 Y87.71484375
G1 X14.0625 Y87.802734375
G1 X14.0625 Y87.71484375
G1 X14.150390625 Y87.626953125
G1 X14.23828125 Y87.71484375
G1 X14.326171875 Y87.71484375
G1 X14.4140625 Y87.626953125
G1 X14.501953125 Y87.626953125
G1 X14.58984375 Y87.71484375
G1 X14.677734375 Y87.71484375
G1 X14.765625 Y87.626953125
G1 X14.853515625 Y87.71484375
G1 X14.94140625 Y87.626953125
G1 X15.029296875 Y87.626953125
G1 X15.1171875 Y87.71484375
G1 X15.205078125 Y87.626953125
G1 X15.46875 Y87.626953125
G1 X14.150390625 Y87.626953125
G1 X14.0625 Y87.71484375
G1 X13.974609375 Y87.626953125
G1 X13.974609375 Y87.5390625
G1 X13.88671875 Y87.626953125
G1 X13.798828125 Y87.626953125
G1 X13.7109375 Y87.5390625
G1 X13.623046875 Y87.5390625
G1 X13.53515625 Y87.626953125
G1 X13.447265625 Y87.5390625
G1 X13.447265625 Y87.451171875
G1 X13.447265625 Y87.5390625
G1 X13.359375 Y87.626953125
G1 X13.18359375 Y87.451171875
G1 X13.18359375 Y87.36328125
G1 X13.271484375 Y87.275390625
G1 X13.271484375 Y87.1875
G1 X13.18359375 Y87.099609375
G1 X13.18359375 Y87.5390625
G1 X13.095703125 Y87.626953125
G1 X13.0078125 Y87.5390625
G1 X12.919921875 Y87.626953125
G1 X12.83203125 Y87.5390625
G1 X12.216796875 Y87.5390625
G1 X12.216796875 Y87.626953125
G1 X12.12890625 Y87.71484375
G1 X12.041015625 Y87.626953125
G1 X12.041015625 Y87.5390625
G1 X11.953125 Y87.5390625
G1 X11.865234375 Y87.451171875
G1 X11.77734375 Y87.451171875
G1 X11.689453125 Y87.36328125
G1 X11.77734375 Y87.275390625
G1 X11.689453125 Y87.275390625
G1 X11.513671875 Y87.451171875
G1 X11.25 Y87.1875
G1 X11.337890625 Y87.099609375
G1 X11.42578125 Y87.099609375
G1 X11.513671875 Y87.1875
G1 X11.6015625 Y87.099609375
G1 X11.953125 Y87.099609375
G1 X12.041015625 Y87.1875
G1 X12.041015625 Y87.275390625
G1 X12.041015625 Y87.099609375
G1 X12.12890625 Y87.01171875
G1 X12.3046875 Y87.1875
G1 X12.216796875 Y87.275390625
G1 X12.3046875 Y87.275390625
G1 X12.392578125 Y87.1875
G1 X12.48046875 Y87.275390625
G1 X12.568359375 Y87.275390625
G1 X12.65625 Y87.1875
G1 X12.744140625 Y87.275390625
G1 X12.744140625 Y87.1875
G1 X12.83203125 Y87.099609375
G1 X13.0078125 Y87.275390625
G1 X13.0078125 Y87.099609375
G1 X12.919921875 Y87.1875
G1 X12.83203125 Y87.099609375
G1 X12.568359375 Y87.099609375
G1 X12.48046875 Y87.1875
G1 X12.392578125 Y87.099609375
G1 X12.216796875 Y87.099609375
G1 X12.12890625 Y87.01171875
G1 X12.12890625 Y86.923828125
G1 X12.12890625 Y87.01171875
G1 X12.041015625 Y87.099609375
G1 X11.953125 Y87.099609375
G1 X11.865234375 Y87.01171875
G1 X11.689453125 Y87.01171875
G1 X11.6015625 Y87.099609375
G1 X11.513671875 Y87.01171875
G1 X11.42578125 Y87.01171875
G1 X11.337890625 Y87.099609375
G1 X11.25 Y87.01171875
G1 X11.25 Y86.923828125
G1 X11.25 Y87.01171875
G1 X11.162109375 Y87.099609375
G1 X11.07421875 Y87.01171875
G1 X10.986328125 Y87.01171875
G1 X10.986328125 Y87.099609375
G1 X10.8984375 Y87.1875
G1 X10.810546875 Y87.099609375
G1 X10.810546875 Y87.01171875
G1 X9.84375 Y87.01171875
G1 X9.755859375 Y87.099609375
G1 X9.66796875 Y87.01171875
G1 X9.4921875 Y87.01171875
G1 X9.404296875 Y86.923828125
G1 X9.4921875 Y86.8359375
G1 X10.01953125 Y86.8359375
G1 X10.107421875 Y86.748046875
G1 X10.1953125 Y86.8359375
G1 X10.37109375 Y86.8359375
G1 X10.458984375 Y86.748046875
G1 X10.72265625 Y86.748046875
G1 X10.810546875 Y86.8359375
G1 X10.8984375 Y86.8359375
G1 X10.986328125 Y86.748046875
G1 X11.42578125 Y86.748046875
G1 X11.513671875 Y86.8359375
G1 X11.6015625 Y86.748046875
G1 X11.77734375 Y86.748046875
G1 X11.77734375 Y86.66015625
G1 X11.689453125 Y86.66015625
G1 X11.6015625 Y86.748046875
G1 X11.513671875 Y86.748046875
G1 X11.42578125 Y86.66015625
G1 X11.337890625 Y86.66015625
G1 X11.25 Y86.748046875
G1 X11.162109375 Y86.66015625
G1 X10.986328125 Y86.66015625
G1 X10.8984375 Y86.572265625
G1 X10.986328125 Y86.484375
G1 X10.986328125 Y86.396484375
G1 X10.810546875 Y86.220703125
G1 X10.8984375 Y86.30859375
G1 X10.8984375 Y86.396484375
G1 X10.986328125 Y86.484375
G1 X10.8984375 Y86.572265625
G1 X10.8984375 Y86.66015625
G1 X10.810546875 Y86.748046875
G1 X10.72265625 Y86.748046875
G1 X10.634765625 Y86.66015625
G1 X10.546875 Y86.748046875
G1 X10.01953125 Y86.748046875
G1 X9.931640625 Y86.8359375
G1 X9.84375 Y86.748046875
G1 X9.755859375 Y86.8359375
G1 X9.66796875 Y86.8359375
G1 X9.580078125 Y86.748046875
G1 X9.4921875 Y86.8359375
G1 X7.998046875 Y86.8359375
G1 X7.91015625 Y86.748046875
G1 X7.822265625 Y86.8359375
G1 X7.734375 Y86.8359375
G1 X7.646484375 Y86.748046875
G1 X7.646484375 Y86.66015625
G1 X7.822265625 Y86.484375
G1 X7.91015625 Y86.572265625
G1 X8.173828125 Y86.572265625
G1 X8.26171875 Y86.66015625
G1 X8.4375 Y86.484375
G1 X8.525390625 Y86.572265625
G1 X8.61328125 Y86.572265625
G1 X8.61328125 Y86.484375
G1 X8.349609375 Y86.484375
G1 X8.26171875 Y86.572265625
G1 X8.173828125 Y86.484375
G1 X8.173828125 Y86.396484375
G1 X8.0859375 Y86.484375
G1 X7.91015625 Y86.484375
G1 X7.822265625 Y86.396484375
G1 X7.998046875 Y86.220703125
G1 X8.26171875 Y86.220703125
G1 X8.173828125 Y86.220703125
G1 X8.0859375 Y86.1328125
G1 X7.998046875 Y86.1328125
G1 X7.91015625 Y86.220703125
G1 X7.822265625 Y86.220703125
G1 X7.734375 Y86.1328125
G1 X7.646484375 Y86.1328125
G1 X7.55859375 Y86.044921875
G1 X7.646484375 Y85.95703125
G1 X8.173828125 Y85.95703125
G1 X8.173828125 Y85.60546875
G1 X8.26171875 Y85.517578125
G1 X8.349609375 Y85.60546875
G1 X8.349609375 Y85.693359375
G1 X8.525390625 Y85.517578125
G1 X8.61328125 Y85.60546875
G1 X8.701171875 Y85.517578125
G1 X8.7890625 Y85.517578125
G1 X8.876953125 Y85.60546875
G1 X8.96484375 Y85.60546875
G1 X9.052734375 Y85.517578125
G1 X9.140625 Y85.60546875
G1 X9.140625 Y85.693359375
G1 X9.228515625 Y85.60546875
G1 X9.4921875 Y85.60546875
G1 X9.404296875 Y85.517578125
G1 X9.31640625 Y85.60546875
G1 X9.228515625 Y85.517578125
G1 X9.140625 Y85.517578125
G1 X9.052734375 Y85.4296875
G1 X9.140625 Y85.341796875
G1 X9.052734375 Y85.25390625
G1 X9.140625 Y85.341796875
G1 X8.96484375 Y85.517578125
G1 X8.876953125 Y85.517578125
G1 X8.7890625 Y85.4296875
G1 X8.876953125 Y85.341796875
G1 X8.7890625 Y85.25390625
G1 X8.876953125 Y85.341796875
G1 X8.701171875 Y85.517578125
G1 X8.61328125 Y85.4296875
G1 X8.525390625 Y85.517578125
G1 X8.349609375 Y85.517578125
G1 X8.26171875 Y85.4296875
G1 X8.173828125 Y85.4296875
G1 X8.0859375 Y85.517578125
G1 X7.998046875 Y85.4296875
G1 X7.998046875 Y85.25390625
G1 X8.26171875 Y84.990234375
G1 X8.173828125 Y85.078125
G1 X8.0859375 Y85.078125
G1 X7.998046875 Y84.990234375
G1 X7.91015625 Y84.990234375
G1 X7.822265625 Y84.90234375
G1 X7.91015625 Y84.814453125
G1 X7.734375 Y84.814453125
G1 X7.734375 Y84.90234375
G1 X7.646484375 Y84.990234375
G1 X7.55859375 Y84.90234375
G1 X7.55859375 Y84.814453125
G1 X7.470703125 Y84.814453125
G1 X7.3828125 Y84.7265625
G1 X7.55859375 Y84.55078125
G1 X7.646484375 Y84.638671875
G1 X7.734375 Y84.638671875
G1 X7.822265625 Y84.55078125
G1 X8.0859375 Y84.55078125
G1 X8.173828125 Y84.638671875
G1 X8.173828125 Y84.7265625
G1 X8.349609375 Y84.55078125
G1 X8.4375 Y84.638671875
G1 X8.4375 Y84.7265625
G1 X8.349609375 Y84.814453125
G1 X8.4375 Y84.814453125
G1 X8.4375 Y84.7265625
G1 X8.61328125 Y84.55078125
G1 X8.61328125 Y84.462890625
G1 X8.525390625 Y84.55078125
G1 X8.4375 Y84.55078125
G1 X8.349609375 Y84.462890625
G1 X8.349609375 Y84.375
G1 X8.349609375 Y84.462890625
G1 X8.26171875 Y84.55078125
G1 X8.173828125 Y84.462890625
G1 X8.0859375 Y84.55078125
G1 X7.998046875 Y84.462890625
G1 X7.822265625 Y84.462890625
G1 X7.734375 Y84.375
G1 X7.822265625 Y84.287109375
G1 X7.998046875 Y84.287109375
G1 X7.998046875 Y84.19921875
G1 X8.0859375 Y84.111328125
G1 X8.173828125 Y84.19921875
G1 X8.173828125 Y84.287109375
G1 X8.173828125 Y84.19921875
G1 X8.0859375 Y84.111328125
G1 X8.0859375 Y84.0234375
G1 X8.173828125 Y83.935546875
G1 X8.4375 Y83.935546875
G1 X8.349609375 Y83.935546875
G1 X8.26171875 Y83.84765625
G1 X8.26171875 Y83.759765625
G1 X8.349609375 Y83.671875
G1 X8.4375 Y83.759765625
G1 X8.4375 Y83.671875
G1 X8.525390625 Y83.583984375
G1 X8.61328125 Y83.583984375
G1 X8.701171875 Y83.49609375
G1 X8.7890625 Y83.49609375
G1 X8.701171875 Y83.49609375
G1 X8.61328125 Y83.583984375
G1 X8.525390625 Y83.583984375
G1 X8.4375 Y83.49609375
G1 X8.4375 Y83.408203125
G1 X8.525390625 Y83.3203125
G1 X8.61328125 Y83.3203125
G1 X8.4375 Y83.3203125
G1 X8.349609375 Y83.408203125
G1 X8.525390625 Y83.583984375
G1 X8.4375 Y83.671875
G1 X8.173828125 Y83.671875
G1 X8.26171875 Y83.759765625
G1 X8.26171875 Y83.84765625
G1 X7.998046875 Y84.111328125
G1 X7.91015625 Y84.0234375
G1 X7.91015625 Y83.935546875
G1 X7.822265625 Y83.935546875
G1 X7.734375 Y83.84765625
G1 X7.822265625 Y83.759765625
G1 X7.998046875 Y83.759765625
G1 X7.91015625 Y83.671875
G1 X7.822265625 Y83.759765625
G1 X7.734375 Y83.759765625
G1 X7.646484375 Y83.671875
G1 X7.646484375 Y83.583984375
G1 X7.734375 Y83.49609375
G1 X8.173828125 Y83.49609375
G1 X8.0859375 Y83.408203125
G1 X7.998046875 Y83.49609375
G1 X7.91015625 Y83.49609375
G1 X7.822265625 Y83.408203125
G1 X7.822265625 Y83.3203125
G1 X7.91015625 Y83.232421875
G1 X7.91015625 Y83.14453125
G1 X7.822265625 Y83.232421875
G1 X7.734375 Y83.232421875
G1 X7.646484375 Y83.14453125
G1 X7.646484375 Y83.056640625
G1 X7.734375 Y82.96875
G1 X7.91015625 Y82.96875
G1 X7.998046875 Y82.880859375
G1 X7.91015625 Y82.880859375
G1 X7.822265625 Y82.79296875
G1 X7.998046875 Y82.6171875
G1 X7.91015625 Y82.6171875
G1 X7.822265625 Y82.529296875
G1 X7.822265625 Y82.44140625
G1 X7.91015625 Y82.353515625
G1 X7.822265625 Y82.353515625
G1 X7.734375 Y82.265625
G1 X7.55859375 Y82.265625
G1 X7.470703125 Y82.177734375
G1 X7.470703125 Y82.08984375
G1 X7.55859375 Y82.001953125
G1 X7.646484375 Y82.08984375
G1 X7.822265625 Y82.08984375
G1 X7.734375 Y82.001953125
G1 X7.55859375 Y82.001953125
G1 X7.470703125 Y81.9140625
G1 X7.646484375 Y81.73828125
G1 X7.734375 Y81.826171875
G1 X7.91015625 Y81.826171875
G1 X7.822265625 Y81.826171875
G1 X7.734375 Y81.73828125
G1 X7.734375 Y81.650390625
G1 X7.822265625 Y81.5625
G1 X7.91015625 Y81.5625
G1 X7.822265625 Y81.5625
G1 X7.734375 Y81.650390625
G1 X7.646484375 Y81.5625
G1 X7.646484375 Y81.474609375
G1 X7.734375 Y81.38671875
G1 X7.734375 Y81.298828125
G1 X7.55859375 Y81.298828125
G1 X7.470703125 Y81.38671875
G1 X7.3828125 Y81.38671875
G1 X7.294921875 Y81.298828125
G1 X7.294921875 Y81.2109375
G1 X7.3828125 Y81.123046875
G1 X7.646484375 Y81.123046875
G1 X7.646484375 Y80.947265625
G1 X7.734375 Y80.859375
G1 X7.822265625 Y80.859375
G1 X7.734375 Y80.859375
G1 X7.646484375 Y80.771484375
G1 X7.646484375 Y80.68359375
G1 X7.3828125 Y80.68359375
G1 X7.3828125 Y80.771484375
G1 X7.294921875 Y80.859375
G1 X7.119140625 Y80.859375
G1 X7.03125 Y80.771484375
G1 X7.20703125 Y80.595703125
G1 X7.119140625 Y80.5078125
G1 X7.03125 Y80.5078125
G1 X6.943359375 Y80.419921875
G1 X6.943359375 Y80.33203125
G1 X7.03125 Y80.244140625
G1 X7.119140625 Y80.244140625
G1 X7.3828125 Y80.5078125
G1 X7.646484375 Y80.5078125
G1 X7.646484375 Y80.419921875
G1 X7.734375 Y80.33203125
G1 X7.822265625 Y80.33203125
G1 X7.734375 Y80.33203125
G1 X7.646484375 Y80.244140625
G1 X7.646484375 Y80.15625
G1 X7.55859375 Y80.244140625
G1 X7.470703125 Y80.15625
G1 X7.470703125 Y80.068359375
G1 X7.55859375 Y79.98046875
G1 X7.646484375 Y79.98046875
G1 X7.55859375 Y79.892578125
G1 X7.55859375 Y79.98046875
G1 X7.470703125 Y80.068359375
G1 X7.3828125 Y80.068359375
G1 X7.3828125 Y80.244140625
G1 X7.294921875 Y80.33203125
G1 X7.20703125 Y80.33203125
G1 X7.119140625 Y80.244140625
G1 X7.119140625 Y80.15625
G1 X7.20703125 Y80.068359375
G1 X7.20703125 Y79.98046875
G1 X7.3828125 Y79.8046875
G1 X7.294921875 Y79.716796875
G1 X7.470703125 Y79.541015625
G1 X7.55859375 Y79.541015625
G1 X7.55859375 Y79.453125
G1 X7.646484375 Y79.365234375
G1 X7.55859375 Y79.365234375
G1 X7.55859375 Y79.453125
G1 X7.470703125 Y79.541015625
G1 X7.3828125 Y79.541015625
G1 X7.20703125 Y79.716796875
G1 X7.119140625 Y79.62890625
G1 X7.119140625 Y79.541015625
G1 X7.3828125 Y79.27734375
G1 X7.294921875 Y79.27734375
G1 X7.20703125 Y79.189453125
G1 X7.20703125 Y79.1015625
G1 X7.294921875 Y79.013671875
G1 X7.3828125 Y79.1015625
G1 X7.55859375 Y79.1015625
G1 X7.646484375 Y79.189453125
G1 X7.91015625 Y79.189453125
G1 X7.646484375 Y79.189453125
G1 X7.470703125 Y79.013671875
G1 X7.3828125 Y79.1015625
G1 X7.294921875 Y79.013671875
G1 X7.294921875 Y78.92578125
G1 X7.294921875 Y79.013671875
G1 X7.119140625 Y79.189453125
G1 X7.20703125 Y79.27734375
G1 X7.20703125 Y79.365234375
G1 X7.119140625 Y79.453125
G1 X7.03125 Y79.453125
G1 X6.943359375 Y79.365234375
G1 X7.119140625 Y79.541015625
G1 X7.119140625 Y79.62890625
G1 X7.294921875 Y79.8046875
G1 X7.294921875 Y79.892578125
G1 X7.20703125 Y79.98046875
G1 X6.943359375 Y79.716796875
G1 X6.943359375 Y79.62890625
G1 X6.85546875 Y79.62890625
G1 X6.6796875 Y79.453125
G1 X6.767578125 Y79.365234375
G1 X6.767578125 Y79.27734375
G1 X6.943359375 Y79.1015625
G1 X6.943359375 Y79.013671875
G1 X7.03125 Y78.92578125
G1 X7.03125 Y78.837890625
G1 X7.119140625 Y78.75
G1 X7.20703125 Y78.75
G1 X7.119140625 Y78.662109375
G1 X7.3828125 Y78.3984375
G1 X7.55859375 Y78.57421875
G1 X7.734375 Y78.57421875
G1 X7.55859375 Y78.57421875
G1 X7.3828125 Y78.3984375
G1 X7.294921875 Y78.486328125
G1 X7.20703125 Y78.486328125
G1 X7.119140625 Y78.3984375
G1 X7.119140625 Y78.310546875
G1 X6.943359375 Y78.486328125
G1 X6.767578125 Y78.310546875
G1 X6.85546875 Y78.22265625
G1 X6.943359375 Y78.22265625
G1 X6.943359375 Y78.134765625
G1 X7.03125 Y78.046875
G1 X7.119140625 Y78.046875
G1 X7.294921875 Y78.22265625
G1 X7.3828125 Y78.22265625
G1 X7.3828125 Y78.134765625
G1 X7.20703125 Y78.134765625
G1 X7.119140625 Y78.046875
G1 X7.20703125 Y77.958984375
G1 X7.294921875 Y77.958984375
G1 X7.294921875 Y77.87109375
G1 X7.20703125 Y77.783203125
G1 X7.294921875 Y77.6953125
G1 X7.20703125 Y77.783203125
G1 X6.943359375 Y77.51953125
G1 X6.943359375 Y77.431640625
G1 X7.03125 Y77.34375
G1 X7.20703125 Y77.51953125
G1 X7.470703125 Y77.51953125
G1 X7.470703125 Y77.431640625
G1 X7.55859375 Y77.34375
G1 X7.470703125 Y77.34375
G1 X7.3828125 Y77.255859375
G1 X7.3828125 Y77.16796875
G1 X7.470703125 Y77.080078125
G1 X7.470703125 Y76.9921875
G1 X7.3828125 Y76.9921875
G1 X7.119140625 Y76.728515625
G1 X7.294921875 Y76.552734375
G1 X7.470703125 Y76.728515625
G1 X7.470703125 Y76.81640625
G1 X7.470703125 Y76.552734375
G1 X7.3828125 Y76.640625
G1 X7.20703125 Y76.46484375
G1 X7.294921875 Y76.376953125
G1 X7.470703125 Y76.376953125
G1 X7.470703125 Y76.2890625
G1 X7.3828125 Y76.2890625
G1 X7.294921875 Y76.376953125
G1 X7.119140625 Y76.376953125
G1 X7.03125 Y76.2890625
G1 X7.119140625 Y76.201171875
G1 X7.119140625 Y76.025390625
G1 X7.20703125 Y75.9375
G1 X7.294921875 Y75.9375
G1 X7.3828125 Y76.025390625
G1 X7.3828125 Y76.11328125
G1 X7.470703125 Y76.11328125
G1 X7.294921875 Y75.9375
G1 X7.119140625 Y75.9375
G1 X7.119140625 Y76.11328125
G1 X7.03125 Y76.201171875
G1 X6.85546875 Y76.201171875
G1 X6.767578125 Y76.2890625
G1 X6.6796875 Y76.2890625
G1 X6.591796875 Y76.201171875
G1 X6.591796875 Y76.11328125
G1 X6.6796875 Y76.025390625
G1 X6.85546875 Y76.025390625
G1 X6.85546875 Y75.9375
G1 X7.03125 Y75.76171875
G1 X7.119140625 Y75.76171875
G1 X7.20703125 Y75.673828125
G1 X7.20703125 Y75.5859375
G1 X7.119140625 Y75.5859375
G1 X6.943359375 Y75.76171875
G1 X6.85546875 Y75.76171875
G1 X6.767578125 Y75.673828125
G1 X6.767578125 Y75.5859375
G1 X6.85546875 Y75.498046875
G1 X6.943359375 Y75.498046875
G1 X6.943359375 Y75.41015625
G1 X7.03125 Y75.322265625
G1 X7.119140625 Y75.41015625
G1 X7.20703125 Y75.322265625
G1 X7.119140625 Y75.234375
G1 X7.20703125 Y75.146484375
G1 X7.20703125 Y75.05859375
G1 X7.119140625 Y75.05859375
G1 X7.03125 Y74.970703125
G1 X7.03125 Y74.8828125
G1 X7.119140625 Y74.794921875
G1 X7.20703125 Y74.794921875
G1 X7.20703125 Y74.70703125
G1 X7.119140625 Y74.619140625
G1 X7.119140625 Y74.53125
G1 X7.20703125 Y74.443359375
G1 X7.294921875 Y74.443359375
G1 X7.470703125 Y74.619140625
G1 X7.470703125 Y74.70703125
G1 X7.470703125 Y74.619140625
G1 X7.3828125 Y74.53125
G1 X7.3828125 Y74.443359375
G1 X7.470703125 Y74.35546875
G1 X7.3828125 Y74.267578125
G1 X7.470703125 Y74.1796875
G1 X7.55859375 Y74.1796875
G1 X7.470703125 Y74.1796875
G1 X7.3828125 Y74.091796875
G1 X7.3828125 Y74.00390625
G1 X7.470703125 Y73.916015625
G1 X7.55859375 Y73.916015625
G1 X7.3828125 Y73.916015625
G1 X7.294921875 Y74.00390625
G1 X7.20703125 Y74.00390625
G1 X7.119140625 Y73.916015625
G1 X7.119140625 Y73.828125
G1 X7.03125 Y73.828125
G1 X6.85546875 Y73.65234375
G1 X6.85546875 Y73.564453125
G1 X6.943359375 Y73.4765625
G1 X6.943359375 Y73.388671875
G1 X7.03125 Y73.30078125
G1 X7.119140625 Y73.388671875
G1 X7.119140625 Y73.65234375
G1 X7.20703125 Y73.564453125
G1 X7.20703125 Y73.388671875
G1 X7.119140625 Y73.30078125
G1 X7.119140625 Y73.212890625
G1 X7.20703125 Y73.125
G1 X7.294921875 Y73.212890625
G1 X7.294921875 Y73.125
G1 X7.3828125 Y73.037109375
G1 X7.294921875 Y73.125
G1 X7.20703125 Y73.125
G1 X7.03125 Y73.30078125
G1 X6.943359375 Y73.212890625
G1 X6.943359375 Y73.037109375
G1 X6.85546875 Y72.94921875
G1 X6.85546875 Y72.509765625
G1 X6.767578125 Y72.509765625
G1 X6.6796875 Y72.421875
G1 X6.767578125 Y72.333984375
G1 X6.85546875 Y72.333984375
G1 X6.85546875 Y72.24609375
G1 X6.767578125 Y72.24609375
G1 X6.6796875 Y72.158203125
G1 X6.767578125 Y72.0703125
G1 X6.85546875 Y72.0703125
G1 X6.85546875 Y71.982421875
G1 X6.767578125 Y71.982421875
G1 X6.6796875 Y71.89453125
G1 X6.767578125 Y71.806640625
G1 X6.85546875 Y71.806640625
G1 X6.85546875 Y71.71875
G1 X6.767578125 Y71.71875
G1 X6.6796875 Y71.630859375
G1 X6.767578125 Y71.54296875
G1 X6.85546875 Y71.54296875
G1 X6.943359375 Y71.455078125
G1 X7.03125 Y71.455078125
G1 X7.119140625 Y71.54296875
G1 X7.03125 Y71.630859375
G1 X7.20703125 Y71.630859375
G1 X7.03125 Y71.455078125
G1 X7.03125 Y71.3671875
G1 X7.119140625 Y71.279296875
G1 X7.119140625 Y71.19140625
G1 X7.03125 Y71.279296875
G1 X7.03125 Y71.3671875
G1 X6.85546875 Y71.54296875
G1 X6.6796875 Y71.3671875
G1 X6.85546875 Y71.19140625
G1 X6.767578125 Y71.103515625
G1 X6.767578125 Y70.83984375
G1 X6.85546875 Y70.751953125
G1 X6.943359375 Y70.751953125
G1 X7.03125 Y70.83984375
G1 X6.943359375 Y70.927734375
G1 X7.03125 Y71.015625
G1 X7.03125 Y70.83984375
G1 X7.119140625 Y70.751953125
G1 X7.20703125 Y70.751953125
G1 X6.85546875 Y70.751953125
G1 X6.767578125 Y70.6640625
G1 X6.767578125 Y70.224609375
G1 X6.85546875 Y70.13671875
G1 X6.767578125 Y70.048828125
G1 X6.767578125 Y69.9609375
G1 X6.85546875 Y69.873046875
G1 X6.767578125 Y69.78515625
G1 X6.85546875 Y69.697265625
G1 X6.85546875 Y69.609375
G1 X6.767578125 Y69.521484375
G1 X6.85546875 Y69.43359375
G1 X6.767578125 Y69.345703125
G1 X6.85546875 Y69.2578125
G1 X6.767578125 Y69.169921875
G1 X6.85546875 Y69.08203125
G1 X6.85546875 Y68.994140625
G1 X6.767578125 Y68.90625
G1 X6.85546875 Y68.818359375
G1 X6.943359375 Y68.818359375
G1 X6.85546875 Y68.73046875
G1 X6.943359375 Y68.642578125
G1 X6.6796875 Y68.642578125
G1 X6.591796875 Y68.5546875
G1 X6.6796875 Y68.466796875
G1 X6.943359375 Y68.466796875
G1 X6.943359375 Y68.37890625
G1 X6.85546875 Y68.37890625
G1 X6.767578125 Y68.466796875
G1 X6.6796875 Y68.37890625
G1 X6.6796875 Y68.291015625
G1 X6.591796875 Y68.203125
G1 X6.591796875 Y68.115234375
G1 X6.767578125 Y67.939453125
G1 X6.943359375 Y67.939453125
G1 X6.85546875 Y67.8515625
G1 X6.85546875 Y67.763671875
G1 X6.943359375 Y67.67578125
G1 X6.943359375 Y67.587890625
G1 X6.85546875 Y67.5
G1 X6.85546875 Y66.97265625
G1 X6.767578125 Y66.97265625
G1 X6.6796875 Y66.884765625
G1 X6.767578125 Y66.796875
G1 X6.85546875 Y66.796875
G1 X6.85546875 Y66.533203125
G1 X6.767578125 Y66.4453125
G1 X6.85546875 Y66.357421875
G1 X6.6796875 Y66.357421875
G1 X6.591796875 Y66.26953125
G1 X6.6796875 Y66.181640625
G1 X6.85546875 Y66.181640625
G1 X6.85546875 Y66.09375
G1 X6.6796875 Y65.91796875
G1 X6.767578125 Y65.830078125
G1 X6.85546875 Y65.830078125
G1 X6.85546875 Y65.7421875
G1 X6.767578125 Y65.7421875
G1 X6.6796875 Y65.830078125
G1 X6.591796875 Y65.830078125
G1 X6.50390625 Y65.7421875
G1 X6.50390625 Y65.654296875
G1 X6.591796875 Y65.56640625
G1 X7.119140625 Y65.56640625
G1 X7.119140625 Y65.390625
G1 X7.03125 Y65.390625
G1 X6.943359375 Y65.302734375
G1 X6.943359375 Y65.21484375
G1 X6.85546875 Y65.21484375
G1 X6.767578125 Y65.302734375
G1 X6.6796875 Y65.21484375
G1 X6.591796875 Y65.21484375
G1 X6.50390625 Y65.302734375
G1 X6.416015625 Y65.21484375
G1 X6.416015625 Y65.126953125
G1 X6.591796875 Y64.951171875
G1 X6.6796875 Y64.951171875
G1 X6.767578125 Y65.0390625
G1 X6.85546875 Y65.0390625
G1 X6.943359375 Y64.951171875
G1 X7.03125 Y65.0390625
G1 X7.119140625 Y65.0390625
G1 X7.20703125 Y65.126953125
G1 X7.20703125 Y65.21484375
G1 X7.3828125 Y65.0390625
G1 X7.646484375 Y65.0390625
G1 X7.734375 Y65.126953125
G1 X7.646484375 Y65.21484375
G1 X7.55859375 Y65.21484375
G1 X7.646484375 Y65.21484375
G1 X7.734375 Y65.126953125
G1 X7.822265625 Y65.126953125
G1 X7.734375 Y65.126953125
G1 X7.646484375 Y65.0390625
G1 X7.3828125 Y65.0390625
G1 X7.294921875 Y64.951171875
G1 X7.294921875 Y64.775390625
G1 X7.20703125 Y64.775390625
G1 X7.20703125 Y64.951171875
G1 X7.119140625 Y65.0390625
G1 X7.03125 Y65.0390625
G1 X6.943359375 Y64.951171875
G1 X6.943359375 Y64.775390625
G1 X6.85546875 Y64.6875
G1 X7.03125 Y64.51171875
G1 X7.119140625 Y64.51171875
G1 X7.03125 Y64.423828125
G1 X6.943359375 Y64.51171875
G1 X6.85546875 Y64.51171875
G1 X6.767578125 Y64.423828125
G1 X6.767578125 Y64.3359375
G1 X6.85546875 Y64.248046875
G1 X6.943359375 Y64.248046875
G1 X7.03125 Y64.16015625
G1 X7.119140625 Y64.16015625
G1 X7.119140625 Y64.072265625
G1 X7.20703125 Y63.984375
G1 X7.294921875 Y63.984375
G1 X7.294921875 Y63.896484375
G1 X7.3828125 Y63.80859375
G1 X7.3828125 Y63.720703125
G1 X7.470703125 Y63.6328125
G1 X7.55859375 Y63.6328125
G1 X7.646484375 Y63.720703125
G1 X7.646484375 Y63.80859375
G1 X7.55859375 Y63.896484375
G1 X7.646484375 Y63.984375
G1 X7.55859375 Y64.072265625
G1 X7.734375 Y64.072265625
G1 X7.646484375 Y63.984375
G1 X7.734375 Y63.896484375
G1 X7.734375 Y63.80859375
G1 X7.55859375 Y63.6328125
G1 X7.646484375 Y63.544921875
G1 X7.822265625 Y63.544921875
G1 X7.734375 Y63.544921875
G1 X7.646484375 Y63.45703125
G1 X7.646484375 Y63.369140625
G1 X7.734375 Y63.28125
G1 X7.646484375 Y63.28125
G1 X7.55859375 Y63.193359375
G1 X7.55859375 Y63.10546875
G1 X7.646484375 Y63.017578125
G1 X7.734375 Y63.017578125
G1 X7.822265625 Y63.10546875
G1 X7.734375 Y63.017578125
G1 X7.734375 Y62.9296875
G1 X7.91015625 Y62.75390625
G1 X7.646484375 Y63.017578125
G1 X7.55859375 Y63.017578125
G1 X7.470703125 Y62.9296875
G1 X7.470703125 Y62.841796875
G1 X7.55859375 Y62.75390625
G1 X7.646484375 Y62.75390625
G1 X7.646484375 Y62.666015625
G1 X7.734375 Y62.578125
G1 X7.822265625 Y62.578125
G1 X7.734375 Y62.490234375
G1 X7.734375 Y62.40234375
G1 X7.734375 Y62.578125
G1 X7.55859375 Y62.75390625
G1 X7.294921875 Y62.75390625
G1 X7.119140625 Y62.578125
G1 X7.20703125 Y62.490234375
G1 X7.294921875 Y62.490234375
G1 X7.3828125 Y62.578125
G1 X7.470703125 Y62.578125
G1 X7.55859375 Y62.490234375
G1 X7.3828125 Y62.490234375
G1 X7.294921875 Y62.40234375
G1 X7.3828125 Y62.314453125
G1 X7.470703125 Y62.314453125
G1 X7.470703125 Y62.2265625
G1 X7.3828125 Y62.138671875
G1 X7.470703125 Y62.05078125
G1 X7.646484375 Y62.05078125
G1 X7.734375 Y62.138671875
G1 X7.646484375 Y62.05078125
G1 X7.734375 Y61.962890625
G1 X7.734375 Y61.875
G1 X7.734375 Y61.962890625
G1 X7.646484375 Y62.05078125
G1 X7.55859375 Y62.05078125
G1 X7.470703125 Y61.962890625
G1 X7.294921875 Y62.138671875
G1 X7.20703125 Y62.05078125
G1 X7.03125 Y62.2265625
G1 X6.943359375 Y62.138671875
G1 X6.943359375 Y62.05078125
G1 X7.03125 Y61.962890625
G1 X6.943359375 Y61.875
G1 X6.943359375 Y61.962890625
G1 X6.767578125 Y62.138671875
G1 X6.6796875 Y62.138671875
G1 X6.591796875 Y62.05078125
G1 X6.767578125 Y61.875
G1 X6.767578125 Y61.787109375
G1 X6.943359375 Y61.611328125
G1 X7.20703125 Y61.875
G1 X7.294921875 Y61.875
G1 X7.3828125 Y61.787109375
G1 X7.470703125 Y61.787109375
G1 X7.470703125 Y61.69921875
G1 X7.3828125 Y61.69921875
G1 X7.294921875 Y61.611328125
G1 X7.294921875 Y61.5234375
G1 X7.3828125 Y61.435546875
G1 X7.470703125 Y61.435546875
G1 X7.55859375 Y61.5234375
G1 X7.646484375 Y61.5234375
G1 X7.734375 Y61.611328125
G1 X7.822265625 Y61.611328125
G1 X7.91015625 Y61.69921875
G1 X7.822265625 Y61.611328125
G1 X7.822265625 Y61.435546875
G1 X7.91015625 Y61.34765625
G1 X7.998046875 Y61.34765625
G1 X7.91015625 Y61.34765625
G1 X7.734375 Y61.5234375
G1 X7.55859375 Y61.5234375
G1 X7.470703125 Y61.435546875
G1 X7.470703125 Y61.34765625
G1 X7.55859375 Y61.259765625
G1 X7.734375 Y61.259765625
G1 X7.822265625 Y61.171875
G1 X7.822265625 Y61.083984375
G1 X7.646484375 Y61.259765625
G1 X7.55859375 Y61.259765625
G1 X7.470703125 Y61.34765625
G1 X7.3828125 Y61.34765625
G1 X7.119140625 Y61.083984375
G1 X7.20703125 Y60.99609375
G1 X7.294921875 Y60.99609375
G1 X7.3828125 Y61.083984375
G1 X7.470703125 Y61.083984375
G1 X7.55859375 Y60.99609375
G1 X7.55859375 Y60.908203125
G1 X7.470703125 Y60.8203125
G1 X7.3828125 Y60.8203125
G1 X7.294921875 Y60.732421875
G1 X7.294921875 Y60.64453125
G1 X7.294921875 Y60.732421875
G1 X7.3828125 Y60.8203125
G1 X7.470703125 Y60.8203125
G1 X7.55859375 Y60.908203125
G1 X7.55859375 Y60.99609375
G1 X7.470703125 Y61.083984375
G1 X7.3828125 Y61.083984375
G1 X7.294921875 Y60.99609375
G1 X7.20703125 Y60.99609375
G1 X7.119140625 Y60.908203125
G1 X7.119140625 Y60.8203125
G1 X7.119140625 Y60.908203125
G1 X7.03125 Y60.99609375
G1 X6.943359375 Y60.99609375
G1 X6.85546875 Y61.083984375
G1 X6.6796875 Y61.083984375
G1 X6.591796875 Y60.99609375
G1 X6.6796875 Y60.908203125
G1 X6.767578125 Y60.908203125
G1 X6.943359375 Y60.732421875
G1 X6.767578125 Y60.556640625
G1 X6.767578125 Y60.46875
G1 X6.943359375 Y60.29296875
G1 X6.767578125 Y60.1171875
G1 X6.767578125 Y60.029296875
G1 X6.85546875 Y59.94140625
G1 X7.20703125 Y60.29296875
G1 X7.20703125 Y60.380859375
G1 X7.119140625 Y60.46875
G1 X7.03125 Y60.46875
G1 X7.03125 Y60.556640625
G1 X7.119140625 Y60.556640625
G1 X7.119140625 Y60.46875
G1 X7.20703125 Y60.380859375
G1 X7.294921875 Y60.380859375
G1 X7.3828125 Y60.46875
G1 X7.3828125 Y60.380859375
G1 X7.470703125 Y60.29296875
G1 X7.55859375 Y60.29296875
G1 X7.646484375 Y60.205078125
G1 X7.734375 Y60.29296875
G1 X7.734375 Y60.380859375
G1 X7.734375 Y60.29296875
G1 X7.646484375 Y60.205078125
G1 X7.470703125 Y60.205078125
G1 X7.3828125 Y60.1171875
G1 X7.470703125 Y60.029296875
G1 X7.3828125 Y60.029296875
G1 X7.3828125 Y60.1171875
G1 X7.470703125 Y60.205078125
G1 X7.470703125 Y60.29296875
G1 X7.3828125 Y60.380859375
G1 X7.294921875 Y60.380859375
G1 X7.20703125 Y60.29296875
G1 X7.20703125 Y60.205078125
G1 X7.119140625 Y60.205078125
G1 X7.03125 Y60.1171875
G1 X7.294921875 Y59.853515625
G1 X7.20703125 Y59.853515625
G1 X7.20703125 Y59.94140625
G1 X7.119140625 Y60.029296875
G1 X6.943359375 Y60.029296875
G1 X6.85546875 Y59.94140625
G1 X6.943359375 Y59.853515625
G1 X6.767578125 Y59.853515625
G1 X6.85546875 Y59.94140625
G1 X6.767578125 Y60.029296875
G1 X6.6796875 Y60.029296875
G1 X6.50390625 Y59.853515625
G1 X6.6796875 Y59.677734375
G1 X6.767578125 Y59.677734375
G1 X6.6796875 Y59.58984375
G1 X6.591796875 Y59.58984375
G1 X6.50390625 Y59.501953125
G1 X6.591796875 Y59.4140625
G1 X6.6796875 Y59.4140625
G1 X6.767578125 Y59.326171875
G1 X6.85546875 Y59.4140625
G1 X6.85546875 Y59.501953125
G1 X6.943359375 Y59.501953125
G1 X6.943359375 Y59.4140625
G1 X7.119140625 Y59.23828125
G1 X6.767578125 Y58.88671875
G1 X6.943359375 Y58.7109375
G1 X7.03125 Y58.798828125
G1 X7.119140625 Y58.798828125
G1 X7.20703125 Y58.88671875
G1 X7.119140625 Y58.974609375
G1 X7.3828125 Y59.23828125
G1 X7.3828125 Y59.326171875
G1 X7.294921875 Y59.4140625
G1 X7.20703125 Y59.4140625
G1 X7.20703125 Y59.501953125
G1 X7.294921875 Y59.501953125
G1 X7.470703125 Y59.677734375
G1 X7.470703125 Y59.765625
G1 X7.55859375 Y59.677734375
G1 X7.470703125 Y59.677734375
G1 X7.3828125 Y59.58984375
G1 X7.55859375 Y59.4140625
G1 X7.3828125 Y59.23828125
G1 X7.3828125 Y59.150390625
G1 X7.470703125 Y59.0625
G1 X7.55859375 Y59.0625
G1 X7.470703125 Y59.0625
G1 X7.3828125 Y59.150390625
G1 X7.294921875 Y59.150390625
G1 X7.20703125 Y59.0625
G1 X7.294921875 Y58.974609375
G1 X7.119140625 Y58.798828125
G1 X7.119140625 Y58.7109375
G1 X7.20703125 Y58.623046875
G1 X7.294921875 Y58.623046875
G1 X7.3828125 Y58.7109375
G1 X7.3828125 Y58.798828125
G1 X7.470703125 Y58.798828125
G1 X7.55859375 Y58.88671875
G1 X7.3828125 Y58.7109375
G1 X7.3828125 Y58.623046875
G1 X7.470703125 Y58.53515625
G1 X7.55859375 Y58.53515625
G1 X7.55859375 Y58.447265625
G1 X7.470703125 Y58.447265625
G1 X7.470703125 Y58.53515625
G1 X7.3828125 Y58.623046875
G1 X7.294921875 Y58.623046875
G1 X7.20703125 Y58.53515625
G1 X7.20703125 Y58.447265625
G1 X7.03125 Y58.271484375
G1 X7.119140625 Y58.18359375
G1 X7.03125 Y58.18359375
G1 X6.943359375 Y58.271484375
G1 X6.85546875 Y58.18359375
G1 X6.85546875 Y58.095703125
G1 X7.03125 Y57.919921875
G1 X7.03125 Y57.83203125
G1 X6.943359375 Y57.744140625
G1 X6.85546875 Y57.744140625
G1 X6.6796875 Y57.919921875
G1 X6.591796875 Y57.919921875
G1 X6.50390625 Y57.83203125
G1 X6.50390625 Y57.744140625
G1 X6.591796875 Y57.65625
G1 X6.6796875 Y57.65625
G1 X6.943359375 Y57.392578125
G1 X7.03125 Y57.392578125
G1 X6.943359375 Y57.3046875
G1 X7.03125 Y57.216796875
G1 X7.119140625 Y57.216796875
G1 X7.20703125 Y57.3046875
G1 X7.20703125 Y57.392578125
G1 X7.20703125 Y57.3046875
G1 X7.294921875 Y57.216796875
G1 X7.20703125 Y57.3046875
G1 X7.03125 Y57.12890625
G1 X7.119140625 Y57.041015625
G1 X7.119140625 Y56.953125
G1 X7.20703125 Y56.865234375
G1 X7.294921875 Y56.865234375
G1 X7.20703125 Y56.77734375
G1 X7.20703125 Y56.865234375
G1 X7.03125 Y57.041015625
G1 X6.943359375 Y57.041015625
G1 X6.85546875 Y56.953125
G1 X7.03125 Y56.77734375
G1 X6.943359375 Y56.865234375
G1 X6.767578125 Y56.865234375
G1 X6.6796875 Y56.77734375
G1 X6.6796875 Y56.689453125
G1 X6.591796875 Y56.6015625
G1 X6.50390625 Y56.6015625
G1 X6.416015625 Y56.513671875
G1 X6.50390625 Y56.42578125
G1 X6.416015625 Y56.42578125
G1 X6.240234375 Y56.25
G1 X6.15234375 Y56.25
G1 X6.064453125 Y56.162109375
G1 X6.240234375 Y55.986328125
G1 X6.328125 Y56.07421875
G1 X6.416015625 Y56.07421875
G1 X6.50390625 Y55.986328125
G1 X6.591796875 Y56.07421875
G1 X6.6796875 Y56.07421875
G1 X6.591796875 Y56.07421875
G1 X6.50390625 Y55.986328125
G1 X6.591796875 Y55.8984375
G1 X7.119140625 Y55.8984375
G1 X7.20703125 Y55.810546875
G1 X7.294921875 Y55.810546875
G1 X7.294921875 Y55.72265625
G1 X7.20703125 Y55.72265625
G1 X7.20703125 Y55.810546875
G1 X7.119140625 Y55.8984375
G1 X6.50390625 Y55.8984375
G1 X6.50390625 Y55.986328125
G1 X6.416015625 Y56.07421875
G1 X6.328125 Y56.07421875
G1 X6.240234375 Y55.986328125
G1 X6.240234375 Y55.8984375
G1 X6.328125 Y55.810546875
G1 X6.328125 Y55.72265625
G1 X6.416015625 Y55.634765625
G1 X6.416015625 Y55.546875
G1 X6.328125 Y55.458984375
G1 X6.328125 Y55.37109375
G1 X6.416015625 Y55.283203125
G1 X6.416015625 Y55.1953125
G1 X6.416015625 Y55.283203125
G1 X6.328125 Y55.37109375
G1 X6.240234375 Y55.283203125
G1 X6.240234375 Y55.37109375
G1 X6.15234375 Y55.458984375
G1 X6.064453125 Y55.458984375
G1 X5.9765625 Y55.37109375
G1 X6.064453125 Y55.283203125
G1 X6.064453125 Y55.1953125
G1 X6.15234375 Y55.107421875
G1 X6.240234375 Y55.107421875
G1 X6.240234375 Y55.01953125
G1 X6.15234375 Y55.01953125
G1 X6.064453125 Y54.931640625
G1 X5.9765625 Y54.931640625
G1 X5.888671875 Y54.84375
G1 X5.9765625 Y54.755859375
G1 X6.240234375 Y54.755859375
G1 X6.064453125 Y54.755859375
G1 X5.9765625 Y54.66796875
G1 X5.9765625 Y54.580078125
G1 X5.888671875 Y54.4921875
G1 X6.064453125 Y54.31640625
G1 X6.240234375 Y54.31640625
G1 X5.9765625 Y54.31640625
G1 X5.888671875 Y54.404296875
G1 X5.712890625 Y54.404296875
G1 X5.537109375 Y54.228515625
G1 X5.537109375 Y54.052734375
G1 X5.712890625 Y53.876953125
G1 X5.80078125 Y53.96484375
G1 X5.9765625 Y53.96484375
G1 X5.888671875 Y53.876953125
G1 X5.44921875 Y53.876953125
G1 X5.361328125 Y53.7890625
G1 X5.44921875 Y53.701171875
G1 X5.625 Y53.701171875
G1 X5.537109375 Y53.61328125
G1 X5.44921875 Y53.61328125
G1 X5.44921875 Y53.701171875
G1 X5.361328125 Y53.7890625
G1 X5.2734375 Y53.701171875
G1 X5.185546875 Y53.701171875
G1 X5.09765625 Y53.61328125
G1 X5.185546875 Y53.525390625
G1 X5.2734375 Y53.525390625
G1 X5.44921875 Y53.349609375
G1 X5.537109375 Y53.349609375
G1 X5.625 Y53.4375
G1 X5.9765625 Y53.4375
G1 X5.888671875 Y53.349609375
G1 X5.888671875 Y53.26171875
G1 X5.80078125 Y53.26171875
G1 X5.712890625 Y53.173828125
G1 X5.80078125 Y53.0859375
G1 X5.888671875 Y53.0859375
G1 X5.80078125 Y52.998046875
G1 X5.80078125 Y52.822265625
G1 X5.712890625 Y52.822265625
G1 X5.625 Y52.734375
G1 X5.537109375 Y52.734375
G1 X5.44921875 Y52.646484375
G1 X5.537109375 Y52.55859375
G1 X5.712890625 Y52.55859375
G1 X5.712890625 Y52.470703125
G1 X5.80078125 Y52.3828125
G1 X5.625 Y52.20703125
G1 X5.712890625 Y52.119140625
G1 X5.712890625 Y51.943359375
G1 X5.537109375 Y51.943359375
G1 X5.44921875 Y51.85546875
G1 X5.44921875 Y51.6796875
G1 X5.44921875 Y51.85546875
G1 X5.361328125 Y51.943359375
G1 X5.44921875 Y51.85546875
G1 X5.537109375 Y51.943359375
G1 X5.625 Y51.943359375
G1 X5.712890625 Y52.03125
G1 X5.712890625 Y52.119140625
G1 X5.625 Y52.20703125
G1 X5.537109375 Y52.20703125
G1 X5.44921875 Y52.119140625
G1 X5.2734375 Y52.119140625
G1 X5.185546875 Y52.20703125
G1 X5.09765625 Y52.20703125
G1 X5.185546875 Y52.20703125
G1 X5.2734375 Y52.119140625
G1 X5.361328125 Y52.119140625
G1 X5.44921875 Y52.20703125
G1 X5.44921875 Y52.3828125
G1 X5.361328125 Y52.470703125
G1 X5.2734375 Y52.3828125
G1 X5.09765625 Y52.55859375
G1 X5.185546875 Y52.470703125
G1 X5.361328125 Y52.470703125
G1 X5.44921875 Y52.55859375
G1 X5.44921875 Y52.646484375
G1 X5.361328125 Y52.734375
G1 X5.2734375 Y52.734375
G1 X5.361328125 Y52.734375
G1 X5.44921875 Y52.646484375
G1 X5.537109375 Y52.734375
G1 X5.537109375 Y52.822265625
G1 X5.44921875 Y52.91015625
G1 X5.44921875 Y52.998046875
G1 X5.361328125 Y53.0859375
G1 X5.2734375 Y53.0859375
G1 X5.185546875 Y52.998046875
G1 X5.2734375 Y53.0859375
G1 X5.2734375 Y53.173828125
G1 X5.185546875 Y53.26171875
G1 X5.09765625 Y53.173828125
G1 X5.009765625 Y53.173828125
G1 X4.921875 Y53.0859375
G1 X4.921875 Y52.998046875
G1 X4.833984375 Y52.91015625
G1 X4.833984375 Y52.822265625
G1 X4.658203125 Y52.822265625
G1 X4.5703125 Y52.734375
G1 X4.658203125 Y52.646484375
G1 X4.833984375 Y52.646484375
G1 X4.833984375 Y52.470703125
G1 X4.921875 Y52.3828125
G1 X4.833984375 Y52.3828125
G1 X4.74609375 Y52.470703125
G1 X4.74609375 Y52.55859375
G1 X4.658203125 Y52.646484375
G1 X4.482421875 Y52.646484375
G1 X4.39453125 Y52.55859375
G1 X4.5703125 Y52.3828125
G1 X4.482421875 Y52.294921875
G1 X4.5703125 Y52.20703125
G1 X4.833984375 Y52.20703125
G1 X4.833984375 Y52.119140625
G1 X4.74609375 Y52.119140625
G1 X4.658203125 Y52.20703125
G1 X4.5703125 Y52.20703125
G1 X4.482421875 Y52.119140625
G1 X4.5703125 Y52.03125
G1 X4.5703125 Y51.85546875
G1 X4.482421875 Y51.767578125
G1 X4.39453125 Y51.85546875
G1 X4.306640625 Y51.767578125
G1 X4.306640625 Y51.6796875
G1 X4.39453125 Y51.591796875
G1 X4.658203125 Y51.591796875
G1 X4.74609375 Y51.6796875
G1 X4.74609375 Y51.767578125
G1 X4.833984375 Y51.85546875
G1 X4.74609375 Y51.943359375
G1 X4.921875 Y51.943359375
G1 X4.74609375 Y51.767578125
G1 X4.833984375 Y51.6796875
G1 X4.833984375 Y51.591796875
G1 X4.921875 Y51.50390625
G1 X5.009765625 Y51.50390625
G1 X4.921875 Y51.50390625
G1 X4.833984375 Y51.416015625
G1 X4.833984375 Y51.328125
G1 X4.74609375 Y51.328125
G1 X4.658203125 Y51.416015625
G1 X4.658203125 Y51.50390625
G1 X4.5703125 Y51.591796875
G1 X4.306640625 Y51.328125
G1 X4.39453125 Y51.240234375
G1 X4.5703125 Y51.240234375
G1 X4.74609375 Y51.064453125
G1 X4.833984375 Y51.15234375
G1 X4.921875 Y51.15234375
G1 X5.009765625 Y51.064453125
G1 X5.009765625 Y50.9765625
G1 X5.09765625 Y50.888671875
G1 X5.185546875 Y50.888671875
G1 X5.2734375 Y50.9765625
G1 X5.361328125 Y50.9765625
G1 X5.2734375 Y50.9765625
G1 X5.185546875 Y50.888671875
G1 X5.185546875 Y50.80078125
G1 X4.921875 Y51.064453125
G1 X4.833984375 Y51.064453125
G1 X4.74609375 Y50.9765625
G1 X4.833984375 Y50.888671875
G1 X4.833984375 Y50.80078125
G1 X4.74609375 Y50.888671875
G1 X4.5703125 Y50.712890625
G1 X4.658203125 Y50.625
G1 X4.74609375 Y50.625
G1 X4.833984375 Y50.537109375
G1 X4.921875 Y50.625
G1 X5.009765625 Y50.625
G1 X4.921875 Y50.625
G1 X4.833984375 Y50.537109375
G1 X4.833984375 Y50.44921875
G1 X4.921875 Y50.361328125
G1 X5.009765625 Y50.361328125
G1 X5.09765625 Y50.44921875
G1 X5.185546875 Y50.361328125
G1 X5.09765625 Y50.361328125
G1 X5.009765625 Y50.2734375
G1 X4.921875 Y50.2734375
G1 X4.833984375 Y50.185546875
G1 X4.833984375 Y50.09765625
G1 X4.74609375 Y50.09765625
G1 X4.74609375 Y50.185546875
G1 X4.658203125 Y50.2734375
G1 X4.5703125 Y50.2734375
G1 X4.482421875 Y50.185546875
G1 X4.482421875 Y50.09765625
G1 X4.658203125 Y49.921875
G1 X4.658203125 Y49.833984375
G1 X4.833984375 Y49.658203125
G1 X4.74609375 Y49.658203125
G1 X4.74609375 Y49.74609375
G1 X4.658203125 Y49.833984375
G1 X4.5703125 Y49.833984375
G1 X4.39453125 Y49.658203125
G1 X4.482421875 Y49.5703125
G1 X4.5703125 Y49.5703125
G1 X4.658203125 Y49.482421875
G1 X4.5703125 Y49.482421875
G1 X4.482421875 Y49.5703125
G1 X4.21875 Y49.5703125
G1 X4.130859375 Y49.482421875
G1 X4.130859375 Y49.39453125
G1 X3.955078125 Y49.21875
G1 X3.955078125 Y49.130859375
G1 X4.04296875 Y49.04296875
G1 X4.39453125 Y49.39453125
G1 X4.658203125 Y49.130859375
G1 X4.482421875 Y48.955078125
G1 X4.482421875 Y48.8671875
G1 X4.39453125 Y48.8671875
G1 X4.306640625 Y48.779296875
G1 X4.306640625 Y48.69140625
G1 X4.39453125 Y48.603515625
G1 X4.482421875 Y48.69140625
G1 X4.5703125 Y48.69140625
G1 X4.658203125 Y48.779296875
G1 X4.658203125 Y48.8671875
G1 X4.921875 Y49.130859375
G1 X5.009765625 Y49.130859375
G1 X5.09765625 Y49.21875
G1 X5.09765625 Y49.306640625
G1 X5.09765625 Y49.130859375
G1 X5.185546875 Y49.04296875
G1 X5.2734375 Y49.04296875
G1 X5.2734375 Y48.955078125
G1 X5.185546875 Y48.955078125
G1 X5.09765625 Y48.8671875
G1 X5.09765625 Y48.779296875
G1 X5.009765625 Y48.779296875
G1 X5.009765625 Y48.8671875
G1 X4.921875 Y48.955078125
G1 X4.833984375 Y48.955078125
G1 X4.74609375 Y48.8671875
G1 X4.74609375 Y48.69140625
G1 X4.658203125 Y48.779296875
G1 X4.5703125 Y48.69140625
G1 X4.5703125 Y48.603515625
G1 X4.74609375 Y48.427734375
G1 X4.921875 Y48.603515625
G1 X4.921875 Y48.515625
G1 X5.09765625 Y48.33984375
G1 X5.009765625 Y48.33984375
G1 X5.009765625 Y48.427734375
G1 X4.921875 Y48.515625
G1 X4.833984375 Y48.515625
G1 X4.74609375 Y48.427734375
G1 X4.658203125 Y48.427734375
G1 X4.5703125 Y48.33984375
G1 X4.74609375 Y48.1640625
G1 X4.833984375 Y48.1640625
G1 X4.833984375 Y48.076171875
G1 X4.921875 Y47.98828125
G1 X4.921875 Y47.900390625
G1 X4.833984375 Y47.900390625
G1 X4.74609375 Y47.8125
G1 X4.921875 Y47.63671875
G1 X5.009765625 Y47.63671875
G1 X5.09765625 Y47.548828125
G1 X5.09765625 Y47.4609375
G1 X5.009765625 Y47.548828125
G1 X4.921875 Y47.548828125
G1 X4.833984375 Y47.4609375
G1 X4.921875 Y47.373046875
G1 X4.921875 Y47.28515625
G1 X5.009765625 Y47.197265625
G1 X5.009765625 Y47.109375
G1 X5.09765625 Y47.021484375
G1 X5.09765625 Y46.93359375
G1 X4.921875 Y47.109375
G1 X4.833984375 Y47.021484375
G1 X4.833984375 Y46.93359375
G1 X4.921875 Y46.845703125
G1 X4.833984375 Y46.7578125
G1 X4.921875 Y46.669921875
G1 X5.09765625 Y46.669921875
G1 X5.009765625 Y46.669921875
G1 X4.833984375 Y46.494140625
G1 X4.833984375 Y46.40625
G1 X5.009765625 Y46.23046875
G1 X4.921875 Y46.23046875
G1 X4.833984375 Y46.142578125
G1 X4.74609375 Y46.142578125
G1 X4.921875 Y46.318359375
G1 X4.833984375 Y46.40625
G1 X4.74609375 Y46.40625
G1 X4.482421875 Y46.142578125
G1 X4.74609375 Y45.87890625
G1 X4.833984375 Y45.87890625
G1 X4.921875 Y45.966796875
G1 X5.09765625 Y45.966796875
G1 X4.921875 Y45.966796875
G1 X4.833984375 Y45.87890625
G1 X4.74609375 Y45.87890625
G1 X4.658203125 Y45.966796875
G1 X4.5703125 Y45.966796875
G1 X4.482421875 Y45.87890625
G1 X4.5703125 Y45.791015625
G1 X4.482421875 Y45.703125
G1 X4.39453125 Y45.703125
G1 X4.306640625 Y45.615234375
G1 X4.21875 Y45.615234375
G1 X4.130859375 Y45.52734375
G1 X4.21875 Y45.439453125
G1 X4.482421875 Y45.439453125
G1 X4.21875 Y45.439453125
G1 X4.130859375 Y45.52734375
G1 X4.130859375 Y45.615234375
G1 X4.04296875 Y45.703125
G1 X3.955078125 Y45.703125
G1 X3.8671875 Y45.615234375
G1 X3.8671875 Y45.52734375
G1 X3.955078125 Y45.439453125
G1 X3.955078125 Y45.3515625
G1 X4.04296875 Y45.263671875
G1 X4.130859375 Y45.263671875
G1 X4.130859375 Y45.17578125
G1 X4.21875 Y45.087890625
G1 X4.306640625 Y45.087890625
G1 X4.306640625 Y45.0
G1 X4.39453125 Y44.912109375
G1 X4.482421875 Y44.912109375
G1 X4.39453125 Y44.82421875
G1 X4.39453125 Y44.912109375
G1 X4.130859375 Y45.17578125
G1 X4.04296875 Y45.17578125
G1 X4.04296875 Y45.263671875
G1 X3.955078125 Y45.3515625
G1 X3.8671875 Y45.3515625
G1 X3.779296875 Y45.263671875
G1 X3.603515625 Y45.263671875
G1 X3.515625 Y45.17578125
G1 X3.69140625 Y45.0
G1 X3.779296875 Y45.0
G1 X3.8671875 Y45.087890625
G1 X3.8671875 Y45.0
G1 X3.779296875 Y44.912109375
G1 X3.8671875 Y44.82421875
G1 X3.8671875 Y44.736328125
G1 X3.955078125 Y44.6484375
G1 X4.04296875 Y44.6484375
G1 X3.955078125 Y44.560546875
G1 X3.955078125 Y44.6484375
G1 X3.8671875 Y44.736328125
G1 X3.515625 Y44.736328125
G1 X3.427734375 Y44.6484375
G1 X3.515625 Y44.560546875
G1 X3.779296875 Y44.560546875
G1 X3.779296875 Y44.47265625
G1 X3.69140625 Y44.384765625
G1 X3.515625 Y44.560546875
G1 X3.427734375 Y44.47265625
G1 X3.427734375 Y44.384765625
G1 X3.603515625 Y44.208984375
G1 X3.779296875 Y44.208984375
G1 X3.8671875 Y44.296875
G1 X3.69140625 Y44.12109375
G1 X3.779296875 Y44.033203125
G1 X3.8671875 Y44.033203125
G1 X3.8671875 Y43.9453125
G1 X3.955078125 Y43.857421875
G1 X3.8671875 Y43.76953125
G1 X3.8671875 Y43.59375
G1 X3.955078125 Y43.505859375
G1 X3.8671875 Y43.41796875
G1 X3.8671875 Y43.330078125
G1 X3.955078125 Y43.2421875
G1 X3.955078125 Y43.154296875
G1 X3.8671875 Y43.06640625
G1 X3.955078125 Y42.978515625
G1 X3.955078125 Y42.890625
G1 X3.779296875 Y42.71484375
G1 X3.8671875 Y42.626953125
G1 X3.955078125 Y42.626953125
G1 X3.955078125 Y42.5390625
G1 X3.8671875 Y42.5390625
G1 X3.779296875 Y42.451171875
G1 X3.955078125 Y42.275390625
G1 X3.8671875 Y42.1875
G1 X3.955078125 Y42.099609375
G1 X3.8671875 Y42.1875
G1 X3.69140625 Y42.01171875
G1 X3.8671875 Y41.8359375
G1 X3.955078125 Y41.8359375
G1 X3.955078125 Y41.66015625
G1 X3.955078125 Y41.748046875
G1 X3.8671875 Y41.8359375
G1 X3.779296875 Y41.748046875
G1 X3.779296875 Y41.66015625
G1 X3.69140625 Y41.572265625
G1 X3.779296875 Y41.484375
G1 X3.779296875 Y41.396484375
G1 X3.8671875 Y41.30859375
G1 X3.8671875 Y41.220703125
G1 X3.779296875 Y41.220703125
G1 X3.69140625 Y41.1328125
G1 X3.779296875 Y41.044921875
G1 X3.779296875 Y40.78125
G1 X3.8671875 Y40.693359375
G1 X3.8671875 Y40.60546875
G1 X3.779296875 Y40.517578125
G1 X3.8671875 Y40.4296875
G1 X4.04296875 Y40.4296875
G1 X4.130859375 Y40.517578125
G1 X4.130859375 Y40.60546875
G1 X4.04296875 Y40.693359375
G1 X4.130859375 Y40.78125
G1 X4.130859375 Y40.869140625
G1 X4.04296875 Y40.95703125
G1 X3.955078125 Y40.95703125
G1 X4.130859375 Y41.1328125
G1 X4.130859375 Y41.396484375
G1 X4.04296875 Y41.484375
G1 X3.955078125 Y41.484375
G1 X4.04296875 Y41.484375
G1 X4.130859375 Y41.396484375
G1 X4.21875 Y41.484375
G1 X4.21875 Y41.66015625
G1 X4.39453125 Y41.66015625
G1 X4.306640625 Y41.66015625
G1 X4.21875 Y41.572265625
G1 X4.21875 Y41.484375
G1 X4.306640625 Y41.396484375
G1 X4.39453125 Y41.396484375
G1 X4.39453125 Y41.30859375
G1 X4.21875 Y41.1328125
G1 X4.306640625 Y41.044921875
G1 X4.39453125 Y41.044921875
G1 X4.39453125 Y40.95703125
G1 X4.306640625 Y40.869140625
G1 X4.306640625 Y40.78125
G1 X4.39453125 Y40.693359375
G1 X4.306640625 Y40.78125
G1 X4.21875 Y40.78125
G1 X4.130859375 Y40.693359375
G1 X4.130859375 Y40.60546875
G1 X4.21875 Y40.517578125
G1 X4.21875 Y40.4296875
G1 X4.130859375 Y40.517578125
G1 X4.04296875 Y40.4296875
G1 X3.955078125 Y40.4296875
G1 X3.779296875 Y40.25390625
G1 X3.779296875 Y40.166015625
G1 X3.69140625 Y40.078125
G1 X3.779296875 Y39.990234375
G1 X3.779296875 Y39.90234375
G1 X3.8671875 Y39.814453125
G1 X3.69140625 Y39.638671875
G1 X3.779296875 Y39.55078125
G1 X3.779296875 Y39.375
G1 X3.8671875 Y39.287109375
G1 X3.779296875 Y39.19921875
G1 X3.8671875 Y39.111328125
G1 X3.779296875 Y39.0234375
G1 X3.779296875 Y38.84765625
G1 X3.69140625 Y38.759765625
G1 X3.779296875 Y38.671875
G1 X3.8671875 Y38.671875
G1 X3.779296875 Y38.583984375
G1 X3.955078125 Y38.408203125
G1 X4.04296875 Y38.408203125
G1 X4.130859375 Y38.49609375
G1 X4.21875 Y38.49609375
G1 X4.130859375 Y38.49609375
G1 X4.04296875 Y38.408203125
G1 X4.04296875 Y38.3203125
G1 X4.130859375 Y38.232421875
G1 X4.04296875 Y38.232421875
G1 X4.04296875 Y38.3203125
G1 X3.8671875 Y38.49609375
G1 X3.779296875 Y38.49609375
G1 X3.69140625 Y38.408203125
G1 X3.779296875 Y38.3203125
G1 X3.779296875 Y38.232421875
G1 X3.955078125 Y38.056640625
G1 X3.955078125 Y37.96875
G1 X4.04296875 Y37.880859375
G1 X4.130859375 Y37.880859375
G1 X4.04296875 Y37.79296875
G1 X4.04296875 Y37.705078125
G1 X3.955078125 Y37.705078125
G1 X4.04296875 Y37.79296875
G1 X4.04296875 Y37.880859375
G1 X3.8671875 Y38.056640625
G1 X3.779296875 Y37.96875
G1 X3.779296875 Y37.880859375
G1 X3.69140625 Y37.79296875
G1 X3.779296875 Y37.705078125
G1 X3.779296875 Y37.6171875
G1 X3.955078125 Y37.44140625
G1 X3.779296875 Y37.265625
G1 X3.779296875 Y37.177734375
G1 X3.69140625 Y37.08984375
G1 X3.779296875 Y37.001953125
G1 X3.8671875 Y37.001953125
G1 X4.04296875 Y37.177734375
G1 X4.04296875 Y37.265625
G1 X4.130859375 Y37.177734375
G1 X4.21875 Y37.177734375
G1 X4.306640625 Y37.265625
G1 X4.130859375 Y37.08984375
G1 X4.04296875 Y37.177734375
G1 X3.955078125 Y37.08984375
G1 X3.955078125 Y36.9140625
G1 X4.04296875 Y36.826171875
G1 X4.130859375 Y36.826171875
G1 X4.21875 Y36.9140625
G1 X4.306640625 Y36.9140625
G1 X4.39453125 Y37.001953125
G1 X4.39453125 Y37.08984375
G1 X4.482421875 Y37.08984375
G1 X4.482421875 Y37.001953125
G1 X4.39453125 Y37.001953125
G1 X4.306640625 Y36.9140625
G1 X4.306640625 Y36.826171875
G1 X4.482421875 Y36.650390625
G1 X4.482421875 Y36.5625
G1 X4.21875 Y36.826171875
G1 X4.130859375 Y36.826171875
G1 X3.8671875 Y36.5625
G1 X3.955078125 Y36.474609375
G1 X4.04296875 Y36.474609375
G1 X4.130859375 Y36.5625
G1 X4.39453125 Y36.298828125
G1 X4.482421875 Y36.298828125
G1 X4.482421875 Y36.123046875
G1 X4.5703125 Y36.03515625
G1 X4.658203125 Y36.03515625
G1 X4.74609375 Y36.123046875
G1 X4.74609375 Y36.2109375
G1 X4.921875 Y36.2109375
G1 X5.009765625 Y36.123046875
G1 X5.009765625 Y35.947265625
G1 X5.185546875 Y35.771484375
G1 X5.2734375 Y35.771484375
G1 X5.361328125 Y35.859375
G1 X5.361328125 Y35.947265625
G1 X5.2734375 Y36.03515625
G1 X5.185546875 Y36.03515625
G1 X5.185546875 Y36.2109375
G1 X5.2734375 Y36.123046875
G1 X5.361328125 Y36.2109375
G1 X5.361328125 Y36.298828125
G1 X5.44921875 Y36.298828125
G1 X5.537109375 Y36.38671875
G1 X5.625 Y36.298828125
G1 X5.712890625 Y36.298828125
G1 X5.80078125 Y36.38671875
G1 X5.888671875 Y36.38671875
G1 X5.80078125 Y36.38671875
G1 X5.712890625 Y36.298828125
G1 X5.712890625 Y36.2109375
G1 X5.537109375 Y36.38671875
G1 X5.44921875 Y36.298828125
G1 X5.44921875 Y36.2109375
G1 X5.361328125 Y36.2109375
G1 X5.2734375 Y36.123046875
G1 X5.2734375 Y36.03515625
G1 X5.537109375 Y35.771484375
G1 X5.625 Y35.771484375
G1 X5.80078125 Y35.595703125
G1 X5.888671875 Y35.595703125
G1 X5.9765625 Y35.68359375
G1 X5.888671875 Y35.771484375
G1 X5.888671875 Y35.859375
G1 X5.80078125 Y35.947265625
G1 X5.80078125 Y36.03515625
G1 X5.80078125 Y35.947265625
G1 X5.888671875 Y35.859375
G1 X5.9765625 Y35.859375
G1 X5.888671875 Y35.771484375
G1 X5.9765625 Y35.68359375
G1 X6.064453125 Y35.68359375
G1 X5.9765625 Y35.68359375
G1 X5.712890625 Y35.419921875
G1 X5.625 Y35.419921875
G1 X5.44921875 Y35.244140625
G1 X5.625 Y35.068359375
G1 X5.712890625 Y35.068359375
G1 X5.712890625 Y34.98046875
G1 X5.44921875 Y35.244140625
G1 X5.2734375 Y35.068359375
G1 X5.361328125 Y34.98046875
G1 X5.44921875 Y34.98046875
G1 X5.537109375 Y34.892578125
G1 X5.537109375 Y34.8046875
G1 X5.2734375 Y35.068359375
G1 X5.09765625 Y34.892578125
G1 X5.185546875 Y34.8046875
G1 X5.2734375 Y34.8046875
G1 X5.361328125 Y34.716796875
G1 X5.361328125 Y34.62890625
G1 X5.2734375 Y34.716796875
G1 X5.185546875 Y34.716796875
G1 X5.09765625 Y34.62890625
G1 X5.09765625 Y34.541015625
G1 X5.185546875 Y34.453125
G1 X5.2734375 Y34.453125
G1 X5.361328125 Y34.365234375
G1 X5.361328125 Y34.27734375
G1 X5.2734375 Y34.189453125
G1 X5.09765625 Y34.189453125
G1 X5.09765625 Y34.27734375
G1 X5.185546875 Y34.189453125
G1 X5.2734375 Y34.189453125
G1 X5.361328125 Y34.27734375
G1 X5.361328125 Y34.365234375
G1 X5.2734375 Y34.453125
G1 X5.185546875 Y34.453125
G1 X5.09765625 Y34.541015625
G1 X5.09765625 Y34.62890625
G1 X5.185546875 Y34.716796875
G1 X5.185546875 Y34.8046875
G1 X5.09765625 Y34.892578125
G1 X5.009765625 Y34.8046875
G1 X5.009765625 Y34.892578125
G1 X5.09765625 Y34.98046875
G1 X5.185546875 Y34.98046875
G1 X5.537109375 Y35.33203125
G1 X5.537109375 Y35.419921875
G1 X5.712890625 Y35.419921875
G1 X5.80078125 Y35.5078125
G1 X5.80078125 Y35.595703125
G1 X5.712890625 Y35.68359375
G1 X5.537109375 Y35.68359375
G1 X5.44921875 Y35.595703125
G1 X5.2734375 Y35.595703125
G1 X5.185546875 Y35.68359375
G1 X5.185546875 Y35.771484375
G1 X5.09765625 Y35.859375
G1 X5.009765625 Y35.859375
G1 X4.921875 Y35.771484375
G1 X4.833984375 Y35.771484375
G1 X4.833984375 Y35.859375
G1 X4.921875 Y35.947265625
G1 X4.921875 Y36.123046875
G1 X4.833984375 Y36.2109375
G1 X4.658203125 Y36.03515625
G1 X4.658203125 Y35.947265625
G1 X4.482421875 Y36.123046875
G1 X4.39453125 Y36.123046875
G1 X4.306640625 Y36.03515625
G1 X4.21875 Y36.03515625
G1 X4.130859375 Y35.947265625
G1 X4.130859375 Y35.859375
G1 X4.04296875 Y35.771484375
G1 X4.04296875 Y35.68359375
G1 X4.130859375 Y35.595703125
G1 X4.21875 Y35.68359375
G1 X4.306640625 Y35.68359375
G1 X4.39453125 Y35.771484375
G1 X4.39453125 Y35.859375
G1 X4.482421875 Y35.859375
G1 X4.482421875 Y35.771484375
G1 X4.5703125 Y35.68359375
G1 X4.658203125 Y35.68359375
G1 X4.658203125 Y35.595703125
G1 X4.482421875 Y35.771484375
G1 X4.39453125 Y35.771484375
G1 X4.21875 Y35.595703125
G1 X4.130859375 Y35.595703125
G1 X4.04296875 Y35.5078125
G1 X4.04296875 Y35.419921875
G1 X3.8671875 Y35.244140625
G1 X3.955078125 Y35.15625
G1 X4.130859375 Y35.15625
G1 X4.21875 Y35.244140625
G1 X4.21875 Y35.419921875
G1 X4.306640625 Y35.33203125
G1 X4.130859375 Y35.15625
G1 X4.130859375 Y35.068359375
G1 X4.21875 Y34.98046875
G1 X4.306640625 Y34.98046875
G1 X4.39453125 Y35.068359375
G1 X4.39453125 Y35.15625
G1 X4.482421875 Y35.244140625
G1 X4.658203125 Y35.244140625
G1 X4.833984375 Y35.068359375
G1 X4.921875 Y35.15625
G1 X4.921875 Y35.244140625
G1 X5.09765625 Y35.244140625
G1 X5.009765625 Y35.244140625
G1 X4.921875 Y35.15625
G1 X4.921875 Y35.068359375
G1 X4.833984375 Y35.068359375
G1 X4.658203125 Y35.244140625
G1 X4.5703125 Y35.244140625
G1 X4.39453125 Y35.068359375
G1 X4.482421875 Y34.98046875
G1 X4.5703125 Y34.98046875
G1 X4.658203125 Y34.892578125
G1 X4.74609375 Y34.892578125
G1 X4.74609375 Y34.8046875
G1 X4.833984375 Y34.716796875
G1 X4.833984375 Y34.62890625
G1 X4.21875 Y34.013671875
G1 X4.130859375 Y34.013671875
G1 X4.04296875 Y33.92578125
G1 X4.04296875 Y33.837890625
G1 X3.955078125 Y33.837890625
G1 X4.04296875 Y33.92578125
G1 X4.04296875 Y34.013671875
G1 X3.955078125 Y34.1015625
G1 X3.779296875 Y33.92578125
G1 X3.69140625 Y34.013671875
G1 X3.603515625 Y34.013671875
G1 X3.515625 Y33.92578125
G1 X3.515625 Y33.837890625
G1 X3.603515625 Y33.75
G1 X3.69140625 Y33.75
G1 X3.779296875 Y33.662109375
G1 X3.8671875 Y33.662109375
G1 X3.69140625 Y33.662109375
G1 X3.603515625 Y33.57421875
G1 X3.603515625 Y33.486328125
G1 X3.69140625 Y33.3984375
G1 X3.779296875 Y33.3984375
G1 X3.8671875 Y33.486328125
G1 X4.04296875 Y33.486328125
G1 X4.130859375 Y33.57421875
G1 X4.130859375 Y33.662109375
G1 X4.306640625 Y33.662109375
G1 X4.21875 Y33.57421875
G1 X4.130859375 Y33.57421875
G1 X4.04296875 Y33.486328125
G1 X4.04296875 Y33.3984375
G1 X4.130859375 Y33.310546875
G1 X4.21875 Y33.310546875
G1 X4.39453125 Y33.134765625
G1 X4.482421875 Y33.134765625
G1 X4.5703125 Y33.22265625
G1 X4.5703125 Y33.310546875
G1 X4.482421875 Y33.3984375
G1 X4.39453125 Y33.3984375
G1 X4.39453125 Y33.486328125
G1 X4.482421875 Y33.486328125
G1 X4.482421875 Y33.3984375
G1 X4.5703125 Y33.310546875
G1 X4.658203125 Y33.310546875
G1 X4.74609375 Y33.3984375
G1 X4.833984375 Y33.3984375
G1 X4.74609375 Y33.310546875
G1 X4.658203125 Y33.310546875
G1 X4.482421875 Y33.134765625
G1 X4.482421875 Y32.958984375
G1 X4.39453125 Y32.87109375
G1 X4.482421875 Y32.783203125
G1 X4.482421875 Y32.607421875
G1 X4.5703125 Y32.51953125
G1 X4.39453125 Y32.6953125
G1 X4.130859375 Y32.431640625
G1 X4.130859375 Y32.34375
G1 X4.04296875 Y32.34375
G1 X3.955078125 Y32.255859375
G1 X3.8671875 Y32.255859375
G1 X3.779296875 Y32.16796875
G1 X3.8671875 Y32.080078125
G1 X3.69140625 Y32.080078125
G1 X3.515625 Y32.255859375
G1 X3.427734375 Y32.255859375
G1 X3.33984375 Y32.16796875
G1 X3.33984375 Y32.080078125
G1 X3.427734375 Y31.9921875
G1 X3.515625 Y31.9921875
G1 X3.603515625 Y31.904296875
G1 X3.69140625 Y31.904296875
G1 X3.8671875 Y31.728515625
G1 X3.603515625 Y31.46484375
G1 X3.69140625 Y31.376953125
G1 X3.779296875 Y31.376953125
G1 X3.8671875 Y31.46484375
G1 X3.515625 Y31.11328125
G1 X3.603515625 Y31.025390625
G1 X3.69140625 Y31.025390625
G1 X3.779296875 Y31.11328125
G1 X3.8671875 Y31.025390625
G1 X3.955078125 Y31.025390625
G1 X3.955078125 Y30.9375
G1 X3.779296875 Y31.11328125
G1 X3.427734375 Y30.76171875
G1 X3.69140625 Y30.498046875
G1 X3.427734375 Y30.76171875
G1 X3.33984375 Y30.673828125
G1 X3.33984375 Y30.498046875
G1 X3.427734375 Y30.41015625
G1 X3.251953125 Y30.234375
G1 X3.515625 Y29.970703125
G1 X3.603515625 Y29.970703125
G1 X3.69140625 Y30.05859375
G1 X3.603515625 Y29.970703125
G1 X3.515625 Y29.970703125
G1 X3.427734375 Y30.05859375
G1 X3.33984375 Y30.05859375
G1 X3.251953125 Y29.970703125
G1 X3.251953125 Y29.8828125
G1 X3.33984375 Y29.794921875
G1 X3.427734375 Y29.794921875
G1 X3.33984375 Y29.70703125
G1 X3.33984375 Y29.619140625
G1 X3.515625 Y29.443359375
G1 X3.603515625 Y29.443359375
G1 X3.603515625 Y29.35546875
G1 X3.69140625 Y29.267578125
G1 X3.779296875 Y29.267578125
G1 X3.8671875 Y29.35546875
G1 X3.779296875 Y29.267578125
G1 X3.779296875 Y29.1796875
G1 X3.8671875 Y29.091796875
G1 X3.955078125 Y29.091796875
G1 X4.04296875 Y29.1796875
G1 X4.130859375 Y29.1796875
G1 X4.04296875 Y29.1796875
G1 X3.955078125 Y29.091796875
G1 X3.955078125 Y29.00390625
G1 X4.04296875 Y28.916015625
G1 X4.04296875 Y28.828125
G1 X4.04296875 Y28.916015625
G1 X3.955078125 Y29.00390625
G1 X3.8671875 Y29.00390625
G1 X3.8671875 Y29.091796875
G1 X3.515625 Y29.443359375
G1 X3.427734375 Y29.443359375
G1 X3.427734375 Y29.53125
G1 X3.33984375 Y29.619140625
G1 X3.1640625 Y29.443359375
G1 X3.33984375 Y29.267578125
G1 X3.427734375 Y29.267578125
G1 X3.251953125 Y29.091796875
G1 X3.33984375 Y29.00390625
G1 X3.251953125 Y28.916015625
G1 X3.33984375 Y28.828125
G1 X3.427734375 Y28.828125
G1 X3.33984375 Y28.828125
G1 X3.251953125 Y28.916015625
G1 X3.1640625 Y28.828125
G1 X3.1640625 Y28.740234375
G1 X3.33984375 Y28.564453125
G1 X3.427734375 Y28.564453125
G1 X3.69140625 Y28.828125
G1 X3.69140625 Y28.916015625
G1 X3.779296875 Y28.828125
G1 X3.779296875 Y28.740234375
G1 X3.8671875 Y28.65234375
G1 X3.779296875 Y28.740234375
G1 X3.69140625 Y28.740234375
G1 X3.603515625 Y28.65234375
G1 X3.515625 Y28.65234375
G1 X3.427734375 Y28.564453125
G1 X3.33984375 Y28.564453125
G1 X3.1640625 Y28.740234375
G1 X2.98828125 Y28.564453125
G1 X3.076171875 Y28.4765625
G1 X3.1640625 Y28.4765625
G1 X3.33984375 Y28.30078125
G1 X3.427734375 Y28.30078125
G1 X3.603515625 Y28.4765625
G1 X3.779296875 Y28.4765625
G1 X3.69140625 Y28.4765625
G1 X3.603515625 Y28.388671875
G1 X3.515625 Y28.388671875
G1 X3.427734375 Y28.30078125
G1 X3.33984375 Y28.30078125
G1 X3.1640625 Y28.125
G1 X3.1640625 Y28.037109375
G1 X3.251953125 Y27.94921875
G1 X3.427734375 Y28.125
G1 X3.515625 Y28.125
G1 X3.515625 Y28.037109375
G1 X3.603515625 Y27.94921875
G1 X3.69140625 Y27.94921875
G1 X3.69140625 Y27.861328125
G1 X3.603515625 Y27.861328125
G1 X3.603515625 Y27.94921875
G1 X3.515625 Y28.037109375
G1 X3.33984375 Y28.037109375
G1 X3.251953125 Y27.94921875
G1 X3.1640625 Y27.94921875
G1 X3.076171875 Y28.037109375
G1 X2.900390625 Y28.037109375
G1 X2.98828125 Y28.037109375
G1 X3.076171875 Y28.125
G1 X3.1640625 Y28.125
G1 X3.33984375 Y28.30078125
G1 X3.251953125 Y28.388671875
G1 X3.076171875 Y28.388671875
G1 X3.076171875 Y28.4765625
G1 X2.98828125 Y28.564453125
G1 X2.900390625 Y28.564453125
G1 X2.98828125 Y28.65234375
G1 X3.076171875 Y28.65234375
G1 X3.1640625 Y28.740234375
G1 X3.1640625 Y28.828125
G1 X3.076171875 Y28.916015625
G1 X2.98828125 Y28.916015625
G1 X2.900390625 Y28.828125
G1 X2.98828125 Y28.916015625
G1 X2.98828125 Y29.00390625
G1 X3.1640625 Y28.828125
G1 X3.251953125 Y28.916015625
G1 X3.251953125 Y29.00390625
G1 X3.1640625 Y29.091796875
G1 X3.1640625 Y29.1796875
G1 X3.076171875 Y29.267578125
G1 X3.076171875 Y29.443359375
G1 X2.98828125 Y29.53125
G1 X2.900390625 Y29.53125
G1 X2.724609375 Y29.35546875
G1 X2.900390625 Y29.53125
G1 X2.900390625 Y29.70703125
G1 X2.98828125 Y29.619140625
G1 X2.98828125 Y29.53125
G1 X3.076171875 Y29.443359375
G1 X3.251953125 Y29.619140625
G1 X3.076171875 Y29.794921875
G1 X3.1640625 Y29.8828125
G1 X3.1640625 Y29.970703125
G1 X2.900390625 Y30.234375
G1 X2.8125 Y30.234375
G1 X2.724609375 Y30.146484375
G1 X2.8125 Y30.234375
G1 X2.8125 Y30.322265625
G1 X2.900390625 Y30.322265625
G1 X2.98828125 Y30.41015625
G1 X2.900390625 Y30.498046875
G1 X2.8125 Y30.498046875
G1 X2.8125 Y30.5859375
G1 X2.724609375 Y30.673828125
G1 X2.63671875 Y30.5859375
G1 X2.63671875 Y30.498046875
G1 X2.548828125 Y30.498046875
G1 X2.4609375 Y30.41015625
G1 X2.548828125 Y30.322265625
G1 X2.548828125 Y30.234375
G1 X2.4609375 Y30.146484375
G1 X2.548828125 Y30.05859375
G1 X2.548828125 Y29.70703125
G1 X2.63671875 Y29.619140625
G1 X2.63671875 Y29.53125
G1 X2.4609375 Y29.35546875
G1 X2.548828125 Y29.267578125
G1 X2.4609375 Y29.1796875
G1 X2.4609375 Y29.091796875
G1 X2.548828125 Y29.00390625
G1 X2.548828125 Y28.916015625
G1 X2.4609375 Y28.828125
G1 X2.548828125 Y28.740234375
G1 X2.548828125 Y28.564453125
G1 X2.373046875 Y28.564453125
G1 X2.197265625 Y28.388671875
G1 X2.197265625 Y28.30078125
G1 X2.28515625 Y28.212890625
G1 X2.4609375 Y28.388671875
G1 X2.548828125 Y28.30078125
G1 X2.4609375 Y28.212890625
G1 X2.548828125 Y28.125
G1 X2.63671875 Y28.125
G1 X2.548828125 Y28.125
G1 X2.4609375 Y28.037109375
G1 X2.4609375 Y27.94921875
G1 X2.548828125 Y27.861328125
G1 X2.63671875 Y27.861328125
G1 X2.548828125 Y27.861328125
G1 X2.4609375 Y27.7734375
G1 X2.63671875 Y27.59765625
G1 X2.548828125 Y27.59765625
G1 X2.4609375 Y27.509765625
G1 X2.4609375 Y27.421875
G1 X2.548828125 Y27.333984375
G1 X2.4609375 Y27.333984375
G1 X2.373046875 Y27.421875
G1 X2.4609375 Y27.509765625
G1 X2.4609375 Y27.685546875
G1 X2.373046875 Y27.7734375
G1 X2.28515625 Y27.685546875
G1 X2.28515625 Y27.59765625
G1 X2.197265625 Y27.509765625
G1 X2.197265625 Y27.421875
G1 X2.109375 Y27.333984375
G1 X2.197265625 Y27.24609375
G1 X2.197265625 Y27.158203125
G1 X2.28515625 Y27.0703125
G1 X2.28515625 Y26.982421875
G1 X2.28515625 Y27.0703125
G1 X2.197265625 Y27.158203125
G1 X2.109375 Y27.158203125
G1 X2.021484375 Y27.0703125
G1 X2.109375 Y26.982421875
G1 X2.109375 Y26.89453125
G1 X2.197265625 Y26.806640625
G1 X2.197265625 Y26.71875
G1 X2.109375 Y26.630859375
G1 X2.109375 Y26.54296875
G1 X2.021484375 Y26.54296875
G1 X1.93359375 Y26.455078125
G1 X2.109375 Y26.279296875
G1 X2.197265625 Y26.279296875
G1 X2.28515625 Y26.3671875
G1 X2.28515625 Y26.455078125
G1 X2.373046875 Y26.54296875
G1 X2.373046875 Y26.630859375
G1 X2.4609375 Y26.54296875
G1 X2.373046875 Y26.54296875
G1 X2.28515625 Y26.455078125
G1 X2.28515625 Y26.3671875
G1 X2.373046875 Y26.279296875
G1 X2.373046875 Y26.103515625
G1 X2.4609375 Y26.015625
G1 X2.28515625 Y25.83984375
G1 X2.373046875 Y25.751953125
G1 X2.4609375 Y25.751953125
G1 X2.4609375 Y25.6640625
G1 X2.373046875 Y25.576171875
G1 X2.373046875 Y25.400390625
G1 X2.28515625 Y25.400390625
G1 X2.197265625 Y25.3125
G1 X2.28515625 Y25.224609375
G1 X2.373046875 Y25.224609375
G1 X2.373046875 Y25.13671875
G1 X2.28515625 Y25.048828125
G1 X2.28515625 Y24.9609375
G1 X2.373046875 Y24.873046875
G1 X2.28515625 Y24.873046875
G1 X2.28515625 Y25.048828125
G1 X2.197265625 Y25.13671875
G1 X2.109375 Y25.048828125
G1 X2.021484375 Y25.048828125
G1 X2.021484375 Y25.13671875
G1 X2.109375 Y25.224609375
G1 X2.109375 Y25.3125
G1 X2.021484375 Y25.400390625
G1 X1.93359375 Y25.400390625
G1 X1.845703125 Y25.3125
G1 X1.845703125 Y24.873046875
G1 X1.93359375 Y24.78515625
G1 X2.021484375 Y24.873046875
G1 X2.109375 Y24.873046875
G1 X2.021484375 Y24.873046875
G1 X1.845703125 Y24.697265625
G1 X1.845703125 Y24.609375
G1 X1.7578125 Y24.609375
G1 X1.669921875 Y24.521484375
G1 X1.669921875 Y24.345703125
G1 X1.7578125 Y24.2578125
G1 X1.845703125 Y24.345703125
G1 X1.845703125 Y24.43359375
G1 X2.021484375 Y24.43359375
G1 X2.021484375 Y24.345703125
G1 X1.93359375 Y24.345703125
G1 X1.845703125 Y24.2578125
G1 X1.845703125 Y23.994140625
G1 X1.93359375 Y23.90625
G1 X2.021484375 Y23.994140625
G1 X2.021484375 Y24.169921875
G1 X2.109375 Y24.169921875
G1 X2.109375 Y24.08203125
G1 X2.021484375 Y23.994140625
G1 X2.021484375 Y23.90625
G1 X2.109375 Y23.818359375
G1 X2.021484375 Y23.818359375
G1 X1.93359375 Y23.90625
G1 X1.845703125 Y23.818359375
G1 X1.845703125 Y23.73046875
G1 X1.93359375 Y23.642578125
G1 X2.021484375 Y23.642578125
G1 X2.109375 Y23.5546875
G1 X2.021484375 Y23.5546875
G1 X1.93359375 Y23.642578125
G1 X1.845703125 Y23.642578125
G1 X1.7578125 Y23.5546875
G1 X1.845703125 Y23.466796875
G1 X1.845703125 Y23.291015625
G1 X1.93359375 Y23.203125
G1 X1.845703125 Y23.203125
G1 X1.845703125 Y23.291015625
G1 X1.7578125 Y23.37890625
G1 X1.845703125 Y23.466796875
G1 X1.7578125 Y23.5546875
G1 X1.669921875 Y23.5546875
G1 X1.58203125 Y23.466796875
G1 X1.58203125 Y23.291015625
G1 X1.669921875 Y23.203125
G1 X1.58203125 Y23.115234375
G1 X1.58203125 Y22.939453125
G1 X1.7578125 Y22.763671875
G1 X1.845703125 Y22.763671875
G1 X1.93359375 Y22.8515625
G1 X1.7578125 Y23.02734375
G1 X1.845703125 Y23.02734375
G1 X1.845703125 Y22.939453125
G1 X2.021484375 Y22.763671875
G1 X2.109375 Y22.8515625
G1 X2.109375 Y23.02734375
G1 X2.109375 Y22.67578125
G1 X2.28515625 Y22.5
G1 X2.373046875 Y22.5
G1 X2.373046875 Y22.236328125
G1 X2.4609375 Y22.1484375
G1 X2.548828125 Y22.1484375
G1 X2.63671875 Y22.236328125
G1 X2.63671875 Y22.412109375
G1 X2.548828125 Y22.5
G1 X2.548828125 Y22.587890625
G1 X2.63671875 Y22.67578125
G1 X2.63671875 Y23.02734375
G1 X2.724609375 Y23.02734375
G1 X2.8125 Y23.115234375
G1 X2.724609375 Y23.203125
G1 X2.63671875 Y23.203125
G1 X2.724609375 Y23.291015625
G1 X2.724609375 Y23.37890625
G1 X2.724609375 Y23.203125
G1 X2.8125 Y23.115234375
G1 X2.63671875 Y22.939453125
G1 X2.63671875 Y22.8515625
G1 X2.724609375 Y22.763671875
G1 X2.63671875 Y22.67578125
G1 X2.63671875 Y22.587890625
G1 X2.724609375 Y22.5
G1 X2.63671875 Y22.412109375
G1 X2.63671875 Y22.236328125
G1 X2.724609375 Y22.1484375
G1 X2.63671875 Y22.060546875
G1 X2.63671875 Y21.796875
G1 X2.724609375 Y21.708984375
G1 X2.63671875 Y21.62109375
G1 X2.63671875 Y21.4453125
G1 X2.724609375 Y21.357421875
G1 X2.98828125 Y21.62109375
G1 X2.98828125 Y21.708984375
G1 X3.076171875 Y21.708984375
G1 X3.076171875 Y21.62109375
G1 X3.1640625 Y21.533203125
G1 X3.251953125 Y21.533203125
G1 X3.33984375 Y21.62109375
G1 X3.427734375 Y21.62109375
G1 X3.603515625 Y21.796875
G1 X3.603515625 Y21.708984375
G1 X3.515625 Y21.708984375
G1 X3.427734375 Y21.62109375
G1 X3.33984375 Y21.62109375
G1 X3.076171875 Y21.357421875
G1 X3.076171875 Y21.26953125
G1 X2.98828125 Y21.26953125
G1 X2.98828125 Y21.357421875
G1 X2.900390625 Y21.4453125
G1 X2.8125 Y21.4453125
G1 X2.63671875 Y21.26953125
G1 X2.63671875 Y21.181640625
G1 X2.724609375 Y21.09375
G1 X2.900390625 Y21.09375
G1 X2.724609375 Y21.09375
G1 X2.63671875 Y21.005859375
G1 X2.63671875 Y20.91796875
G1 X2.724609375 Y20.830078125
G1 X2.8125 Y20.830078125
G1 X2.900390625 Y20.91796875
G1 X2.900390625 Y20.830078125
G1 X2.98828125 Y20.7421875
G1 X3.076171875 Y20.7421875
G1 X3.1640625 Y20.830078125
G1 X3.1640625 Y20.91796875
G1 X3.076171875 Y21.005859375
G1 X3.076171875 Y21.09375
G1 X3.1640625 Y21.09375
G1 X3.515625 Y21.4453125
G1 X3.603515625 Y21.357421875
G1 X3.69140625 Y21.4453125
G1 X3.69140625 Y21.533203125
G1 X3.779296875 Y21.533203125
G1 X3.779296875 Y21.4453125
G1 X3.69140625 Y21.4453125
G1 X3.603515625 Y21.357421875
G1 X3.603515625 Y21.26953125
G1 X3.69140625 Y21.181640625
G1 X3.779296875 Y21.181640625
G1 X4.04296875 Y21.4453125
G1 X4.130859375 Y21.4453125
G1 X4.04296875 Y21.4453125
G1 X3.955078125 Y21.357421875
G1 X3.955078125 Y21.26953125
G1 X4.04296875 Y21.181640625
G1 X4.130859375 Y21.181640625
G1 X4.21875 Y21.26953125
G1 X4.306640625 Y21.181640625
G1 X4.130859375 Y21.181640625
G1 X4.04296875 Y21.09375
G1 X4.21875 Y20.91796875
G1 X4.130859375 Y21.005859375
G1 X3.955078125 Y21.005859375
G1 X3.8671875 Y20.91796875
G1 X3.8671875 Y21.005859375
G1 X3.955078125 Y21.005859375
G1 X4.04296875 Y21.09375
G1 X4.04296875 Y21.181640625
G1 X3.955078125 Y21.26953125
G1 X3.8671875 Y21.26953125
G1 X3.779296875 Y21.181640625
G1 X3.69140625 Y21.181640625
G1 X3.515625 Y21.357421875
G1 X3.427734375 Y21.357421875
G1 X3.33984375 Y21.26953125
G1 X3.33984375 Y21.181640625
G1 X3.251953125 Y21.181640625
G1 X3.076171875 Y21.005859375
G1 X3.1640625 Y20.91796875
G1 X3.251953125 Y20.91796875
G1 X3.076171875 Y20.7421875
G1 X3.076171875 Y20.654296875
G1 X2.98828125 Y20.654296875
G1 X2.900390625 Y20.56640625
G1 X2.8125 Y20.56640625
G1 X2.900390625 Y20.56640625
G1 X2.98828125 Y20.654296875
G1 X2.98828125 Y20.7421875
G1 X2.900390625 Y20.830078125
G1 X2.724609375 Y20.830078125
G1 X2.63671875 Y20.7421875
G1 X2.63671875 Y20.654296875
G1 X2.548828125 Y20.56640625
G1 X2.63671875 Y20.478515625
G1 X2.63671875 Y20.390625
G1 X2.724609375 Y20.302734375
G1 X2.548828125 Y20.126953125
G1 X2.63671875 Y20.0390625
G1 X2.8125 Y20.0390625
G1 X2.724609375 Y20.0390625
G1 X2.63671875 Y19.951171875
G1 X2.63671875 Y19.86328125
G1 X2.548828125 Y19.775390625
G1 X2.63671875 Y19.6875
G1 X2.724609375 Y19.6875
G1 X2.63671875 Y19.6875
G1 X2.548828125 Y19.599609375
G1 X2.63671875 Y19.51171875
G1 X2.548828125 Y19.423828125
G1 X2.724609375 Y19.248046875
G1 X2.8125 Y19.248046875
G1 X2.900390625 Y19.3359375
G1 X2.900390625 Y19.423828125
G1 X2.8125 Y19.51171875
G1 X2.900390625 Y19.423828125
G1 X2.900390625 Y19.3359375
G1 X2.8125 Y19.248046875
G1 X2.900390625 Y19.16015625
G1 X2.98828125 Y19.16015625
G1 X3.1640625 Y18.984375
G1 X3.515625 Y19.3359375
G1 X3.515625 Y19.423828125
G1 X3.427734375 Y19.51171875
G1 X3.33984375 Y19.51171875
G1 X3.251953125 Y19.423828125
G1 X3.251953125 Y19.3359375
G1 X3.1640625 Y19.3359375
G1 X3.1640625 Y19.423828125
G1 X2.98828125 Y19.599609375
G1 X3.076171875 Y19.599609375
G1 X3.1640625 Y19.6875
G1 X3.1640625 Y19.775390625
G1 X2.98828125 Y19.951171875
G1 X2.900390625 Y19.86328125
G1 X2.98828125 Y19.951171875
G1 X3.076171875 Y19.951171875
G1 X3.1640625 Y20.0390625
G1 X2.98828125 Y20.21484375
G1 X2.900390625 Y20.21484375
G1 X2.900390625 Y20.302734375
G1 X2.98828125 Y20.302734375
G1 X3.076171875 Y20.390625
G1 X3.076171875 Y20.478515625
G1 X3.1640625 Y20.478515625
G1 X2.98828125 Y20.302734375
G1 X3.076171875 Y20.21484375
G1 X3.1640625 Y20.21484375
G1 X3.33984375 Y20.390625
G1 X3.33984375 Y20.302734375
G1 X3.603515625 Y20.0390625
G1 X3.69140625 Y20.0390625
G1 X3.603515625 Y20.0390625
G1 X3.427734375 Y20.21484375
G1 X3.251953125 Y20.0390625
G1 X3.33984375 Y19.951171875
G1 X3.427734375 Y19.951171875
G1 X3.427734375 Y19.86328125
G1 X3.33984375 Y19.86328125
G1 X3.251953125 Y19.775390625
G1 X3.251953125 Y19.6875
G1 X3.33984375 Y19.599609375
G1 X3.427734375 Y19.599609375
G1 X3.515625 Y19.6875
G1 X3.427734375 Y19.599609375
G1 X3.427734375 Y19.51171875
G1 X3.515625 Y19.423828125
G1 X3.603515625 Y19.423828125
G1 X3.69140625 Y19.51171875
G1 X3.779296875 Y19.423828125
G1 X3.69140625 Y19.51171875
G1 X3.603515625 Y19.423828125
G1 X3.603515625 Y19.3359375
G1 X3.515625 Y19.3359375
G1 X3.427734375 Y19.248046875
G1 X3.427734375 Y19.16015625
G1 X3.33984375 Y19.16015625
G1 X3.251953125 Y19.072265625
G1 X3.251953125 Y18.984375
G1 X3.1640625 Y18.896484375
G1 X3.33984375 Y18.720703125
G1 X3.427734375 Y18.720703125
G1 X3.427734375 Y18.6328125
G1 X3.33984375 Y18.6328125
G1 X3.1640625 Y18.45703125
G1 X3.1640625 Y18.369140625
G1 X3.251953125 Y18.28125
G1 X3.33984375 Y18.28125
G1 X3.427734375 Y18.193359375
G1 X3.515625 Y18.193359375
G1 X3.427734375 Y18.10546875
G1 X3.33984375 Y18.10546875
G1 X3.251953125 Y18.017578125
G1 X3.1640625 Y18.017578125
G1 X3.076171875 Y17.9296875
G1 X3.076171875 Y17.841796875
G1 X3.1640625 Y17.75390625
G1 X3.251953125 Y17.75390625
G1 X3.1640625 Y17.666015625
G1 X3.251953125 Y17.578125
G1 X3.251953125 Y17.490234375
G1 X3.33984375 Y17.40234375
G1 X3.427734375 Y17.40234375
G1 X3.515625 Y17.314453125
G1 X3.69140625 Y17.490234375
G1 X3.603515625 Y17.578125
G1 X3.515625 Y17.578125
G1 X3.603515625 Y17.578125
G1 X3.69140625 Y17.490234375
G1 X3.779296875 Y17.578125
G1 X3.8671875 Y17.578125
G1 X4.04296875 Y17.75390625
G1 X4.04296875 Y17.666015625
G1 X3.955078125 Y17.666015625
G1 X3.8671875 Y17.578125
G1 X3.8671875 Y17.490234375
G1 X3.955078125 Y17.40234375
G1 X3.8671875 Y17.40234375
G1 X3.603515625 Y17.138671875
G1 X3.515625 Y17.138671875
G1 X3.427734375 Y17.05078125
G1 X3.33984375 Y17.05078125
G1 X3.33984375 Y17.138671875
G1 X3.251953125 Y17.2265625
G1 X3.1640625 Y17.2265625
G1 X3.076171875 Y17.138671875
G1 X3.076171875 Y17.05078125
G1 X3.251953125 Y16.875
G1 X3.1640625 Y16.875
G1 X3.1640625 Y16.962890625
G1 X2.900390625 Y17.2265625
G1 X2.8125 Y17.138671875
G1 X2.8125 Y17.05078125
G1 X2.900390625 Y16.962890625
G1 X2.900390625 Y16.875
G1 X3.076171875 Y16.69921875
G1 X3.076171875 Y16.611328125
G1 X3.251953125 Y16.435546875
G1 X3.1640625 Y16.435546875
G1 X3.1640625 Y16.5234375
G1 X2.98828125 Y16.69921875
G1 X2.900390625 Y16.611328125
G1 X2.900390625 Y16.5234375
G1 X2.8125 Y16.5234375
G1 X2.724609375 Y16.435546875
G1 X2.8125 Y16.34765625
G1 X2.63671875 Y16.34765625
G1 X2.548828125 Y16.259765625
G1 X2.548828125 Y16.171875
G1 X2.8125 Y15.908203125
G1 X2.900390625 Y15.908203125
G1 X3.076171875 Y16.083984375
G1 X2.98828125 Y16.171875
G1 X2.8125 Y16.171875
G1 X2.900390625 Y16.171875
G1 X2.98828125 Y16.259765625
G1 X2.98828125 Y16.171875
G1 X3.076171875 Y16.083984375
G1 X3.1640625 Y16.083984375
G1 X3.251953125 Y15.99609375
G1 X3.427734375 Y15.99609375
G1 X3.515625 Y16.083984375
G1 X3.515625 Y15.908203125
G1 X3.603515625 Y15.8203125
G1 X3.515625 Y15.8203125
G1 X3.427734375 Y15.732421875
G1 X3.427734375 Y15.64453125
G1 X3.515625 Y15.556640625
G1 X3.515625 Y15.380859375
G1 X3.33984375 Y15.380859375
G1 X3.251953125 Y15.29296875
G1 X3.33984375 Y15.205078125
G1 X3.427734375 Y15.205078125
G1 X3.427734375 Y15.029296875
G1 X3.515625 Y14.94140625
G1 X3.33984375 Y14.765625
G1 X3.427734375 Y14.677734375
G1 X3.515625 Y14.677734375
G1 X3.603515625 Y14.765625
G1 X3.427734375 Y14.58984375
G1 X3.427734375 Y14.501953125
G1 X3.515625 Y14.4140625
G1 X3.603515625 Y14.4140625
G1 X3.69140625 Y14.326171875
G1 X3.69140625 Y14.23828125
G1 X3.69140625 Y14.326171875
G1 X3.603515625 Y14.4140625
G1 X3.515625 Y14.4140625
G1 X3.427734375 Y14.326171875
G1 X3.427734375 Y14.23828125
G1 X3.33984375 Y14.150390625
G1 X3.251953125 Y14.150390625
G1 X3.1640625 Y14.0625
G1 X2.98828125 Y14.0625
G1 X2.900390625 Y13.974609375
G1 X2.98828125 Y13.88671875
G1 X3.251953125 Y13.88671875
G1 X3.33984375 Y13.974609375
G1 X3.427734375 Y13.974609375
G1 X3.515625 Y14.0625
G1 X3.603515625 Y14.0625
G1 X3.515625 Y14.0625
G1 X3.427734375 Y13.974609375
G1 X3.427734375 Y13.88671875
G1 X3.33984375 Y13.88671875
G1 X3.251953125 Y13.798828125
G1 X3.33984375 Y13.7109375
G1 X3.515625 Y13.7109375
G1 X3.33984375 Y13.53515625
G1 X3.515625 Y13.359375
G1 X3.33984375 Y13.18359375
G1 X3.33984375 Y13.095703125
G1 X3.427734375 Y13.0078125
G1 X3.603515625 Y13.18359375
G1 X3.603515625 Y13.095703125
G1 X3.515625 Y13.095703125
G1 X3.427734375 Y13.0078125
G1 X3.251953125 Y13.0078125
G1 X2.724609375 Y12.48046875
G1 X2.8125 Y12.392578125
G1 X2.900390625 Y12.392578125
G1 X3.076171875 Y12.568359375
G1 X3.1640625 Y12.568359375
G1 X3.251953125 Y12.65625
G1 X3.251953125 Y12.744140625
G1 X3.33984375 Y12.744140625
G1 X3.33984375 Y12.65625
G1 X3.251953125 Y12.65625
G1 X3.1640625 Y12.568359375
G1 X3.1640625 Y12.48046875
G1 X3.076171875 Y12.392578125
G1 X3.251953125 Y12.216796875
G1 X3.33984375 Y12.3046875
G1 X3.33984375 Y12.392578125
G1 X3.427734375 Y12.392578125
G1 X3.515625 Y12.48046875
G1 X3.515625 Y12.568359375
G1 X3.515625 Y12.48046875
G1 X3.251953125 Y12.216796875
G1 X3.251953125 Y12.12890625
G1 X3.076171875 Y11.953125
G1 X3.076171875 Y12.041015625
G1 X2.98828125 Y12.12890625
G1 X2.900390625 Y12.12890625
G1 X2.8125 Y12.216796875
G1 X2.8125 Y12.3046875
G1 X2.63671875 Y12.48046875
G1 X2.548828125 Y12.392578125
G1 X2.548828125 Y12.216796875
G1 X2.900390625 Y11.865234375
G1 X2.900390625 Y11.77734375
G1 X2.98828125 Y11.689453125
G1 X2.98828125 Y11.6015625
G1 X2.900390625 Y11.6015625
G1 X2.8125 Y11.513671875
G1 X2.8125 Y11.42578125
G1 X3.1640625 Y11.07421875
G1 X3.251953125 Y11.07421875
G1 X3.1640625 Y10.986328125
G1 X3.1640625 Y10.8984375
G1 X3.076171875 Y10.810546875
G1 X2.98828125 Y10.810546875
G1 X2.900390625 Y10.72265625
G1 X2.900390625 Y10.634765625
G1 X2.548828125 Y10.986328125
G1 X2.4609375 Y10.986328125
G1 X2.373046875 Y10.8984375
G1 X2.197265625 Y10.8984375
G1 X2.28515625 Y10.8984375
G1 X2.373046875 Y10.986328125
G1 X2.4609375 Y10.986328125
G1 X2.548828125 Y11.07421875
G1 X2.548828125 Y11.162109375
G1 X2.63671875 Y11.162109375
G1 X2.8125 Y11.337890625
G1 X2.724609375 Y11.42578125
G1 X2.724609375 Y11.513671875
G1 X2.63671875 Y11.6015625
G1 X2.63671875 Y11.689453125
G1 X2.548828125 Y11.77734375
G1 X2.4609375 Y11.77734375
G1 X2.373046875 Y11.865234375
G1 X2.28515625 Y11.865234375
G1 X2.197265625 Y11.77734375
G1 X2.197265625 Y11.689453125
G1 X2.28515625 Y11.6015625
G1 X2.373046875 Y11.6015625
G1 X2.373046875 Y11.513671875
G1 X2.4609375 Y11.42578125
G1 X2.548828125 Y11.42578125
G1 X2.548828125 Y11.337890625
G1 X2.373046875 Y11.337890625
G1 X2.4609375 Y11.42578125
G1 X2.28515625 Y11.6015625
G1 X2.109375 Y11.6015625
G1 X2.197265625 Y11.689453125
G1 X2.197265625 Y11.77734375
G1 X2.109375 Y11.865234375
G1 X2.28515625 Y12.041015625
G1 X2.197265625 Y12.12890625
G1 X2.109375 Y12.12890625
G1 X2.109375 Y12.216796875
G1 X2.197265625 Y12.3046875
G1 X2.109375 Y12.392578125
G1 X2.021484375 Y12.392578125
G1 X1.93359375 Y12.3046875
G1 X1.93359375 Y11.337890625
G1 X1.845703125 Y11.25
G1 X1.93359375 Y11.162109375
G1 X1.845703125 Y11.07421875
G1 X1.845703125 Y10.810546875
G1 X1.93359375 Y10.72265625
G1 X1.93359375 Y10.634765625
G1 X1.845703125 Y10.634765625
G1 X1.7578125 Y10.546875
G1 X1.845703125 Y10.458984375
G1 X1.93359375 Y10.458984375
G1 X1.93359375 Y10.37109375
G1 X1.845703125 Y10.37109375
G1 X1.7578125 Y10.283203125
G1 X1.845703125 Y10.1953125
G1 X1.845703125 Y10.01953125
G1 X1.7578125 Y9.931640625
G1 X1.845703125 Y9.84375
G1 X1.93359375 Y9.84375
G1 X1.845703125 Y9.755859375
G1 X1.845703125 Y9.580078125
G1 X1.93359375 Y9.4921875
G1 X1.845703125 Y9.404296875
G1 X1.845703125 Y9.228515625
G1 X1.93359375 Y9.140625
G1 X1.93359375 Y9.052734375
G1 X1.845703125 Y9.052734375
G1 X1.7578125 Y8.96484375
G1 X1.7578125 Y8.876953125
G1 X1.845703125 Y8.7890625
G1 X2.021484375 Y8.7890625
G1 X2.197265625 Y8.96484375
G1 X2.197265625 Y9.052734375
G1 X2.197265625 Y8.96484375
G1 X2.28515625 Y8.876953125
G1 X2.4609375 Y8.876953125
G1 X2.548828125 Y8.96484375
G1 X2.548828125 Y9.052734375
G1 X2.4609375 Y9.140625
G1 X2.373046875 Y9.140625
G1 X2.4609375 Y9.228515625
G1 X2.548828125 Y9.228515625
G1 X2.63671875 Y9.31640625
G1 X2.63671875 Y9.404296875
G1 X2.548828125 Y9.4921875
G1 X2.4609375 Y9.4921875
G1 X2.197265625 Y9.228515625
G1 X2.197265625 Y9.31640625
G1 X2.28515625 Y9.31640625
G1 X2.373046875 Y9.404296875
G1 X2.373046875 Y9.4921875
G1 X2.4609375 Y9.580078125
G1 X2.28515625 Y9.755859375
G1 X2.4609375 Y9.931640625
G1 X2.548828125 Y9.931640625
G1 X2.63671875 Y10.01953125
G1 X2.63671875 Y10.107421875
G1 X2.548828125 Y10.1953125
G1 X2.548828125 Y10.283203125
G1 X2.4609375 Y10.37109375
G1 X2.373046875 Y10.37109375
G1 X2.373046875 Y10.458984375
G1 X2.28515625 Y10.546875
G1 X2.197265625 Y10.546875
G1 X2.109375 Y10.458984375
G1 X2.109375 Y10.546875
G1 X2.197265625 Y10.634765625
G1 X2.109375 Y10.72265625
G1 X2.197265625 Y10.72265625
G1 X2.197265625 Y10.634765625
G1 X2.373046875 Y10.458984375
G1 X2.4609375 Y10.458984375
G1 X2.4609375 Y10.37109375
G1 X2.548828125 Y10.283203125
G1 X2.63671875 Y10.283203125
G1 X2.8125 Y10.458984375
G1 X2.724609375 Y10.546875
G1 X2.63671875 Y10.546875
G1 X2.4609375 Y10.72265625
G1 X2.548828125 Y10.72265625
G1 X2.548828125 Y10.634765625
G1 X2.63671875 Y10.546875
G1 X2.724609375 Y10.546875
G1 X2.8125 Y10.458984375
G1 X2.724609375 Y10.37109375
G1 X2.8125 Y10.283203125
G1 X2.900390625 Y10.283203125
G1 X2.98828125 Y10.37109375
G1 X2.98828125 Y10.458984375
G1 X3.076171875 Y10.458984375
G1 X3.1640625 Y10.546875
G1 X3.251953125 Y10.546875
G1 X3.1640625 Y10.546875
G1 X3.076171875 Y10.458984375
G1 X3.076171875 Y10.37109375
G1 X2.98828125 Y10.37109375
G1 X2.900390625 Y10.283203125
G1 X2.900390625 Y10.1953125
G1 X2.8125 Y10.1953125
G1 X2.724609375 Y10.107421875
G1 X2.724609375 Y10.01953125
G1 X2.8125 Y9.931640625
G1 X2.900390625 Y9.931640625
G1 X2.98828125 Y10.01953125
G1 X3.076171875 Y9.931640625
G1 X3.076171875 Y9.84375
G1 X3.1640625 Y9.755859375
G1 X3.251953125 Y9.755859375
G1 X3.33984375 Y9.84375
G1 X3.427734375 Y9.84375
G1 X3.427734375 Y9.755859375
G1 X3.251953125 Y9.755859375
G1 X3.076171875 Y9.580078125
G1 X3.076171875 Y9.4921875
G1 X2.98828125 Y9.4921875
G1 X2.900390625 Y9.404296875
G1 X2.8125 Y9.404296875
G1 X2.724609375 Y9.31640625
G1 X2.63671875 Y9.31640625
G1 X2.4609375 Y9.140625
G1 X2.548828125 Y9.052734375
G1 X2.63671875 Y9.052734375
G1 X2.724609375 Y9.140625
G1 X2.8125 Y9.140625
G1 X2.8125 Y9.052734375
G1 X2.900390625 Y8.96484375
G1 X2.98828125 Y9.052734375
G1 X3.251953125 Y9.052734375
G1 X3.33984375 Y9.140625
G1 X3.33984375 Y9.052734375
G1 X3.515625 Y8.876953125
G1 X3.603515625 Y8.876953125
G1 X3.515625 Y8.876953125
G1 X3.33984375 Y9.052734375
G1 X3.1640625 Y9.052734375
G1 X3.076171875 Y8.96484375
G1 X2.900390625 Y8.96484375
G1 X2.8125 Y8.876953125
G1 X2.8125 Y8.7890625
G1 X2.900390625 Y8.701171875
G1 X3.076171875 Y8.701171875
G1 X3.1640625 Y8.7890625
G1 X3.251953125 Y8.7890625
G1 X3.33984375 Y8.701171875
G1 X3.427734375 Y8.701171875
G1 X3.427734375 Y8.61328125
G1 X3.33984375 Y8.525390625
G1 X3.33984375 Y8.701171875
G1 X3.251953125 Y8.7890625
G1 X3.1640625 Y8.7890625
G1 X3.076171875 Y8.701171875
G1 X3.076171875 Y8.61328125
G1 X2.98828125 Y8.61328125
G1 X2.8125 Y8.7890625
G1 X2.63671875 Y8.7890625
G1 X2.548828125 Y8.701171875
G1 X2.548828125 Y8.61328125
G1 X2.63671875 Y8.525390625
G1 X2.724609375 Y8.525390625
G1 X2.8125 Y8.4375
G1 X2.900390625 Y8.4375
G1 X2.900390625 Y8.349609375
G1 X2.98828125 Y8.26171875
G1 X3.076171875 Y8.349609375
G1 X3.076171875 Y8.4375
G1 X3.1640625 Y8.4375
G1 X3.1640625 Y8.349609375
G1 X3.33984375 Y8.173828125
G1 X3.427734375 Y8.173828125
G1 X3.33984375 Y8.0859375
G1 X3.251953125 Y8.0859375
G1 X3.1640625 Y7.998046875
G1 X3.1640625 Y7.91015625
G1 X3.251953125 Y7.822265625
G1 X3.251953125 Y7.734375
G1 X3.33984375 Y7.646484375
G1 X3.515625 Y7.646484375
G1 X3.603515625 Y7.734375
G1 X3.69140625 Y7.734375
G1 X3.603515625 Y7.734375
G1 X3.427734375 Y7.55859375
G1 X3.33984375 Y7.55859375
G1 X3.33984375 Y7.646484375
G1 X3.251953125 Y7.734375
G1 X3.1640625 Y7.734375
G1 X2.98828125 Y7.55859375
G1 X2.900390625 Y7.646484375
G1 X2.63671875 Y7.646484375
G1 X2.548828125 Y7.55859375
G1 X2.548828125 Y7.470703125
G1 X2.63671875 Y7.3828125
G1 X2.8125 Y7.3828125
G1 X2.724609375 Y7.294921875
G1 X2.724609375 Y7.20703125
G1 X2.8125 Y7.119140625
G1 X2.900390625 Y7.20703125
G1 X2.98828125 Y7.119140625
G1 X3.076171875 Y7.119140625
G1 X3.251953125 Y7.294921875
G1 X3.1640625 Y7.3828125
G1 X3.076171875 Y7.3828125
G1 X3.1640625 Y7.3828125
G1 X3.251953125 Y7.294921875
G1 X3.251953125 Y7.20703125
G1 X3.1640625 Y7.20703125
G1 X2.98828125 Y7.03125
G1 X2.900390625 Y7.119140625
G1 X2.724609375 Y6.943359375
G1 X2.8125 Y6.85546875
G1 X3.076171875 Y6.85546875
G1 X3.1640625 Y6.943359375
G1 X3.33984375 Y6.943359375
G1 X3.33984375 Y6.85546875
G1 X3.427734375 Y6.767578125
G1 X3.515625 Y6.767578125
G1 X3.427734375 Y6.767578125
G1 X3.251953125 Y6.943359375
G1 X3.1640625 Y6.943359375
G1 X2.98828125 Y6.767578125
G1 X2.900390625 Y6.767578125
G1 X2.724609375 Y6.943359375
G1 X2.63671875 Y6.85546875
G1 X2.63671875 Y6.767578125
G1 X2.8125 Y6.591796875
G1 X2.8125 Y6.416015625
G1 X2.724609375 Y6.328125
G1 X2.724609375 Y6.416015625
G1 X2.8125 Y6.50390625
G1 X2.724609375 Y6.591796875
G1 X2.63671875 Y6.591796875
G1 X2.4609375 Y6.416015625
G1 X2.548828125 Y6.328125
G1 X2.548828125 Y6.240234375
G1 X2.63671875 Y6.15234375
G1 X2.8125 Y6.15234375
G1 X2.98828125 Y6.328125
G1 X3.076171875 Y6.328125
G1 X3.076171875 Y6.240234375
G1 X3.251953125 Y6.064453125
G1 X3.427734375 Y6.064453125
G1 X3.427734375 Y5.9765625
G1 X3.33984375 Y5.888671875
G1 X3.515625 Y5.712890625
G1 X3.603515625 Y5.712890625
G1 X3.69140625 Y5.80078125
G1 X3.603515625 Y5.888671875
G1 X3.69140625 Y5.80078125
G1 X3.603515625 Y5.712890625
G1 X3.515625 Y5.712890625
G1 X3.427734375 Y5.80078125
G1 X3.33984375 Y5.80078125
G1 X3.1640625 Y5.625
G1 X3.1640625 Y5.537109375
G1 X3.251953125 Y5.44921875
G1 X3.33984375 Y5.537109375
G1 X3.427734375 Y5.537109375
G1 X3.33984375 Y5.44921875
G1 X3.251953125 Y5.44921875
G1 X3.1640625 Y5.537109375
G1 X2.98828125 Y5.537109375
G1 X2.900390625 Y5.44921875
G1 X2.98828125 Y5.361328125
G1 X3.076171875 Y5.361328125
G1 X3.076171875 Y5.2734375
G1 X2.98828125 Y5.2734375
G1 X2.900390625 Y5.185546875
G1 X2.900390625 Y5.09765625
G1 X2.98828125 Y5.009765625
G1 X3.076171875 Y5.009765625
G1 X3.1640625 Y5.09765625
G1 X3.33984375 Y5.09765625
G1 X3.251953125 Y5.09765625
G1 X3.1640625 Y5.009765625
G1 X3.076171875 Y5.009765625
G1 X2.98828125 Y4.921875
G1 X3.076171875 Y4.833984375
G1 X3.33984375 Y4.833984375
G1 X3.515625 Y5.009765625
G1 X3.515625 Y5.09765625
G1 X3.603515625 Y5.009765625
G1 X3.515625 Y5.009765625
G1 X3.427734375 Y4.921875
G1 X3.427734375 Y4.833984375
G1 X3.515625 Y4.74609375
G1 X3.603515625 Y4.74609375
G1 X3.69140625 Y4.833984375
G1 X3.779296875 Y4.833984375
G1 X3.69140625 Y4.74609375
G1 X3.427734375 Y4.74609375
G1 X3.33984375 Y4.833984375
G1 X3.251953125 Y4.833984375
G1 X3.1640625 Y4.74609375
G1 X3.1640625 Y4.658203125
G1 X3.251953125 Y4.5703125
G1 X3.33984375 Y4.5703125
G1 X3.427734375 Y4.482421875
G1 X3.515625 Y4.482421875
G1 X3.427734375 Y4.39453125
G1 X3.251953125 Y4.5703125
G1 X3.1640625 Y4.5703125
G1 X3.076171875 Y4.482421875
G1 X2.900390625 Y4.482421875
G1 X2.8125 Y4.39453125
G1 X2.900390625 Y4.306640625
G1 X2.900390625 Y4.21875
G1 X2.98828125 Y4.130859375
G1 X3.1640625 Y4.130859375
G1 X3.251953125 Y4.21875
G1 X3.1640625 Y4.306640625
G1 X3.251953125 Y4.306640625
G1 X3.251953125 Y4.21875
G1 X3.515625 Y3.955078125
G1 X3.427734375 Y3.8671875
G1 X3.515625 Y3.779296875
G1 X3.33984375 Y3.955078125
G1 X3.33984375 Y4.130859375
G1 X3.251953125 Y4.21875
G1 X2.98828125 Y3.955078125
G1 X3.076171875 Y3.8671875
G1 X3.1640625 Y3.8671875
G1 X3.251953125 Y3.779296875
G1 X3.076171875 Y3.779296875
G1 X2.98828125 Y3.69140625
G1 X2.98828125 Y3.515625
G1 X3.076171875 Y3.427734375
G1 X3.1640625 Y3.427734375
G1 X3.076171875 Y3.33984375
G1 X3.251953125 Y3.1640625
G1 X3.515625 Y3.427734375
G1 X3.603515625 Y3.427734375
G1 X3.69140625 Y3.515625
G1 X3.779296875 Y3.515625
G1 X3.69140625 Y3.427734375
G1 X3.603515625 Y3.427734375
G1 X3.515625 Y3.33984375
G1 X3.515625 Y3.251953125
G1 X3.33984375 Y3.251953125
G1 X3.251953125 Y3.1640625
G1 X3.33984375 Y3.076171875
G1 X3.33984375 Y2.98828125
G1 X3.1640625 Y3.1640625
G1 X3.076171875 Y3.076171875
G1 X3.076171875 Y2.98828125
G1 X3.1640625 Y2.900390625
G1 X3.1640625 Y2.8125
G1 X3.251953125 Y2.724609375
G1 X3.427734375 Y2.724609375
G1 X3.515625 Y2.63671875
G1 X3.603515625 Y2.63671875
G1 X3.69140625 Y2.724609375
G1 X3.69140625 Y2.8125
G1 X3.603515625 Y2.900390625
G1 X3.515625 Y2.900390625
G1 X3.515625 Y2.98828125
G1 X3.955078125 Y2.548828125
G1 X3.955078125 Y2.4609375
G1 X3.8671875 Y2.4609375
G1 X3.779296875 Y2.373046875
G1 X3.779296875 Y2.28515625
G1 X3.69140625 Y2.197265625
G1 X3.779296875 Y2.109375
G1 X3.8671875 Y2.109375
G1 X4.39453125 Y2.63671875
G1 X4.39453125 Y2.724609375
G1 X4.306640625 Y2.8125
G1 X4.21875 Y2.724609375
G1 X4.04296875 Y2.724609375
G1 X4.130859375 Y2.724609375
G1 X4.21875 Y2.8125
G1 X4.21875 Y2.900390625
G1 X4.306640625 Y2.900390625
G1 X4.306640625 Y2.8125
G1 X4.39453125 Y2.724609375
G1 X4.482421875 Y2.724609375
G1 X4.5703125 Y2.8125
G1 X4.658203125 Y2.8125
G1 X4.5703125 Y2.724609375
G1 X4.482421875 Y2.724609375
G1 X4.39453125 Y2.63671875
G1 X4.39453125 Y2.548828125
G1 X4.306640625 Y2.548828125
G1 X4.21875 Y2.4609375
G1 X4.21875 Y2.373046875
G1 X4.130859375 Y2.373046875
G1 X4.04296875 Y2.28515625
G1 X4.21875 Y2.109375
G1 X4.21875 Y2.021484375
G1 X4.21875 Y2.109375
G1 X4.130859375 Y2.197265625
G1 X3.955078125 Y2.197265625
G1 X3.8671875 Y2.109375
G1 X4.306640625 Y1.669921875
G1 X4.306640625 Y1.58203125
G1 X4.130859375 Y1.40625
G1 X4.21875 Y1.318359375
G1 X4.306640625 Y1.318359375
G1 X4.5703125 Y1.58203125
G1 X4.5703125 Y1.669921875
G1 X4.39453125 Y1.845703125
G1 X4.482421875 Y1.845703125
G1 X4.5703125 Y1.93359375
G1 X4.5703125 Y2.021484375
G1 X4.658203125 Y2.021484375
G1 X4.74609375 Y2.109375
G1 X4.74609375 Y2.197265625
G1 X4.5703125 Y2.373046875
G1 X4.482421875 Y2.373046875
G1 X4.5703125 Y2.4609375
G1 X4.658203125 Y2.373046875
G1 X4.658203125 Y2.28515625
G1 X4.74609375 Y2.197265625
G1 X4.833984375 Y2.197265625
G1 X4.921875 Y2.28515625
G1 X4.921875 Y2.373046875
G1 X4.74609375 Y2.548828125
G1 X4.74609375 Y2.63671875
G1 X4.833984375 Y2.724609375
G1 X4.921875 Y2.724609375
G1 X5.09765625 Y2.548828125
G1 X5.185546875 Y2.548828125
G1 X5.2734375 Y2.63671875
G1 X5.2734375 Y2.724609375
G1 X5.2734375 Y2.63671875
G1 X5.44921875 Y2.4609375
G1 X5.537109375 Y2.4609375
G1 X5.625 Y2.548828125
G1 X5.625 Y2.63671875
G1 X5.888671875 Y2.373046875
G1 X5.9765625 Y2.4609375
G1 X5.9765625 Y2.548828125
G1 X6.15234375 Y2.548828125
G1 X6.240234375 Y2.63671875
G1 X6.15234375 Y2.724609375
G1 X6.240234375 Y2.724609375
G1 X6.328125 Y2.8125
G1 X6.328125 Y2.900390625
G1 X6.416015625 Y2.900390625
G1 X6.416015625 Y2.8125
G1 X6.50390625 Y2.724609375
G1 X6.591796875 Y2.724609375
G1 X6.6796875 Y2.8125
G1 X6.767578125 Y2.8125
G1 X6.6796875 Y2.8125
G1 X6.591796875 Y2.724609375
G1 X6.591796875 Y2.63671875
G1 X6.50390625 Y2.548828125
G1 X6.416015625 Y2.548828125
G1 X6.328125 Y2.4609375
G1 X6.328125 Y2.373046875
G1 X5.80078125 Y1.845703125
G1 X5.888671875 Y1.7578125
G1 X5.9765625 Y1.7578125
G1 X6.064453125 Y1.669921875
G1 X6.15234375 Y1.669921875
G1 X6.240234375 Y1.7578125
G1 X6.15234375 Y1.845703125
G1 X6.15234375 Y1.93359375
G1 X6.240234375 Y2.021484375
G1 X6.416015625 Y2.021484375
G1 X6.240234375 Y2.021484375
G1 X6.15234375 Y1.93359375
G1 X6.240234375 Y1.845703125
G1 X6.240234375 Y1.7578125
G1 X6.328125 Y1.669921875
G1 X6.50390625 Y1.669921875
G1 X6.591796875 Y1.58203125
G1 X6.6796875 Y1.58203125
G1 X6.85546875 Y1.7578125
G1 X6.85546875 Y1.669921875
G1 X6.943359375 Y1.58203125
G1 X7.03125 Y1.58203125
G1 X7.119140625 Y1.669921875
G1 X7.119140625 Y1.7578125
G1 X7.03125 Y1.845703125
G1 X7.03125 Y2.021484375
G1 X7.119140625 Y2.021484375
G1 X7.03125 Y1.93359375
G1 X7.03125 Y1.845703125
G1 X7.119140625 Y1.7578125
G1 X7.20703125 Y1.7578125
G1 X7.20703125 Y1.669921875
G1 X7.3828125 Y1.494140625
G1 X7.55859375 Y1.494140625
G1 X7.470703125 Y1.40625
G1 X7.3828125 Y1.40625
G1 X7.20703125 Y1.23046875
G1 X7.3828125 Y1.0546875
G1 X7.55859375 Y1.23046875
G1 X7.55859375 Y1.142578125
G1 X7.646484375 Y1.0546875
G1 X7.734375 Y1.0546875
G1 X7.646484375 Y1.0546875
G1 X7.55859375 Y1.142578125
G1 X7.470703125 Y1.0546875
G1 X7.470703125 Y0.966796875
G1 X7.3828125 Y0.966796875
G1 X7.3828125 Y1.0546875
G1 X7.294921875 Y1.142578125
G1 X7.119140625 Y1.142578125
G1 X7.03125 Y1.0546875
G1 X7.03125 Y0.966796875
G1 X7.119140625 Y0.87890625
G1 X7.20703125 Y0.87890625
G1 X7.20703125 Y0.791015625
G1 X7.03125 Y0.966796875
G1 X6.943359375 Y0.966796875
G1 X6.85546875 Y0.87890625
G1 X6.85546875 Y0.791015625
G1 X6.943359375 Y0.703125
G1 X7.03125 Y0.703125
G1 X7.03125 Y0.615234375
G1 X6.943359375 Y0.615234375
G1 X6.85546875 Y0.52734375
G1 X6.85546875 Y0.439453125
G1 X6.943359375 Y0.3515625
G1 X7.03125 Y0.439453125
G1 X7.119140625 Y0.439453125
G1 X7.20703125 Y0.52734375
G1 X7.20703125 Y0.615234375
G1 X7.294921875 Y0.52734375
G1 X7.294921875 Y0.439453125
G1 X7.20703125 Y0.3515625
G1 X7.294921875 Y0.263671875
G1 X7.119140625 Y0.087890625
G1 X7.119140625 Y0.0
G1 X7.119140625 Y0.087890625
G1 X7.20703125 Y0.17578125
G1 X7.20703125 Y0.263671875
G1 X7.03125 Y0.439453125
G1 X6.943359375 Y0.3515625
G1 X6.943359375 Y0.087890625
G1 X6.85546875 Y0.0
G1 X6.85546875 Y0.087890625
G1 X6.943359375 Y0.17578125
G1 X6.943359375 Y0.3515625
G1 X6.85546875 Y0.439453125
G1 X6.767578125 Y0.439453125
G1 X6.6796875 Y0.3515625
G1 X6.767578125 Y0.263671875
G1 X6.591796875 Y0.087890625
G1 X6.6796875 Y0.0
G1 X6.591796875 Y0.0
G1 X6.50390625 Y0.087890625
G1 X6.416015625 Y0.0
G1 X6.328125 Y0.0
G1 X6.416015625 Y0.087890625
G1 X6.416015625 Y0.17578125
G1 X6.328125 Y0.263671875
G1 X6.15234375 Y0.087890625
G1 X6.15234375 Y0.0
G1 X6.064453125 Y0.0
G1 X6.064453125 Y0.087890625
G1 X5.9765625 Y0.17578125
G1 X5.888671875 Y0.087890625
G1 X5.888671875 Y0.0
G1 X5.80078125 Y0.0
G1 X5.712890625 Y0.087890625
G1 X5.625 Y0.0
G1 X5.537109375 Y0.0
G1 X5.537109375 Y0.087890625
G1 X5.44921875 Y0.17578125
G1 X5.361328125 Y0.087890625
G1 X5.2734375 Y0.087890625
G1 X5.185546875 Y0.0
G1 X5.2734375 Y0.087890625
G1 X5.361328125 Y0.087890625
G1 X5.44921875 Y0.17578125
G1 X5.44921875 Y0.263671875
G1 X5.361328125 Y0.3515625
G1 X5.537109375 Y0.3515625
G1 X5.625 Y0.439453125
G1 X5.625 Y0.52734375
G1 X5.537109375 Y0.615234375
G1 X5.44921875 Y0.615234375
G1 X5.712890625 Y0.87890625
G1 X5.625 Y0.966796875
G1 X5.625 Y1.0546875
G1 X5.537109375 Y1.142578125
G1 X5.44921875 Y1.142578125
G1 X5.361328125 Y1.0546875
G1 X5.44921875 Y0.966796875
G1 X5.44921875 Y0.87890625
G1 X5.361328125 Y0.791015625
G1 X5.2734375 Y0.791015625
G1 X5.185546875 Y0.703125
G1 X5.2734375 Y0.615234375
G1 X5.2734375 Y0.52734375
G1 X5.09765625 Y0.3515625
G1 X5.185546875 Y0.263671875
G1 X5.009765625 Y0.087890625
G1 X5.009765625 Y0.0
G1 X4.921875 Y0.087890625
G1 X4.833984375 Y0.087890625
G1 X4.74609375 Y0.0
G1 X4.74609375 Y0.087890625
G1 X4.833984375 Y0.17578125
G1 X4.921875 Y0.17578125
G1 X5.009765625 Y0.087890625
G1 X5.09765625 Y0.17578125
G1 X5.09765625 Y0.3515625
G1 X5.009765625 Y0.439453125
G1 X4.921875 Y0.3515625
G1 X4.74609375 Y0.3515625
G1 X4.482421875 Y0.087890625
G1 X4.482421875 Y0.0
G1 X4.21875 Y0.0
G1 X4.306640625 Y0.087890625
G1 X4.306640625 Y0.17578125
G1 X4.21875 Y0.263671875
G1 X4.130859375 Y0.263671875
G1 X4.04296875 Y0.17578125
G1 X4.04296875 Y0.087890625
G1 X3.955078125 Y0.0
G1 X3.8671875 Y0.0
G1 X3.8671875 Y0.087890625
G1 X3.779296875 Y0.17578125
G1 X3.69140625 Y0.17578125
G1 X3.69140625 Y0.263671875
G1 X3.603515625 Y0.3515625
G1 X3.427734375 Y0.3515625
G1 X3.33984375 Y0.263671875
G1 X3.427734375 Y0.17578125
G1 X3.515625 Y0.17578125
G1 X3.515625 Y0.087890625
G1 X3.603515625 Y0.0
G1 X3.515625 Y0.087890625
G1 X3.427734375 Y0.0
G1 X3.33984375 Y0.0
G1 X3.33984375 Y0.087890625
G1 X3.427734375 Y0.17578125
G1 X3.33984375 Y0.263671875
G1 X3.251953125 Y0.263671875
G1 X3.1640625 Y0.17578125
G1 X3.1640625 Y0.087890625
G1 X3.076171875 Y0.0
G1 X2.900390625 Y0.0
G1 X2.900390625 Y0.087890625
G1 X2.8125 Y0.17578125
G1 X2.724609375 Y0.087890625
G1 X2.724609375 Y0.0
G1 X2.373046875 Y0.0
G1 X2.28515625 Y0.087890625
G1 X2.197265625 Y0.087890625
G1 X2.109375 Y0.0
G1 X2.197265625 Y0.087890625
G1 X2.197265625 Y0.17578125
G1 X2.109375 Y0.263671875
G1 X2.021484375 Y0.263671875
G1 X1.93359375 Y0.17578125
G1 X1.93359375 Y0.087890625
G1 X1.7578125 Y0.087890625
G0 X1.23046875 Y0.0
G1 X1.23046875 Y0.0
G1 X1.318359375 Y0.087890625
G1 X1.318359375 Y0.17578125
G1 X1.40625 Y0.087890625
G1 X1.318359375 Y0.087890625
