G21
G90
G92 E0
M82
M302 S0
G1 F1200
G1 Z1.7
G0 X37.96875 Y62.9296875 Z2
G1 E1 F1800
G0 X38.232421875 Y62.841796875 Z2 F3000
G1 X38.3203125 Y62.841796875 Z2 E-0.0087890625 F1200
G1 E0.9912109375 F1800
G0 X38.49609375 Y62.75390625 Z2 F3000
G1 X38.671875 Y62.75390625 Z2 E-0.0263671875 F1200
G1 E0.9736328125 F1800
G0 X36.9140625 Y58.974609375 Z2 F3000
G1 X36.826171875 Y59.0625 Z2 E-0.038796798888044784 F1200
G1 X36.9140625 Y59.0625 Z2 E-0.047585861388044784 F1200
G1 X37.001953125 Y58.974609375 Z2 E-0.06001547277608957 F1200
G1 X37.08984375 Y58.974609375 Z2 E-0.06880453527608957 F1200
G1 E0.9311954647239105 F1800
G0 X37.265625 Y58.88671875 Z2 F3000
G1 E0.9311954647239105 F1800
G0 X37.880859375 Y58.623046875 Z2 F3000
G1 X37.79296875 Y58.7109375 Z2 E-0.08123414666413432 F1200
G1 X37.6171875 Y58.7109375 Z2 E-0.09881227166413432 F1200
G1 X37.529296875 Y58.798828125 Z2 E-0.11124188305217911 F1200
G1 X37.44140625 Y58.798828125 Z2 E-0.12003094555217911 F1200
G1 X37.529296875 Y58.798828125 Z2 E-0.1288200080521791 F1200
G1 X37.6171875 Y58.7109375 Z2 E-0.14124961944022388 F1200
G1 X37.79296875 Y58.7109375 Z2 E-0.15882774444022388 F1200
G1 X37.880859375 Y58.623046875 Z2 E-0.17125735582826865 F1200
G1 X37.96875 Y58.623046875 Z2 E-0.18004641832826865 F1200
G1 E0.8199535816717314 F1800
G0 X49.39453125 Y45.52734375 Z2 F3000
G1 X49.39453125 Y45.615234375 Z2 E-0.18883548082826862 F1200
G1 X49.21875 Y45.791015625 Z2 E-0.2136947036043582 F1200
G1 X49.21875 Y45.87890625 Z2 E-0.2224837661043582 F1200
G1 X49.130859375 Y45.966796875 Z2 E-0.23491337749240296 F1200
G1 X49.130859375 Y46.142578125 Z2 E-0.25249150249240293 F1200
G1 X49.04296875 Y46.23046875 Z2 E-0.2649211138804477 F1200
G1 X49.04296875 Y46.318359375 Z2 E-0.2737101763804477 F1200
G1 X48.8671875 Y46.494140625 Z2 E-0.29856939915653724 F1200
G1 X48.8671875 Y46.58203125 Z2 E-0.30735846165653724 F1200
G1 X48.779296875 Y46.669921875 Z2 E-0.319788073044582 F1200
G1 X48.779296875 Y46.7578125 Z2 E-0.328577135544582 F1200
G1 X48.603515625 Y46.93359375 Z2 E-0.35343635832067155 F1200
G1 X48.603515625 Y47.021484375 Z2 E-0.36222542082067155 F1200
G1 X48.515625 Y47.109375 Z2 E-0.3746550322087163 F1200
G1 X48.515625 Y47.197265625 Z2 E-0.3834440947087163 F1200
G1 X48.427734375 Y47.28515625 Z2 E-0.3958737060967611 F1200
G1 X48.427734375 Y47.373046875 Z2 E-0.4046627685967611 F1200
G1 X48.251953125 Y47.548828125 Z2 E-0.42952199137285063 F1200
G1 X48.251953125 Y47.63671875 Z2 E-0.43831105387285063 F1200
G1 X48.076171875 Y47.8125 Z2 E-0.46317027664894017 F1200
G1 X48.076171875 Y47.900390625 Z2 E-0.47195933914894017 F1200
G1 X47.724609375 Y48.251953125 Z2 E-0.5216777847011193 F1200
G1 X47.724609375 Y48.33984375 Z2 E-0.5304668472011193 F1200
G1 X47.373046875 Y48.69140625 Z2 E-0.5801852927532983 F1200
G1 X47.373046875 Y48.779296875 Z2 E-0.5889743552532983 F1200
G1 X47.109375 Y49.04296875 Z2 E-0.6262631894174326 F1200
G1 X47.109375 Y49.130859375 Z2 E-0.6350522519174326 F1200
G1 X46.7578125 Y49.482421875 Z2 E-0.6847706974696117 F1200
G1 X46.7578125 Y49.5703125 Z2 E-0.6935597599696117 F1200
G1 X46.494140625 Y49.833984375 Z2 E-0.730848594133746 F1200
G1 X46.494140625 Y49.921875 Z2 E-0.739637656633746 F1200
G1 X46.40625 Y50.009765625 Z2 E-0.7520672680217908 F1200
G1 X46.318359375 Y50.009765625 Z2 E-0.7608563305217908 F1200
G1 X46.318359375 Y50.09765625 Z2 E-0.7696453930217908 F1200
G1 X45.263671875 Y51.15234375 Z2 E-0.9188007296783282 F1200
G1 X45.263671875 Y51.240234375 Z2 E-0.9275897921783282 F1200
G1 X44.384765625 Y52.119140625 Z2 E-1.051885906058776 F1200
G1 X44.296875 Y52.119140625 Z2 E-1.060674968558776 F1200
G1 X43.9453125 Y52.470703125 Z2 E-1.110393414110955 F1200
G1 X43.857421875 Y52.470703125 Z2 E-1.119182476610955 F1200
G1 X42.5390625 Y53.7890625 Z2 E-1.3056266474316267 F1200
G1 X42.451171875 Y53.7890625 Z2 E-1.3144157099316267 F1200
G1 X42.099609375 Y54.140625 Z2 E-1.3641341554838058 F1200
G1 X42.01171875 Y54.140625 Z2 E-1.3729232179838058 F1200
G1 X41.748046875 Y54.404296875 Z2 E-1.4102120521479402 F1200
G1 X41.66015625 Y54.404296875 Z2 E-1.4190011146479402 F1200
G1 X41.484375 Y54.580078125 Z2 E-1.4438603374240297 F1200
G1 X41.396484375 Y54.580078125 Z2 E-1.4526493999240297 F1200
G1 X41.30859375 Y54.66796875 Z2 E-1.4650790113120746 F1200
G1 X41.220703125 Y54.66796875 Z2 E-1.4738680738120746 F1200
G1 X40.869140625 Y55.01953125 Z2 E-1.5235865193642537 F1200
G1 X40.78125 Y55.01953125 Z2 E-1.5323755818642537 F1200
G1 X40.517578125 Y55.283203125 Z2 E-1.5696644160283881 F1200
G1 X40.4296875 Y55.283203125 Z2 E-1.5784534785283881 F1200
G1 X40.078125 Y55.634765625 Z2 E-1.6281719240805672 F1200
G1 X39.990234375 Y55.634765625 Z2 E-1.6369609865805672 F1200
G1 X39.814453125 Y55.810546875 Z2 E-1.6618202093566568 F1200
G1 X39.7265625 Y55.810546875 Z2 E-1.6706092718566568 F1200
G1 X39.638671875 Y55.8984375 Z2 E-1.6830388832447016 F1200
G1 X39.55078125 Y55.8984375 Z2 E-1.6918279457447016 F1200
G1 X39.287109375 Y56.162109375 Z2 E-1.729116779908836 F1200
G1 X39.19921875 Y56.162109375 Z2 E-1.737905842408836 F1200
G1 X38.935546875 Y56.42578125 Z2 E-1.7751946765729705 F1200
G1 X38.84765625 Y56.42578125 Z2 E-1.7839837390729705 F1200
G1 X38.671875 Y56.6015625 Z2 E-1.80884296184906 F1200
G1 X38.583984375 Y56.6015625 Z2 E-1.81763202434906 F1200
G1 X38.3203125 Y56.865234375 Z2 E-1.8549208585131944 F1200
G1 X38.232421875 Y56.865234375 Z2 E-1.8637099210131944 F1200
G1 X38.056640625 Y57.041015625 Z2 E-1.888569143789284 F1200
G1 X37.96875 Y57.041015625 Z2 E-1.897358206289284 F1200
G1 X37.79296875 Y57.216796875 Z2 E-1.9222174290653735 F1200
G1 X37.705078125 Y57.216796875 Z2 E-1.9310064915653735 F1200
G1 X37.529296875 Y57.392578125 Z2 E-1.955865714341463 F1200
G1 X37.44140625 Y57.392578125 Z2 E-1.964654776841463 F1200
G1 X37.353515625 Y57.48046875 Z2 E-1.977084388229508 F1200
G1 X37.265625 Y57.48046875 Z2 E-1.985873450729508 F1200
G1 X37.08984375 Y57.65625 Z2 E-2.0107326735055975 F1200
G1 X37.001953125 Y57.65625 Z2 E-2.0195217360055975 F1200
G1 X36.826171875 Y57.83203125 Z2 E-2.0443809587816872 F1200
G1 X36.73828125 Y57.83203125 Z2 E-2.0531700212816872 F1200
G1 X36.650390625 Y57.919921875 Z2 E-2.065599632669732 F1200
G1 X36.5625 Y57.919921875 Z2 E-2.074388695169732 F1200
G1 X36.474609375 Y58.0078125 Z2 E-2.0868183065577766 F1200
G1 X36.38671875 Y58.0078125 Z2 E-2.0956073690577766 F1200
G1 X36.298828125 Y58.095703125 Z2 E-2.108036980445821 F1200
G1 X36.2109375 Y58.095703125 Z2 E-2.116826042945821 F1200
G1 X36.03515625 Y58.271484375 Z2 E-2.141685265721911 F1200
G1 X35.947265625 Y58.271484375 Z2 E-2.150474328221911 F1200
G1 X35.859375 Y58.359375 Z2 E-2.1629039396099556 F1200
G1 X35.771484375 Y58.359375 Z2 E-2.1716930021099556 F1200
G1 X35.68359375 Y58.447265625 Z2 E-2.1841226134980003 F1200
G1 X35.595703125 Y58.447265625 Z2 E-2.1929116759980003 F1200
G1 X35.419921875 Y58.623046875 Z2 E-2.21777089877409 F1200
G1 X35.33203125 Y58.623046875 Z2 E-2.22655996127409 F1200
G1 X35.068359375 Y58.88671875 Z2 E-2.2638487954382245 F1200
G1 X34.98046875 Y58.88671875 Z2 E-2.2726378579382245 F1200
G1 X34.892578125 Y58.974609375 Z2 E-2.285067469326269 F1200
G1 X34.8046875 Y58.974609375 Z2 E-2.293856531826269 F1200
G1 X34.62890625 Y59.150390625 Z2 E-2.318715754602359 F1200
G1 X34.541015625 Y59.150390625 Z2 E-2.327504817102359 F1200
G1 X34.453125 Y59.23828125 Z2 E-2.3399344284904036 F1200
G1 X34.365234375 Y59.23828125 Z2 E-2.3487234909904036 F1200
G1 X34.27734375 Y59.326171875 Z2 E-2.361153102378448 F1200
G1 X34.189453125 Y59.326171875 Z2 E-2.369942164878448 F1200
G1 X34.1015625 Y59.4140625 Z2 E-2.382371776266493 F1200
G1 X34.013671875 Y59.4140625 Z2 E-2.391160838766493 F1200
G1 X33.92578125 Y59.501953125 Z2 E-2.4035904501545375 F1200
G1 X33.837890625 Y59.501953125 Z2 E-2.4123795126545375 F1200
G1 X33.662109375 Y59.677734375 Z2 E-2.4372387354306273 F1200
G1 X33.486328125 Y59.677734375 Z2 E-2.4548168604306273 F1200
G1 X33.310546875 Y59.853515625 Z2 E-2.479676083206717 F1200
G1 X33.22265625 Y59.853515625 Z2 E-2.488465145706717 F1200
G1 X33.134765625 Y59.94140625 Z2 E-2.5008947570947617 F1200
G1 X33.046875 Y59.94140625 Z2 E-2.5096838195947617 F1200
G1 X32.87109375 Y60.1171875 Z2 E-2.5345430423708515 F1200
G1 X32.783203125 Y60.1171875 Z2 E-2.5433321048708515 F1200
G1 X32.6953125 Y60.205078125 Z2 E-2.555761716258896 F1200
G1 X32.607421875 Y60.205078125 Z2 E-2.564550778758896 F1200
G1 X32.51953125 Y60.29296875 Z2 E-2.576980390146941 F1200
G1 X32.431640625 Y60.29296875 Z2 E-2.585769452646941 F1200
G1 X32.34375 Y60.380859375 Z2 E-2.5981990640349855 F1200
G1 X32.255859375 Y60.380859375 Z2 E-2.6069881265349855 F1200
G1 X32.16796875 Y60.46875 Z2 E-2.61941773792303 F1200
G1 X32.080078125 Y60.46875 Z2 E-2.62820680042303 F1200
G1 X31.9921875 Y60.556640625 Z2 E-2.640636411811075 F1200
G1 X31.904296875 Y60.556640625 Z2 E-2.649425474311075 F1200
G1 X31.728515625 Y60.732421875 Z2 E-2.6742846970871645 F1200
G1 X31.640625 Y60.732421875 Z2 E-2.6830737595871645 F1200
G1 X31.552734375 Y60.8203125 Z2 E-2.695503370975209 F1200
G1 X31.376953125 Y60.8203125 Z2 E-2.713081495975209 F1200
G1 X31.2890625 Y60.908203125 Z2 E-2.725511107363254 F1200
G1 X31.201171875 Y60.908203125 Z2 E-2.734300169863254 F1200
G1 X31.11328125 Y60.99609375 Z2 E-2.7467297812512985 F1200
G1 X31.025390625 Y60.99609375 Z2 E-2.7555188437512985 F1200
G1 X30.9375 Y61.083984375 Z2 E-2.767948455139343 F1200
G1 X30.849609375 Y61.083984375 Z2 E-2.776737517639343 F1200
G1 X30.673828125 Y61.259765625 Z2 E-2.801596740415433 F1200
G1 X30.5859375 Y61.259765625 Z2 E-2.810385802915433 F1200
G1 X30.498046875 Y61.34765625 Z2 E-2.8228154143034776 F1200
G1 X30.41015625 Y61.34765625 Z2 E-2.8316044768034776 F1200
G1 X30.322265625 Y61.435546875 Z2 E-2.8440340881915223 F1200
G1 X30.234375 Y61.435546875 Z2 E-2.8528231506915223 F1200
G1 X30.146484375 Y61.5234375 Z2 E-2.865252762079567 F1200
G1 X30.05859375 Y61.5234375 Z2 E-2.874041824579567 F1200
G1 X29.970703125 Y61.611328125 Z2 E-2.8864714359676116 F1200
G1 X29.8828125 Y61.611328125 Z2 E-2.8952604984676116 F1200
G1 X29.794921875 Y61.69921875 Z2 E-2.9076901098556562 F1200
G1 X29.70703125 Y61.69921875 Z2 E-2.9164791723556562 F1200
G1 X29.619140625 Y61.787109375 Z2 E-2.928908783743701 F1200
G1 X29.53125 Y61.787109375 Z2 E-2.937697846243701 F1200
G1 X29.443359375 Y61.875 Z2 E-2.9501274576317456 F1200
G1 X29.35546875 Y61.875 Z2 E-2.9589165201317456 F1200
G1 X29.267578125 Y61.962890625 Z2 E-2.97134613151979 F1200
G1 X29.1796875 Y61.962890625 Z2 E-2.98013519401979 F1200
G1 X29.091796875 Y62.05078125 Z2 E-2.992564805407835 F1200
G1 X29.00390625 Y62.05078125 Z2 E-3.001353867907835 F1200
G1 X28.828125 Y62.2265625 Z2 E-3.0262130906839246 F1200
G1 X28.740234375 Y62.2265625 Z2 E-3.0350021531839246 F1200
G1 X28.564453125 Y62.40234375 Z2 E-3.0598613759600144 F1200
G1 X28.4765625 Y62.40234375 Z2 E-3.0686504384600144 F1200
G1 X28.388671875 Y62.490234375 Z2 E-3.081080049848059 F1200
G1 X28.212890625 Y62.490234375 Z2 E-3.098658174848059 F1200
G1 X28.037109375 Y62.666015625 Z2 E-3.123517397624149 F1200
G1 X27.94921875 Y62.666015625 Z2 E-3.132306460124149 F1200
G1 X27.861328125 Y62.75390625 Z2 E-3.1447360715121935 F1200
G1 X27.7734375 Y62.75390625 Z2 E-3.1535251340121935 F1200
G1 X27.59765625 Y62.9296875 Z2 E-3.1783843567882832 F1200
G1 X27.509765625 Y62.841796875 Z2 E-3.190813968176328 F1200
G1 X27.509765625 Y62.9296875 Z2 E-3.199603030676328 F1200
G1 X27.421875 Y63.017578125 Z2 E-3.2120326420643726 F1200
G1 X27.333984375 Y63.017578125 Z2 E-3.2208217045643726 F1200
G1 X27.0703125 Y63.28125 Z2 E-3.258110538728507 F1200
G1 X26.982421875 Y63.28125 Z2 E-3.266899601228507 F1200
G1 X26.89453125 Y63.369140625 Z2 E-3.2793292126165516 F1200
G1 X26.71875 Y63.369140625 Z2 E-3.2969073376165516 F1200
G1 X26.71875 Y63.45703125 Z2 E-3.3056964001165516 F1200
G1 X26.630859375 Y63.544921875 Z2 E-3.3181260115045963 F1200
G1 X26.54296875 Y63.544921875 Z2 E-3.3269150740045963 F1200
G1 X26.3671875 Y63.720703125 Z2 E-3.351774296780686 F1200
G1 X26.279296875 Y63.720703125 Z2 E-3.360563359280686 F1200
G1 X26.015625 Y63.984375 Z2 E-3.3978521934448205 F1200
G1 X25.927734375 Y63.984375 Z2 E-3.4066412559448205 F1200
G1 X25.83984375 Y64.072265625 Z2 E-3.419070867332865 F1200
G1 X25.751953125 Y64.072265625 Z2 E-3.427859929832865 F1200
G1 X25.576171875 Y64.248046875 Z2 E-3.452719152608955 F1200
G1 X25.48828125 Y64.248046875 Z2 E-3.461508215108955 F1200
G1 X25.3125 Y64.423828125 Z2 E-3.4863674378850447 F1200
G1 X25.224609375 Y64.423828125 Z2 E-3.4951565003850447 F1200
G1 X24.9609375 Y64.6875 Z2 E-3.532445334549179 F1200
G1 X24.873046875 Y64.6875 Z2 E-3.541234397049179 F1200
G1 X24.78515625 Y64.775390625 Z2 E-3.5536640084372237 F1200
G1 X24.697265625 Y64.775390625 Z2 E-3.5624530709372237 F1200
G1 X24.609375 Y64.86328125 Z2 E-3.5748826823252684 F1200
G1 X24.697265625 Y64.775390625 Z2 E-3.587312293713313 F1200
G1 X24.78515625 Y64.775390625 Z2 E-3.596101356213313 F1200
G1 X24.873046875 Y64.6875 Z2 E-3.6085309676013577 F1200
G1 X24.9609375 Y64.6875 Z2 E-3.6173200301013577 F1200
G1 X25.048828125 Y64.599609375 Z2 E-3.6297496414894024 F1200
G1 X25.13671875 Y64.599609375 Z2 E-3.6385387039894024 F1200
G1 X25.3125 Y64.423828125 Z2 E-3.663397926765492 F1200
G1 X25.400390625 Y64.423828125 Z2 E-3.672186989265492 F1200
G1 X25.576171875 Y64.248046875 Z2 E-3.697046212041582 F1200
G1 X25.6640625 Y64.248046875 Z2 E-3.705835274541582 F1200
G1 X25.751953125 Y64.16015625 Z2 E-3.7182648859296266 F1200
G1 X25.83984375 Y64.16015625 Z2 E-3.7270539484296266 F1200
G1 X25.927734375 Y64.072265625 Z2 E-3.739483559817671 F1200
G1 X26.015625 Y64.072265625 Z2 E-3.748272622317671 F1200
G1 X26.103515625 Y63.984375 Z2 E-3.760702233705716 F1200
G1 X26.19140625 Y63.984375 Z2 E-3.769491296205716 F1200
G1 X26.279296875 Y63.896484375 Z2 E-3.7819209075937605 F1200
G1 X26.3671875 Y63.896484375 Z2 E-3.7907099700937605 F1200
G1 X26.455078125 Y63.80859375 Z2 E-3.803139581481805 F1200
G1 X26.54296875 Y63.80859375 Z2 E-3.811928643981805 F1200
G1 X26.71875 Y63.6328125 Z2 E-3.836787866757895 F1200
G1 X26.806640625 Y63.6328125 Z2 E-3.845576929257895 F1200
G1 X26.89453125 Y63.544921875 Z2 E-3.8580065406459396 F1200
G1 X26.982421875 Y63.544921875 Z2 E-3.8667956031459396 F1200
G1 X27.0703125 Y63.45703125 Z2 E-3.8792252145339843 F1200
G1 X27.158203125 Y63.45703125 Z2 E-3.8880142770339843 F1200
G1 X27.24609375 Y63.369140625 Z2 E-3.900443888422029 F1200
G1 X27.421875 Y63.369140625 Z2 E-3.918022013422029 F1200
G1 X27.509765625 Y63.28125 Z2 E-3.9304516248100736 F1200
G1 X27.59765625 Y63.28125 Z2 E-3.9392406873100736 F1200
G1 X27.685546875 Y63.193359375 Z2 E-3.9516702986981183 F1200
G1 X27.7734375 Y63.193359375 Z2 E-3.9604593611981183 F1200
G1 X27.861328125 Y63.10546875 Z2 E-3.972888972586163 F1200
G1 X27.94921875 Y63.10546875 Z2 E-3.981678035086163 F1200
G1 X28.037109375 Y63.017578125 Z2 E-3.9941076464742076 F1200
G1 X28.125 Y63.017578125 Z2 E-4.002896708974207 F1200
G1 X28.212890625 Y62.9296875 Z2 E-4.015326320362252 F1200
G1 X28.30078125 Y62.9296875 Z2 E-4.024115382862252 F1200
G1 X28.388671875 Y62.841796875 Z2 E-4.036544994250297 F1200
G1 X28.4765625 Y62.841796875 Z2 E-4.045334056750297 F1200
G1 X28.564453125 Y62.75390625 Z2 E-4.057763668138342 F1200
G1 X28.65234375 Y62.75390625 Z2 E-4.066552730638342 F1200
G1 X28.740234375 Y62.666015625 Z2 E-4.0789823420263875 F1200
G1 X28.828125 Y62.666015625 Z2 E-4.0877714045263875 F1200
G1 X28.916015625 Y62.578125 Z2 E-4.100201015914433 F1200
G1 X29.00390625 Y62.578125 Z2 E-4.108990078414433 F1200
G1 X29.091796875 Y62.490234375 Z2 E-4.121419689802478 F1200
G1 X29.1796875 Y62.490234375 Z2 E-4.130208752302478 F1200
G1 X29.267578125 Y62.40234375 Z2 E-4.142638363690523 F1200
G1 X29.35546875 Y62.40234375 Z2 E-4.151427426190523 F1200
G1 X29.443359375 Y62.314453125 Z2 E-4.163857037578568 F1200
G1 X29.53125 Y62.314453125 Z2 E-4.172646100078568 F1200
G1 X29.619140625 Y62.2265625 Z2 E-4.185075711466613 F1200
G1 X29.794921875 Y62.2265625 Z2 E-4.202653836466613 F1200
G1 X29.8828125 Y62.138671875 Z2 E-4.215083447854658 F1200
G1 X29.970703125 Y62.138671875 Z2 E-4.223872510354658 F1200
G1 X30.05859375 Y62.05078125 Z2 E-4.236302121742703 F1200
G1 X30.146484375 Y62.05078125 Z2 E-4.245091184242703 F1200
G1 X30.234375 Y61.962890625 Z2 E-4.257520795630748 F1200
G1 X30.322265625 Y61.962890625 Z2 E-4.266309858130748 F1200
G1 X30.41015625 Y61.875 Z2 E-4.2787394695187935 F1200
G1 X30.5859375 Y61.875 Z2 E-4.2963175945187935 F1200
G1 X30.673828125 Y61.787109375 Z2 E-4.308747205906839 F1200
G1 X30.76171875 Y61.787109375 Z2 E-4.317536268406839 F1200
G1 X30.849609375 Y61.69921875 Z2 E-4.329965879794884 F1200
G1 X30.9375 Y61.69921875 Z2 E-4.338754942294884 F1200
G1 X31.025390625 Y61.611328125 Z2 E-4.351184553682929 F1200
G1 X31.11328125 Y61.611328125 Z2 E-4.359973616182929 F1200
G1 X31.201171875 Y61.5234375 Z2 E-4.372403227570974 F1200
G1 X31.2890625 Y61.5234375 Z2 E-4.381192290070974 F1200
G1 X31.376953125 Y61.435546875 Z2 E-4.393621901459019 F1200
G1 X31.46484375 Y61.435546875 Z2 E-4.402410963959019 F1200
G1 X31.552734375 Y61.34765625 Z2 E-4.414840575347064 F1200
G1 X31.640625 Y61.34765625 Z2 E-4.423629637847064 F1200
G1 X31.728515625 Y61.259765625 Z2 E-4.436059249235109 F1200
G1 X31.81640625 Y61.259765625 Z2 E-4.444848311735109 F1200
G1 X31.904296875 Y61.171875 Z2 E-4.457277923123154 F1200
G1 X32.080078125 Y61.171875 Z2 E-4.474856048123154 F1200
G1 X32.16796875 Y61.083984375 Z2 E-4.487285659511199 F1200
G1 X32.255859375 Y61.083984375 Z2 E-4.496074722011199 F1200
G1 X32.34375 Y60.99609375 Z2 E-4.5085043333992445 F1200
G1 X32.431640625 Y60.99609375 Z2 E-4.5172933958992445 F1200
G1 X32.51953125 Y60.908203125 Z2 E-4.52972300728729 F1200
G1 X32.607421875 Y60.908203125 Z2 E-4.53851206978729 F1200
G1 X32.6953125 Y60.8203125 Z2 E-4.550941681175335 F1200
G1 X32.783203125 Y60.8203125 Z2 E-4.559730743675335 F1200
G1 X32.87109375 Y60.732421875 Z2 E-4.57216035506338 F1200
G1 X32.958984375 Y60.732421875 Z2 E-4.58094941756338 F1200
G1 X33.046875 Y60.64453125 Z2 E-4.593379028951425 F1200
G1 X33.134765625 Y60.64453125 Z2 E-4.602168091451425 F1200
G1 X33.22265625 Y60.556640625 Z2 E-4.61459770283947 F1200
G1 X33.310546875 Y60.556640625 Z2 E-4.62338676533947 F1200
G1 X33.3984375 Y60.46875 Z2 E-4.635816376727515 F1200
G1 X33.486328125 Y60.46875 Z2 E-4.644605439227515 F1200
G1 X33.57421875 Y60.380859375 Z2 E-4.65703505061556 F1200
G1 X33.662109375 Y60.380859375 Z2 E-4.66582411311556 F1200
G1 X33.837890625 Y60.205078125 Z2 E-4.6906833358916495 F1200
G1 X33.92578125 Y60.205078125 Z2 E-4.6994723983916495 F1200
G1 X34.013671875 Y60.1171875 Z2 E-4.711902009779695 F1200
G1 X34.1015625 Y60.1171875 Z2 E-4.720691072279695 F1200
G1 X34.189453125 Y60.029296875 Z2 E-4.73312068366774 F1200
G1 X34.27734375 Y60.029296875 Z2 E-4.74190974616774 F1200
G1 X34.365234375 Y59.94140625 Z2 E-4.754339357555785 F1200
G1 X34.453125 Y59.94140625 Z2 E-4.763128420055785 F1200
G1 X34.541015625 Y59.853515625 Z2 E-4.77555803144383 F1200
G1 X34.62890625 Y59.853515625 Z2 E-4.78434709394383 F1200
G1 X34.8046875 Y59.677734375 Z2 E-4.809206316719919 F1200
G1 X34.892578125 Y59.677734375 Z2 E-4.817995379219919 F1200
G1 X34.98046875 Y59.58984375 Z2 E-4.830424990607964 F1200
G1 X35.068359375 Y59.58984375 Z2 E-4.839214053107964 F1200
G1 X35.244140625 Y59.4140625 Z2 E-4.864073275884054 F1200
G1 X35.33203125 Y59.4140625 Z2 E-4.872862338384054 F1200
G1 X35.419921875 Y59.326171875 Z2 E-4.885291949772099 F1200
G1 X35.5078125 Y59.326171875 Z2 E-4.894081012272099 F1200
G1 X35.595703125 Y59.23828125 Z2 E-4.906510623660144 F1200
G1 X35.68359375 Y59.23828125 Z2 E-4.915299686160144 F1200
G1 X35.771484375 Y59.150390625 Z2 E-4.927729297548189 F1200
G1 X35.859375 Y59.150390625 Z2 E-4.936518360048189 F1200
G1 X35.947265625 Y59.0625 Z2 E-4.948947971436234 F1200
G1 X36.03515625 Y59.0625 Z2 E-4.957737033936234 F1200
G1 X36.2109375 Y58.88671875 Z2 E-4.982596256712323 F1200
G1 X36.298828125 Y58.88671875 Z2 E-4.991385319212323 F1200
G1 X36.474609375 Y58.7109375 Z2 E-5.016244541988413 F1200
G1 X36.5625 Y58.7109375 Z2 E-5.025033604488413 F1200
G1 X36.73828125 Y58.53515625 Z2 E-5.049892827264502 F1200
G1 X36.826171875 Y58.53515625 Z2 E-5.058681889764502 F1200
G1 X36.9140625 Y58.447265625 Z2 E-5.071111501152547 F1200
G1 X37.001953125 Y58.447265625 Z2 E-5.079900563652547 F1200
G1 X37.177734375 Y58.271484375 Z2 E-5.1047597864286365 F1200
G1 X37.265625 Y58.271484375 Z2 E-5.1135488489286365 F1200
G1 X37.353515625 Y58.18359375 Z2 E-5.125978460316682 F1200
G1 X37.44140625 Y58.18359375 Z2 E-5.134767522816682 F1200
G1 X37.6171875 Y58.0078125 Z2 E-5.159626745592771 F1200
G1 X37.705078125 Y58.0078125 Z2 E-5.168415808092771 F1200
G1 X37.880859375 Y57.83203125 Z2 E-5.19327503086886 F1200
G1 X37.96875 Y57.83203125 Z2 E-5.20206409336886 F1200
G1 X38.056640625 Y57.744140625 Z2 E-5.214493704756905 F1200
G1 X38.14453125 Y57.744140625 Z2 E-5.223282767256905 F1200
G1 X38.3203125 Y57.568359375 Z2 E-5.248141990032995 F1200
G1 X38.408203125 Y57.568359375 Z2 E-5.256931052532995 F1200
G1 X38.671875 Y57.3046875 Z2 E-5.294219886697129 F1200
G1 X38.759765625 Y57.3046875 Z2 E-5.303008949197129 F1200
G1 X38.935546875 Y57.12890625 Z2 E-5.327868171973218 F1200
G1 X39.0234375 Y57.12890625 Z2 E-5.336657234473218 F1200
G1 X39.19921875 Y56.953125 Z2 E-5.361516457249308 F1200
G1 X39.287109375 Y56.953125 Z2 E-5.370305519749308 F1200
G1 X39.462890625 Y56.77734375 Z2 E-5.395164742525397 F1200
G1 X39.55078125 Y56.77734375 Z2 E-5.403953805025397 F1200
G1 X39.7265625 Y56.6015625 Z2 E-5.428813027801486 F1200
G1 X39.814453125 Y56.6015625 Z2 E-5.437602090301486 F1200
G1 X39.990234375 Y56.42578125 Z2 E-5.462461313077576 F1200
G1 X40.078125 Y56.42578125 Z2 E-5.471250375577576 F1200
G1 X40.166015625 Y56.337890625 Z2 E-5.483679986965621 F1200
G1 X40.25390625 Y56.337890625 Z2 E-5.492469049465621 F1200
G1 X40.517578125 Y56.07421875 Z2 E-5.529757883629755 F1200
G1 X40.60546875 Y56.07421875 Z2 E-5.538546946129755 F1200
G1 X40.78125 Y55.8984375 Z2 E-5.5634061689058445 F1200
G1 X40.869140625 Y55.8984375 Z2 E-5.5721952314058445 F1200
G1 X41.044921875 Y55.72265625 Z2 E-5.597054454181934 F1200
G1 X41.1328125 Y55.72265625 Z2 E-5.605843516681934 F1200
G1 X41.396484375 Y55.458984375 Z2 E-5.643132350846068 F1200
G1 X41.484375 Y55.458984375 Z2 E-5.651921413346068 F1200
G1 X41.748046875 Y55.1953125 Z2 E-5.689210247510203 F1200
G1 X41.8359375 Y55.1953125 Z2 E-5.697999310010203 F1200
G1 X42.01171875 Y55.01953125 Z2 E-5.722858532786292 F1200
G1 X42.099609375 Y55.01953125 Z2 E-5.731647595286292 F1200
G1 X42.36328125 Y54.755859375 Z2 E-5.768936429450426 F1200
G1 X42.451171875 Y54.755859375 Z2 E-5.777725491950426 F1200
G1 X42.890625 Y54.31640625 Z2 E-5.83987354889065 F1200
G1 X42.978515625 Y54.31640625 Z2 E-5.84866261139065 F1200
G1 X43.41796875 Y53.876953125 Z2 E-5.910810668330874 F1200
G1 X43.505859375 Y53.876953125 Z2 E-5.919599730830874 F1200
G1 X44.208984375 Y53.173828125 Z2 E-6.019036621935232 F1200
G1 X44.296875 Y53.173828125 Z2 E-6.027825684435232 F1200
G1 X46.40625 Y51.064453125 Z2 E-6.3261363577483065 F1200
G1 X46.40625 Y50.9765625 Z2 E-6.3349254202483065 F1200
G1 X46.845703125 Y50.537109375 Z2 E-6.39707347718853 F1200
G1 X46.845703125 Y50.44921875 Z2 E-6.40586253968853 F1200
G1 X47.28515625 Y50.009765625 Z2 E-6.468010596628754 F1200
G1 X47.28515625 Y49.921875 Z2 E-6.476799659128754 F1200
G1 X47.548828125 Y49.658203125 Z2 E-6.514088493292888 F1200
G1 X47.548828125 Y49.5703125 Z2 E-6.522877555792888 F1200
G1 X47.63671875 Y49.482421875 Z2 E-6.5353071671809335 F1200
G1 X47.63671875 Y49.39453125 Z2 E-6.5440962296809335 F1200
G1 X47.8125 Y49.21875 Z2 E-6.568955452457023 F1200
G1 X47.8125 Y49.130859375 Z2 E-6.577744514957023 F1200
G1 X47.900390625 Y49.04296875 Z2 E-6.590174126345068 F1200
G1 X47.900390625 Y48.955078125 Z2 E-6.598963188845068 F1200
G1 X47.98828125 Y48.8671875 Z2 E-6.611392800233113 F1200
G1 X47.98828125 Y48.779296875 Z2 E-6.620181862733113 F1200
G1 X48.1640625 Y48.603515625 Z2 E-6.645041085509202 F1200
G1 X48.1640625 Y48.515625 Z2 E-6.653830148009202 F1200
G1 X48.251953125 Y48.427734375 Z2 E-6.6662597593972475 F1200
G1 X48.251953125 Y48.33984375 Z2 E-6.6750488218972475 F1200
G1 X48.33984375 Y48.251953125 Z2 E-6.687478433285293 F1200
G1 X48.33984375 Y48.1640625 Z2 E-6.696267495785293 F1200
G1 X48.427734375 Y48.076171875 Z2 E-6.708697107173338 F1200
G1 X48.427734375 Y47.98828125 Z2 E-6.717486169673338 F1200
G1 X48.515625 Y47.900390625 Z2 E-6.729915781061383 F1200
G1 X48.515625 Y47.724609375 Z2 E-6.747493906061383 F1200
G1 X48.603515625 Y47.63671875 Z2 E-6.759923517449428 F1200
G1 X48.603515625 Y47.548828125 Z2 E-6.768712579949428 F1200
G1 X48.69140625 Y47.4609375 Z2 E-6.781142191337473 F1200
G1 X48.69140625 Y47.28515625 Z2 E-6.798720316337473 F1200
G1 X48.779296875 Y47.197265625 Z2 E-6.811149927725518 F1200
G1 X48.779296875 Y47.109375 Z2 E-6.819938990225518 F1200
G1 X48.8671875 Y47.021484375 Z2 E-6.832368601613563 F1200
G1 X48.8671875 Y46.93359375 Z2 E-6.841157664113563 F1200
G1 X48.955078125 Y46.845703125 Z2 E-6.853587275501608 F1200
G1 X48.955078125 Y46.7578125 Z2 E-6.862376338001608 F1200
G1 X49.04296875 Y46.669921875 Z2 E-6.874805949389653 F1200
G1 X49.04296875 Y46.494140625 Z2 E-6.892384074389653 F1200
G1 X49.130859375 Y46.40625 Z2 E-6.9048136857776985 F1200
G1 X49.130859375 Y46.23046875 Z2 E-6.9223918107776985 F1200
G1 X49.21875 Y46.142578125 Z2 E-6.934821422165744 F1200
G1 X49.21875 Y45.966796875 Z2 E-6.952399547165744 F1200
G1 X49.306640625 Y45.87890625 Z2 E-6.964829158553789 F1200
G1 X49.306640625 Y45.703125 Z2 E-6.982407283553789 F1200
G1 X49.39453125 Y45.615234375 Z2 E-6.994836894941834 F1200
G1 E-5.994836894941834 F1800
G0 X49.482421875 Y45.3515625 Z2 F3000
G1 E-5.994836894941834 F1800
G0 X50.44921875 Y21.533203125 Z2 F3000
G1 X50.712890625 Y21.796875 Z2 E-7.032125729105968 F1200
G1 X50.712890625 Y21.884765625 Z2 E-7.040914791605968 F1200
G1 X50.888671875 Y22.060546875 Z2 E-7.0657740143820575 F1200
G1 X50.888671875 Y22.1484375 Z2 E-7.0745630768820575 F1200
G1 X51.064453125 Y22.32421875 Z2 E-7.099422299658147 F1200
G1 X51.064453125 Y22.412109375 Z2 E-7.108211362158147 F1200
G1 X51.15234375 Y22.5 Z2 E-7.120640973546192 F1200
G1 X51.15234375 Y22.587890625 Z2 E-7.129430036046192 F1200
G1 X51.416015625 Y22.8515625 Z2 E-7.166718870210326 F1200
G1 X51.416015625 Y22.939453125 Z2 E-7.175507932710326 F1200
G1 X51.50390625 Y23.02734375 Z2 E-7.1879375440983715 F1200
G1 X51.50390625 Y23.115234375 Z2 E-7.1967266065983715 F1200
G1 X51.6796875 Y23.291015625 Z2 E-7.221585829374461 F1200
G1 X51.6796875 Y23.37890625 Z2 E-7.230374891874461 F1200
G1 X51.85546875 Y23.5546875 Z2 E-7.25523411465055 F1200
G1 X51.85546875 Y23.642578125 Z2 E-7.26402317715055 F1200
G1 X52.03125 Y23.818359375 Z2 E-7.288882399926639 F1200
G1 X52.03125 Y23.90625 Z2 E-7.297671462426639 F1200
G1 X52.119140625 Y23.994140625 Z2 E-7.3101010738146845 F1200
G1 X52.119140625 Y24.08203125 Z2 E-7.3188901363146845 F1200
G1 X52.294921875 Y24.2578125 Z2 E-7.343749359090774 F1200
G1 X52.294921875 Y24.345703125 Z2 E-7.352538421590774 F1200
G1 X52.3828125 Y24.43359375 Z2 E-7.364968032978819 F1200
G1 X52.3828125 Y24.521484375 Z2 E-7.373757095478819 F1200
G1 X52.470703125 Y24.609375 Z2 E-7.386186706866864 F1200
G1 X52.470703125 Y24.697265625 Z2 E-7.394975769366864 F1200
G1 X52.55859375 Y24.78515625 Z2 E-7.407405380754909 F1200
G1 X52.55859375 Y24.873046875 Z2 E-7.416194443254909 F1200
G1 X52.646484375 Y24.9609375 Z2 E-7.428624054642954 F1200
G1 X52.646484375 Y25.048828125 Z2 E-7.437413117142954 F1200
G1 X52.734375 Y25.13671875 Z2 E-7.449842728530999 F1200
G1 X52.734375 Y25.224609375 Z2 E-7.458631791030999 F1200
G1 X52.822265625 Y25.3125 Z2 E-7.4710614024190445 F1200
G1 X52.822265625 Y25.400390625 Z2 E-7.4798504649190445 F1200
G1 X52.91015625 Y25.48828125 Z2 E-7.49228007630709 F1200
G1 X52.91015625 Y25.6640625 Z2 E-7.50985820130709 F1200
G1 X52.998046875 Y25.751953125 Z2 E-7.522287812695135 F1200
G1 X52.998046875 Y25.83984375 Z2 E-7.531076875195135 F1200
G1 X53.0859375 Y25.927734375 Z2 E-7.54350648658318 F1200
G1 X53.0859375 Y26.015625 Z2 E-7.55229554908318 F1200
G1 X53.173828125 Y26.103515625 Z2 E-7.564725160471225 F1200
G1 X53.173828125 Y26.279296875 Z2 E-7.582303285471225 F1200
G1 X53.26171875 Y26.3671875 Z2 E-7.59473289685927 F1200
G1 X53.26171875 Y26.54296875 Z2 E-7.61231102185927 F1200
G1 X53.349609375 Y26.630859375 Z2 E-7.624740633247315 F1200
G1 X53.349609375 Y26.71875 Z2 E-7.633529695747315 F1200
G1 X53.4375 Y26.806640625 Z2 E-7.64595930713536 F1200
G1 X53.4375 Y26.89453125 Z2 E-7.65474836963536 F1200
G1 X53.525390625 Y26.982421875 Z2 E-7.667177981023405 F1200
G1 X53.525390625 Y27.158203125 Z2 E-7.684756106023405 F1200
G1 X53.61328125 Y27.24609375 Z2 E-7.69718571741145 F1200
G1 X53.61328125 Y27.421875 Z2 E-7.71476384241145 F1200
G1 X53.701171875 Y27.509765625 Z2 E-7.7271934537994955 F1200
G1 X53.701171875 Y27.685546875 Z2 E-7.7447715787994955 F1200
G1 X53.7890625 Y27.7734375 Z2 E-7.757201190187541 F1200
G1 X53.7890625 Y28.037109375 Z2 E-7.783568377687541 F1200
G1 X53.876953125 Y28.125 Z2 E-7.795997989075586 F1200
G1 X53.876953125 Y28.388671875 Z2 E-7.822365176575586 F1200
G1 X53.96484375 Y28.4765625 Z2 E-7.834794787963631 F1200
G1 X53.96484375 Y28.740234375 Z2 E-7.861161975463631 F1200
G1 X54.052734375 Y28.828125 Z2 E-7.873591586851676 F1200
G1 X54.052734375 Y29.1796875 Z2 E-7.908747836851676 F1200
G1 X54.140625 Y29.267578125 Z2 E-7.921177448239721 F1200
G1 X54.140625 Y29.619140625 Z2 E-7.956333698239721 F1200
G1 X54.228515625 Y29.70703125 Z2 E-7.968763309627766 F1200
G1 X54.228515625 Y30.146484375 Z2 E-8.012708622127766 F1200
G1 X54.31640625 Y30.234375 Z2 E-8.025138233515811 F1200
G1 X54.31640625 Y31.376953125 Z2 E-8.139396046015811 F1200
G1 X54.404296875 Y31.46484375 Z2 E-8.151825657403856 F1200
G1 X54.404296875 Y32.51953125 Z2 E-8.257294407403856 F1200
G1 X54.31640625 Y32.607421875 Z2 E-8.269724018791901 F1200
G1 X54.31640625 Y33.662109375 Z2 E-8.375192768791901 F1200
G1 X54.228515625 Y33.75 Z2 E-8.387622380179947 F1200
G1 X54.228515625 Y34.189453125 Z2 E-8.431567692679947 F1200
G1 X54.140625 Y34.27734375 Z2 E-8.443997304067992 F1200
G1 X54.140625 Y34.716796875 Z2 E-8.487942616567992 F1200
G1 X54.052734375 Y34.8046875 Z2 E-8.500372227956037 F1200
G1 X54.052734375 Y35.244140625 Z2 E-8.544317540456037 F1200
G1 X53.96484375 Y35.33203125 Z2 E-8.556747151844082 F1200
G1 X53.96484375 Y35.771484375 Z2 E-8.600692464344082 F1200
G1 X53.876953125 Y35.859375 Z2 E-8.613122075732127 F1200
G1 X53.876953125 Y36.03515625 Z2 E-8.630700200732127 F1200
G1 X53.7890625 Y36.123046875 Z2 E-8.643129812120172 F1200
G1 X53.7890625 Y36.474609375 Z2 E-8.678286062120172 F1200
G1 X53.701171875 Y36.5625 Z2 E-8.690715673508217 F1200
G1 X53.701171875 Y36.73828125 Z2 E-8.708293798508217 F1200
G1 X53.61328125 Y36.826171875 Z2 E-8.720723409896262 F1200
G1 X53.61328125 Y37.001953125 Z2 E-8.738301534896262 F1200
G1 X53.525390625 Y37.08984375 Z2 E-8.750731146284307 F1200
G1 X53.525390625 Y37.265625 Z2 E-8.768309271284307 F1200
G1 X53.4375 Y37.353515625 Z2 E-8.780738882672352 F1200
G1 X53.4375 Y37.529296875 Z2 E-8.798317007672352 F1200
G1 X53.349609375 Y37.6171875 Z2 E-8.810746619060398 F1200
G1 X53.349609375 Y37.79296875 Z2 E-8.828324744060398 F1200
G1 X53.26171875 Y37.880859375 Z2 E-8.840754355448443 F1200
G1 X53.26171875 Y38.056640625 Z2 E-8.858332480448443 F1200
G1 X53.173828125 Y38.14453125 Z2 E-8.870762091836488 F1200
G1 X53.173828125 Y38.3203125 Z2 E-8.888340216836488 F1200
G1 X53.0859375 Y38.408203125 Z2 E-8.900769828224533 F1200
G1 X53.0859375 Y38.583984375 Z2 E-8.918347953224533 F1200
G1 X52.998046875 Y38.671875 Z2 E-8.930777564612578 F1200
G1 X52.998046875 Y38.84765625 Z2 E-8.948355689612578 F1200
G1 X52.91015625 Y38.935546875 Z2 E-8.960785301000623 F1200
G1 X52.91015625 Y39.111328125 Z2 E-8.978363426000623 F1200
G1 X52.822265625 Y39.19921875 Z2 E-8.990793037388668 F1200
G1 X52.822265625 Y39.287109375 Z2 E-8.999582099888668 F1200
G1 X52.646484375 Y39.462890625 Z2 E-9.024441322664758 F1200
G1 X52.646484375 Y39.638671875 Z2 E-9.042019447664758 F1200
G1 X52.55859375 Y39.7265625 Z2 E-9.054449059052804 F1200
G1 X52.55859375 Y39.90234375 Z2 E-9.072027184052804 F1200
G1 X52.470703125 Y39.990234375 Z2 E-9.084456795440849 F1200
G1 X52.470703125 Y40.078125 Z2 E-9.093245857940849 F1200
G1 X52.3828125 Y40.166015625 Z2 E-9.105675469328894 F1200
G1 X52.3828125 Y40.341796875 Z2 E-9.123253594328894 F1200
G1 X52.294921875 Y40.4296875 Z2 E-9.135683205716939 F1200
G1 X52.294921875 Y40.517578125 Z2 E-9.144472268216939 F1200
G1 X52.20703125 Y40.60546875 Z2 E-9.156901879604984 F1200
G1 X52.20703125 Y40.78125 Z2 E-9.174480004604984 F1200
G1 X52.119140625 Y40.869140625 Z2 E-9.186909615993029 F1200
G1 X52.119140625 Y40.95703125 Z2 E-9.195698678493029 F1200
G1 X52.03125 Y41.044921875 Z2 E-9.208128289881074 F1200
G1 X52.03125 Y41.1328125 Z2 E-9.216917352381074 F1200
G1 X51.943359375 Y41.220703125 Z2 E-9.22934696376912 F1200
G1 X51.943359375 Y41.30859375 Z2 E-9.23813602626912 F1200
G1 X51.85546875 Y41.396484375 Z2 E-9.250565637657164 F1200
G1 X51.85546875 Y41.484375 Z2 E-9.259354700157164 F1200
G1 X51.767578125 Y41.572265625 Z2 E-9.27178431154521 F1200
G1 X51.767578125 Y41.66015625 Z2 E-9.28057337404521 F1200
G1 X51.6796875 Y41.748046875 Z2 E-9.293002985433255 F1200
G1 X51.6796875 Y41.8359375 Z2 E-9.301792047933255 F1200
G1 X51.591796875 Y41.923828125 Z2 E-9.3142216593213 F1200
G1 X51.591796875 Y42.01171875 Z2 E-9.3230107218213 F1200
G1 X51.50390625 Y42.099609375 Z2 E-9.335440333209345 F1200
G1 X51.50390625 Y42.275390625 Z2 E-9.353018458209345 F1200
G1 X51.240234375 Y42.5390625 Z2 E-9.390307292373478 F1200
G1 X51.240234375 Y42.626953125 Z2 E-9.399096354873478 F1200
G1 X51.15234375 Y42.71484375 Z2 E-9.411525966261523 F1200
G1 X51.15234375 Y42.890625 Z2 E-9.429104091261523 F1200
G1 X51.064453125 Y42.978515625 Z2 E-9.441533702649568 F1200
G1 X51.064453125 Y43.06640625 Z2 E-9.450322765149568 F1200
G1 X50.9765625 Y43.154296875 Z2 E-9.462752376537614 F1200
G1 X50.9765625 Y43.330078125 Z2 E-9.480330501537614 F1200
G1 X50.888671875 Y43.41796875 Z2 E-9.492760112925659 F1200
G1 X50.888671875 Y43.76953125 Z2 E-9.527916362925659 F1200
G1 X50.80078125 Y43.857421875 Z2 E-9.540345974313704 F1200
G1 X50.80078125 Y44.12109375 Z2 E-9.566713161813704 F1200
G1 X50.712890625 Y44.208984375 Z2 E-9.579142773201749 F1200
G1 X50.712890625 Y44.384765625 Z2 E-9.596720898201749 F1200
G1 X50.625 Y44.47265625 Z2 E-9.609150509589794 F1200
G1 X50.625 Y44.6484375 Z2 E-9.626728634589794 F1200
G1 X50.537109375 Y44.736328125 Z2 E-9.639158245977839 F1200
G1 X50.537109375 Y44.912109375 Z2 E-9.656736370977839 F1200
G1 X50.44921875 Y45.0 Z2 E-9.669165982365884 F1200
G1 X50.44921875 Y45.087890625 Z2 E-9.677955044865884 F1200
G1 X50.361328125 Y45.17578125 Z2 E-9.69038465625393 F1200
G1 X50.361328125 Y45.3515625 Z2 E-9.70796278125393 F1200
G1 X50.2734375 Y45.439453125 Z2 E-9.720392392641974 F1200
G1 X50.2734375 Y45.703125 Z2 E-9.746759580141974 F1200
G1 X50.185546875 Y45.791015625 Z2 E-9.75918919153002 F1200
G1 X50.185546875 Y45.966796875 Z2 E-9.77676731653002 F1200
G1 X50.09765625 Y46.0546875 Z2 E-9.789196927918065 F1200
G1 X50.09765625 Y46.142578125 Z2 E-9.797985990418065 F1200
G1 X50.009765625 Y46.23046875 Z2 E-9.81041560180611 F1200
G1 X50.009765625 Y46.40625 Z2 E-9.82799372680611 F1200
G1 X49.921875 Y46.494140625 Z2 E-9.840423338194155 F1200
G1 X49.921875 Y46.669921875 Z2 E-9.858001463194155 F1200
G1 X49.833984375 Y46.7578125 Z2 E-9.8704310745822 F1200
G1 X49.833984375 Y46.845703125 Z2 E-9.8792201370822 F1200
G1 X49.74609375 Y46.93359375 Z2 E-9.891649748470245 F1200
G1 X49.74609375 Y47.109375 Z2 E-9.909227873470245 F1200
G1 X49.658203125 Y47.197265625 Z2 E-9.92165748485829 F1200
G1 X49.658203125 Y47.373046875 Z2 E-9.93923560985829 F1200
G1 X49.5703125 Y47.4609375 Z2 E-9.951665221246335 F1200
G1 X49.5703125 Y47.724609375 Z2 E-9.978032408746335 F1200
G1 X49.482421875 Y47.8125 Z2 E-9.99046202013438 F1200
G1 X49.482421875 Y47.98828125 Z2 E-10.00804014513438 F1200
G1 X49.306640625 Y48.1640625 Z2 E-10.03289936791047 F1200
G1 X49.306640625 Y48.251953125 Z2 E-10.04168843041047 F1200
G1 X49.21875 Y48.33984375 Z2 E-10.054118041798516 F1200
G1 X49.21875 Y48.427734375 Z2 E-10.062907104298516 F1200
G1 X49.04296875 Y48.603515625 Z2 E-10.087766327074606 F1200
G1 X49.04296875 Y48.779296875 Z2 E-10.105344452074606 F1200
G1 X48.955078125 Y48.8671875 Z2 E-10.117774063462651 F1200
G1 X48.955078125 Y49.04296875 Z2 E-10.135352188462651 F1200
G1 X48.8671875 Y49.130859375 Z2 E-10.147781799850696 F1200
G1 X48.8671875 Y49.21875 Z2 E-10.156570862350696 F1200
G1 X48.779296875 Y49.306640625 Z2 E-10.169000473738741 F1200
G1 X48.779296875 Y49.39453125 Z2 E-10.177789536238741 F1200
G1 X48.69140625 Y49.482421875 Z2 E-10.190219147626786 F1200
G1 X48.69140625 Y49.5703125 Z2 E-10.199008210126786 F1200
G1 X48.515625 Y49.74609375 Z2 E-10.223867432902876 F1200
G1 X48.515625 Y49.833984375 Z2 E-10.232656495402876 F1200
G1 X48.33984375 Y50.009765625 Z2 E-10.257515718178967 F1200
G1 X48.33984375 Y50.09765625 Z2 E-10.266304780678967 F1200
G1 X48.251953125 Y50.185546875 Z2 E-10.278734392067012 F1200
G1 X48.251953125 Y50.2734375 Z2 E-10.287523454567012 F1200
G1 X47.900390625 Y50.625 Z2 E-10.33724190011919 F1200
G1 X47.900390625 Y50.712890625 Z2 E-10.34603096261919 F1200
G1 X47.63671875 Y50.9765625 Z2 E-10.383319796783324 F1200
G1 X47.63671875 Y51.064453125 Z2 E-10.392108859283324 F1200
G1 X47.373046875 Y51.328125 Z2 E-10.429397693447457 F1200
G1 X47.373046875 Y51.416015625 Z2 E-10.438186755947457 F1200
G1 X47.021484375 Y51.767578125 Z2 E-10.487905201499636 F1200
G1 X47.021484375 Y51.85546875 Z2 E-10.496694263999636 F1200
G1 X46.58203125 Y52.294921875 Z2 E-10.55884232093986 F1200
G1 X46.58203125 Y52.3828125 Z2 E-10.56763138343986 F1200
G1 X45.263671875 Y53.701171875 Z2 E-10.754075554260531 F1200
G1 X45.17578125 Y53.701171875 Z2 E-10.762864616760531 F1200
G1 X44.6484375 Y54.228515625 Z2 E-10.8374422850888 F1200
G1 X44.560546875 Y54.228515625 Z2 E-10.8462313475888 F1200
G1 X44.296875 Y54.4921875 Z2 E-10.883520181752933 F1200
G1 X44.208984375 Y54.4921875 Z2 E-10.892309244252933 F1200
G1 X43.9453125 Y54.755859375 Z2 E-10.929598078417067 F1200
G1 X43.857421875 Y54.755859375 Z2 E-10.938387140917067 F1200
G1 X43.681640625 Y54.931640625 Z2 E-10.963246363693157 F1200
G1 X43.59375 Y54.931640625 Z2 E-10.972035426193157 F1200
G1 X43.41796875 Y55.107421875 Z2 E-10.996894648969247 F1200
G1 X43.330078125 Y55.107421875 Z2 E-11.005683711469247 F1200
G1 X43.154296875 Y55.283203125 Z2 E-11.030542934245338 F1200
G1 X43.06640625 Y55.283203125 Z2 E-11.039331996745338 F1200
G1 X42.890625 Y55.458984375 Z2 E-11.064191219521428 F1200
G1 X42.802734375 Y55.458984375 Z2 E-11.072980282021428 F1200
G1 X42.71484375 Y55.546875 Z2 E-11.085409893409473 F1200
G1 X42.626953125 Y55.546875 Z2 E-11.094198955909473 F1200
G1 X42.451171875 Y55.72265625 Z2 E-11.119058178685563 F1200
G1 X42.36328125 Y55.72265625 Z2 E-11.127847241185563 F1200
G1 X42.275390625 Y55.810546875 Z2 E-11.140276852573608 F1200
G1 X42.1875 Y55.810546875 Z2 E-11.149065915073608 F1200
G1 X41.8359375 Y56.162109375 Z2 E-11.198784360625787 F1200
G1 X41.748046875 Y56.162109375 Z2 E-11.207573423125787 F1200
G1 X41.572265625 Y56.337890625 Z2 E-11.232432645901877 F1200
G1 X41.484375 Y56.337890625 Z2 E-11.241221708401877 F1200
G1 X41.30859375 Y56.513671875 Z2 E-11.266080931177967 F1200
G1 X41.1328125 Y56.513671875 Z2 E-11.283659056177967 F1200
G1 X41.044921875 Y56.6015625 Z2 E-11.296088667566012 F1200
G1 X40.869140625 Y56.6015625 Z2 E-11.313666792566012 F1200
G1 X40.60546875 Y56.865234375 Z2 E-11.350955626730146 F1200
G1 X40.517578125 Y56.865234375 Z2 E-11.359744689230146 F1200
G1 X40.4296875 Y56.953125 Z2 E-11.372174300618191 F1200
G1 X40.341796875 Y56.953125 Z2 E-11.380963363118191 F1200
G1 X40.341796875 Y57.041015625 Z2 E-11.389752425618191 F1200
G1 X40.25390625 Y57.12890625 Z2 E-11.402182037006236 F1200
G1 X40.166015625 Y57.12890625 Z2 E-11.410971099506236 F1200
G1 X39.814453125 Y57.48046875 Z2 E-11.460689545058415 F1200
G1 X39.7265625 Y57.48046875 Z2 E-11.469478607558415 F1200
G1 X39.638671875 Y57.568359375 Z2 E-11.48190821894646 F1200
G1 X39.7265625 Y57.65625 Z2 E-11.494337830334505 F1200
G1 X39.638671875 Y57.744140625 Z2 E-11.50676744172255 F1200
G1 X39.375 Y57.744140625 Z2 E-11.53313462922255 F1200
G1 X39.375 Y57.83203125 Z2 E-11.54192369172255 F1200
G1 X39.287109375 Y57.919921875 Z2 E-11.554353303110595 F1200
G1 X39.19921875 Y57.919921875 Z2 E-11.563142365610595 F1200
G1 X39.111328125 Y58.0078125 Z2 E-11.57557197699864 F1200
G1 X39.0234375 Y58.0078125 Z2 E-11.58436103949864 F1200
G1 X38.935546875 Y58.095703125 Z2 E-11.596790650886685 F1200
G1 X38.84765625 Y58.095703125 Z2 E-11.605579713386685 F1200
G1 X38.671875 Y58.271484375 Z2 E-11.630438936162776 F1200
G1 X38.583984375 Y58.271484375 Z2 E-11.639227998662776 F1200
G1 X38.49609375 Y58.359375 Z2 E-11.65165761005082 F1200
G1 X38.408203125 Y58.359375 Z2 E-11.66044667255082 F1200
G1 X38.3203125 Y58.447265625 Z2 E-11.672876283938866 F1200
G1 X38.232421875 Y58.447265625 Z2 E-11.681665346438866 F1200
G1 X38.14453125 Y58.53515625 Z2 E-11.69409495782691 F1200
G1 X38.232421875 Y58.53515625 Z2 E-11.70288402032691 F1200
G1 X38.3203125 Y58.447265625 Z2 E-11.715313631714956 F1200
G1 X38.408203125 Y58.447265625 Z2 E-11.724102694214956 F1200
G1 X38.49609375 Y58.359375 Z2 E-11.736532305603001 F1200
G1 X38.583984375 Y58.359375 Z2 E-11.745321368103001 F1200
G1 X38.671875 Y58.271484375 Z2 E-11.757750979491046 F1200
G1 X38.759765625 Y58.271484375 Z2 E-11.766540041991046 F1200
G1 X38.84765625 Y58.18359375 Z2 E-11.778969653379091 F1200
G1 X38.935546875 Y58.18359375 Z2 E-11.787758715879091 F1200
G1 X39.0234375 Y58.095703125 Z2 E-11.800188327267136 F1200
G1 X39.19921875 Y58.095703125 Z2 E-11.817766452267136 F1200
G1 X39.375 Y57.919921875 Z2 E-11.842625675043227 F1200
G1 X39.55078125 Y57.919921875 Z2 E-11.860203800043227 F1200
G1 X39.638671875 Y57.83203125 Z2 E-11.872633411431272 F1200
G1 X39.7265625 Y57.83203125 Z2 E-11.881422473931272 F1200
G1 X39.814453125 Y57.744140625 Z2 E-11.893852085319317 F1200
G1 X39.90234375 Y57.744140625 Z2 E-11.902641147819317 F1200
G1 X39.990234375 Y57.65625 Z2 E-11.915070759207362 F1200
G1 X40.166015625 Y57.65625 Z2 E-11.932648884207362 F1200
G1 X40.25390625 Y57.568359375 Z2 E-11.945078495595407 F1200
G1 X40.341796875 Y57.568359375 Z2 E-11.953867558095407 F1200
G1 X40.4296875 Y57.48046875 Z2 E-11.966297169483452 F1200
G1 X40.517578125 Y57.48046875 Z2 E-11.975086231983452 F1200
G1 X40.60546875 Y57.392578125 Z2 E-11.987515843371497 F1200
G1 X40.693359375 Y57.392578125 Z2 E-11.996304905871497 F1200
G1 X40.78125 Y57.3046875 Z2 E-12.008734517259542 F1200
G1 X40.869140625 Y57.3046875 Z2 E-12.017523579759542 F1200
G1 X40.95703125 Y57.216796875 Z2 E-12.029953191147587 F1200
G1 X41.044921875 Y57.216796875 Z2 E-12.038742253647587 F1200
G1 X41.1328125 Y57.12890625 Z2 E-12.051171865035633 F1200
G1 X41.220703125 Y57.12890625 Z2 E-12.059960927535633 F1200
G1 X41.396484375 Y56.953125 Z2 E-12.084820150311723 F1200
G1 X41.484375 Y56.953125 Z2 E-12.093609212811723 F1200
G1 X41.572265625 Y56.865234375 Z2 E-12.106038824199768 F1200
G1 X41.66015625 Y56.865234375 Z2 E-12.114827886699768 F1200
G1 X41.748046875 Y56.77734375 Z2 E-12.127257498087813 F1200
G1 X41.8359375 Y56.77734375 Z2 E-12.136046560587813 F1200
G1 X41.923828125 Y56.689453125 Z2 E-12.148476171975858 F1200
G1 X42.01171875 Y56.689453125 Z2 E-12.157265234475858 F1200
G1 X42.099609375 Y56.6015625 Z2 E-12.169694845863903 F1200
G1 X42.1875 Y56.6015625 Z2 E-12.178483908363903 F1200
G1 X42.275390625 Y56.513671875 Z2 E-12.190913519751948 F1200
G1 X42.451171875 Y56.513671875 Z2 E-12.208491644751948 F1200
G1 X42.5390625 Y56.42578125 Z2 E-12.220921256139993 F1200
G1 X42.626953125 Y56.42578125 Z2 E-12.229710318639993 F1200
G1 X42.71484375 Y56.337890625 Z2 E-12.242139930028038 F1200
G1 X42.802734375 Y56.337890625 Z2 E-12.250928992528038 F1200
G1 X42.890625 Y56.25 Z2 E-12.263358603916084 F1200
G1 X42.978515625 Y56.25 Z2 E-12.272147666416084 F1200
G1 X43.06640625 Y56.162109375 Z2 E-12.284577277804129 F1200
G1 X43.154296875 Y56.162109375 Z2 E-12.293366340304129 F1200
G1 X43.330078125 Y55.986328125 Z2 E-12.318225563080219 F1200
G1 X43.41796875 Y55.986328125 Z2 E-12.327014625580219 F1200
G1 X43.505859375 Y55.8984375 Z2 E-12.339444236968264 F1200
G1 X43.59375 Y55.8984375 Z2 E-12.348233299468264 F1200
G1 X43.681640625 Y55.810546875 Z2 E-12.360662910856309 F1200
G1 X43.76953125 Y55.810546875 Z2 E-12.369451973356309 F1200
G1 X43.857421875 Y55.72265625 Z2 E-12.381881584744354 F1200
G1 X43.9453125 Y55.72265625 Z2 E-12.390670647244354 F1200
G1 X44.033203125 Y55.634765625 Z2 E-12.4031002586324 F1200
G1 X44.12109375 Y55.634765625 Z2 E-12.4118893211324 F1200
G1 X44.208984375 Y55.546875 Z2 E-12.424318932520444 F1200
G1 X44.296875 Y55.546875 Z2 E-12.433107995020444 F1200
G1 X44.384765625 Y55.458984375 Z2 E-12.44553760640849 F1200
G1 X44.47265625 Y55.458984375 Z2 E-12.45432666890849 F1200
G1 X44.560546875 Y55.37109375 Z2 E-12.466756280296535 F1200
G1 X44.6484375 Y55.37109375 Z2 E-12.475545342796535 F1200
G1 X44.736328125 Y55.283203125 Z2 E-12.48797495418458 F1200
G1 X44.82421875 Y55.283203125 Z2 E-12.49676401668458 F1200
G1 X45.0 Y55.107421875 Z2 E-12.52162323946067 F1200
G1 X45.17578125 Y55.107421875 Z2 E-12.53920136446067 F1200
G1 X45.3515625 Y54.931640625 Z2 E-12.56406058723676 F1200
G1 X45.439453125 Y54.931640625 Z2 E-12.57284964973676 F1200
G1 X45.52734375 Y54.84375 Z2 E-12.585279261124805 F1200
G1 X45.615234375 Y54.84375 Z2 E-12.594068323624805 F1200
G1 X45.703125 Y54.755859375 Z2 E-12.60649793501285 F1200
G1 X45.791015625 Y54.755859375 Z2 E-12.61528699751285 F1200
G1 X45.966796875 Y54.580078125 Z2 E-12.64014622028894 F1200
G1 X46.0546875 Y54.580078125 Z2 E-12.64893528278894 F1200
G1 X46.142578125 Y54.4921875 Z2 E-12.661364894176986 F1200
G1 X46.23046875 Y54.4921875 Z2 E-12.670153956676986 F1200
G1 X46.318359375 Y54.404296875 Z2 E-12.68258356806503 F1200
G1 X46.40625 Y54.404296875 Z2 E-12.69137263056503 F1200
G1 X46.58203125 Y54.228515625 Z2 E-12.716231853341121 F1200
G1 X46.669921875 Y54.228515625 Z2 E-12.725020915841121 F1200
G1 X46.7578125 Y54.140625 Z2 E-12.737450527229166 F1200
G1 X46.845703125 Y54.140625 Z2 E-12.746239589729166 F1200
G1 X46.93359375 Y54.052734375 Z2 E-12.758669201117211 F1200
G1 X47.021484375 Y54.052734375 Z2 E-12.767458263617211 F1200
G1 X47.197265625 Y53.876953125 Z2 E-12.792317486393301 F1200
G1 X47.28515625 Y53.876953125 Z2 E-12.801106548893301 F1200
G1 X47.373046875 Y53.7890625 Z2 E-12.813536160281346 F1200
G1 X47.4609375 Y53.7890625 Z2 E-12.822325222781346 F1200
G1 X47.63671875 Y53.61328125 Z2 E-12.847184445557437 F1200
G1 X47.724609375 Y53.61328125 Z2 E-12.855973508057437 F1200
G1 X47.900390625 Y53.4375 Z2 E-12.880832730833527 F1200
G1 X47.98828125 Y53.4375 Z2 E-12.889621793333527 F1200
G1 X48.1640625 Y53.26171875 Z2 E-12.914481016109617 F1200
G1 X48.251953125 Y53.26171875 Z2 E-12.923270078609617 F1200
G1 X48.427734375 Y53.0859375 Z2 E-12.948129301385707 F1200
G1 X48.515625 Y53.0859375 Z2 E-12.956918363885707 F1200
G1 X48.69140625 Y52.91015625 Z2 E-12.981777586661797 F1200
G1 X48.69140625 Y52.734375 Z2 E-12.999355711661797 F1200
G1 X48.779296875 Y52.646484375 Z2 E-13.011785323049843 F1200
G1 X48.779296875 Y52.3828125 Z2 E-13.038152510549843 F1200
G1 X48.8671875 Y52.294921875 Z2 E-13.050582121937888 F1200
G1 X48.8671875 Y51.943359375 Z2 E-13.085738371937888 F1200
G1 X48.955078125 Y51.85546875 Z2 E-13.098167983325933 F1200
G1 X48.955078125 Y51.591796875 Z2 E-13.124535170825933 F1200
G1 X49.04296875 Y51.50390625 Z2 E-13.136964782213978 F1200
G1 X49.04296875 Y51.240234375 Z2 E-13.163331969713978 F1200
G1 X49.130859375 Y51.15234375 Z2 E-13.175761581102023 F1200
G1 X49.130859375 Y50.888671875 Z2 E-13.202128768602023 F1200
G1 X49.21875 Y50.80078125 Z2 E-13.214558379990068 F1200
G1 X49.21875 Y50.537109375 Z2 E-13.240925567490068 F1200
G1 X49.306640625 Y50.44921875 Z2 E-13.253355178878113 F1200
G1 X49.306640625 Y50.2734375 Z2 E-13.270933303878113 F1200
G1 X49.39453125 Y50.185546875 Z2 E-13.283362915266158 F1200
G1 X49.39453125 Y49.921875 Z2 E-13.309730102766158 F1200
G1 X49.482421875 Y49.833984375 Z2 E-13.322159714154203 F1200
G1 X49.482421875 Y49.658203125 Z2 E-13.339737839154203 F1200
G1 X49.5703125 Y49.5703125 Z2 E-13.352167450542249 F1200
G1 X49.5703125 Y49.39453125 Z2 E-13.369745575542249 F1200
G1 X49.658203125 Y49.306640625 Z2 E-13.382175186930294 F1200
G1 X49.658203125 Y49.130859375 Z2 E-13.399753311930294 F1200
G1 X49.74609375 Y49.04296875 Z2 E-13.412182923318339 F1200
G1 X49.74609375 Y48.8671875 Z2 E-13.429761048318339 F1200
G1 X49.833984375 Y48.779296875 Z2 E-13.442190659706384 F1200
G1 X49.833984375 Y48.515625 Z2 E-13.468557847206384 F1200
G1 X49.921875 Y48.427734375 Z2 E-13.480987458594429 F1200
G1 X49.921875 Y48.251953125 Z2 E-13.498565583594429 F1200
G1 X50.009765625 Y48.1640625 Z2 E-13.510995194982474 F1200
G1 X50.009765625 Y47.900390625 Z2 E-13.537362382482474 F1200
G1 X50.09765625 Y47.8125 Z2 E-13.54979199387052 F1200
G1 X50.09765625 Y47.63671875 Z2 E-13.56737011887052 F1200
G1 X50.185546875 Y47.548828125 Z2 E-13.579799730258564 F1200
G1 X50.185546875 Y47.373046875 Z2 E-13.597377855258564 F1200
G1 X50.2734375 Y47.28515625 Z2 E-13.60980746664661 F1200
G1 X50.2734375 Y47.197265625 Z2 E-13.61859652914661 F1200
G1 X50.361328125 Y47.109375 Z2 E-13.631026140534654 F1200
G1 X50.361328125 Y47.021484375 Z2 E-13.639815203034654 F1200
G1 X50.44921875 Y46.93359375 Z2 E-13.6522448144227 F1200
G1 X50.44921875 Y46.845703125 Z2 E-13.6610338769227 F1200
G1 X50.537109375 Y46.7578125 Z2 E-13.673463488310745 F1200
G1 X50.537109375 Y46.58203125 Z2 E-13.691041613310745 F1200
G1 X50.625 Y46.494140625 Z2 E-13.70347122469879 F1200
G1 X50.625 Y46.40625 Z2 E-13.71226028719879 F1200
G1 X50.712890625 Y46.318359375 Z2 E-13.724689898586835 F1200
G1 X50.712890625 Y46.142578125 Z2 E-13.742268023586835 F1200
G1 X50.80078125 Y46.0546875 Z2 E-13.75469763497488 F1200
G1 X50.80078125 Y45.966796875 Z2 E-13.76348669747488 F1200
G1 X50.888671875 Y45.87890625 Z2 E-13.775916308862925 F1200
G1 X50.888671875 Y45.791015625 Z2 E-13.784705371362925 F1200
G1 X50.9765625 Y45.703125 Z2 E-13.79713498275097 F1200
G1 X50.9765625 Y45.615234375 Z2 E-13.80592404525097 F1200
G1 X51.064453125 Y45.52734375 Z2 E-13.818353656639015 F1200
G1 X51.064453125 Y45.439453125 Z2 E-13.827142719139015 F1200
G1 X51.15234375 Y45.3515625 Z2 E-13.83957233052706 F1200
G1 X51.15234375 Y45.263671875 Z2 E-13.84836139302706 F1200
G1 X51.240234375 Y45.17578125 Z2 E-13.860791004415105 F1200
G1 X51.240234375 Y45.0 Z2 E-13.878369129415105 F1200
G1 X51.328125 Y44.912109375 Z2 E-13.89079874080315 F1200
G1 X51.328125 Y44.82421875 Z2 E-13.89958780330315 F1200
G1 X51.416015625 Y44.736328125 Z2 E-13.912017414691196 F1200
G1 X51.416015625 Y44.6484375 Z2 E-13.920806477191196 F1200
G1 X51.50390625 Y44.560546875 Z2 E-13.93323608857924 F1200
G1 X51.50390625 Y44.47265625 Z2 E-13.94202515107924 F1200
G1 X51.591796875 Y44.384765625 Z2 E-13.954454762467286 F1200
G1 X51.591796875 Y44.296875 Z2 E-13.963243824967286 F1200
G1 X51.6796875 Y44.208984375 Z2 E-13.975673436355331 F1200
G1 X51.6796875 Y44.12109375 Z2 E-13.984462498855331 F1200
G1 X51.767578125 Y44.033203125 Z2 E-13.996892110243376 F1200
G1 X51.767578125 Y43.9453125 Z2 E-14.005681172743376 F1200
G1 X51.85546875 Y43.857421875 Z2 E-14.018110784131421 F1200
G1 X51.85546875 Y43.76953125 Z2 E-14.026899846631421 F1200
G1 X52.03125 Y43.59375 Z2 E-14.051759069407511 F1200
G1 X52.03125 Y43.505859375 Z2 E-14.060548131907511 F1200
G1 X52.119140625 Y43.41796875 Z2 E-14.072977743295557 F1200
G1 X52.119140625 Y43.330078125 Z2 E-14.081766805795557 F1200
G1 X52.20703125 Y43.2421875 Z2 E-14.094196417183602 F1200
G1 X52.20703125 Y43.154296875 Z2 E-14.102985479683602 F1200
G1 X52.3828125 Y42.978515625 Z2 E-14.127844702459692 F1200
G1 X52.3828125 Y42.890625 Z2 E-14.136633764959692 F1200
G1 X52.470703125 Y42.802734375 Z2 E-14.149063376347737 F1200
G1 X52.470703125 Y42.71484375 Z2 E-14.157852438847737 F1200
G1 X52.55859375 Y42.626953125 Z2 E-14.170282050235782 F1200
G1 X52.55859375 Y42.5390625 Z2 E-14.179071112735782 F1200
G1 X52.734375 Y42.36328125 Z2 E-14.203930335511872 F1200
G1 X52.734375 Y42.275390625 Z2 E-14.212719398011872 F1200
G1 X52.91015625 Y42.099609375 Z2 E-14.237578620787962 F1200
G1 X52.91015625 Y42.01171875 Z2 E-14.246367683287962 F1200
G1 X52.998046875 Y41.923828125 Z2 E-14.258797294676008 F1200
G1 X52.998046875 Y41.8359375 Z2 E-14.267586357176008 F1200
G1 X53.173828125 Y41.66015625 Z2 E-14.292445579952098 F1200
G1 X53.173828125 Y41.572265625 Z2 E-14.301234642452098 F1200
G1 X53.349609375 Y41.396484375 Z2 E-14.326093865228188 F1200
G1 X53.349609375 Y41.30859375 Z2 E-14.334882927728188 F1200
G1 X53.525390625 Y41.1328125 Z2 E-14.359742150504278 F1200
G1 X53.525390625 Y41.044921875 Z2 E-14.368531213004278 F1200
G1 X53.7890625 Y40.78125 Z2 E-14.405820047168412 F1200
G1 X53.7890625 Y40.693359375 Z2 E-14.414609109668412 F1200
G1 X53.96484375 Y40.517578125 Z2 E-14.439468332444502 F1200
G1 X53.96484375 Y40.4296875 Z2 E-14.448257394944502 F1200
G1 X54.228515625 Y40.166015625 Z2 E-14.485546229108635 F1200
G1 X54.228515625 Y40.078125 Z2 E-14.494335291608635 F1200
G1 X54.4921875 Y39.814453125 Z2 E-14.531624125772769 F1200
G1 X54.4921875 Y39.7265625 Z2 E-14.540413188272769 F1200
G1 X54.66796875 Y39.55078125 Z2 E-14.56527241104886 F1200
G1 X54.66796875 Y39.462890625 Z2 E-14.57406147354886 F1200
G1 X54.84375 Y39.287109375 Z2 E-14.59892069632495 F1200
G1 X54.84375 Y39.19921875 Z2 E-14.60770975882495 F1200
G1 X55.107421875 Y38.935546875 Z2 E-14.644998592989083 F1200
G1 X55.107421875 Y38.84765625 Z2 E-14.653787655489083 F1200
G1 X55.283203125 Y38.671875 Z2 E-14.678646878265173 F1200
G1 X55.283203125 Y38.583984375 Z2 E-14.687435940765173 F1200
G1 X55.37109375 Y38.49609375 Z2 E-14.699865552153218 F1200
G1 X55.37109375 Y38.14453125 Z2 E-14.735021802153218 F1200
G1 X55.458984375 Y38.056640625 Z2 E-14.747451413541263 F1200
G1 X55.458984375 Y37.79296875 Z2 E-14.773818601041263 F1200
G1 X55.546875 Y37.705078125 Z2 E-14.786248212429308 F1200
G1 X55.458984375 Y37.6171875 Z2 E-14.798677823817354 F1200
G1 X55.546875 Y37.529296875 Z2 E-14.811107435205399 F1200
G1 X55.546875 Y37.353515625 Z2 E-14.828685560205399 F1200
G1 X55.634765625 Y37.265625 Z2 E-14.841115171593444 F1200
G1 X55.634765625 Y37.001953125 Z2 E-14.867482359093444 F1200
G1 X55.72265625 Y36.9140625 Z2 E-14.879911970481489 F1200
G1 X55.72265625 Y36.5625 Z2 E-14.915068220481489 F1200
G1 X55.810546875 Y36.474609375 Z2 E-14.927497831869534 F1200
G1 X55.810546875 Y35.859375 Z2 E-14.989021269369534 F1200
G1 X55.8984375 Y35.771484375 Z2 E-15.001450880757579 F1200
G1 X55.810546875 Y35.68359375 Z2 E-15.013880492145624 F1200
G1 X55.8984375 Y35.595703125 Z2 E-15.02631010353367 F1200
G1 X55.8984375 Y34.8046875 Z2 E-15.10541166603367 F1200
G1 X55.986328125 Y34.716796875 Z2 E-15.117841277421714 F1200
G1 X55.986328125 Y34.62890625 Z2 E-15.126630339921714 F1200
G1 X55.8984375 Y34.541015625 Z2 E-15.13905995130976 F1200
G1 X55.986328125 Y34.453125 Z2 E-15.151489562697805 F1200
G1 X55.986328125 Y33.92578125 Z2 E-15.204223937697805 F1200
G1 X55.8984375 Y33.837890625 Z2 E-15.21665354908585 F1200
G1 X55.986328125 Y33.75 Z2 E-15.229083160473895 F1200
G1 X55.986328125 Y33.310546875 Z2 E-15.273028472973895 F1200
G1 X55.8984375 Y33.22265625 Z2 E-15.28545808436194 F1200
G1 X55.986328125 Y33.134765625 Z2 E-15.297887695749985 F1200
G1 X55.986328125 Y32.87109375 Z2 E-15.324254883249985 F1200
G1 X55.8984375 Y32.783203125 Z2 E-15.33668449463803 F1200
G1 X55.8984375 Y31.9921875 Z2 E-15.41578605713803 F1200
G1 X55.810546875 Y31.904296875 Z2 E-15.428215668526075 F1200
G1 X55.810546875 Y31.2890625 Z2 E-15.489739106026075 F1200
G1 X55.72265625 Y31.201171875 Z2 E-15.50216871741412 F1200
G1 X55.72265625 Y30.849609375 Z2 E-15.53732496741412 F1200
G1 X55.634765625 Y30.76171875 Z2 E-15.549754578802165 F1200
G1 X55.634765625 Y30.498046875 Z2 E-15.576121766302165 F1200
G1 X55.546875 Y30.41015625 Z2 E-15.58855137769021 F1200
G1 X55.546875 Y30.234375 Z2 E-15.60612950269021 F1200
G1 X55.458984375 Y30.146484375 Z2 E-15.618559114078256 F1200
G1 X55.458984375 Y29.970703125 Z2 E-15.636137239078256 F1200
G1 X55.37109375 Y29.8828125 Z2 E-15.6485668504663 F1200
G1 X55.37109375 Y29.70703125 Z2 E-15.6661449754663 F1200
G1 X55.283203125 Y29.619140625 Z2 E-15.678574586854346 F1200
G1 X55.283203125 Y29.443359375 Z2 E-15.696152711854346 F1200
G1 X55.1953125 Y29.35546875 Z2 E-15.708582323242391 F1200
G1 X55.1953125 Y29.1796875 Z2 E-15.726160448242391 F1200
G1 X55.107421875 Y29.091796875 Z2 E-15.738590059630436 F1200
G1 X55.107421875 Y28.916015625 Z2 E-15.756168184630436 F1200
G1 X55.01953125 Y28.828125 Z2 E-15.768597796018481 F1200
G1 X55.01953125 Y28.740234375 Z2 E-15.777386858518481 F1200
G1 X54.931640625 Y28.65234375 Z2 E-15.789816469906526 F1200
G1 X54.931640625 Y28.4765625 Z2 E-15.807394594906526 F1200
G1 X54.84375 Y28.388671875 Z2 E-15.819824206294571 F1200
G1 X54.84375 Y28.212890625 Z2 E-15.837402331294571 F1200
G1 X54.755859375 Y28.125 Z2 E-15.849831942682616 F1200
G1 X54.755859375 Y28.037109375 Z2 E-15.858621005182616 F1200
G1 X54.66796875 Y27.94921875 Z2 E-15.871050616570662 F1200
G1 X54.66796875 Y27.861328125 Z2 E-15.879839679070662 F1200
G1 X54.580078125 Y27.7734375 Z2 E-15.892269290458707 F1200
G1 X54.580078125 Y27.59765625 Z2 E-15.909847415458707 F1200
G1 X54.4921875 Y27.509765625 Z2 E-15.922277026846752 F1200
G1 X54.4921875 Y27.421875 Z2 E-15.931066089346752 F1200
G1 X54.404296875 Y27.333984375 Z2 E-15.943495700734797 F1200
G1 X54.404296875 Y27.158203125 Z2 E-15.961073825734797 F1200
G1 X54.228515625 Y26.982421875 Z2 E-15.985933048510887 F1200
G1 X54.228515625 Y26.806640625 Z2 E-16.003511173510887 F1200
G1 X54.140625 Y26.71875 Z2 E-16.01594078489893 F1200
G1 X54.140625 Y26.630859375 Z2 E-16.02472984739893 F1200
G1 X54.052734375 Y26.54296875 Z2 E-16.037159458786974 F1200
G1 X54.052734375 Y26.455078125 Z2 E-16.045948521286974 F1200
G1 X53.876953125 Y26.279296875 Z2 E-16.070807744063064 F1200
G1 X53.876953125 Y26.19140625 Z2 E-16.079596806563064 F1200
G1 X53.701171875 Y26.015625 Z2 E-16.104456029339154 F1200
G1 X53.701171875 Y25.927734375 Z2 E-16.113245091839154 F1200
G1 X53.61328125 Y25.83984375 Z2 E-16.125674703227197 F1200
G1 X53.61328125 Y25.751953125 Z2 E-16.134463765727197 F1200
G1 X53.4375 Y25.576171875 Z2 E-16.159322988503288 F1200
G1 X53.4375 Y25.48828125 Z2 E-16.168112051003288 F1200
G1 X53.349609375 Y25.400390625 Z2 E-16.18054166239133 F1200
G1 X53.349609375 Y25.3125 Z2 E-16.18933072489133 F1200
G1 X53.173828125 Y25.13671875 Z2 E-16.21418994766742 F1200
G1 X53.173828125 Y25.048828125 Z2 E-16.22297901016742 F1200
G1 X52.998046875 Y24.873046875 Z2 E-16.24783823294351 F1200
G1 X52.998046875 Y24.78515625 Z2 E-16.25662729544351 F1200
G1 X52.734375 Y24.521484375 Z2 E-16.293916129607645 F1200
G1 X52.734375 Y24.43359375 Z2 E-16.302705192107645 F1200
G1 X52.646484375 Y24.345703125 Z2 E-16.31513480349569 F1200
G1 X52.646484375 Y24.2578125 Z2 E-16.32392386599569 F1200
G1 X52.55859375 Y24.2578125 Z2 E-16.33271292849569 F1200
G1 X52.470703125 Y24.169921875 Z2 E-16.34514253988373 F1200
G1 X52.470703125 Y24.08203125 Z2 E-16.35393160238373 F1200
G1 X52.20703125 Y23.818359375 Z2 E-16.391220436547865 F1200
G1 X52.20703125 Y23.73046875 Z2 E-16.400009499047865 F1200
G1 X52.03125 Y23.5546875 Z2 E-16.424868721823955 F1200
G1 X52.03125 Y23.466796875 Z2 E-16.433657784323955 F1200
G1 X51.767578125 Y23.203125 Z2 E-16.47094661848809 F1200
G1 X51.767578125 Y23.115234375 Z2 E-16.47973568098809 F1200
G1 X51.416015625 Y22.763671875 Z2 E-16.52945412654027 F1200
G1 X51.416015625 Y22.67578125 Z2 E-16.53824318904027 F1200
G1 X51.240234375 Y22.5 Z2 E-16.56310241181636 F1200
G1 X51.240234375 Y22.412109375 Z2 E-16.57189147431636 F1200
G1 X50.888671875 Y22.060546875 Z2 E-16.62160991986854 F1200
G1 X50.888671875 Y21.97265625 Z2 E-16.63039898236854 F1200
G1 E-15.63039898236854 F1800
G0 X50.185546875 Y21.181640625 Z2 F3000
G1 X50.361328125 Y21.357421875 Z2 E-16.65525820514463 F1200
G1 E-15.65525820514463 F1800
G0 X49.658203125 Y20.56640625 Z2 F3000
G1 X49.921875 Y20.830078125 Z2 E-16.692547039308764 F1200
G1 E-15.692547039308764 F1800
G0 X55.810546875 Y20.21484375 Z2 F3000
G1 X55.8984375 Y20.302734375 Z2 E-16.704976650696807 F1200
G1 X55.8984375 Y20.390625 Z2 E-16.713765713196807 F1200
G1 X55.986328125 Y20.478515625 Z2 E-16.72619532458485 F1200
G1 X55.986328125 Y20.56640625 Z2 E-16.73498438708485 F1200
G1 X56.07421875 Y20.654296875 Z2 E-16.747413998472894 F1200
G1 X56.07421875 Y20.7421875 Z2 E-16.756203060972894 F1200
G1 X56.25 Y20.91796875 Z2 E-16.781062283748984 F1200
G1 X56.25 Y21.005859375 Z2 E-16.789851346248984 F1200
G1 X56.337890625 Y21.09375 Z2 E-16.802280957637027 F1200
G1 X56.337890625 Y21.181640625 Z2 E-16.811070020137027 F1200
G1 X56.513671875 Y21.357421875 Z2 E-16.835929242913117 F1200
G1 X56.513671875 Y21.4453125 Z2 E-16.844718305413117 F1200
G1 X56.689453125 Y21.62109375 Z2 E-16.869577528189208 F1200
G1 X56.689453125 Y21.708984375 Z2 E-16.878366590689208 F1200
G1 X56.77734375 Y21.796875 Z2 E-16.89079620207725 F1200
G1 X56.77734375 Y21.884765625 Z2 E-16.89958526457725 F1200
G1 X56.953125 Y22.060546875 Z2 E-16.92444448735334 F1200
G1 X56.953125 Y22.1484375 Z2 E-16.93323354985334 F1200
G1 X57.041015625 Y22.236328125 Z2 E-16.945663161241384 F1200
G1 X57.041015625 Y22.32421875 Z2 E-16.954452223741384 F1200
G1 X57.12890625 Y22.412109375 Z2 E-16.966881835129428 F1200
G1 X57.12890625 Y22.5 Z2 E-16.975670897629428 F1200
G1 X57.216796875 Y22.587890625 Z2 E-16.98810050901747 F1200
G1 X57.216796875 Y22.67578125 Z2 E-16.99688957151747 F1200
G1 X57.3046875 Y22.763671875 Z2 E-17.009319182905514 F1200
G1 X57.3046875 Y22.8515625 Z2 E-17.018108245405514 F1200
G1 X57.392578125 Y22.939453125 Z2 E-17.030537856793558 F1200
G1 X57.392578125 Y23.02734375 Z2 E-17.039326919293558 F1200
G1 X57.48046875 Y23.115234375 Z2 E-17.0517565306816 F1200
G1 X57.48046875 Y23.291015625 Z2 E-17.0693346556816 F1200
G1 X57.568359375 Y23.37890625 Z2 E-17.081764267069644 F1200
G1 X57.568359375 Y23.466796875 Z2 E-17.090553329569644 F1200
G1 X57.65625 Y23.5546875 Z2 E-17.102982940957688 F1200
G1 X57.65625 Y23.73046875 Z2 E-17.120561065957688 F1200
G1 X57.744140625 Y23.818359375 Z2 E-17.13299067734573 F1200
G1 X57.744140625 Y23.90625 Z2 E-17.14177973984573 F1200
G1 X57.83203125 Y23.994140625 Z2 E-17.154209351233774 F1200
G1 X57.83203125 Y24.169921875 Z2 E-17.171787476233774 F1200
G1 X57.919921875 Y24.2578125 Z2 E-17.184217087621818 F1200
G1 X57.919921875 Y24.345703125 Z2 E-17.193006150121818 F1200
G1 X58.0078125 Y24.43359375 Z2 E-17.20543576150986 F1200
G1 X58.0078125 Y24.609375 Z2 E-17.22301388650986 F1200
G1 X58.095703125 Y24.697265625 Z2 E-17.235443497897904 F1200
G1 X58.095703125 Y24.873046875 Z2 E-17.253021622897904 F1200
G1 X58.18359375 Y24.9609375 Z2 E-17.265451234285948 F1200
G1 X58.18359375 Y25.13671875 Z2 E-17.283029359285948 F1200
G1 X58.271484375 Y25.224609375 Z2 E-17.29545897067399 F1200
G1 X58.271484375 Y25.48828125 Z2 E-17.32182615817399 F1200
G1 X58.359375 Y25.576171875 Z2 E-17.334255769562034 F1200
G1 X58.359375 Y25.83984375 Z2 E-17.360622957062034 F1200
G1 X58.447265625 Y25.927734375 Z2 E-17.373052568450078 F1200
G1 X58.447265625 Y26.103515625 Z2 E-17.390630693450078 F1200
G1 X58.53515625 Y26.19140625 Z2 E-17.40306030483812 F1200
G1 X58.53515625 Y26.455078125 Z2 E-17.42942749233812 F1200
G1 X58.623046875 Y26.54296875 Z2 E-17.441857103726164 F1200
G1 X58.623046875 Y26.89453125 Z2 E-17.477013353726164 F1200
G1 X58.7109375 Y26.982421875 Z2 E-17.489442965114208 F1200
G1 X58.7109375 Y27.421875 Z2 E-17.533388277614208 F1200
G1 X58.798828125 Y27.509765625 Z2 E-17.54581788900225 F1200
G1 X58.798828125 Y28.125 Z2 E-17.60734132650225 F1200
G1 X58.88671875 Y28.212890625 Z2 E-17.619770937890294 F1200
G1 X58.88671875 Y31.552734375 Z2 E-17.953755312890294 F1200
G1 X58.798828125 Y31.640625 Z2 E-17.966184924278338 F1200
G1 X58.798828125 Y32.255859375 Z2 E-18.027708361778338 F1200
G1 X58.7109375 Y32.34375 Z2 E-18.04013797316638 F1200
G1 X58.7109375 Y32.783203125 Z2 E-18.08408328566638 F1200
G1 X58.623046875 Y32.87109375 Z2 E-18.096512897054424 F1200
G1 X58.623046875 Y33.22265625 Z2 E-18.131669147054424 F1200
G1 X58.53515625 Y33.310546875 Z2 E-18.144098758442468 F1200
G1 X58.53515625 Y33.57421875 Z2 E-18.170465945942468 F1200
G1 X58.447265625 Y33.662109375 Z2 E-18.18289555733051 F1200
G1 X58.447265625 Y33.837890625 Z2 E-18.20047368233051 F1200
G1 X58.53515625 Y33.75 Z2 E-18.212903293718554 F1200
G1 X58.53515625 Y33.57421875 Z2 E-18.230481418718554 F1200
G1 X58.623046875 Y33.486328125 Z2 E-18.242911030106598 F1200
G1 X58.623046875 Y33.3984375 Z2 E-18.251700092606598 F1200
G1 X58.7109375 Y33.310546875 Z2 E-18.26412970399464 F1200
G1 X58.7109375 Y33.22265625 Z2 E-18.27291876649464 F1200
G1 X58.798828125 Y33.134765625 Z2 E-18.285348377882684 F1200
G1 X58.798828125 Y32.958984375 Z2 E-18.302926502882684 F1200
G1 X58.88671875 Y32.87109375 Z2 E-18.315356114270728 F1200
G1 X58.88671875 Y32.6953125 Z2 E-18.332934239270728 F1200
G1 X58.974609375 Y32.607421875 Z2 E-18.34536385065877 F1200
G1 X58.974609375 Y32.431640625 Z2 E-18.36294197565877 F1200
G1 X59.0625 Y32.34375 Z2 E-18.375371587046814 F1200
G1 X59.0625 Y32.080078125 Z2 E-18.401738774546814 F1200
G1 X59.150390625 Y31.9921875 Z2 E-18.414168385934857 F1200
G1 X59.150390625 Y31.728515625 Z2 E-18.440535573434857 F1200
G1 X59.23828125 Y31.640625 Z2 E-18.4529651848229 F1200
G1 X59.23828125 Y31.376953125 Z2 E-18.4793323723229 F1200
G1 X59.326171875 Y31.2890625 Z2 E-18.491761983710944 F1200
G1 X59.326171875 Y30.9375 Z2 E-18.526918233710944 F1200
G1 X59.4140625 Y30.849609375 Z2 E-18.539347845098987 F1200
G1 X59.4140625 Y30.234375 Z2 E-18.600871282598987 F1200
G1 X59.501953125 Y30.146484375 Z2 E-18.61330089398703 F1200
G1 X59.501953125 Y28.916015625 Z2 E-18.73634776898703 F1200
G1 X59.4140625 Y28.828125 Z2 E-18.748777380375074 F1200
G1 X59.4140625 Y28.212890625 Z2 E-18.810300817875074 F1200
G1 X59.326171875 Y28.125 Z2 E-18.822730429263117 F1200
G1 X59.326171875 Y27.7734375 Z2 E-18.857886679263117 F1200
G1 X59.23828125 Y27.685546875 Z2 E-18.87031629065116 F1200
G1 X59.23828125 Y27.421875 Z2 E-18.89668347815116 F1200
G1 X59.150390625 Y27.333984375 Z2 E-18.909113089539204 F1200
G1 X59.150390625 Y27.0703125 Z2 E-18.935480277039204 F1200
G1 X59.0625 Y26.982421875 Z2 E-18.947909888427247 F1200
G1 X59.0625 Y26.71875 Z2 E-18.974277075927247 F1200
G1 X58.974609375 Y26.630859375 Z2 E-18.98670668731529 F1200
G1 X58.974609375 Y26.455078125 Z2 E-19.00428481231529 F1200
G1 X58.88671875 Y26.3671875 Z2 E-19.016714423703334 F1200
G1 X58.88671875 Y26.19140625 Z2 E-19.034292548703334 F1200
G1 X58.798828125 Y26.103515625 Z2 E-19.046722160091377 F1200
G1 X58.798828125 Y25.927734375 Z2 E-19.064300285091377 F1200
G1 X58.7109375 Y25.83984375 Z2 E-19.07672989647942 F1200
G1 X58.7109375 Y25.6640625 Z2 E-19.09430802147942 F1200
G1 X58.623046875 Y25.576171875 Z2 E-19.106737632867464 F1200
G1 X58.623046875 Y25.400390625 Z2 E-19.124315757867464 F1200
G1 X58.53515625 Y25.3125 Z2 E-19.136745369255507 F1200
G1 X58.53515625 Y25.224609375 Z2 E-19.145534431755507 F1200
G1 X58.447265625 Y25.13671875 Z2 E-19.15796404314355 F1200
G1 X58.447265625 Y25.048828125 Z2 E-19.16675310564355 F1200
G1 X58.359375 Y24.9609375 Z2 E-19.179182717031594 F1200
G1 X58.359375 Y24.78515625 Z2 E-19.196760842031594 F1200
G1 X58.271484375 Y24.697265625 Z2 E-19.209190453419637 F1200
G1 X58.271484375 Y24.609375 Z2 E-19.217979515919637 F1200
G1 X58.18359375 Y24.521484375 Z2 E-19.23040912730768 F1200
G1 X58.18359375 Y24.43359375 Z2 E-19.23919818980768 F1200
G1 X58.095703125 Y24.345703125 Z2 E-19.251627801195724 F1200
G1 X58.095703125 Y24.169921875 Z2 E-19.269205926195724 F1200
G1 X58.0078125 Y24.08203125 Z2 E-19.281635537583767 F1200
G1 X58.0078125 Y23.994140625 Z2 E-19.290424600083767 F1200
G1 X57.919921875 Y23.90625 Z2 E-19.30285421147181 F1200
G1 X57.919921875 Y23.818359375 Z2 E-19.31164327397181 F1200
G1 X57.83203125 Y23.73046875 Z2 E-19.324072885359854 F1200
G1 X57.83203125 Y23.642578125 Z2 E-19.332861947859854 F1200
G1 X57.744140625 Y23.5546875 Z2 E-19.345291559247897 F1200
G1 X57.744140625 Y23.37890625 Z2 E-19.362869684247897 F1200
G1 X57.65625 Y23.291015625 Z2 E-19.37529929563594 F1200
G1 X57.65625 Y23.203125 Z2 E-19.38408835813594 F1200
G1 X57.48046875 Y23.02734375 Z2 E-19.40894758091203 F1200
G1 X57.48046875 Y22.939453125 Z2 E-19.41773664341203 F1200
G1 X57.392578125 Y22.8515625 Z2 E-19.430166254800074 F1200
G1 X57.392578125 Y22.763671875 Z2 E-19.438955317300074 F1200
G1 X57.3046875 Y22.67578125 Z2 E-19.451384928688118 F1200
G1 X57.3046875 Y22.587890625 Z2 E-19.460173991188118 F1200
G1 X57.216796875 Y22.5 Z2 E-19.47260360257616 F1200
G1 X57.216796875 Y22.412109375 Z2 E-19.48139266507616 F1200
G1 X57.12890625 Y22.32421875 Z2 E-19.493822276464204 F1200
G1 X57.12890625 Y22.236328125 Z2 E-19.502611338964204 F1200
G1 X56.953125 Y22.060546875 Z2 E-19.527470561740294 F1200
G1 X56.953125 Y21.97265625 Z2 E-19.536259624240294 F1200
G1 X56.865234375 Y21.884765625 Z2 E-19.548689235628338 F1200
G1 X56.865234375 Y21.796875 Z2 E-19.557478298128338 F1200
G1 X56.689453125 Y21.62109375 Z2 E-19.582337520904428 F1200
G1 X56.689453125 Y21.533203125 Z2 E-19.591126583404428 F1200
G1 X56.6015625 Y21.4453125 Z2 E-19.60355619479247 F1200
G1 X56.6015625 Y21.357421875 Z2 E-19.61234525729247 F1200
G1 X56.42578125 Y21.181640625 Z2 E-19.63720448006856 F1200
G1 X56.42578125 Y21.09375 Z2 E-19.64599354256856 F1200
G1 X56.337890625 Y21.005859375 Z2 E-19.658423153956605 F1200
G1 X56.337890625 Y20.91796875 Z2 E-19.667212216456605 F1200
G1 X56.162109375 Y20.7421875 Z2 E-19.692071439232695 F1200
G1 X56.162109375 Y20.654296875 Z2 E-19.700860501732695 F1200
G1 X55.8984375 Y20.390625 Z2 E-19.73814933589683 F1200
G1 X55.8984375 Y20.302734375 Z2 E-19.74693839839683 F1200
G1 E-18.74693839839683 F1800
G0 X64.16015625 Y18.017578125 Z2 F3000
G1 E-18.74693839839683 F1800
G0 X54.228515625 Y16.435546875 Z2 F3000
G1 X54.4921875 Y16.69921875 Z2 E-19.784227232560962 F1200
G1 X54.4921875 Y16.787109375 Z2 E-19.793016295060962 F1200
G1 X54.66796875 Y16.962890625 Z2 E-19.817875517837052 F1200
G1 X54.66796875 Y17.05078125 Z2 E-19.826664580337052 F1200
G1 X55.01953125 Y17.40234375 Z2 E-19.876383025889233 F1200
G1 X55.01953125 Y17.490234375 Z2 E-19.885172088389233 F1200
G1 X55.1953125 Y17.666015625 Z2 E-19.910031311165323 F1200
G1 X55.1953125 Y17.75390625 Z2 E-19.918820373665323 F1200
G1 X55.37109375 Y17.9296875 Z2 E-19.943679596441413 F1200
G1 X55.37109375 Y18.017578125 Z2 E-19.952468658941413 F1200
G1 X55.634765625 Y18.28125 Z2 E-19.989757493105547 F1200
G1 X55.634765625 Y18.369140625 Z2 E-19.998546555605547 F1200
G1 X55.810546875 Y18.544921875 Z2 E-20.023405778381637 F1200
G1 X55.810546875 Y18.6328125 Z2 E-20.032194840881637 F1200
G1 X55.986328125 Y18.80859375 Z2 E-20.057054063657727 F1200
G1 X55.986328125 Y18.896484375 Z2 E-20.065843126157727 F1200
G1 X56.162109375 Y19.072265625 Z2 E-20.090702348933817 F1200
G1 X56.162109375 Y19.16015625 Z2 E-20.099491411433817 F1200
G1 X56.337890625 Y19.3359375 Z2 E-20.124350634209907 F1200
G1 X56.337890625 Y19.423828125 Z2 E-20.133139696709907 F1200
G1 X56.513671875 Y19.599609375 Z2 E-20.157998919485998 F1200
G1 X56.513671875 Y19.6875 Z2 E-20.166787981985998 F1200
G1 X56.689453125 Y19.86328125 Z2 E-20.191647204762088 F1200
G1 X56.689453125 Y19.951171875 Z2 E-20.200436267262088 F1200
G1 X56.77734375 Y20.0390625 Z2 E-20.21286587865013 F1200
G1 X56.77734375 Y20.126953125 Z2 E-20.22165494115013 F1200
G1 X56.953125 Y20.302734375 Z2 E-20.24651416392622 F1200
G1 X56.953125 Y20.390625 Z2 E-20.25530322642622 F1200
G1 X57.12890625 Y20.56640625 Z2 E-20.28016244920231 F1200
G1 X57.12890625 Y20.654296875 Z2 E-20.28895151170231 F1200
G1 X57.3046875 Y20.830078125 Z2 E-20.313810734478402 F1200
G1 X57.3046875 Y20.91796875 Z2 E-20.322599796978402 F1200
G1 X57.392578125 Y21.005859375 Z2 E-20.335029408366445 F1200
G1 X57.392578125 Y21.09375 Z2 E-20.343818470866445 F1200
G1 X57.568359375 Y21.26953125 Z2 E-20.368677693642535 F1200
G1 X57.568359375 Y21.357421875 Z2 E-20.377466756142535 F1200
G1 X57.744140625 Y21.533203125 Z2 E-20.402325978918626 F1200
G1 X57.744140625 Y21.62109375 Z2 E-20.411115041418626 F1200
G1 X57.83203125 Y21.708984375 Z2 E-20.42354465280667 F1200
G1 X57.83203125 Y21.796875 Z2 E-20.43233371530667 F1200
G1 X57.919921875 Y21.884765625 Z2 E-20.444763326694712 F1200
G1 X57.919921875 Y21.97265625 Z2 E-20.453552389194712 F1200
G1 X58.0078125 Y22.060546875 Z2 E-20.465982000582756 F1200
G1 X58.0078125 Y22.1484375 Z2 E-20.474771063082756 F1200
G1 X58.095703125 Y22.236328125 Z2 E-20.4872006744708 F1200
G1 X58.095703125 Y22.32421875 Z2 E-20.4959897369708 F1200
G1 X58.18359375 Y22.412109375 Z2 E-20.508419348358842 F1200
G1 X58.18359375 Y22.5 Z2 E-20.517208410858842 F1200
G1 X58.271484375 Y22.587890625 Z2 E-20.529638022246885 F1200
G1 X58.271484375 Y22.67578125 Z2 E-20.538427084746885 F1200
G1 X58.447265625 Y22.8515625 Z2 E-20.563286307522976 F1200
G1 X58.447265625 Y22.939453125 Z2 E-20.572075370022976 F1200
G1 X58.53515625 Y23.02734375 Z2 E-20.58450498141102 F1200
G1 X58.53515625 Y23.115234375 Z2 E-20.59329404391102 F1200
G1 X58.623046875 Y23.203125 Z2 E-20.605723655299062 F1200
G1 X58.623046875 Y23.37890625 Z2 E-20.623301780299062 F1200
G1 X58.7109375 Y23.466796875 Z2 E-20.635731391687106 F1200
G1 X58.7109375 Y23.5546875 Z2 E-20.644520454187106 F1200
G1 X58.798828125 Y23.642578125 Z2 E-20.65695006557515 F1200
G1 X58.798828125 Y23.73046875 Z2 E-20.66573912807515 F1200
G1 X58.88671875 Y23.818359375 Z2 E-20.678168739463192 F1200
G1 X58.88671875 Y23.90625 Z2 E-20.686957801963192 F1200
G1 X58.974609375 Y23.994140625 Z2 E-20.699387413351236 F1200
G1 X58.974609375 Y24.08203125 Z2 E-20.708176475851236 F1200
G1 X59.0625 Y24.169921875 Z2 E-20.72060608723928 F1200
G1 X59.0625 Y24.2578125 Z2 E-20.72939514973928 F1200
G1 X59.150390625 Y24.345703125 Z2 E-20.741824761127322 F1200
G1 X59.150390625 Y24.521484375 Z2 E-20.759402886127322 F1200
G1 X59.23828125 Y24.609375 Z2 E-20.771832497515366 F1200
G1 X59.23828125 Y24.697265625 Z2 E-20.780621560015366 F1200
G1 X59.326171875 Y24.78515625 Z2 E-20.79305117140341 F1200
G1 X59.326171875 Y24.9609375 Z2 E-20.81062929640341 F1200
G1 X59.4140625 Y25.048828125 Z2 E-20.823058907791452 F1200
G1 X59.4140625 Y25.13671875 Z2 E-20.831847970291452 F1200
G1 X59.501953125 Y25.224609375 Z2 E-20.844277581679496 F1200
G1 X59.501953125 Y25.400390625 Z2 E-20.861855706679496 F1200
G1 X59.58984375 Y25.48828125 Z2 E-20.87428531806754 F1200
G1 X59.58984375 Y25.576171875 Z2 E-20.88307438056754 F1200
G1 X59.677734375 Y25.6640625 Z2 E-20.895503991955582 F1200
G1 X59.677734375 Y25.83984375 Z2 E-20.913082116955582 F1200
G1 X59.765625 Y25.927734375 Z2 E-20.925511728343626 F1200
G1 X59.765625 Y26.103515625 Z2 E-20.943089853343626 F1200
G1 X59.853515625 Y26.19140625 Z2 E-20.95551946473167 F1200
G1 X59.853515625 Y26.3671875 Z2 E-20.97309758973167 F1200
G1 X59.94140625 Y26.455078125 Z2 E-20.985527201119712 F1200
G1 X59.94140625 Y26.630859375 Z2 E-21.003105326119712 F1200
G1 X60.029296875 Y26.71875 Z2 E-21.015534937507756 F1200
G1 X60.029296875 Y26.982421875 Z2 E-21.041902125007756 F1200
G1 X60.1171875 Y27.0703125 Z2 E-21.0543317363958 F1200
G1 X60.1171875 Y27.509765625 Z2 E-21.0982770488958 F1200
G1 X60.205078125 Y27.59765625 Z2 E-21.110706660283842 F1200
G1 X60.205078125 Y28.125 Z2 E-21.163441035283842 F1200
G1 X60.29296875 Y28.212890625 Z2 E-21.175870646671886 F1200
G1 X60.29296875 Y28.916015625 Z2 E-21.246183146671886 F1200
G1 X60.380859375 Y29.00390625 Z2 E-21.25861275805993 F1200
G1 X60.380859375 Y30.498046875 Z2 E-21.40802682055993 F1200
G1 X60.29296875 Y30.5859375 Z2 E-21.420456431947972 F1200
G1 X60.29296875 Y31.376953125 Z2 E-21.499557994447972 F1200
G1 X60.205078125 Y31.46484375 Z2 E-21.511987605836016 F1200
G1 X60.205078125 Y31.81640625 Z2 E-21.547143855836016 F1200
G1 X60.1171875 Y31.904296875 Z2 E-21.55957346722406 F1200
G1 X60.1171875 Y32.16796875 Z2 E-21.58594065472406 F1200
G1 X60.029296875 Y32.255859375 Z2 E-21.598370266112102 F1200
G1 X60.029296875 Y32.51953125 Z2 E-21.624737453612102 F1200
G1 X59.94140625 Y32.607421875 Z2 E-21.637167065000146 F1200
G1 X59.94140625 Y32.783203125 Z2 E-21.654745190000146 F1200
G1 X59.853515625 Y32.87109375 Z2 E-21.66717480138819 F1200
G1 X59.853515625 Y32.958984375 Z2 E-21.67596386388819 F1200
G1 X59.765625 Y33.046875 Z2 E-21.688393475276232 F1200
G1 X59.765625 Y33.22265625 Z2 E-21.705971600276232 F1200
G1 X59.677734375 Y33.310546875 Z2 E-21.718401211664276 F1200
G1 X59.677734375 Y33.486328125 Z2 E-21.735979336664276 F1200
G1 X59.58984375 Y33.57421875 Z2 E-21.74840894805232 F1200
G1 X59.58984375 Y33.75 Z2 E-21.76598707305232 F1200
G1 X59.501953125 Y33.837890625 Z2 E-21.778416684440362 F1200
G1 X59.501953125 Y34.013671875 Z2 E-21.795994809440362 F1200
G1 X59.4140625 Y34.1015625 Z2 E-21.808424420828405 F1200
G1 X59.4140625 Y34.189453125 Z2 E-21.817213483328405 F1200
G1 X59.326171875 Y34.27734375 Z2 E-21.82964309471645 F1200
G1 X59.326171875 Y34.365234375 Z2 E-21.83843215721645 F1200
G1 X59.23828125 Y34.453125 Z2 E-21.850861768604492 F1200
G1 X59.23828125 Y34.541015625 Z2 E-21.859650831104492 F1200
G1 X59.150390625 Y34.62890625 Z2 E-21.872080442492535 F1200
G1 X59.150390625 Y34.716796875 Z2 E-21.880869504992535 F1200
G1 X59.0625 Y34.8046875 Z2 E-21.89329911638058 F1200
G1 X59.0625 Y34.892578125 Z2 E-21.90208817888058 F1200
G1 X58.974609375 Y34.98046875 Z2 E-21.914517790268622 F1200
G1 X58.974609375 Y35.068359375 Z2 E-21.923306852768622 F1200
G1 X58.88671875 Y35.15625 Z2 E-21.935736464156665 F1200
G1 X58.88671875 Y35.244140625 Z2 E-21.944525526656665 F1200
G1 X58.798828125 Y35.33203125 Z2 E-21.95695513804471 F1200
G1 X58.798828125 Y35.419921875 Z2 E-21.96574420054471 F1200
G1 X58.7109375 Y35.5078125 Z2 E-21.978173811932752 F1200
G1 X58.7109375 Y35.595703125 Z2 E-21.986962874432752 F1200
G1 X58.623046875 Y35.68359375 Z2 E-21.999392485820795 F1200
G1 X58.623046875 Y35.771484375 Z2 E-22.008181548320795 F1200
G1 X58.447265625 Y35.947265625 Z2 E-22.033040771096886 F1200
G1 X58.447265625 Y36.03515625 Z2 E-22.041829833596886 F1200
G1 X58.271484375 Y36.2109375 Z2 E-22.066689056372976 F1200
G1 X58.271484375 Y36.298828125 Z2 E-22.075478118872976 F1200
G1 X58.095703125 Y36.474609375 Z2 E-22.100337341649066 F1200
G1 X58.095703125 Y36.5625 Z2 E-22.109126404149066 F1200
G1 X57.919921875 Y36.73828125 Z2 E-22.133985626925156 F1200
G1 X57.919921875 Y36.826171875 Z2 E-22.142774689425156 F1200
G1 X57.83203125 Y36.9140625 Z2 E-22.1552043008132 F1200
G1 X57.83203125 Y37.001953125 Z2 E-22.1639933633132 F1200
G1 X57.744140625 Y37.08984375 Z2 E-22.176422974701243 F1200
G1 X57.744140625 Y37.177734375 Z2 E-22.185212037201243 F1200
G1 X57.568359375 Y37.353515625 Z2 E-22.210071259977333 F1200
G1 X57.568359375 Y37.44140625 Z2 E-22.218860322477333 F1200
G1 X57.392578125 Y37.6171875 Z2 E-22.243719545253423 F1200
G1 X57.392578125 Y37.705078125 Z2 E-22.252508607753423 F1200
G1 X57.12890625 Y37.96875 Z2 E-22.289797441917557 F1200
G1 X57.12890625 Y38.056640625 Z2 E-22.298586504417557 F1200
G1 X56.865234375 Y38.3203125 Z2 E-22.33587533858169 F1200
G1 X56.865234375 Y38.408203125 Z2 E-22.34466440108169 F1200
G1 X56.6015625 Y38.671875 Z2 E-22.381953235245824 F1200
G1 X56.6015625 Y38.759765625 Z2 E-22.390742297745824 F1200
G1 X56.337890625 Y39.0234375 Z2 E-22.428031131909957 F1200
G1 X56.337890625 Y39.111328125 Z2 E-22.436820194409957 F1200
G1 X56.162109375 Y39.287109375 Z2 E-22.461679417186048 F1200
G1 X56.162109375 Y39.375 Z2 E-22.470468479686048 F1200
G1 X55.986328125 Y39.55078125 Z2 E-22.495327702462138 F1200
G1 X55.986328125 Y39.638671875 Z2 E-22.504116764962138 F1200
G1 X55.72265625 Y39.90234375 Z2 E-22.54140559912627 F1200
G1 X55.72265625 Y39.990234375 Z2 E-22.55019466162627 F1200
G1 X55.37109375 Y40.341796875 Z2 E-22.599913107178452 F1200
G1 X55.37109375 Y40.4296875 Z2 E-22.608702169678452 F1200
G1 X55.107421875 Y40.693359375 Z2 E-22.645991003842585 F1200
G1 X55.107421875 Y40.78125 Z2 E-22.654780066342585 F1200
G1 X54.84375 Y41.044921875 Z2 E-22.69206890050672 F1200
G1 X54.84375 Y41.1328125 Z2 E-22.70085796300672 F1200
G1 X54.66796875 Y41.30859375 Z2 E-22.72571718578281 F1200
G1 X54.66796875 Y41.396484375 Z2 E-22.73450624828281 F1200
G1 X54.4921875 Y41.572265625 Z2 E-22.7593654710589 F1200
G1 X54.4921875 Y41.66015625 Z2 E-22.7681545335589 F1200
G1 X54.31640625 Y41.8359375 Z2 E-22.79301375633499 F1200
G1 X54.31640625 Y41.923828125 Z2 E-22.80180281883499 F1200
G1 X54.052734375 Y42.1875 Z2 E-22.839091652999123 F1200
G1 X54.052734375 Y42.275390625 Z2 E-22.847880715499123 F1200
G1 X53.876953125 Y42.451171875 Z2 E-22.872739938275213 F1200
G1 X53.876953125 Y42.5390625 Z2 E-22.881529000775213 F1200
G1 X53.525390625 Y42.890625 Z2 E-22.931247446327394 F1200
G1 X53.525390625 Y42.978515625 Z2 E-22.940036508827394 F1200
G1 X53.349609375 Y43.154296875 Z2 E-22.964895731603484 F1200
G1 X53.349609375 Y43.2421875 Z2 E-22.973684794103484 F1200
G1 X53.26171875 Y43.330078125 Z2 E-22.986114405491527 F1200
G1 X53.26171875 Y43.41796875 Z2 E-22.994903467991527 F1200
G1 X53.173828125 Y43.505859375 Z2 E-23.00733307937957 F1200
G1 X53.173828125 Y43.59375 Z2 E-23.01612214187957 F1200
G1 X52.998046875 Y43.76953125 Z2 E-23.04098136465566 F1200
G1 X52.998046875 Y43.857421875 Z2 E-23.04977042715566 F1200
G1 X52.91015625 Y43.9453125 Z2 E-23.062200038543704 F1200
G1 X52.91015625 Y44.033203125 Z2 E-23.070989101043704 F1200
G1 X52.734375 Y44.208984375 Z2 E-23.095848323819794 F1200
G1 X52.734375 Y44.296875 Z2 E-23.104637386319794 F1200
G1 X52.646484375 Y44.384765625 Z2 E-23.117066997707838 F1200
G1 X52.646484375 Y44.47265625 Z2 E-23.125856060207838 F1200
G1 X52.470703125 Y44.6484375 Z2 E-23.150715282983928 F1200
G1 X52.470703125 Y44.736328125 Z2 E-23.159504345483928 F1200
G1 X52.294921875 Y44.912109375 Z2 E-23.184363568260018 F1200
G1 X52.294921875 Y45.0 Z2 E-23.193152630760018 F1200
G1 X52.20703125 Y45.087890625 Z2 E-23.20558224214806 F1200
G1 X52.20703125 Y45.17578125 Z2 E-23.21437130464806 F1200
G1 X52.119140625 Y45.263671875 Z2 E-23.226800916036105 F1200
G1 X52.119140625 Y45.3515625 Z2 E-23.235589978536105 F1200
G1 X52.03125 Y45.439453125 Z2 E-23.248019589924148 F1200
G1 X52.03125 Y45.52734375 Z2 E-23.256808652424148 F1200
G1 X51.943359375 Y45.615234375 Z2 E-23.26923826381219 F1200
G1 X51.943359375 Y45.703125 Z2 E-23.27802732631219 F1200
G1 X51.85546875 Y45.791015625 Z2 E-23.290456937700235 F1200
G1 X51.85546875 Y45.87890625 Z2 E-23.299246000200235 F1200
G1 X51.767578125 Y45.966796875 Z2 E-23.311675611588278 F1200
G1 X51.767578125 Y46.142578125 Z2 E-23.329253736588278 F1200
G1 X51.6796875 Y46.23046875 Z2 E-23.34168334797632 F1200
G1 X51.6796875 Y46.318359375 Z2 E-23.35047241047632 F1200
G1 X51.591796875 Y46.40625 Z2 E-23.362902021864365 F1200
G1 X51.591796875 Y46.58203125 Z2 E-23.380480146864365 F1200
G1 X51.416015625 Y46.7578125 Z2 E-23.405339369640455 F1200
G1 X51.416015625 Y47.021484375 Z2 E-23.431706557140455 F1200
G1 X51.328125 Y47.109375 Z2 E-23.444136168528498 F1200
G1 X51.328125 Y47.197265625 Z2 E-23.452925231028498 F1200
G1 X51.240234375 Y47.28515625 Z2 E-23.46535484241654 F1200
G1 X51.240234375 Y47.548828125 Z2 E-23.49172202991654 F1200
G1 X51.15234375 Y47.63671875 Z2 E-23.504151641304585 F1200
G1 X51.15234375 Y47.8125 Z2 E-23.521729766304585 F1200
G1 X51.064453125 Y47.900390625 Z2 E-23.534159377692628 F1200
G1 X51.064453125 Y47.98828125 Z2 E-23.542948440192628 F1200
G1 X50.9765625 Y48.076171875 Z2 E-23.55537805158067 F1200
G1 X50.9765625 Y48.1640625 Z2 E-23.56416711408067 F1200
G1 X50.888671875 Y48.251953125 Z2 E-23.576596725468715 F1200
G1 X50.888671875 Y48.33984375 Z2 E-23.585385787968715 F1200
G1 X50.80078125 Y48.427734375 Z2 E-23.597815399356758 F1200
G1 X50.80078125 Y48.603515625 Z2 E-23.615393524356758 F1200
G1 X50.712890625 Y48.69140625 Z2 E-23.6278231357448 F1200
G1 X50.712890625 Y48.779296875 Z2 E-23.6366121982448 F1200
G1 X50.625 Y48.8671875 Z2 E-23.649041809632845 F1200
G1 X50.625 Y49.130859375 Z2 E-23.675408997132845 F1200
G1 X50.537109375 Y49.21875 Z2 E-23.687838608520888 F1200
G1 X50.537109375 Y49.39453125 Z2 E-23.705416733520888 F1200
G1 X50.44921875 Y49.482421875 Z2 E-23.71784634490893 F1200
G1 X50.44921875 Y49.658203125 Z2 E-23.73542446990893 F1200
G1 X50.361328125 Y49.74609375 Z2 E-23.747854081296975 F1200
G1 X50.361328125 Y50.009765625 Z2 E-23.774221268796975 F1200
G1 X50.2734375 Y50.09765625 Z2 E-23.786650880185018 F1200
G1 X50.2734375 Y50.361328125 Z2 E-23.813018067685018 F1200
G1 X50.185546875 Y50.44921875 Z2 E-23.82544767907306 F1200
G1 X50.185546875 Y50.625 Z2 E-23.84302580407306 F1200
G1 X50.09765625 Y50.712890625 Z2 E-23.855455415461105 F1200
G1 X50.09765625 Y50.9765625 Z2 E-23.881822602961105 F1200
G1 X50.009765625 Y51.064453125 Z2 E-23.894252214349148 F1200
G1 X50.009765625 Y51.328125 Z2 E-23.920619401849148 F1200
G1 X49.921875 Y51.416015625 Z2 E-23.93304901323719 F1200
G1 X49.921875 Y52.03125 Z2 E-23.99457245073719 F1200
G1 X49.74609375 Y52.20703125 Z2 E-24.01943167351328 F1200
G1 X49.833984375 Y52.20703125 Z2 E-24.02822073601328 F1200
G1 X50.009765625 Y52.03125 Z2 E-24.05307995878937 F1200
G1 X50.09765625 Y52.03125 Z2 E-24.06186902128937 F1200
G1 X50.361328125 Y51.767578125 Z2 E-24.099157855453505 F1200
G1 X50.44921875 Y51.767578125 Z2 E-24.107946917953505 F1200
G1 X50.712890625 Y51.50390625 Z2 E-24.14523575211764 F1200
G1 X50.80078125 Y51.50390625 Z2 E-24.15402481461764 F1200
G1 X51.328125 Y50.9765625 Z2 E-24.228602482945906 F1200
G1 X51.416015625 Y50.9765625 Z2 E-24.237391545445906 F1200
G1 X52.734375 Y49.658203125 Z2 E-24.423835716266577 F1200
G1 X52.734375 Y49.5703125 Z2 E-24.432624778766577 F1200
G1 X53.173828125 Y49.130859375 Z2 E-24.4947728357068 F1200
G1 X53.173828125 Y49.04296875 Z2 E-24.5035618982068 F1200
G1 X53.4375 Y48.779296875 Z2 E-24.540850732370934 F1200
G1 X53.4375 Y48.69140625 Z2 E-24.549639794870934 F1200
G1 X53.61328125 Y48.515625 Z2 E-24.574499017647025 F1200
G1 X53.61328125 Y48.427734375 Z2 E-24.583288080147025 F1200
G1 X53.7890625 Y48.251953125 Z2 E-24.608147302923115 F1200
G1 X53.7890625 Y48.1640625 Z2 E-24.616936365423115 F1200
G1 X53.876953125 Y48.076171875 Z2 E-24.629365976811158 F1200
G1 X53.876953125 Y47.98828125 Z2 E-24.638155039311158 F1200
G1 X53.96484375 Y47.900390625 Z2 E-24.6505846506992 F1200
G1 X53.96484375 Y47.8125 Z2 E-24.6593737131992 F1200
G1 X54.140625 Y47.63671875 Z2 E-24.68423293597529 F1200
G1 X54.140625 Y47.4609375 Z2 E-24.70181106097529 F1200
G1 X54.228515625 Y47.373046875 Z2 E-24.714240672363335 F1200
G1 X54.228515625 Y47.28515625 Z2 E-24.723029734863335 F1200
G1 X54.31640625 Y47.197265625 Z2 E-24.73545934625138 F1200
G1 X54.31640625 Y47.109375 Z2 E-24.74424840875138 F1200
G1 X54.404296875 Y47.021484375 Z2 E-24.75667802013942 F1200
G1 X54.404296875 Y46.845703125 Z2 E-24.77425614513942 F1200
G1 X54.4921875 Y46.7578125 Z2 E-24.786685756527465 F1200
G1 X54.4921875 Y46.669921875 Z2 E-24.795474819027465 F1200
G1 X54.580078125 Y46.58203125 Z2 E-24.80790443041551 F1200
G1 X54.580078125 Y46.494140625 Z2 E-24.81669349291551 F1200
G1 X54.66796875 Y46.40625 Z2 E-24.82912310430355 F1200
G1 X54.66796875 Y46.23046875 Z2 E-24.84670122930355 F1200
G1 X54.755859375 Y46.142578125 Z2 E-24.859130840691595 F1200
G1 X54.755859375 Y45.966796875 Z2 E-24.876708965691595 F1200
G1 X54.84375 Y45.87890625 Z2 E-24.88913857707964 F1200
G1 X54.84375 Y45.791015625 Z2 E-24.89792763957964 F1200
G1 X54.931640625 Y45.703125 Z2 E-24.91035725096768 F1200
G1 X54.931640625 Y45.52734375 Z2 E-24.92793537596768 F1200
G1 X55.01953125 Y45.439453125 Z2 E-24.940364987355725 F1200
G1 X55.01953125 Y45.263671875 Z2 E-24.957943112355725 F1200
G1 X55.107421875 Y45.17578125 Z2 E-24.97037272374377 F1200
G1 X55.107421875 Y45.0 Z2 E-24.98795084874377 F1200
G1 X55.1953125 Y44.912109375 Z2 E-25.00038046013181 F1200
G1 X55.1953125 Y44.82421875 Z2 E-25.00916952263181 F1200
G1 X55.283203125 Y44.736328125 Z2 E-25.021599134019855 F1200
G1 X55.283203125 Y44.560546875 Z2 E-25.039177259019855 F1200
G1 X55.37109375 Y44.47265625 Z2 E-25.0516068704079 F1200
G1 X55.37109375 Y44.296875 Z2 E-25.0691849954079 F1200
G1 X55.458984375 Y44.208984375 Z2 E-25.08161460679594 F1200
G1 X55.458984375 Y44.033203125 Z2 E-25.09919273179594 F1200
G1 X55.546875 Y43.9453125 Z2 E-25.111622343183985 F1200
G1 X55.546875 Y43.857421875 Z2 E-25.120411405683985 F1200
G1 X55.634765625 Y43.76953125 Z2 E-25.132841017072028 F1200
G1 X55.634765625 Y43.59375 Z2 E-25.150419142072028 F1200
G1 X55.72265625 Y43.505859375 Z2 E-25.16284875346007 F1200
G1 X55.72265625 Y43.41796875 Z2 E-25.17163781596007 F1200
G1 X55.810546875 Y43.330078125 Z2 E-25.184067427348115 F1200
G1 X55.810546875 Y43.2421875 Z2 E-25.192856489848115 F1200
G1 X55.8984375 Y43.154296875 Z2 E-25.205286101236158 F1200
G1 X55.8984375 Y43.06640625 Z2 E-25.214075163736158 F1200
G1 X55.986328125 Y42.978515625 Z2 E-25.2265047751242 F1200
G1 X55.986328125 Y42.890625 Z2 E-25.2352938376242 F1200
G1 X56.07421875 Y42.802734375 Z2 E-25.247723449012245 F1200
G1 X56.07421875 Y42.626953125 Z2 E-25.265301574012245 F1200
G1 X56.162109375 Y42.5390625 Z2 E-25.277731185400288 F1200
G1 X56.162109375 Y42.36328125 Z2 E-25.295309310400288 F1200
G1 X56.25 Y42.275390625 Z2 E-25.30773892178833 F1200
G1 X56.25 Y42.099609375 Z2 E-25.32531704678833 F1200
G1 X56.337890625 Y42.01171875 Z2 E-25.337746658176375 F1200
G1 X56.337890625 Y41.923828125 Z2 E-25.346535720676375 F1200
G1 X56.42578125 Y41.8359375 Z2 E-25.358965332064418 F1200
G1 X56.42578125 Y41.748046875 Z2 E-25.367754394564418 F1200
G1 X56.6015625 Y41.572265625 Z2 E-25.39261361734051 F1200
G1 X56.6015625 Y41.484375 Z2 E-25.40140267984051 F1200
G1 X56.689453125 Y41.396484375 Z2 E-25.41383229122855 F1200
G1 X56.689453125 Y41.30859375 Z2 E-25.42262135372855 F1200
G1 X56.865234375 Y41.1328125 Z2 E-25.447480576504642 F1200
G1 X56.865234375 Y41.044921875 Z2 E-25.456269639004642 F1200
G1 X56.953125 Y40.95703125 Z2 E-25.468699250392685 F1200
G1 X56.953125 Y40.869140625 Z2 E-25.477488312892685 F1200
G1 X57.041015625 Y40.78125 Z2 E-25.48991792428073 F1200
G1 X57.041015625 Y40.693359375 Z2 E-25.49870698678073 F1200
G1 X57.12890625 Y40.60546875 Z2 E-25.511136598168772 F1200
G1 X57.12890625 Y40.517578125 Z2 E-25.519925660668772 F1200
G1 X57.216796875 Y40.4296875 Z2 E-25.532355272056815 F1200
G1 X57.216796875 Y40.341796875 Z2 E-25.541144334556815 F1200
G1 X57.3046875 Y40.25390625 Z2 E-25.55357394594486 F1200
G1 X57.3046875 Y40.166015625 Z2 E-25.56236300844486 F1200
G1 X57.392578125 Y40.078125 Z2 E-25.574792619832902 F1200
G1 X57.392578125 Y39.990234375 Z2 E-25.583581682332902 F1200
G1 X57.568359375 Y39.814453125 Z2 E-25.608440905108992 F1200
G1 X57.568359375 Y39.7265625 Z2 E-25.617229967608992 F1200
G1 X57.744140625 Y39.55078125 Z2 E-25.642089190385082 F1200
G1 X57.744140625 Y39.462890625 Z2 E-25.650878252885082 F1200
G1 X57.83203125 Y39.375 Z2 E-25.663307864273126 F1200
G1 X57.83203125 Y39.287109375 Z2 E-25.672096926773126 F1200
G1 X58.0078125 Y39.111328125 Z2 E-25.696956149549216 F1200
G1 X58.0078125 Y39.0234375 Z2 E-25.705745212049216 F1200
G1 X58.18359375 Y38.84765625 Z2 E-25.730604434825306 F1200
G1 X58.18359375 Y38.759765625 Z2 E-25.739393497325306 F1200
G1 X58.271484375 Y38.671875 Z2 E-25.75182310871335 F1200
G1 X58.271484375 Y38.583984375 Z2 E-25.76061217121335 F1200
G1 X58.359375 Y38.49609375 Z2 E-25.773041782601393 F1200
G1 X58.359375 Y38.408203125 Z2 E-25.781830845101393 F1200
G1 X58.447265625 Y38.3203125 Z2 E-25.794260456489436 F1200
G1 X58.447265625 Y38.232421875 Z2 E-25.803049518989436 F1200
G1 X58.7109375 Y37.96875 Z2 E-25.84033835315357 F1200
G1 X58.7109375 Y37.880859375 Z2 E-25.84912741565357 F1200
G1 X58.88671875 Y37.705078125 Z2 E-25.87398663842966 F1200
G1 X58.88671875 Y37.6171875 Z2 E-25.88277570092966 F1200
G1 X58.974609375 Y37.529296875 Z2 E-25.895205312317703 F1200
G1 X58.974609375 Y37.44140625 Z2 E-25.903994374817703 F1200
G1 X59.0625 Y37.353515625 Z2 E-25.916423986205746 F1200
G1 X59.0625 Y37.265625 Z2 E-25.925213048705746 F1200
G1 X59.150390625 Y37.177734375 Z2 E-25.93764266009379 F1200
G1 X59.150390625 Y37.08984375 Z2 E-25.94643172259379 F1200
G1 X59.23828125 Y37.001953125 Z2 E-25.958861333981833 F1200
G1 X59.23828125 Y36.9140625 Z2 E-25.967650396481833 F1200
G1 X59.326171875 Y36.826171875 Z2 E-25.980080007869876 F1200
G1 X59.326171875 Y36.73828125 Z2 E-25.988869070369876 F1200
G1 X59.501953125 Y36.5625 Z2 E-26.013728293145967 F1200
G1 X59.501953125 Y36.474609375 Z2 E-26.022517355645967 F1200
G1 X59.58984375 Y36.38671875 Z2 E-26.03494696703401 F1200
G1 X59.58984375 Y36.298828125 Z2 E-26.04373602953401 F1200
G1 X59.677734375 Y36.2109375 Z2 E-26.056165640922053 F1200
G1 X59.677734375 Y36.123046875 Z2 E-26.064954703422053 F1200
G1 X59.765625 Y36.03515625 Z2 E-26.077384314810097 F1200
G1 X59.765625 Y35.947265625 Z2 E-26.086173377310097 F1200
G1 X59.853515625 Y35.859375 Z2 E-26.09860298869814 F1200
G1 X59.853515625 Y35.771484375 Z2 E-26.10739205119814 F1200
G1 X59.94140625 Y35.68359375 Z2 E-26.119821662586183 F1200
G1 X59.94140625 Y35.595703125 Z2 E-26.128610725086183 F1200
G1 X60.029296875 Y35.5078125 Z2 E-26.141040336474227 F1200
G1 X60.029296875 Y35.419921875 Z2 E-26.149829398974227 F1200
G1 X60.1171875 Y35.33203125 Z2 E-26.16225901036227 F1200
G1 X60.1171875 Y35.244140625 Z2 E-26.17104807286227 F1200
G1 X60.205078125 Y35.15625 Z2 E-26.183477684250313 F1200
G1 X60.205078125 Y35.068359375 Z2 E-26.192266746750313 F1200
G1 X60.29296875 Y34.98046875 Z2 E-26.204696358138357 F1200
G1 X60.29296875 Y34.8046875 Z2 E-26.222274483138357 F1200
G1 X60.380859375 Y34.716796875 Z2 E-26.2347040945264 F1200
G1 X60.380859375 Y34.62890625 Z2 E-26.2434931570264 F1200
G1 X60.46875 Y34.541015625 Z2 E-26.255922768414443 F1200
G1 X60.46875 Y34.365234375 Z2 E-26.273500893414443 F1200
G1 X60.556640625 Y34.27734375 Z2 E-26.285930504802486 F1200
G1 X60.556640625 Y34.189453125 Z2 E-26.294719567302486 F1200
G1 X60.64453125 Y34.1015625 Z2 E-26.30714917869053 F1200
G1 X60.64453125 Y34.013671875 Z2 E-26.31593824119053 F1200
G1 X60.732421875 Y33.92578125 Z2 E-26.328367852578573 F1200
G1 X60.732421875 Y33.75 Z2 E-26.345945977578573 F1200
G1 X60.8203125 Y33.662109375 Z2 E-26.358375588966616 F1200
G1 X60.8203125 Y33.57421875 Z2 E-26.367164651466616 F1200
G1 X60.908203125 Y33.486328125 Z2 E-26.37959426285466 F1200
G1 X60.908203125 Y33.310546875 Z2 E-26.39717238785466 F1200
G1 X60.99609375 Y33.22265625 Z2 E-26.409601999242703 F1200
G1 X60.99609375 Y33.046875 Z2 E-26.427180124242703 F1200
G1 X61.083984375 Y32.958984375 Z2 E-26.439609735630746 F1200
G1 X61.083984375 Y32.87109375 Z2 E-26.448398798130746 F1200
G1 X61.171875 Y32.783203125 Z2 E-26.46082840951879 F1200
G1 X61.171875 Y32.51953125 Z2 E-26.48719559701879 F1200
G1 X61.259765625 Y32.431640625 Z2 E-26.499625208406833 F1200
G1 X61.259765625 Y32.255859375 Z2 E-26.517203333406833 F1200
G1 X61.34765625 Y32.16796875 Z2 E-26.529632944794876 F1200
G1 X61.34765625 Y31.9921875 Z2 E-26.547211069794876 F1200
G1 X61.435546875 Y31.904296875 Z2 E-26.55964068118292 F1200
G1 X61.435546875 Y31.640625 Z2 E-26.58600786868292 F1200
G1 X61.5234375 Y31.552734375 Z2 E-26.598437480070963 F1200
G1 X61.5234375 Y31.2890625 Z2 E-26.624804667570963 F1200
G1 X61.611328125 Y31.201171875 Z2 E-26.637234278959006 F1200
G1 X61.611328125 Y30.9375 Z2 E-26.663601466459006 F1200
G1 X61.69921875 Y30.849609375 Z2 E-26.67603107784705 F1200
G1 X61.69921875 Y30.5859375 Z2 E-26.70239826534705 F1200
G1 X61.787109375 Y30.498046875 Z2 E-26.714827876735093 F1200
G1 X61.787109375 Y30.146484375 Z2 E-26.749984126735093 F1200
G1 X61.875 Y30.05859375 Z2 E-26.762413738123136 F1200
G1 X61.875 Y29.70703125 Z2 E-26.797569988123136 F1200
G1 X61.962890625 Y29.619140625 Z2 E-26.80999959951118 F1200
G1 X61.962890625 Y29.267578125 Z2 E-26.84515584951118 F1200
G1 X61.875 Y29.1796875 Z2 E-26.857585460899223 F1200
G1 X61.875 Y29.091796875 Z2 E-26.866374523399223 F1200
G1 X61.69921875 Y28.916015625 Z2 E-26.891233746175313 F1200
G1 X61.69921875 Y28.740234375 Z2 E-26.908811871175313 F1200
G1 X61.611328125 Y28.65234375 Z2 E-26.921241482563357 F1200
G1 X61.611328125 Y28.4765625 Z2 E-26.938819607563357 F1200
G1 X61.5234375 Y28.388671875 Z2 E-26.9512492189514 F1200
G1 X61.5234375 Y28.30078125 Z2 E-26.9600382814514 F1200
G1 X61.435546875 Y28.212890625 Z2 E-26.972467892839443 F1200
G1 X61.435546875 Y28.037109375 Z2 E-26.990046017839443 F1200
G1 X61.34765625 Y27.94921875 Z2 E-27.002475629227487 F1200
G1 X61.34765625 Y27.7734375 Z2 E-27.020053754227487 F1200
G1 X61.259765625 Y27.685546875 Z2 E-27.03248336561553 F1200
G1 X61.259765625 Y27.59765625 Z2 E-27.04127242811553 F1200
G1 X61.171875 Y27.509765625 Z2 E-27.053702039503573 F1200
G1 X61.171875 Y27.333984375 Z2 E-27.071280164503573 F1200
G1 X61.083984375 Y27.24609375 Z2 E-27.083709775891617 F1200
G1 X61.083984375 Y27.0703125 Z2 E-27.101287900891617 F1200
G1 X60.99609375 Y26.982421875 Z2 E-27.11371751227966 F1200
G1 X60.99609375 Y26.806640625 Z2 E-27.13129563727966 F1200
G1 X60.908203125 Y26.71875 Z2 E-27.143725248667703 F1200
G1 X60.908203125 Y26.54296875 Z2 E-27.161303373667703 F1200
G1 X60.8203125 Y26.455078125 Z2 E-27.173732985055747 F1200
G1 X60.8203125 Y26.3671875 Z2 E-27.182522047555747 F1200
G1 X60.732421875 Y26.279296875 Z2 E-27.19495165894379 F1200
G1 X60.732421875 Y26.19140625 Z2 E-27.20374072144379 F1200
G1 X60.64453125 Y26.103515625 Z2 E-27.216170332831833 F1200
G1 X60.64453125 Y25.927734375 Z2 E-27.233748457831833 F1200
G1 X60.556640625 Y25.83984375 Z2 E-27.246178069219877 F1200
G1 X60.556640625 Y25.751953125 Z2 E-27.254967131719877 F1200
G1 X60.380859375 Y25.576171875 Z2 E-27.279826354495967 F1200
G1 X60.380859375 Y25.400390625 Z2 E-27.297404479495967 F1200
G1 X60.29296875 Y25.3125 Z2 E-27.30983409088401 F1200
G1 X60.29296875 Y25.224609375 Z2 E-27.31862315338401 F1200
G1 X60.205078125 Y25.13671875 Z2 E-27.331052764772053 F1200
G1 X60.205078125 Y25.048828125 Z2 E-27.339841827272053 F1200
G1 X60.1171875 Y24.9609375 Z2 E-27.352271438660097 F1200
G1 X60.1171875 Y24.873046875 Z2 E-27.361060501160097 F1200
G1 X60.029296875 Y24.78515625 Z2 E-27.37349011254814 F1200
G1 X60.029296875 Y24.609375 Z2 E-27.39106823754814 F1200
G1 X59.853515625 Y24.43359375 Z2 E-27.41592746032423 F1200
G1 X59.853515625 Y24.2578125 Z2 E-27.43350558532423 F1200
G1 X59.677734375 Y24.08203125 Z2 E-27.45836480810032 F1200
G1 X59.677734375 Y23.994140625 Z2 E-27.46715387060032 F1200
G1 X59.58984375 Y23.90625 Z2 E-27.479583481988364 F1200
G1 X59.58984375 Y23.818359375 Z2 E-27.488372544488364 F1200
G1 X59.501953125 Y23.73046875 Z2 E-27.500802155876407 F1200
G1 X59.501953125 Y23.642578125 Z2 E-27.509591218376407 F1200
G1 X59.326171875 Y23.466796875 Z2 E-27.534450441152497 F1200
G1 X59.326171875 Y23.37890625 Z2 E-27.543239503652497 F1200
G1 X59.23828125 Y23.291015625 Z2 E-27.55566911504054 F1200
G1 X59.23828125 Y23.203125 Z2 E-27.56445817754054 F1200
G1 X59.150390625 Y23.115234375 Z2 E-27.576887788928584 F1200
G1 X59.150390625 Y23.02734375 Z2 E-27.585676851428584 F1200
G1 X58.974609375 Y22.8515625 Z2 E-27.610536074204674 F1200
G1 X58.974609375 Y22.763671875 Z2 E-27.619325136704674 F1200
G1 X58.798828125 Y22.587890625 Z2 E-27.644184359480764 F1200
G1 X58.798828125 Y22.5 Z2 E-27.652973421980764 F1200
G1 X58.7109375 Y22.412109375 Z2 E-27.665403033368808 F1200
G1 X58.7109375 Y22.32421875 Z2 E-27.674192095868808 F1200
G1 X58.623046875 Y22.236328125 Z2 E-27.68662170725685 F1200
G1 X58.623046875 Y22.1484375 Z2 E-27.69541076975685 F1200
G1 X58.447265625 Y21.97265625 Z2 E-27.72026999253294 F1200
G1 X58.447265625 Y21.884765625 Z2 E-27.72905905503294 F1200
G1 X58.359375 Y21.796875 Z2 E-27.741488666420985 F1200
G1 X58.359375 Y21.708984375 Z2 E-27.750277728920985 F1200
G1 X58.095703125 Y21.4453125 Z2 E-27.787566563085118 F1200
G1 X58.095703125 Y21.357421875 Z2 E-27.796355625585118 F1200
G1 X57.919921875 Y21.181640625 Z2 E-27.82121484836121 F1200
G1 X57.919921875 Y21.09375 Z2 E-27.83000391086121 F1200
G1 X57.744140625 Y20.91796875 Z2 E-27.8548631336373 F1200
G1 X57.744140625 Y20.830078125 Z2 E-27.8636521961373 F1200
G1 X57.65625 Y20.7421875 Z2 E-27.876081807525342 F1200
G1 X57.65625 Y20.654296875 Z2 E-27.884870870025342 F1200
G1 X57.3046875 Y20.302734375 Z2 E-27.934589315577522 F1200
G1 X57.3046875 Y20.21484375 Z2 E-27.943378378077522 F1200
G1 X56.953125 Y19.86328125 Z2 E-27.993096823629703 F1200
G1 X56.953125 Y19.775390625 Z2 E-28.001885886129703 F1200
G1 X56.77734375 Y19.599609375 Z2 E-28.026745108905793 F1200
G1 X56.77734375 Y19.51171875 Z2 E-28.035534171405793 F1200
G1 X56.513671875 Y19.248046875 Z2 E-28.072823005569926 F1200
G1 X56.513671875 Y19.16015625 Z2 E-28.081612068069926 F1200
G1 X56.25 Y18.896484375 Z2 E-28.11890090223406 F1200
G1 X56.25 Y18.80859375 Z2 E-28.12768996473406 F1200
G1 X56.162109375 Y18.720703125 Z2 E-28.140119576122103 F1200
G1 X56.162109375 Y18.6328125 Z2 E-28.148908638622103 F1200
G1 X55.634765625 Y18.10546875 Z2 E-28.22348630695037 F1200
G1 X55.634765625 Y18.017578125 Z2 E-28.23227536945037 F1200
G1 X55.458984375 Y17.841796875 Z2 E-28.25713459222646 F1200
G1 X55.458984375 Y17.75390625 Z2 E-28.26592365472646 F1200
G1 X54.931640625 Y17.2265625 Z2 E-28.340501323054728 F1200
G1 X54.931640625 Y17.138671875 Z2 E-28.349290385554728 F1200
G1 X54.84375 Y17.138671875 Z2 E-28.358079448054728 F1200
G1 X54.755859375 Y17.05078125 Z2 E-28.37050905944277 F1200
G1 X54.755859375 Y16.962890625 Z2 E-28.37929812194277 F1200
G1 E-27.37929812194277 F1800
G0 X68.203125 Y14.677734375 Z2 F3000
G1 E-27.37929812194277 F1800
G0 X68.115234375 Y14.501953125 Z2 F3000
G1 E-27.37929812194277 F1800
G0 X68.02734375 Y14.326171875 Z2 F3000
G1 E-27.37929812194277 F1800
G0 X27.509765625 Y11.77734375 Z2 F3000
G1 X27.7734375 Y11.77734375 Z2 E-28.40566530944277 F1200
G1 X27.861328125 Y11.865234375 Z2 E-28.418094920830814 F1200
G1 X28.037109375 Y11.865234375 Z2 E-28.435673045830814 F1200
G1 X28.125 Y11.953125 Z2 E-28.448102657218858 F1200
G1 X28.388671875 Y11.953125 Z2 E-28.474469844718858 F1200
G1 X28.4765625 Y12.041015625 Z2 E-28.4868994561069 F1200
G1 X28.65234375 Y12.041015625 Z2 E-28.5044775811069 F1200
G1 X28.740234375 Y12.12890625 Z2 E-28.516907192494944 F1200
G1 X29.00390625 Y12.12890625 Z2 E-28.543274379994944 F1200
G1 X29.091796875 Y12.216796875 Z2 E-28.555703991382988 F1200
G1 X29.35546875 Y12.216796875 Z2 E-28.582071178882988 F1200
G1 X29.443359375 Y12.3046875 Z2 E-28.59450079027103 F1200
G1 X29.619140625 Y12.3046875 Z2 E-28.61207891527103 F1200
G1 X29.70703125 Y12.392578125 Z2 E-28.624508526659074 F1200
G1 X29.8828125 Y12.392578125 Z2 E-28.642086651659074 F1200
G1 X29.970703125 Y12.48046875 Z2 E-28.654516263047118 F1200
G1 X30.234375 Y12.48046875 Z2 E-28.680883450547118 F1200
G1 X30.322265625 Y12.568359375 Z2 E-28.69331306193516 F1200
G1 X30.498046875 Y12.568359375 Z2 E-28.71089118693516 F1200
G1 X30.5859375 Y12.65625 Z2 E-28.723320798323204 F1200
G1 X30.76171875 Y12.65625 Z2 E-28.740898923323204 F1200
G1 X30.849609375 Y12.744140625 Z2 E-28.753328534711247 F1200
G1 X31.11328125 Y12.744140625 Z2 E-28.779695722211247 F1200
G1 X31.201171875 Y12.83203125 Z2 E-28.79212533359929 F1200
G1 X31.376953125 Y12.83203125 Z2 E-28.80970345859929 F1200
G1 X31.46484375 Y12.919921875 Z2 E-28.822133069987334 F1200
G1 X31.640625 Y12.919921875 Z2 E-28.839711194987334 F1200
G1 X31.728515625 Y13.0078125 Z2 E-28.852140806375377 F1200
G1 X31.904296875 Y13.0078125 Z2 E-28.869718931375377 F1200
G1 X31.9921875 Y13.095703125 Z2 E-28.88214854276342 F1200
G1 X32.16796875 Y13.095703125 Z2 E-28.89972666776342 F1200
G1 X32.255859375 Y13.18359375 Z2 E-28.912156279151464 F1200
G1 X32.34375 Y13.18359375 Z2 E-28.920945341651464 F1200
G1 X32.431640625 Y13.271484375 Z2 E-28.933374953039507 F1200
G1 X32.607421875 Y13.271484375 Z2 E-28.950953078039507 F1200
G1 X32.6953125 Y13.359375 Z2 E-28.96338268942755 F1200
G1 X32.87109375 Y13.359375 Z2 E-28.98096081442755 F1200
G1 X32.958984375 Y13.447265625 Z2 E-28.993390425815594 F1200
G1 X33.22265625 Y13.447265625 Z2 E-29.019757613315594 F1200
G1 X33.310546875 Y13.53515625 Z2 E-29.032187224703637 F1200
G1 X33.486328125 Y13.53515625 Z2 E-29.049765349703637 F1200
G1 X33.57421875 Y13.623046875 Z2 E-29.06219496109168 F1200
G1 X33.75 Y13.623046875 Z2 E-29.07977308609168 F1200
G1 X33.837890625 Y13.7109375 Z2 E-29.092202697479724 F1200
G1 X34.013671875 Y13.7109375 Z2 E-29.109780822479724 F1200
G1 X34.1015625 Y13.798828125 Z2 E-29.122210433867767 F1200
G1 X34.27734375 Y13.798828125 Z2 E-29.139788558867767 F1200
G1 X34.365234375 Y13.88671875 Z2 E-29.15221817025581 F1200
G1 X34.453125 Y13.88671875 Z2 E-29.16100723275581 F1200
G1 X34.541015625 Y13.974609375 Z2 E-29.173436844143854 F1200
G1 X34.716796875 Y13.974609375 Z2 E-29.191014969143854 F1200
G1 X34.8046875 Y14.0625 Z2 E-29.203444580531897 F1200
G1 X34.98046875 Y14.0625 Z2 E-29.221022705531897 F1200
G1 X35.068359375 Y14.150390625 Z2 E-29.23345231691994 F1200
G1 X35.244140625 Y14.150390625 Z2 E-29.25103044191994 F1200
G1 X35.33203125 Y14.23828125 Z2 E-29.263460053307984 F1200
G1 X35.5078125 Y14.23828125 Z2 E-29.281038178307984 F1200
G1 X35.595703125 Y14.326171875 Z2 E-29.293467789696027 F1200
G1 X35.68359375 Y14.326171875 Z2 E-29.302256852196027 F1200
G1 X35.771484375 Y14.4140625 Z2 E-29.31468646358407 F1200
G1 X35.947265625 Y14.4140625 Z2 E-29.33226458858407 F1200
G1 X36.03515625 Y14.501953125 Z2 E-29.344694199972114 F1200
G1 X36.2109375 Y14.501953125 Z2 E-29.362272324972114 F1200
G1 X36.298828125 Y14.58984375 Z2 E-29.374701936360157 F1200
G1 X36.38671875 Y14.58984375 Z2 E-29.383490998860157 F1200
G1 X36.474609375 Y14.677734375 Z2 E-29.3959206102482 F1200
G1 X36.650390625 Y14.677734375 Z2 E-29.4134987352482 F1200
G1 X36.73828125 Y14.765625 Z2 E-29.425928346636244 F1200
G1 X36.826171875 Y14.765625 Z2 E-29.434717409136244 F1200
G1 X36.9140625 Y14.853515625 Z2 E-29.447147020524287 F1200
G1 X37.001953125 Y14.853515625 Z2 E-29.455936083024287 F1200
G1 X37.08984375 Y14.94140625 Z2 E-29.46836569441233 F1200
G1 X37.265625 Y14.94140625 Z2 E-29.48594381941233 F1200
G1 X37.353515625 Y15.029296875 Z2 E-29.498373430800374 F1200
G1 X37.44140625 Y15.029296875 Z2 E-29.507162493300374 F1200
G1 X37.529296875 Y15.1171875 Z2 E-29.519592104688417 F1200
G1 X37.6171875 Y15.1171875 Z2 E-29.528381167188417 F1200
G1 X37.705078125 Y15.205078125 Z2 E-29.54081077857646 F1200
G1 X37.79296875 Y15.205078125 Z2 E-29.54959984107646 F1200
G1 X37.880859375 Y15.29296875 Z2 E-29.562029452464504 F1200
G1 X37.96875 Y15.29296875 Z2 E-29.570818514964504 F1200
G1 X38.056640625 Y15.380859375 Z2 E-29.583248126352547 F1200
G1 X38.232421875 Y15.380859375 Z2 E-29.600826251352547 F1200
G1 X38.3203125 Y15.46875 Z2 E-29.61325586274059 F1200
G1 X38.408203125 Y15.46875 Z2 E-29.62204492524059 F1200
G1 X38.49609375 Y15.556640625 Z2 E-29.634474536628634 F1200
G1 X38.671875 Y15.556640625 Z2 E-29.652052661628634 F1200
G1 X38.759765625 Y15.64453125 Z2 E-29.664482273016677 F1200
G1 X38.935546875 Y15.64453125 Z2 E-29.682060398016677 F1200
G1 X39.111328125 Y15.8203125 Z2 E-29.706919620792767 F1200
G1 X39.287109375 Y15.8203125 Z2 E-29.724497745792767 F1200
G1 X39.462890625 Y15.99609375 Z2 E-29.749356968568858 F1200
G1 X39.55078125 Y15.99609375 Z2 E-29.758146031068858 F1200
G1 X39.638671875 Y16.083984375 Z2 E-29.7705756424569 F1200
G1 X39.7265625 Y16.083984375 Z2 E-29.7793647049569 F1200
G1 X39.814453125 Y16.171875 Z2 E-29.791794316344944 F1200
G1 X39.90234375 Y16.171875 Z2 E-29.800583378844944 F1200
G1 X39.990234375 Y16.259765625 Z2 E-29.813012990232988 F1200
G1 X40.166015625 Y16.259765625 Z2 E-29.830591115232988 F1200
G1 X40.25390625 Y16.34765625 Z2 E-29.84302072662103 F1200
G1 X40.341796875 Y16.34765625 Z2 E-29.85180978912103 F1200
G1 X40.4296875 Y16.435546875 Z2 E-29.864239400509074 F1200
G1 X40.517578125 Y16.435546875 Z2 E-29.873028463009074 F1200
G1 X40.60546875 Y16.5234375 Z2 E-29.885458074397118 F1200
G1 X40.693359375 Y16.5234375 Z2 E-29.894247136897118 F1200
G1 X40.78125 Y16.611328125 Z2 E-29.90667674828516 F1200
G1 X40.869140625 Y16.611328125 Z2 E-29.91546581078516 F1200
G1 X40.95703125 Y16.69921875 Z2 E-29.927895422173204 F1200
G1 X41.044921875 Y16.69921875 Z2 E-29.936684484673204 F1200
G1 X41.1328125 Y16.787109375 Z2 E-29.949114096061248 F1200
G1 X41.220703125 Y16.787109375 Z2 E-29.957903158561248 F1200
G1 X41.30859375 Y16.875 Z2 E-29.97033276994929 F1200
G1 X41.396484375 Y16.875 Z2 E-29.97912183244929 F1200
G1 X41.484375 Y16.962890625 Z2 E-29.991551443837334 F1200
G1 X41.572265625 Y16.962890625 Z2 E-30.000340506337334 F1200
G1 X41.66015625 Y17.05078125 Z2 E-30.012770117725378 F1200
G1 X41.748046875 Y17.05078125 Z2 E-30.021559180225378 F1200
G1 X41.8359375 Y17.138671875 Z2 E-30.03398879161342 F1200
G1 X41.923828125 Y17.138671875 Z2 E-30.04277785411342 F1200
G1 X42.01171875 Y17.2265625 Z2 E-30.055207465501464 F1200
G1 X42.099609375 Y17.2265625 Z2 E-30.063996528001464 F1200
G1 X42.275390625 Y17.40234375 Z2 E-30.088855750777554 F1200
G1 X42.36328125 Y17.40234375 Z2 E-30.097644813277554 F1200
G1 X42.451171875 Y17.490234375 Z2 E-30.110074424665598 F1200
G1 X42.5390625 Y17.490234375 Z2 E-30.118863487165598 F1200
G1 X42.626953125 Y17.578125 Z2 E-30.13129309855364 F1200
G1 X42.71484375 Y17.578125 Z2 E-30.14008216105364 F1200
G1 X42.890625 Y17.75390625 Z2 E-30.16494138382973 F1200
G1 X42.978515625 Y17.75390625 Z2 E-30.17373044632973 F1200
G1 X43.06640625 Y17.841796875 Z2 E-30.186160057717775 F1200
G1 X43.154296875 Y17.841796875 Z2 E-30.194949120217775 F1200
G1 X43.330078125 Y18.017578125 Z2 E-30.219808342993865 F1200
G1 X43.41796875 Y18.017578125 Z2 E-30.228597405493865 F1200
G1 X43.505859375 Y18.10546875 Z2 E-30.241027016881908 F1200
G1 X43.59375 Y18.10546875 Z2 E-30.249816079381908 F1200
G1 X43.681640625 Y18.193359375 Z2 E-30.26224569076995 F1200
G1 X43.76953125 Y18.193359375 Z2 E-30.27103475326995 F1200
G1 X43.9453125 Y18.369140625 Z2 E-30.29589397604604 F1200
G1 X44.033203125 Y18.369140625 Z2 E-30.30468303854604 F1200
G1 X44.12109375 Y18.45703125 Z2 E-30.317112649934085 F1200
G1 X44.208984375 Y18.45703125 Z2 E-30.325901712434085 F1200
G1 X44.47265625 Y18.720703125 Z2 E-30.36319054659822 F1200
G1 X44.560546875 Y18.720703125 Z2 E-30.37197960909822 F1200
G1 X44.736328125 Y18.896484375 Z2 E-30.39683883187431 F1200
G1 X44.82421875 Y18.896484375 Z2 E-30.40562789437431 F1200
G1 X44.912109375 Y18.984375 Z2 E-30.418057505762352 F1200
G1 X45.0 Y18.984375 Z2 E-30.426846568262352 F1200
G1 X45.087890625 Y19.072265625 Z2 E-30.439276179650395 F1200
G1 X45.17578125 Y19.072265625 Z2 E-30.448065242150395 F1200
G1 X45.3515625 Y19.248046875 Z2 E-30.472924464926486 F1200
G1 X45.439453125 Y19.248046875 Z2 E-30.481713527426486 F1200
G1 X45.0 Y18.80859375 Z2 E-30.54386158436671 F1200
G1 X45.0 Y18.720703125 Z2 E-30.55265064686671 F1200
G1 X44.912109375 Y18.720703125 Z2 E-30.56143970936671 F1200
G1 X44.82421875 Y18.6328125 Z2 E-30.573869320754753 F1200
G1 X44.736328125 Y18.6328125 Z2 E-30.582658383254753 F1200
G1 X44.6484375 Y18.544921875 Z2 E-30.595087994642796 F1200
G1 X44.6484375 Y18.45703125 Z2 E-30.603877057142796 F1200
G1 X44.560546875 Y18.45703125 Z2 E-30.612666119642796 F1200
G1 X44.296875 Y18.193359375 Z2 E-30.64995495380693 F1200
G1 X44.208984375 Y18.193359375 Z2 E-30.65874401630693 F1200
G1 X43.9453125 Y17.9296875 Z2 E-30.696032850471063 F1200
G1 X43.857421875 Y17.9296875 Z2 E-30.704821912971063 F1200
G1 X43.505859375 Y17.578125 Z2 E-30.754540358523244 F1200
G1 X43.41796875 Y17.578125 Z2 E-30.763329421023244 F1200
G1 X43.06640625 Y17.2265625 Z2 E-30.813047866575424 F1200
G1 X42.978515625 Y17.2265625 Z2 E-30.821836929075424 F1200
G1 X42.890625 Y17.138671875 Z2 E-30.834266540463467 F1200
G1 X42.802734375 Y17.138671875 Z2 E-30.843055602963467 F1200
G1 X42.626953125 Y16.962890625 Z2 E-30.867914825739557 F1200
G1 X42.5390625 Y16.962890625 Z2 E-30.876703888239557 F1200
G1 X42.36328125 Y16.787109375 Z2 E-30.901563111015648 F1200
G1 X42.275390625 Y16.787109375 Z2 E-30.910352173515648 F1200
G1 X42.099609375 Y16.611328125 Z2 E-30.935211396291738 F1200
G1 X42.01171875 Y16.611328125 Z2 E-30.944000458791738 F1200
G1 X41.923828125 Y16.5234375 Z2 E-30.95643007017978 F1200
G1 X41.8359375 Y16.5234375 Z2 E-30.96521913267978 F1200
G1 X41.66015625 Y16.34765625 Z2 E-30.99007835545587 F1200
G1 X41.572265625 Y16.34765625 Z2 E-30.99886741795587 F1200
G1 X41.484375 Y16.259765625 Z2 E-31.011297029343915 F1200
G1 X41.396484375 Y16.259765625 Z2 E-31.020086091843915 F1200
G1 X41.220703125 Y16.083984375 Z2 E-31.044945314620005 F1200
G1 X41.1328125 Y16.083984375 Z2 E-31.053734377120005 F1200
G1 X41.044921875 Y15.99609375 Z2 E-31.06616398850805 F1200
G1 X40.95703125 Y15.99609375 Z2 E-31.07495305100805 F1200
G1 X40.78125 Y15.8203125 Z2 E-31.09981227378414 F1200
G1 X40.693359375 Y15.8203125 Z2 E-31.10860133628414 F1200
G1 X40.60546875 Y15.732421875 Z2 E-31.121030947672182 F1200
G1 X40.517578125 Y15.732421875 Z2 E-31.129820010172182 F1200
G1 X40.4296875 Y15.64453125 Z2 E-31.142249621560225 F1200
G1 X40.341796875 Y15.64453125 Z2 E-31.151038684060225 F1200
G1 X40.25390625 Y15.556640625 Z2 E-31.16346829544827 F1200
G1 X40.166015625 Y15.556640625 Z2 E-31.17225735794827 F1200
G1 X40.078125 Y15.46875 Z2 E-31.184686969336312 F1200
G1 X39.990234375 Y15.46875 Z2 E-31.193476031836312 F1200
G1 X39.90234375 Y15.380859375 Z2 E-31.205905643224355 F1200
G1 X39.814453125 Y15.380859375 Z2 E-31.214694705724355 F1200
G1 X39.7265625 Y15.29296875 Z2 E-31.2271243171124 F1200
G1 X39.55078125 Y15.29296875 Z2 E-31.2447024421124 F1200
G1 X39.375 Y15.1171875 Z2 E-31.26956166488849 F1200
G1 X39.19921875 Y15.1171875 Z2 E-31.28713978988849 F1200
G1 X39.111328125 Y15.029296875 Z2 E-31.299569401276532 F1200
G1 X39.0234375 Y15.029296875 Z2 E-31.308358463776532 F1200
G1 X38.935546875 Y14.94140625 Z2 E-31.320788075164575 F1200
G1 X38.84765625 Y14.94140625 Z2 E-31.329577137664575 F1200
G1 X38.759765625 Y14.853515625 Z2 E-31.34200674905262 F1200
G1 X38.671875 Y14.853515625 Z2 E-31.35079581155262 F1200
G1 X38.583984375 Y14.765625 Z2 E-31.363225422940662 F1200
G1 X38.408203125 Y14.765625 Z2 E-31.380803547940662 F1200
G1 X38.3203125 Y14.677734375 Z2 E-31.393233159328705 F1200
G1 X38.232421875 Y14.677734375 Z2 E-31.402022221828705 F1200
G1 X38.14453125 Y14.58984375 Z2 E-31.41445183321675 F1200
G1 X38.056640625 Y14.58984375 Z2 E-31.42324089571675 F1200
G1 X37.96875 Y14.501953125 Z2 E-31.435670507104792 F1200
G1 X37.880859375 Y14.501953125 Z2 E-31.444459569604792 F1200
G1 X37.79296875 Y14.4140625 Z2 E-31.456889180992835 F1200
G1 X37.6171875 Y14.4140625 Z2 E-31.474467305992835 F1200
G1 X37.529296875 Y14.326171875 Z2 E-31.48689691738088 F1200
G1 X37.44140625 Y14.326171875 Z2 E-31.49568597988088 F1200
G1 X37.353515625 Y14.23828125 Z2 E-31.508115591268922 F1200
G1 X37.177734375 Y14.23828125 Z2 E-31.525693716268922 F1200
G1 X37.08984375 Y14.150390625 Z2 E-31.538123327656965 F1200
G1 X37.001953125 Y14.150390625 Z2 E-31.546912390156965 F1200
G1 X36.9140625 Y14.0625 Z2 E-31.55934200154501 F1200
G1 X36.73828125 Y14.0625 Z2 E-31.57692012654501 F1200
G1 X36.650390625 Y13.974609375 Z2 E-31.589349737933052 F1200
G1 X36.474609375 Y13.974609375 Z2 E-31.606927862933052 F1200
G1 X36.38671875 Y13.88671875 Z2 E-31.619357474321095 F1200
G1 X36.2109375 Y13.88671875 Z2 E-31.636935599321095 F1200
G1 X36.123046875 Y13.798828125 Z2 E-31.64936521070914 F1200
G1 X35.947265625 Y13.798828125 Z2 E-31.66694333570914 F1200
G1 X35.859375 Y13.7109375 Z2 E-31.679372947097182 F1200
G1 X35.68359375 Y13.7109375 Z2 E-31.696951072097182 F1200
G1 X35.595703125 Y13.623046875 Z2 E-31.709380683485225 F1200
G1 X35.419921875 Y13.623046875 Z2 E-31.726958808485225 F1200
G1 X35.33203125 Y13.53515625 Z2 E-31.73938841987327 F1200
G1 X35.15625 Y13.53515625 Z2 E-31.75696654487327 F1200
G1 X35.068359375 Y13.447265625 Z2 E-31.769396156261312 F1200
G1 X34.892578125 Y13.447265625 Z2 E-31.786974281261312 F1200
G1 X34.8046875 Y13.359375 Z2 E-31.799403892649355 F1200
G1 X34.541015625 Y13.359375 Z2 E-31.825771080149355 F1200
G1 X34.453125 Y13.271484375 Z2 E-31.8382006915374 F1200
G1 X34.27734375 Y13.271484375 Z2 E-31.8557788165374 F1200
G1 X34.189453125 Y13.18359375 Z2 E-31.868208427925442 F1200
G1 X33.92578125 Y13.18359375 Z2 E-31.894575615425442 F1200
G1 X33.837890625 Y13.095703125 Z2 E-31.907005226813485 F1200
G1 X33.662109375 Y13.095703125 Z2 E-31.924583351813485 F1200
G1 X33.57421875 Y13.0078125 Z2 E-31.93701296320153 F1200
G1 X33.310546875 Y13.0078125 Z2 E-31.96338015070153 F1200
G1 X33.22265625 Y12.919921875 Z2 E-31.975809762089572 F1200
G1 X33.046875 Y12.919921875 Z2 E-31.993387887089572 F1200
G1 X32.958984375 Y12.83203125 Z2 E-32.00581749847762 F1200
G1 X32.6953125 Y12.83203125 Z2 E-32.03218468597762 F1200
G1 X32.607421875 Y12.744140625 Z2 E-32.04461429736566 F1200
G1 X32.34375 Y12.744140625 Z2 E-32.07098148486566 F1200
G1 X32.255859375 Y12.65625 Z2 E-32.083411096253705 F1200
G1 X31.9921875 Y12.65625 Z2 E-32.109778283753705 F1200
G1 X31.904296875 Y12.568359375 Z2 E-32.12220789514175 F1200
G1 X31.552734375 Y12.568359375 Z2 E-32.15736414514175 F1200
G1 X31.46484375 Y12.48046875 Z2 E-32.16979375652979 F1200
G1 X31.11328125 Y12.48046875 Z2 E-32.20495000652979 F1200
G1 X31.025390625 Y12.392578125 Z2 E-32.217379617917835 F1200
G1 X30.76171875 Y12.392578125 Z2 E-32.243746805417835 F1200
G1 X30.673828125 Y12.3046875 Z2 E-32.25617641680588 F1200
G1 X30.41015625 Y12.3046875 Z2 E-32.28254360430588 F1200
G1 X30.322265625 Y12.216796875 Z2 E-32.29497321569392 F1200
G1 X29.970703125 Y12.216796875 Z2 E-32.33012946569392 F1200
G1 X29.8828125 Y12.12890625 Z2 E-32.342559077081965 F1200
G1 X29.53125 Y12.12890625 Z2 E-32.377715327081965 F1200
G1 X29.443359375 Y12.041015625 Z2 E-32.39014493847001 F1200
G1 X29.00390625 Y12.041015625 Z2 E-32.43409025097001 F1200
G1 X28.916015625 Y11.953125 Z2 E-32.44651986235805 F1200
G1 X28.4765625 Y11.953125 Z2 E-32.49046517485805 F1200
G1 X28.388671875 Y11.865234375 Z2 E-32.502894786246095 F1200
G1 X27.94921875 Y11.865234375 Z2 E-32.546840098746095 F1200
G1 X27.861328125 Y11.77734375 Z2 E-32.55926971013414 F1200
G1 E-31.55926971013414 F1800
G0 X39.287109375 Y11.25 Z2 F3000
G1 X39.375 Y11.337890625 Z2 E-32.57169932152218 F1200
G1 X39.462890625 Y11.337890625 Z2 E-32.58048838402218 F1200
G1 X39.638671875 Y11.513671875 Z2 E-32.60534760679827 F1200
G1 X39.7265625 Y11.513671875 Z2 E-32.61413666929827 F1200
G1 X39.90234375 Y11.689453125 Z2 E-32.638995892074355 F1200
G1 X40.078125 Y11.689453125 Z2 E-32.656574017074355 F1200
G1 X39.990234375 Y11.6015625 Z2 E-32.6690036284624 F1200
G1 X39.90234375 Y11.6015625 Z2 E-32.6777926909624 F1200
G1 X39.7265625 Y11.42578125 Z2 E-32.702651913738485 F1200
G1 X39.55078125 Y11.42578125 Z2 E-32.720230038738485 F1200
G1 X39.462890625 Y11.337890625 Z2 E-32.73265965012653 F1200
G1 X39.375 Y11.337890625 Z2 E-32.74144871262653 F1200
G1 E-31.74144871262653 F1800
G0 X63.28125 Y10.107421875 Z2 F3000
G1 X63.28125 Y10.1953125 Z2 E-32.75023777512653 F1200
G1 X63.369140625 Y10.283203125 Z2 E-32.76266738651457 F1200
G1 X63.369140625 Y10.37109375 Z2 E-32.77145644901457 F1200
G1 X63.45703125 Y10.458984375 Z2 E-32.783886060402615 F1200
G1 X63.45703125 Y10.546875 Z2 E-32.792675122902615 F1200
G1 X63.544921875 Y10.634765625 Z2 E-32.80510473429066 F1200
G1 X63.544921875 Y10.72265625 Z2 E-32.81389379679066 F1200
G1 X63.720703125 Y10.8984375 Z2 E-32.838753019566745 F1200
G1 X63.720703125 Y10.986328125 Z2 E-32.847542082066745 F1200
G1 X63.80859375 Y11.07421875 Z2 E-32.85997169345479 F1200
G1 X63.80859375 Y11.162109375 Z2 E-32.86876075595479 F1200
G1 X63.896484375 Y11.25 Z2 E-32.88119036734283 F1200
G1 X63.896484375 Y11.337890625 Z2 E-32.88997942984283 F1200
G1 X64.072265625 Y11.513671875 Z2 E-32.91483865261892 F1200
G1 X64.072265625 Y11.6015625 Z2 E-32.92362771511892 F1200
G1 X64.248046875 Y11.77734375 Z2 E-32.948486937895005 F1200
G1 X64.248046875 Y11.865234375 Z2 E-32.957276000395005 F1200
G1 X64.3359375 Y11.953125 Z2 E-32.96970561178305 F1200
G1 X64.3359375 Y12.041015625 Z2 E-32.97849467428305 F1200
G1 X64.599609375 Y12.3046875 Z2 E-33.015783508447186 F1200
G1 X64.599609375 Y12.392578125 Z2 E-33.024572570947186 F1200
G1 X64.775390625 Y12.568359375 Z2 E-33.04943179372327 F1200
G1 X64.775390625 Y12.65625 Z2 E-33.05822085622327 F1200
G1 X64.951171875 Y12.83203125 Z2 E-33.08308007899936 F1200
G1 X64.951171875 Y12.919921875 Z2 E-33.09186914149936 F1200
G1 X65.126953125 Y13.095703125 Z2 E-33.116728364275446 F1200
G1 X65.126953125 Y13.18359375 Z2 E-33.125517426775446 F1200
G1 X65.21484375 Y13.271484375 Z2 E-33.13794703816349 F1200
G1 X65.21484375 Y13.359375 Z2 E-33.14673610066349 F1200
G1 X65.390625 Y13.53515625 Z2 E-33.171595323439576 F1200
G1 X65.390625 Y13.623046875 Z2 E-33.180384385939576 F1200
G1 X65.56640625 Y13.798828125 Z2 E-33.20524360871566 F1200
G1 X65.56640625 Y13.88671875 Z2 E-33.21403267121566 F1200
G1 X65.654296875 Y13.974609375 Z2 E-33.226462282603705 F1200
G1 X65.654296875 Y14.0625 Z2 E-33.235251345103705 F1200
G1 X65.7421875 Y14.150390625 Z2 E-33.24768095649175 F1200
G1 X65.7421875 Y14.23828125 Z2 E-33.25647001899175 F1200
G1 X65.91796875 Y14.4140625 Z2 E-33.281329241767835 F1200
G1 X65.91796875 Y14.501953125 Z2 E-33.290118304267835 F1200
G1 X66.005859375 Y14.58984375 Z2 E-33.30254791565588 F1200
G1 X66.005859375 Y14.677734375 Z2 E-33.31133697815588 F1200
G1 X66.09375 Y14.765625 Z2 E-33.32376658954392 F1200
G1 X66.09375 Y14.853515625 Z2 E-33.33255565204392 F1200
G1 X66.181640625 Y14.94140625 Z2 E-33.344985263431965 F1200
G1 X66.181640625 Y15.029296875 Z2 E-33.353774325931965 F1200
G1 X66.26953125 Y15.1171875 Z2 E-33.36620393732001 F1200
G1 X66.26953125 Y15.205078125 Z2 E-33.37499299982001 F1200
G1 X66.357421875 Y15.29296875 Z2 E-33.38742261120805 F1200
G1 X66.357421875 Y15.380859375 Z2 E-33.39621167370805 F1200
G1 X66.4453125 Y15.46875 Z2 E-33.408641285096095 F1200
G1 X66.4453125 Y15.556640625 Z2 E-33.417430347596095 F1200
G1 X66.533203125 Y15.64453125 Z2 E-33.42985995898414 F1200
G1 X66.533203125 Y15.732421875 Z2 E-33.43864902148414 F1200
G1 X66.62109375 Y15.8203125 Z2 E-33.45107863287218 F1200
G1 X66.62109375 Y15.908203125 Z2 E-33.45986769537218 F1200
G1 X66.708984375 Y15.99609375 Z2 E-33.472297306760225 F1200
G1 X66.708984375 Y16.083984375 Z2 E-33.481086369260225 F1200
G1 X66.796875 Y16.171875 Z2 E-33.49351598064827 F1200
G1 X66.796875 Y16.259765625 Z2 E-33.50230504314827 F1200
G1 X66.884765625 Y16.34765625 Z2 E-33.51473465453631 F1200
G1 X66.884765625 Y16.435546875 Z2 E-33.52352371703631 F1200
G1 X66.97265625 Y16.5234375 Z2 E-33.535953328424355 F1200
G1 X66.97265625 Y16.69921875 Z2 E-33.553531453424355 F1200
G1 X67.060546875 Y16.787109375 Z2 E-33.5659610648124 F1200
G1 X67.060546875 Y16.962890625 Z2 E-33.5835391898124 F1200
G1 X67.1484375 Y17.05078125 Z2 E-33.59596880120044 F1200
G1 X67.1484375 Y17.2265625 Z2 E-33.61354692620044 F1200
G1 X67.236328125 Y17.314453125 Z2 E-33.625976537588485 F1200
G1 X67.236328125 Y17.578125 Z2 E-33.652343725088485 F1200
G1 X67.32421875 Y17.666015625 Z2 E-33.66477333647653 F1200
G1 X67.32421875 Y17.9296875 Z2 E-33.69114052397653 F1200
G1 X67.412109375 Y18.017578125 Z2 E-33.70357013536457 F1200
G1 X67.412109375 Y18.28125 Z2 E-33.72993732286457 F1200
G1 X67.5 Y18.369140625 Z2 E-33.742366934252615 F1200
G1 X67.5 Y18.6328125 Z2 E-33.768734121752615 F1200
G1 X67.587890625 Y18.720703125 Z2 E-33.78116373314066 F1200
G1 X67.587890625 Y19.072265625 Z2 E-33.81631998314066 F1200
G1 X67.67578125 Y19.16015625 Z2 E-33.8287495945287 F1200
G1 X67.67578125 Y19.951171875 Z2 E-33.9078511570287 F1200
G1 X67.763671875 Y20.0390625 Z2 E-33.920280768416745 F1200
G1 X67.763671875 Y22.1484375 Z2 E-34.131218268416745 F1200
G1 X67.67578125 Y22.236328125 Z2 E-34.14364787980479 F1200
G1 X67.67578125 Y22.8515625 Z2 E-34.20517131730479 F1200
G1 X67.587890625 Y22.939453125 Z2 E-34.21760092869283 F1200
G1 X67.587890625 Y23.466796875 Z2 E-34.27033530369283 F1200
G1 X67.5 Y23.5546875 Z2 E-34.282764915080875 F1200
G1 X67.5 Y24.08203125 Z2 E-34.335499290080875 F1200
G1 X67.412109375 Y24.169921875 Z2 E-34.34792890146892 F1200
G1 X67.412109375 Y24.43359375 Z2 E-34.37429608896892 F1200
G1 X67.32421875 Y24.521484375 Z2 E-34.38672570035696 F1200
G1 X67.32421875 Y24.873046875 Z2 E-34.42188195035696 F1200
G1 X67.236328125 Y24.9609375 Z2 E-34.434311561745005 F1200
G1 X67.236328125 Y25.3125 Z2 E-34.469467811745005 F1200
G1 X67.060546875 Y25.48828125 Z2 E-34.49432703452109 F1200
G1 X67.060546875 Y25.6640625 Z2 E-34.51190515952109 F1200
G1 X66.97265625 Y25.751953125 Z2 E-34.524334770909135 F1200
G1 X66.97265625 Y25.83984375 Z2 E-34.533123833409135 F1200
G1 X66.796875 Y26.015625 Z2 E-34.55798305618522 F1200
G1 X66.796875 Y26.103515625 Z2 E-34.56677211868522 F1200
G1 X66.708984375 Y26.19140625 Z2 E-34.579201730073265 F1200
G1 X66.708984375 Y26.279296875 Z2 E-34.587990792573265 F1200
G1 X66.62109375 Y26.3671875 Z2 E-34.60042040396131 F1200
G1 X66.533203125 Y26.3671875 Z2 E-34.60920946646131 F1200
G1 X66.533203125 Y26.455078125 Z2 E-34.61799852896131 F1200
G1 X66.357421875 Y26.630859375 Z2 E-34.642857751737395 F1200
G1 X66.26953125 Y26.54296875 Z2 E-34.65528736312544 F1200
G1 X66.26953125 Y26.015625 Z2 E-34.70802173812544 F1200
G1 X66.357421875 Y25.927734375 Z2 E-34.72045134951348 F1200
G1 X66.357421875 Y25.400390625 Z2 E-34.77318572451348 F1200
G1 X66.4453125 Y25.3125 Z2 E-34.785615335901525 F1200
G1 X66.4453125 Y24.873046875 Z2 E-34.829560648401525 F1200
G1 X66.533203125 Y24.78515625 Z2 E-34.84199025978957 F1200
G1 X66.533203125 Y24.345703125 Z2 E-34.88593557228957 F1200
G1 X66.62109375 Y24.2578125 Z2 E-34.89836518367761 F1200
G1 X66.62109375 Y23.73046875 Z2 E-34.95109955867761 F1200
G1 X66.708984375 Y23.642578125 Z2 E-34.963529170065655 F1200
G1 X66.708984375 Y23.115234375 Z2 E-35.016263545065655 F1200
G1 X66.796875 Y23.02734375 Z2 E-35.0286931564537 F1200
G1 X66.796875 Y22.1484375 Z2 E-35.1165837814537 F1200
G1 X66.708984375 Y22.060546875 Z2 E-35.12901339284174 F1200
G1 X66.708984375 Y21.796875 Z2 E-35.15538058034174 F1200
G1 X66.533203125 Y21.62109375 Z2 E-35.18023980311783 F1200
G1 X66.533203125 Y21.533203125 Z2 E-35.18902886561783 F1200
G1 X66.4453125 Y21.4453125 Z2 E-35.20145847700587 F1200
G1 X66.4453125 Y21.357421875 Z2 E-35.21024753950587 F1200
G1 X66.26953125 Y21.181640625 Z2 E-35.23510676228196 F1200
G1 X66.26953125 Y21.09375 Z2 E-35.24389582478196 F1200
G1 X66.181640625 Y21.005859375 Z2 E-35.25632543617 F1200
G1 X66.181640625 Y20.91796875 Z2 E-35.26511449867 F1200
G1 X66.005859375 Y20.7421875 Z2 E-35.28997372144609 F1200
G1 X66.005859375 Y20.654296875 Z2 E-35.29876278394609 F1200
G1 X65.830078125 Y20.478515625 Z2 E-35.323622006722175 F1200
G1 X65.830078125 Y20.390625 Z2 E-35.332411069222175 F1200
G1 X65.7421875 Y20.302734375 Z2 E-35.34484068061022 F1200
G1 X65.7421875 Y20.21484375 Z2 E-35.35362974311022 F1200
G1 X65.478515625 Y19.951171875 Z2 E-35.390918577274356 F1200
G1 X65.478515625 Y19.86328125 Z2 E-35.399707639774356 F1200
G1 X65.302734375 Y19.6875 Z2 E-35.42456686255044 F1200
G1 X65.302734375 Y19.599609375 Z2 E-35.43335592505044 F1200
G1 X65.0390625 Y19.3359375 Z2 E-35.47064475921458 F1200
G1 X65.0390625 Y19.248046875 Z2 E-35.47943382171458 F1200
G1 X64.775390625 Y18.984375 Z2 E-35.516722655878716 F1200
G1 X64.775390625 Y18.896484375 Z2 E-35.525511718378716 F1200
G1 X64.599609375 Y18.720703125 Z2 E-35.5503709411548 F1200
G1 X64.599609375 Y18.6328125 Z2 E-35.5591600036548 F1200
G1 X64.423828125 Y18.45703125 Z2 E-35.58401922643089 F1200
G1 X64.423828125 Y18.369140625 Z2 E-35.59280828893089 F1200
G1 X64.248046875 Y18.193359375 Z2 E-35.617667511706976 F1200
G1 X64.3359375 Y18.28125 Z2 E-35.63009712309502 F1200
G1 X64.3359375 Y18.369140625 Z2 E-35.63888618559502 F1200
G1 X64.51171875 Y18.544921875 Z2 E-35.663745408371106 F1200
G1 X64.51171875 Y18.6328125 Z2 E-35.672534470871106 F1200
G1 X64.599609375 Y18.720703125 Z2 E-35.68496408225915 F1200
G1 X64.599609375 Y18.80859375 Z2 E-35.69375314475915 F1200
G1 X64.775390625 Y18.984375 Z2 E-35.718612367535236 F1200
G1 X64.775390625 Y19.072265625 Z2 E-35.727401430035236 F1200
G1 X64.86328125 Y19.16015625 Z2 E-35.73983104142328 F1200
G1 X64.86328125 Y19.248046875 Z2 E-35.74862010392328 F1200
G1 X64.951171875 Y19.3359375 Z2 E-35.76104971531132 F1200
G1 X64.951171875 Y19.423828125 Z2 E-35.76983877781132 F1200
G1 X65.0390625 Y19.51171875 Z2 E-35.782268389199366 F1200
G1 X65.0390625 Y19.599609375 Z2 E-35.791057451699366 F1200
G1 X65.126953125 Y19.6875 Z2 E-35.80348706308741 F1200
G1 X65.126953125 Y19.775390625 Z2 E-35.81227612558741 F1200
G1 X65.21484375 Y19.86328125 Z2 E-35.82470573697545 F1200
G1 X65.21484375 Y19.951171875 Z2 E-35.83349479947545 F1200
G1 X65.302734375 Y20.0390625 Z2 E-35.845924410863496 F1200
G1 X65.302734375 Y20.21484375 Z2 E-35.863502535863496 F1200
G1 X65.390625 Y20.302734375 Z2 E-35.87593214725154 F1200
G1 X65.390625 Y20.390625 Z2 E-35.88472120975154 F1200
G1 X65.478515625 Y20.478515625 Z2 E-35.89715082113958 F1200
G1 X65.478515625 Y20.56640625 Z2 E-35.90593988363958 F1200
G1 X65.56640625 Y20.654296875 Z2 E-35.918369495027626 F1200
G1 X65.56640625 Y20.830078125 Z2 E-35.935947620027626 F1200
G1 X65.654296875 Y20.91796875 Z2 E-35.94837723141567 F1200
G1 X65.654296875 Y21.005859375 Z2 E-35.95716629391567 F1200
G1 X65.7421875 Y21.09375 Z2 E-35.96959590530371 F1200
G1 X65.7421875 Y21.26953125 Z2 E-35.98717403030371 F1200
G1 X65.830078125 Y21.357421875 Z2 E-35.999603641691756 F1200
G1 X65.830078125 Y21.533203125 Z2 E-36.017181766691756 F1200
G1 X65.91796875 Y21.62109375 Z2 E-36.0296113780798 F1200
G1 X65.91796875 Y21.884765625 Z2 E-36.0559785655798 F1200
G1 X66.005859375 Y21.97265625 Z2 E-36.06840817696784 F1200
G1 X66.005859375 Y22.236328125 Z2 E-36.09477536446784 F1200
G1 X66.09375 Y22.32421875 Z2 E-36.107204975855886 F1200
G1 X66.09375 Y22.67578125 Z2 E-36.142361225855886 F1200
G1 X66.181640625 Y22.763671875 Z2 E-36.15479083724393 F1200
G1 X66.181640625 Y23.203125 Z2 E-36.19873614974393 F1200
G1 X66.26953125 Y23.291015625 Z2 E-36.21116576113197 F1200
G1 X66.26953125 Y24.9609375 Z2 E-36.37815794863197 F1200
G1 X66.181640625 Y25.048828125 Z2 E-36.390587560020016 F1200
G1 X66.181640625 Y25.6640625 Z2 E-36.452110997520016 F1200
G1 X66.09375 Y25.751953125 Z2 E-36.46454060890806 F1200
G1 X66.09375 Y26.19140625 Z2 E-36.50848592140806 F1200
G1 X66.005859375 Y26.279296875 Z2 E-36.5209155327961 F1200
G1 X66.005859375 Y26.630859375 Z2 E-36.5560717827961 F1200
G1 X65.91796875 Y26.71875 Z2 E-36.568501394184146 F1200
G1 X65.91796875 Y26.982421875 Z2 E-36.594868581684146 F1200
G1 X65.830078125 Y27.0703125 Z2 E-36.60729819307219 F1200
G1 X65.830078125 Y27.421875 Z2 E-36.64245444307219 F1200
G1 X65.7421875 Y27.509765625 Z2 E-36.65488405446023 F1200
G1 X65.7421875 Y27.861328125 Z2 E-36.69004030446023 F1200
G1 X65.654296875 Y27.94921875 Z2 E-36.702469915848276 F1200
G1 X65.654296875 Y28.212890625 Z2 E-36.728837103348276 F1200
G1 X65.56640625 Y28.30078125 Z2 E-36.74126671473632 F1200
G1 X65.56640625 Y28.4765625 Z2 E-36.75884483973632 F1200
G1 X65.478515625 Y28.564453125 Z2 E-36.77127445112436 F1200
G1 X65.478515625 Y28.65234375 Z2 E-36.78006351362436 F1200
G1 X65.390625 Y28.740234375 Z2 E-36.792493125012406 F1200
G1 X65.390625 Y29.091796875 Z2 E-36.827649375012406 F1200
G1 X65.302734375 Y29.1796875 Z2 E-36.84007898640045 F1200
G1 X65.302734375 Y29.35546875 Z2 E-36.85765711140045 F1200
G1 X65.21484375 Y29.443359375 Z2 E-36.87008672278849 F1200
G1 X65.21484375 Y29.619140625 Z2 E-36.88766484778849 F1200
G1 X65.126953125 Y29.70703125 Z2 E-36.900094459176536 F1200
G1 X65.126953125 Y29.970703125 Z2 E-36.926461646676536 F1200
G1 X65.0390625 Y30.05859375 Z2 E-36.93889125806458 F1200
G1 X65.0390625 Y30.234375 Z2 E-36.95646938306458 F1200
G1 X64.951171875 Y30.322265625 Z2 E-36.96889899445262 F1200
G1 X64.951171875 Y30.41015625 Z2 E-36.97768805695262 F1200
G1 X64.86328125 Y30.498046875 Z2 E-36.990117668340666 F1200
G1 X64.86328125 Y30.673828125 Z2 E-37.007695793340666 F1200
G1 X64.775390625 Y30.76171875 Z2 E-37.02012540472871 F1200
G1 X64.775390625 Y30.9375 Z2 E-37.03770352972871 F1200
G1 X64.599609375 Y31.11328125 Z2 E-37.062562752504796 F1200
G1 X64.599609375 Y31.2890625 Z2 E-37.080140877504796 F1200
G1 X64.423828125 Y31.46484375 Z2 E-37.10500010028088 F1200
G1 X64.423828125 Y31.552734375 Z2 E-37.11378916278088 F1200
G1 X64.3359375 Y31.640625 Z2 E-37.126218774168926 F1200
G1 X64.3359375 Y31.728515625 Z2 E-37.135007836668926 F1200
G1 X64.248046875 Y31.81640625 Z2 E-37.14743744805697 F1200
G1 X64.248046875 Y31.9921875 Z2 E-37.16501557305697 F1200
G1 X64.072265625 Y32.16796875 Z2 E-37.189874795833056 F1200
G1 X64.072265625 Y32.255859375 Z2 E-37.198663858333056 F1200
G1 X63.984375 Y32.34375 Z2 E-37.2110934697211 F1200
G1 X63.984375 Y32.431640625 Z2 E-37.2198825322211 F1200
G1 X63.80859375 Y32.607421875 Z2 E-37.244741754997186 F1200
G1 X63.80859375 Y32.6953125 Z2 E-37.253530817497186 F1200
G1 X63.6328125 Y32.87109375 Z2 E-37.27839004027327 F1200
G1 X63.6328125 Y32.958984375 Z2 E-37.28717910277327 F1200
G1 X63.544921875 Y33.046875 Z2 E-37.299608714161316 F1200
G1 X63.544921875 Y33.134765625 Z2 E-37.308397776661316 F1200
G1 X63.10546875 Y33.57421875 Z2 E-37.37054583360154 F1200
G1 X63.10546875 Y33.662109375 Z2 E-37.37933489610154 F1200
G1 X62.578125 Y34.189453125 Z2 E-37.45391256442981 F1200
G1 X62.490234375 Y34.1015625 Z2 E-37.46634217581785 F1200
G1 X62.490234375 Y33.92578125 Z2 E-37.48392030081785 F1200
G1 X62.578125 Y33.837890625 Z2 E-37.49634991220589 F1200
G1 X62.578125 Y33.75 Z2 E-37.50513897470589 F1200
G1 X62.666015625 Y33.662109375 Z2 E-37.51756858609394 F1200
G1 X62.666015625 Y33.57421875 Z2 E-37.52635764859394 F1200
G1 X62.75390625 Y33.486328125 Z2 E-37.53878725998198 F1200
G1 X62.75390625 Y33.3984375 Z2 E-37.54757632248198 F1200
G1 X62.841796875 Y33.310546875 Z2 E-37.56000593387002 F1200
G1 X62.841796875 Y33.22265625 Z2 E-37.56879499637002 F1200
G1 X62.9296875 Y33.134765625 Z2 E-37.58122460775807 F1200
G1 X62.9296875 Y33.046875 Z2 E-37.59001367025807 F1200
G1 X63.017578125 Y32.958984375 Z2 E-37.60244328164611 F1200
G1 X63.017578125 Y32.87109375 Z2 E-37.61123234414611 F1200
G1 X63.193359375 Y32.6953125 Z2 E-37.6360915669222 F1200
G1 X63.193359375 Y32.607421875 Z2 E-37.6448806294222 F1200
G1 X63.28125 Y32.51953125 Z2 E-37.65731024081024 F1200
G1 X63.28125 Y32.431640625 Z2 E-37.66609930331024 F1200
G1 X63.369140625 Y32.34375 Z2 E-37.67852891469828 F1200
G1 X63.369140625 Y32.255859375 Z2 E-37.68731797719828 F1200
G1 X63.45703125 Y32.16796875 Z2 E-37.69974758858633 F1200
G1 X63.45703125 Y32.080078125 Z2 E-37.70853665108633 F1200
G1 X63.544921875 Y31.9921875 Z2 E-37.72096626247437 F1200
G1 X63.544921875 Y31.904296875 Z2 E-37.72975532497437 F1200
G1 X63.6328125 Y31.81640625 Z2 E-37.74218493636241 F1200
G1 X63.6328125 Y31.728515625 Z2 E-37.75097399886241 F1200
G1 X63.720703125 Y31.640625 Z2 E-37.76340361025046 F1200
G1 X63.720703125 Y31.552734375 Z2 E-37.77219267275046 F1200
G1 X63.80859375 Y31.46484375 Z2 E-37.7846222841385 F1200
G1 X63.80859375 Y31.2890625 Z2 E-37.8022004091385 F1200
G1 X63.896484375 Y31.201171875 Z2 E-37.81463002052654 F1200
G1 X63.896484375 Y31.025390625 Z2 E-37.83220814552654 F1200
G1 X63.984375 Y30.9375 Z2 E-37.84463775691459 F1200
G1 X63.984375 Y30.849609375 Z2 E-37.85342681941459 F1200
G1 X64.072265625 Y30.76171875 Z2 E-37.86585643080263 F1200
G1 X64.072265625 Y30.5859375 Z2 E-37.88343455580263 F1200
G1 X64.16015625 Y30.498046875 Z2 E-37.89586416719067 F1200
G1 X64.16015625 Y30.322265625 Z2 E-37.91344229219067 F1200
G1 X64.248046875 Y30.234375 Z2 E-37.92587190357872 F1200
G1 X64.248046875 Y30.05859375 Z2 E-37.94345002857872 F1200
G1 X64.3359375 Y29.970703125 Z2 E-37.95587963996676 F1200
G1 X64.3359375 Y29.794921875 Z2 E-37.97345776496676 F1200
G1 X64.423828125 Y29.70703125 Z2 E-37.9858873763548 F1200
G1 X64.423828125 Y29.53125 Z2 E-38.0034655013548 F1200
G1 X64.51171875 Y29.443359375 Z2 E-38.01589511274285 F1200
G1 X64.51171875 Y29.267578125 Z2 E-38.03347323774285 F1200
G1 X64.599609375 Y29.1796875 Z2 E-38.04590284913089 F1200
G1 X64.599609375 Y28.916015625 Z2 E-38.07227003663089 F1200
G1 X64.6875 Y28.828125 Z2 E-38.08469964801893 F1200
G1 X64.6875 Y28.564453125 Z2 E-38.11106683551893 F1200
G1 X64.775390625 Y28.4765625 Z2 E-38.12349644690698 F1200
G1 X64.775390625 Y28.212890625 Z2 E-38.14986363440698 F1200
G1 X64.86328125 Y28.125 Z2 E-38.16229324579502 F1200
G1 X64.86328125 Y27.861328125 Z2 E-38.18866043329502 F1200
G1 X64.951171875 Y27.7734375 Z2 E-38.20109004468306 F1200
G1 X64.951171875 Y27.421875 Z2 E-38.23624629468306 F1200
G1 X65.0390625 Y27.333984375 Z2 E-38.24867590607111 F1200
G1 X65.0390625 Y26.806640625 Z2 E-38.30141028107111 F1200
G1 X65.126953125 Y26.71875 Z2 E-38.31383989245915 F1200
G1 X65.126953125 Y25.576171875 Z2 E-38.42809770495915 F1200
G1 X64.951171875 Y25.400390625 Z2 E-38.45295692773524 F1200
G1 X64.951171875 Y25.224609375 Z2 E-38.47053505273524 F1200
G1 X64.86328125 Y25.13671875 Z2 E-38.48296466412328 F1200
G1 X64.86328125 Y25.048828125 Z2 E-38.49175372662328 F1200
G1 X64.775390625 Y24.9609375 Z2 E-38.50418333801132 F1200
G1 X64.775390625 Y24.78515625 Z2 E-38.52176146301132 F1200
G1 X64.6875 Y24.697265625 Z2 E-38.53419107439937 F1200
G1 X64.6875 Y24.609375 Z2 E-38.54298013689937 F1200
G1 X64.599609375 Y24.521484375 Z2 E-38.55540974828741 F1200
G1 X64.599609375 Y24.345703125 Z2 E-38.57298787328741 F1200
G1 X64.423828125 Y24.169921875 Z2 E-38.5978470960635 F1200
G1 X64.423828125 Y23.994140625 Z2 E-38.6154252210635 F1200
G1 X64.3359375 Y23.90625 Z2 E-38.62785483245154 F1200
G1 X64.3359375 Y23.818359375 Z2 E-38.63664389495154 F1200
G1 X64.248046875 Y23.73046875 Z2 E-38.64907350633958 F1200
G1 X64.248046875 Y23.5546875 Z2 E-38.66665163133958 F1200
G1 X64.072265625 Y23.37890625 Z2 E-38.69151085411567 F1200
G1 X64.072265625 Y23.291015625 Z2 E-38.70029991661567 F1200
G1 X63.984375 Y23.203125 Z2 E-38.71272952800371 F1200
G1 X63.984375 Y23.02734375 Z2 E-38.73030765300371 F1200
G1 X63.896484375 Y22.939453125 Z2 E-38.74273726439176 F1200
G1 X63.896484375 Y22.763671875 Z2 E-38.76031538939176 F1200
G1 X63.80859375 Y22.67578125 Z2 E-38.7727450007798 F1200
G1 X63.80859375 Y22.587890625 Z2 E-38.7815340632798 F1200
G1 X63.720703125 Y22.5 Z2 E-38.79396367466784 F1200
G1 X63.720703125 Y22.412109375 Z2 E-38.80275273716784 F1200
G1 X63.6328125 Y22.32421875 Z2 E-38.81518234855589 F1200
G1 X63.6328125 Y22.236328125 Z2 E-38.82397141105589 F1200
G1 X63.544921875 Y22.1484375 Z2 E-38.83640102244393 F1200
G1 X63.544921875 Y22.060546875 Z2 E-38.84519008494393 F1200
G1 X63.369140625 Y21.884765625 Z2 E-38.870049307720016 F1200
G1 X63.369140625 Y21.796875 Z2 E-38.878838370220016 F1200
G1 X63.193359375 Y21.62109375 Z2 E-38.9036975929961 F1200
G1 X63.193359375 Y21.533203125 Z2 E-38.9124866554961 F1200
G1 X63.017578125 Y21.357421875 Z2 E-38.93734587827219 F1200
G1 X63.017578125 Y21.26953125 Z2 E-38.94613494077219 F1200
G1 X62.75390625 Y21.005859375 Z2 E-38.98342377493633 F1200
G1 X62.75390625 Y20.91796875 Z2 E-38.99221283743633 F1200
G1 X62.578125 Y20.7421875 Z2 E-39.01707206021241 F1200
G1 X62.578125 Y20.654296875 Z2 E-39.02586112271241 F1200
G1 X62.314453125 Y20.390625 Z2 E-39.06314995687655 F1200
G1 X62.314453125 Y20.302734375 Z2 E-39.07193901937655 F1200
G1 X61.962890625 Y19.951171875 Z2 E-39.12165746492873 F1200
G1 X62.05078125 Y20.0390625 Z2 E-39.134087076316774 F1200
G1 X62.05078125 Y20.126953125 Z2 E-39.142876138816774 F1200
G1 X62.2265625 Y20.302734375 Z2 E-39.16773536159286 F1200
G1 X62.2265625 Y20.390625 Z2 E-39.17652442409286 F1200
G1 X62.314453125 Y20.478515625 Z2 E-39.188954035480904 F1200
G1 X62.314453125 Y20.56640625 Z2 E-39.197743097980904 F1200
G1 X62.40234375 Y20.654296875 Z2 E-39.21017270936895 F1200
G1 X62.40234375 Y20.7421875 Z2 E-39.21896177186895 F1200
G1 X62.490234375 Y20.830078125 Z2 E-39.23139138325699 F1200
G1 X62.490234375 Y20.91796875 Z2 E-39.24018044575699 F1200
G1 X62.578125 Y21.005859375 Z2 E-39.252610057145034 F1200
G1 X62.578125 Y21.09375 Z2 E-39.261399119645034 F1200
G1 X62.666015625 Y21.181640625 Z2 E-39.27382873103308 F1200
G1 X62.666015625 Y21.357421875 Z2 E-39.29140685603308 F1200
G1 X62.75390625 Y21.4453125 Z2 E-39.30383646742112 F1200
G1 X62.75390625 Y21.533203125 Z2 E-39.31262552992112 F1200
G1 X62.841796875 Y21.62109375 Z2 E-39.325055141309164 F1200
G1 X62.841796875 Y21.796875 Z2 E-39.342633266309164 F1200
G1 X62.9296875 Y21.884765625 Z2 E-39.35506287769721 F1200
G1 X62.9296875 Y22.060546875 Z2 E-39.37264100269721 F1200
G1 X63.017578125 Y22.1484375 Z2 E-39.38507061408525 F1200
G1 X63.017578125 Y22.32421875 Z2 E-39.40264873908525 F1200
G1 X63.10546875 Y22.412109375 Z2 E-39.415078350473294 F1200
G1 X63.10546875 Y22.587890625 Z2 E-39.432656475473294 F1200
G1 X63.193359375 Y22.67578125 Z2 E-39.44508608686134 F1200
G1 X63.193359375 Y22.939453125 Z2 E-39.47145327436134 F1200
G1 X63.28125 Y23.02734375 Z2 E-39.48388288574938 F1200
G1 X63.28125 Y23.466796875 Z2 E-39.52782819824938 F1200
G1 X63.369140625 Y23.5546875 Z2 E-39.540257809637424 F1200
G1 X63.369140625 Y23.994140625 Z2 E-39.584203122137424 F1200
G1 X63.45703125 Y24.08203125 Z2 E-39.59663273352547 F1200
G1 X63.45703125 Y26.279296875 Z2 E-39.81635929602547 F1200
G1 X63.544921875 Y26.3671875 Z2 E-39.82878890741351 F1200
G1 X63.544921875 Y26.455078125 Z2 E-39.83757796991351 F1200
G1 X63.45703125 Y26.54296875 Z2 E-39.850007581301554 F1200
G1 X63.369140625 Y26.54296875 Z2 E-39.858796643801554 F1200
G1 X63.28125 Y26.455078125 Z2 E-39.8712262551896 F1200
G1 X63.28125 Y26.19140625 Z2 E-39.8975934426896 F1200
G1 X63.193359375 Y26.103515625 Z2 E-39.91002305407764 F1200
G1 X63.193359375 Y25.927734375 Z2 E-39.92760117907764 F1200
G1 X63.10546875 Y25.83984375 Z2 E-39.940030790465684 F1200
G1 X63.10546875 Y25.6640625 Z2 E-39.957608915465684 F1200
G1 X63.017578125 Y25.576171875 Z2 E-39.97003852685373 F1200
G1 X63.017578125 Y25.3125 Z2 E-39.99640571435373 F1200
G1 X62.9296875 Y25.224609375 Z2 E-40.00883532574177 F1200
G1 X62.9296875 Y25.048828125 Z2 E-40.02641345074177 F1200
G1 X62.841796875 Y24.9609375 Z2 E-40.038843062129814 F1200
G1 X62.841796875 Y24.78515625 Z2 E-40.056421187129814 F1200
G1 X62.75390625 Y24.697265625 Z2 E-40.06885079851786 F1200
G1 X62.75390625 Y24.521484375 Z2 E-40.08642892351786 F1200
G1 X62.666015625 Y24.43359375 Z2 E-40.0988585349059 F1200
G1 X62.666015625 Y24.2578125 Z2 E-40.1164366599059 F1200
G1 X62.578125 Y24.169921875 Z2 E-40.128866271293944 F1200
G1 X62.578125 Y23.994140625 Z2 E-40.146444396293944 F1200
G1 X62.490234375 Y23.90625 Z2 E-40.15887400768199 F1200
G1 X62.490234375 Y24.08203125 Z2 E-40.17645213268199 F1200
G1 X62.578125 Y24.169921875 Z2 E-40.18888174407003 F1200
G1 X62.578125 Y24.43359375 Z2 E-40.21524893157003 F1200
G1 X62.666015625 Y24.521484375 Z2 E-40.227678542958074 F1200
G1 X62.666015625 Y24.78515625 Z2 E-40.254045730458074 F1200
G1 X62.75390625 Y24.873046875 Z2 E-40.26647534184612 F1200
G1 X62.75390625 Y25.13671875 Z2 E-40.29284252934612 F1200
G1 X62.841796875 Y25.224609375 Z2 E-40.30527214073416 F1200
G1 X62.841796875 Y25.576171875 Z2 E-40.34042839073416 F1200
G1 X62.9296875 Y25.6640625 Z2 E-40.352858002122204 F1200
G1 X62.9296875 Y26.455078125 Z2 E-40.431959564622204 F1200
G1 X63.017578125 Y26.54296875 Z2 E-40.44438917601025 F1200
G1 X63.017578125 Y27.59765625 Z2 E-40.54985792601025 F1200
G1 X62.9296875 Y27.685546875 Z2 E-40.56228753739829 F1200
G1 X62.9296875 Y28.828125 Z2 E-40.67654534989829 F1200
G1 X62.841796875 Y28.916015625 Z2 E-40.688974961286334 F1200
G1 X62.841796875 Y29.443359375 Z2 E-40.741709336286334 F1200
G1 X62.75390625 Y29.53125 Z2 E-40.75413894767438 F1200
G1 X62.75390625 Y29.8828125 Z2 E-40.78929519767438 F1200
G1 X62.666015625 Y29.970703125 Z2 E-40.80172480906242 F1200
G1 X62.666015625 Y30.146484375 Z2 E-40.81930293406242 F1200
G1 X62.578125 Y30.234375 Z2 E-40.831732545450464 F1200
G1 X62.578125 Y30.5859375 Z2 E-40.866888795450464 F1200
G1 X62.490234375 Y30.673828125 Z2 E-40.87931840683851 F1200
G1 X62.490234375 Y30.9375 Z2 E-40.90568559433851 F1200
G1 X62.40234375 Y31.025390625 Z2 E-40.91811520572655 F1200
G1 X62.40234375 Y31.201171875 Z2 E-40.93569333072655 F1200
G1 X62.314453125 Y31.2890625 Z2 E-40.948122942114594 F1200
G1 X62.314453125 Y31.376953125 Z2 E-40.956912004614594 F1200
G1 X62.2265625 Y31.46484375 Z2 E-40.96934161600264 F1200
G1 X62.2265625 Y31.640625 Z2 E-40.98691974100264 F1200
G1 X62.138671875 Y31.728515625 Z2 E-40.99934935239068 F1200
G1 X62.138671875 Y31.904296875 Z2 E-41.01692747739068 F1200
G1 X62.05078125 Y31.9921875 Z2 E-41.029357088778724 F1200
G1 X62.05078125 Y32.16796875 Z2 E-41.046935213778724 F1200
G1 X61.962890625 Y32.255859375 Z2 E-41.05936482516677 F1200
G1 X61.962890625 Y32.431640625 Z2 E-41.07694295016677 F1200
G1 X61.875 Y32.51953125 Z2 E-41.08937256155481 F1200
G1 X61.875 Y32.607421875 Z2 E-41.09816162405481 F1200
G1 X61.787109375 Y32.6953125 Z2 E-41.110591235442854 F1200
G1 X61.787109375 Y32.958984375 Z2 E-41.136958422942854 F1200
G1 X61.69921875 Y33.046875 Z2 E-41.1493880343309 F1200
G1 X61.69921875 Y33.134765625 Z2 E-41.1581770968309 F1200
G1 X61.611328125 Y33.22265625 Z2 E-41.17060670821894 F1200
G1 X61.611328125 Y33.310546875 Z2 E-41.17939577071894 F1200
G1 X61.5234375 Y33.3984375 Z2 E-41.191825382106984 F1200
G1 X61.5234375 Y33.57421875 Z2 E-41.209403507106984 F1200
G1 X61.435546875 Y33.662109375 Z2 E-41.22183311849503 F1200
G1 X61.435546875 Y33.75 Z2 E-41.23062218099503 F1200
G1 X61.34765625 Y33.837890625 Z2 E-41.24305179238307 F1200
G1 X61.34765625 Y33.92578125 Z2 E-41.25184085488307 F1200
G1 X61.259765625 Y34.013671875 Z2 E-41.264270466271114 F1200
G1 X61.259765625 Y34.189453125 Z2 E-41.281848591271114 F1200
G1 X61.171875 Y34.27734375 Z2 E-41.29427820265916 F1200
G1 X61.171875 Y34.365234375 Z2 E-41.30306726515916 F1200
G1 X61.083984375 Y34.453125 Z2 E-41.3154968765472 F1200
G1 X61.083984375 Y34.62890625 Z2 E-41.3330750015472 F1200
G1 X60.99609375 Y34.716796875 Z2 E-41.345504612935244 F1200
G1 X60.99609375 Y34.8046875 Z2 E-41.354293675435244 F1200
G1 X60.908203125 Y34.892578125 Z2 E-41.36672328682329 F1200
G1 X60.908203125 Y34.98046875 Z2 E-41.37551234932329 F1200
G1 X60.8203125 Y35.068359375 Z2 E-41.38794196071133 F1200
G1 X60.8203125 Y35.15625 Z2 E-41.39673102321133 F1200
G1 X60.732421875 Y35.244140625 Z2 E-41.409160634599374 F1200
G1 X60.732421875 Y35.33203125 Z2 E-41.417949697099374 F1200
G1 X60.64453125 Y35.419921875 Z2 E-41.43037930848742 F1200
G1 X60.64453125 Y35.5078125 Z2 E-41.43916837098742 F1200
G1 X60.556640625 Y35.595703125 Z2 E-41.45159798237546 F1200
G1 X60.556640625 Y35.68359375 Z2 E-41.46038704487546 F1200
G1 X60.46875 Y35.771484375 Z2 E-41.472816656263504 F1200
G1 X60.46875 Y35.859375 Z2 E-41.481605718763504 F1200
G1 X60.380859375 Y35.947265625 Z2 E-41.49403533015155 F1200
G1 X60.380859375 Y36.123046875 Z2 E-41.51161345515155 F1200
G1 X60.205078125 Y36.298828125 Z2 E-41.536472677927634 F1200
G1 X60.205078125 Y36.38671875 Z2 E-41.545261740427634 F1200
G1 X60.1171875 Y36.474609375 Z2 E-41.55769135181568 F1200
G1 X60.1171875 Y36.5625 Z2 E-41.56648041431568 F1200
G1 X60.029296875 Y36.650390625 Z2 E-41.57891002570372 F1200
G1 X60.029296875 Y36.826171875 Z2 E-41.59648815070372 F1200
G1 X59.853515625 Y37.001953125 Z2 E-41.62134737347981 F1200
G1 X59.853515625 Y37.08984375 Z2 E-41.63013643597981 F1200
G1 X59.765625 Y37.177734375 Z2 E-41.64256604736785 F1200
G1 X59.765625 Y37.265625 Z2 E-41.65135510986785 F1200
G1 X59.677734375 Y37.353515625 Z2 E-41.663784721255894 F1200
G1 X59.677734375 Y37.529296875 Z2 E-41.681362846255894 F1200
G1 X59.501953125 Y37.705078125 Z2 E-41.70622206903198 F1200
G1 X59.501953125 Y37.79296875 Z2 E-41.71501113153198 F1200
G1 X59.4140625 Y37.880859375 Z2 E-41.727440742920024 F1200
G1 X59.4140625 Y37.96875 Z2 E-41.736229805420024 F1200
G1 X59.326171875 Y38.056640625 Z2 E-41.74865941680807 F1200
G1 X59.326171875 Y38.232421875 Z2 E-41.76623754180807 F1200
G1 X59.23828125 Y38.3203125 Z2 E-41.77866715319611 F1200
G1 X59.23828125 Y38.408203125 Z2 E-41.78745621569611 F1200
G1 X59.0625 Y38.583984375 Z2 E-41.8123154384722 F1200
G1 X59.0625 Y38.671875 Z2 E-41.8211045009722 F1200
G1 X58.974609375 Y38.759765625 Z2 E-41.83353411236024 F1200
G1 X58.974609375 Y38.935546875 Z2 E-41.85111223736024 F1200
G1 X58.88671875 Y39.0234375 Z2 E-41.863541848748284 F1200
G1 X58.88671875 Y39.111328125 Z2 E-41.872330911248284 F1200
G1 X58.798828125 Y39.19921875 Z2 E-41.88476052263633 F1200
G1 X58.798828125 Y39.375 Z2 E-41.90233864763633 F1200
G1 X58.7109375 Y39.462890625 Z2 E-41.91476825902437 F1200
G1 X58.7109375 Y39.638671875 Z2 E-41.93234638402437 F1200
G1 X58.623046875 Y39.7265625 Z2 E-41.944775995412414 F1200
G1 X58.623046875 Y39.814453125 Z2 E-41.953565057912414 F1200
G1 X58.53515625 Y39.90234375 Z2 E-41.96599466930046 F1200
G1 X58.53515625 Y39.990234375 Z2 E-41.97478373180046 F1200
G1 X58.447265625 Y40.078125 Z2 E-41.9872133431885 F1200
G1 X58.447265625 Y40.166015625 Z2 E-41.9960024056885 F1200
G1 X58.271484375 Y40.341796875 Z2 E-42.02086162846459 F1200
G1 X58.271484375 Y40.4296875 Z2 E-42.02965069096459 F1200
G1 X58.18359375 Y40.517578125 Z2 E-42.04208030235263 F1200
G1 X58.18359375 Y40.78125 Z2 E-42.06844748985263 F1200
G1 X58.095703125 Y40.869140625 Z2 E-42.080877101240674 F1200
G1 X58.095703125 Y41.044921875 Z2 E-42.098455226240674 F1200
G1 X58.0078125 Y41.1328125 Z2 E-42.11088483762872 F1200
G1 X58.0078125 Y41.30859375 Z2 E-42.12846296262872 F1200
G1 X57.919921875 Y41.396484375 Z2 E-42.14089257401676 F1200
G1 X57.919921875 Y41.66015625 Z2 E-42.16725976151676 F1200
G1 X57.83203125 Y41.748046875 Z2 E-42.179689372904804 F1200
G1 X57.83203125 Y41.8359375 Z2 E-42.188478435404804 F1200
G1 X57.744140625 Y41.923828125 Z2 E-42.20090804679285 F1200
G1 X57.744140625 Y42.099609375 Z2 E-42.21848617179285 F1200
G1 X57.65625 Y42.1875 Z2 E-42.23091578318089 F1200
G1 X57.65625 Y42.275390625 Z2 E-42.23970484568089 F1200
G1 X57.568359375 Y42.36328125 Z2 E-42.252134457068934 F1200
G1 X57.568359375 Y42.626953125 Z2 E-42.278501644568934 F1200
G1 X57.48046875 Y42.71484375 Z2 E-42.29093125595698 F1200
G1 X57.48046875 Y42.890625 Z2 E-42.30850938095698 F1200
G1 X57.392578125 Y42.978515625 Z2 E-42.32093899234502 F1200
G1 X57.392578125 Y43.154296875 Z2 E-42.33851711734502 F1200
G1 X57.3046875 Y43.2421875 Z2 E-42.350946728733064 F1200
G1 X57.3046875 Y43.41796875 Z2 E-42.368524853733064 F1200
G1 X57.216796875 Y43.505859375 Z2 E-42.38095446512111 F1200
G1 X57.216796875 Y43.681640625 Z2 E-42.39853259012111 F1200
G1 X57.12890625 Y43.76953125 Z2 E-42.41096220150915 F1200
G1 X57.12890625 Y43.9453125 Z2 E-42.42854032650915 F1200
G1 X57.041015625 Y44.033203125 Z2 E-42.440969937897194 F1200
G1 X57.041015625 Y44.208984375 Z2 E-42.458548062897194 F1200
G1 X56.953125 Y44.296875 Z2 E-42.47097767428524 F1200
G1 X56.953125 Y44.47265625 Z2 E-42.48855579928524 F1200
G1 X56.865234375 Y44.560546875 Z2 E-42.50098541067328 F1200
G1 X56.865234375 Y44.736328125 Z2 E-42.51856353567328 F1200
G1 X56.77734375 Y44.82421875 Z2 E-42.530993147061324 F1200
G1 X56.77734375 Y45.0 Z2 E-42.548571272061324 F1200
G1 X56.689453125 Y45.087890625 Z2 E-42.56100088344937 F1200
G1 X56.689453125 Y45.3515625 Z2 E-42.58736807094937 F1200
G1 X56.6015625 Y45.439453125 Z2 E-42.59979768233741 F1200
G1 X56.6015625 Y45.703125 Z2 E-42.62616486983741 F1200
G1 X56.513671875 Y45.791015625 Z2 E-42.638594481225454 F1200
G1 X56.513671875 Y46.0546875 Z2 E-42.664961668725454 F1200
G1 X56.42578125 Y46.142578125 Z2 E-42.6773912801135 F1200
G1 X56.42578125 Y46.318359375 Z2 E-42.6949694051135 F1200
G1 X56.337890625 Y46.40625 Z2 E-42.70739901650154 F1200
G1 X56.337890625 Y46.669921875 Z2 E-42.73376620400154 F1200
G1 X56.25 Y46.7578125 Z2 E-42.746195815389584 F1200
G1 X56.25 Y46.93359375 Z2 E-42.763773940389584 F1200
G1 X56.162109375 Y47.021484375 Z2 E-42.77620355177763 F1200
G1 X56.162109375 Y47.28515625 Z2 E-42.80257073927763 F1200
G1 X56.07421875 Y47.373046875 Z2 E-42.81500035066567 F1200
G1 X56.07421875 Y47.548828125 Z2 E-42.83257847566567 F1200
G1 X55.986328125 Y47.63671875 Z2 E-42.84500808705371 F1200
G1 X55.986328125 Y47.900390625 Z2 E-42.87137527455371 F1200
G1 X55.8984375 Y47.98828125 Z2 E-42.88380488594176 F1200
G1 X55.8984375 Y48.1640625 Z2 E-42.90138301094176 F1200
G1 X55.810546875 Y48.251953125 Z2 E-42.9138126223298 F1200
G1 X55.810546875 Y48.427734375 Z2 E-42.9313907473298 F1200
G1 X55.72265625 Y48.515625 Z2 E-42.94382035871784 F1200
G1 X55.72265625 Y48.779296875 Z2 E-42.97018754621784 F1200
G1 X55.546875 Y48.955078125 Z2 E-42.99504676899393 F1200
G1 X55.546875 Y49.130859375 Z2 E-43.01262489399393 F1200
G1 X55.458984375 Y49.21875 Z2 E-43.02505450538197 F1200
G1 X55.458984375 Y49.39453125 Z2 E-43.04263263038197 F1200
G1 X55.37109375 Y49.482421875 Z2 E-43.05506224177002 F1200
G1 X55.37109375 Y49.658203125 Z2 E-43.07264036677002 F1200
G1 X55.283203125 Y49.74609375 Z2 E-43.08506997815806 F1200
G1 X55.283203125 Y49.833984375 Z2 E-43.09385904065806 F1200
G1 X55.1953125 Y49.921875 Z2 E-43.1062886520461 F1200
G1 X55.1953125 Y50.009765625 Z2 E-43.1150777145461 F1200
G1 X55.107421875 Y50.09765625 Z2 E-43.12750732593415 F1200
G1 X55.107421875 Y50.185546875 Z2 E-43.13629638843415 F1200
G1 X55.01953125 Y50.2734375 Z2 E-43.14872599982219 F1200
G1 X55.01953125 Y50.361328125 Z2 E-43.15751506232219 F1200
G1 X54.931640625 Y50.44921875 Z2 E-43.16994467371023 F1200
G1 X54.931640625 Y50.537109375 Z2 E-43.17873373621023 F1200
G1 X54.84375 Y50.625 Z2 E-43.19116334759828 F1200
G1 X54.84375 Y50.80078125 Z2 E-43.20874147259828 F1200
G1 X54.755859375 Y50.888671875 Z2 E-43.22117108398632 F1200
G1 X54.755859375 Y51.064453125 Z2 E-43.23874920898632 F1200
G1 X54.66796875 Y51.15234375 Z2 E-43.25117882037436 F1200
G1 X54.66796875 Y51.416015625 Z2 E-43.27754600787436 F1200
G1 X54.580078125 Y51.50390625 Z2 E-43.28997561926241 F1200
G1 X54.580078125 Y51.591796875 Z2 E-43.29876468176241 F1200
G1 X54.404296875 Y51.767578125 Z2 E-43.32362390453849 F1200
G1 X54.404296875 Y51.85546875 Z2 E-43.33241296703849 F1200
G1 X54.228515625 Y52.03125 Z2 E-43.35727218981458 F1200
G1 X54.228515625 Y52.119140625 Z2 E-43.36606125231458 F1200
G1 X54.052734375 Y52.294921875 Z2 E-43.39092047509067 F1200
G1 X54.052734375 Y52.3828125 Z2 E-43.39970953759067 F1200
G1 X53.7890625 Y52.646484375 Z2 E-43.436998371754804 F1200
G1 X53.7890625 Y52.734375 Z2 E-43.445787434254804 F1200
G1 X53.701171875 Y52.822265625 Z2 E-43.45821704564285 F1200
G1 X53.701171875 Y52.91015625 Z2 E-43.46700610814285 F1200
G1 X53.4375 Y53.173828125 Z2 E-43.504294942306984 F1200
G1 X53.4375 Y53.26171875 Z2 E-43.513084004806984 F1200
G1 X51.943359375 Y54.755859375 Z2 E-43.72438739840374 F1200
G1 X51.85546875 Y54.755859375 Z2 E-43.73317646090374 F1200
G1 X51.767578125 Y54.84375 Z2 E-43.745606072291785 F1200
G1 X51.591796875 Y54.84375 Z2 E-43.763184197291785 F1200
G1 X51.50390625 Y54.931640625 Z2 E-43.77561380867983 F1200
G1 X51.416015625 Y54.931640625 Z2 E-43.78440287117983 F1200
G1 X50.44921875 Y55.8984375 Z2 E-43.92112859644832 F1200
G1 X50.361328125 Y55.8984375 Z2 E-43.92991765894832 F1200
G1 X50.2734375 Y55.986328125 Z2 E-43.94234727033636 F1200
G1 X50.185546875 Y55.986328125 Z2 E-43.95113633283636 F1200
G1 X50.009765625 Y56.162109375 Z2 E-43.97599555561245 F1200
G1 X49.833984375 Y56.162109375 Z2 E-43.99357368061245 F1200
G1 X49.74609375 Y56.25 Z2 E-44.00600329200049 F1200
G1 X49.5703125 Y56.25 Z2 E-44.02358141700049 F1200
G1 X49.482421875 Y56.337890625 Z2 E-44.036011028388536 F1200
G1 X49.39453125 Y56.337890625 Z2 E-44.044800090888536 F1200
G1 X49.306640625 Y56.25 Z2 E-44.05722970227658 F1200
G1 X51.85546875 Y53.701171875 Z2 E-44.41768843252988 F1200
G1 X51.85546875 Y53.61328125 Z2 E-44.42647749502988 F1200
G1 X52.294921875 Y53.173828125 Z2 E-44.4886255519701 F1200
G1 X52.294921875 Y53.0859375 Z2 E-44.4974146144701 F1200
G1 X52.734375 Y52.646484375 Z2 E-44.559562671410326 F1200
G1 X52.734375 Y52.55859375 Z2 E-44.568351733910326 F1200
G1 X52.998046875 Y52.294921875 Z2 E-44.60564056807446 F1200
G1 X52.998046875 Y52.20703125 Z2 E-44.61442963057446 F1200
G1 X53.26171875 Y51.943359375 Z2 E-44.6517184647386 F1200
G1 X53.26171875 Y51.85546875 Z2 E-44.6605075272386 F1200
G1 X53.4375 Y51.6796875 Z2 E-44.68536675001469 F1200
G1 X53.4375 Y51.591796875 Z2 E-44.69415581251469 F1200
G1 X53.61328125 Y51.416015625 Z2 E-44.719015035290774 F1200
G1 X53.61328125 Y51.328125 Z2 E-44.727804097790774 F1200
G1 X53.7890625 Y51.15234375 Z2 E-44.75266332056686 F1200
G1 X53.7890625 Y51.064453125 Z2 E-44.76145238306686 F1200
G1 X53.876953125 Y50.9765625 Z2 E-44.773881994454904 F1200
G1 X53.876953125 Y50.888671875 Z2 E-44.782671056954904 F1200
G1 X53.96484375 Y50.80078125 Z2 E-44.79510066834295 F1200
G1 X53.96484375 Y50.712890625 Z2 E-44.80388973084295 F1200
G1 X54.140625 Y50.537109375 Z2 E-44.828748953619034 F1200
G1 X54.140625 Y50.44921875 Z2 E-44.837538016119034 F1200
G1 X54.228515625 Y50.361328125 Z2 E-44.84996762750708 F1200
G1 X54.228515625 Y50.2734375 Z2 E-44.85875669000708 F1200
G1 X54.31640625 Y50.185546875 Z2 E-44.87118630139512 F1200
G1 X54.31640625 Y50.09765625 Z2 E-44.87997536389512 F1200
G1 X54.404296875 Y50.009765625 Z2 E-44.89240497528316 F1200
G1 X54.404296875 Y49.921875 Z2 E-44.90119403778316 F1200
G1 X54.4921875 Y49.833984375 Z2 E-44.91362364917121 F1200
G1 X54.4921875 Y49.658203125 Z2 E-44.93120177417121 F1200
G1 X54.580078125 Y49.5703125 Z2 E-44.94363138555925 F1200
G1 X54.580078125 Y49.482421875 Z2 E-44.95242044805925 F1200
G1 X54.66796875 Y49.39453125 Z2 E-44.96485005944729 F1200
G1 X54.66796875 Y49.306640625 Z2 E-44.97363912194729 F1200
G1 X54.755859375 Y49.21875 Z2 E-44.98606873333534 F1200
G1 X54.755859375 Y49.04296875 Z2 E-45.00364685833534 F1200
G1 X54.84375 Y48.955078125 Z2 E-45.01607646972338 F1200
G1 X54.84375 Y48.8671875 Z2 E-45.02486553222338 F1200
G1 X54.931640625 Y48.779296875 Z2 E-45.03729514361142 F1200
G1 X54.931640625 Y48.603515625 Z2 E-45.05487326861142 F1200
G1 X55.01953125 Y48.515625 Z2 E-45.06730287999947 F1200
G1 X55.01953125 Y48.33984375 Z2 E-45.08488100499947 F1200
G1 X55.107421875 Y48.251953125 Z2 E-45.09731061638751 F1200
G1 X55.107421875 Y48.1640625 Z2 E-45.10609967888751 F1200
G1 X55.1953125 Y48.076171875 Z2 E-45.11852929027555 F1200
G1 X55.1953125 Y47.900390625 Z2 E-45.13610741527555 F1200
G1 X55.283203125 Y47.8125 Z2 E-45.1485370266636 F1200
G1 X55.283203125 Y47.63671875 Z2 E-45.1661151516636 F1200
G1 X55.37109375 Y47.548828125 Z2 E-45.17854476305164 F1200
G1 X55.37109375 Y47.373046875 Z2 E-45.19612288805164 F1200
G1 X55.458984375 Y47.28515625 Z2 E-45.20855249943968 F1200
G1 X55.458984375 Y47.109375 Z2 E-45.22613062443968 F1200
G1 X55.546875 Y47.021484375 Z2 E-45.23856023582773 F1200
G1 X55.546875 Y46.845703125 Z2 E-45.25613836082773 F1200
G1 X55.634765625 Y46.7578125 Z2 E-45.26856797221577 F1200
G1 X55.634765625 Y46.494140625 Z2 E-45.29493515971577 F1200
G1 X55.72265625 Y46.40625 Z2 E-45.30736477110381 F1200
G1 X55.72265625 Y46.23046875 Z2 E-45.32494289610381 F1200
G1 X55.810546875 Y46.142578125 Z2 E-45.33737250749186 F1200
G1 X55.810546875 Y45.966796875 Z2 E-45.35495063249186 F1200
G1 X55.8984375 Y45.87890625 Z2 E-45.3673802438799 F1200
G1 X55.8984375 Y45.703125 Z2 E-45.3849583688799 F1200
G1 X55.986328125 Y45.615234375 Z2 E-45.39738798026794 F1200
G1 X55.986328125 Y45.3515625 Z2 E-45.42375516776794 F1200
G1 X56.07421875 Y45.263671875 Z2 E-45.43618477915599 F1200
G1 X56.07421875 Y45.087890625 Z2 E-45.45376290415599 F1200
G1 X56.162109375 Y45.0 Z2 E-45.46619251554403 F1200
G1 X56.162109375 Y44.736328125 Z2 E-45.49255970304403 F1200
G1 X56.25 Y44.6484375 Z2 E-45.50498931443207 F1200
G1 X56.25 Y44.47265625 Z2 E-45.52256743943207 F1200
G1 X56.337890625 Y44.384765625 Z2 E-45.53499705082012 F1200
G1 X56.337890625 Y44.12109375 Z2 E-45.56136423832012 F1200
G1 X56.42578125 Y44.033203125 Z2 E-45.57379384970816 F1200
G1 X56.42578125 Y43.857421875 Z2 E-45.59137197470816 F1200
G1 X56.513671875 Y43.76953125 Z2 E-45.6038015860962 F1200
G1 X56.513671875 Y43.59375 Z2 E-45.6213797110962 F1200
G1 X56.6015625 Y43.505859375 Z2 E-45.63380932248425 F1200
G1 X56.6015625 Y43.2421875 Z2 E-45.66017650998425 F1200
G1 X56.689453125 Y43.154296875 Z2 E-45.67260612137229 F1200
G1 X56.689453125 Y42.978515625 Z2 E-45.69018424637229 F1200
G1 X56.689453125 Y43.06640625 Z2 E-45.69897330887229 F1200
G1 X56.6015625 Y43.154296875 Z2 E-45.71140292026033 F1200
G1 X56.6015625 Y43.41796875 Z2 E-45.73777010776033 F1200
G1 X56.513671875 Y43.505859375 Z2 E-45.75019971914838 F1200
G1 X56.513671875 Y43.76953125 Z2 E-45.77656690664838 F1200
G1 X56.42578125 Y43.857421875 Z2 E-45.78899651803642 F1200
G1 X56.42578125 Y43.9453125 Z2 E-45.79778558053642 F1200
G1 X56.337890625 Y44.033203125 Z2 E-45.81021519192446 F1200
G1 X56.337890625 Y44.208984375 Z2 E-45.82779331692446 F1200
G1 X56.25 Y44.296875 Z2 E-45.84022292831251 F1200
G1 X56.25 Y44.384765625 Z2 E-45.84901199081251 F1200
G1 X56.07421875 Y44.560546875 Z2 E-45.87387121358859 F1200
G1 X56.07421875 Y44.6484375 Z2 E-45.88266027608859 F1200
G1 X55.986328125 Y44.736328125 Z2 E-45.89508988747664 F1200
G1 X55.986328125 Y45.0 Z2 E-45.92145707497664 F1200
G1 X55.8984375 Y45.087890625 Z2 E-45.93388668636468 F1200
G1 X55.8984375 Y45.17578125 Z2 E-45.94267574886468 F1200
G1 X55.810546875 Y45.263671875 Z2 E-45.95510536025272 F1200
G1 X55.8984375 Y45.3515625 Z2 E-45.96753497164077 F1200
G1 X55.634765625 Y45.615234375 Z2 E-46.004823805804904 F1200
G1 X55.634765625 Y45.87890625 Z2 E-46.031190993304904 F1200
G1 X55.546875 Y45.966796875 Z2 E-46.04362060469295 F1200
G1 X55.546875 Y46.0546875 Z2 E-46.05240966719295 F1200
G1 X55.458984375 Y46.142578125 Z2 E-46.06483927858099 F1200
G1 X55.458984375 Y46.318359375 Z2 E-46.08241740358099 F1200
G1 X55.37109375 Y46.40625 Z2 E-46.094847014969034 F1200
G1 X55.37109375 Y46.58203125 Z2 E-46.112425139969034 F1200
G1 X55.283203125 Y46.669921875 Z2 E-46.12485475135708 F1200
G1 X55.283203125 Y46.845703125 Z2 E-46.14243287635708 F1200
G1 X55.1953125 Y46.93359375 Z2 E-46.15486248774512 F1200
G1 X55.1953125 Y47.109375 Z2 E-46.17244061274512 F1200
G1 X55.107421875 Y47.197265625 Z2 E-46.184870224133164 F1200
G1 X55.107421875 Y47.373046875 Z2 E-46.202448349133164 F1200
G1 X55.01953125 Y47.4609375 Z2 E-46.21487796052121 F1200
G1 X55.01953125 Y47.548828125 Z2 E-46.22366702302121 F1200
G1 X54.931640625 Y47.63671875 Z2 E-46.23609663440925 F1200
G1 X54.931640625 Y47.8125 Z2 E-46.25367475940925 F1200
G1 X54.84375 Y47.900390625 Z2 E-46.266104370797294 F1200
G1 X54.84375 Y47.98828125 Z2 E-46.274893433297294 F1200
G1 X54.755859375 Y48.076171875 Z2 E-46.28732304468534 F1200
G1 X54.755859375 Y48.1640625 Z2 E-46.29611210718534 F1200
G1 X54.66796875 Y48.251953125 Z2 E-46.30854171857338 F1200
G1 X54.66796875 Y48.33984375 Z2 E-46.31733078107338 F1200
G1 X54.580078125 Y48.427734375 Z2 E-46.329760392461424 F1200
G1 X54.580078125 Y48.515625 Z2 E-46.338549454961424 F1200
G1 X54.4921875 Y48.603515625 Z2 E-46.35097906634947 F1200
G1 X54.4921875 Y48.779296875 Z2 E-46.36855719134947 F1200
G1 X54.404296875 Y48.8671875 Z2 E-46.38098680273751 F1200
G1 X54.404296875 Y48.955078125 Z2 E-46.38977586523751 F1200
G1 X54.31640625 Y49.04296875 Z2 E-46.402205476625554 F1200
G1 X54.31640625 Y49.130859375 Z2 E-46.410994539125554 F1200
G1 X54.228515625 Y49.21875 Z2 E-46.4234241505136 F1200
G1 X54.228515625 Y49.306640625 Z2 E-46.4322132130136 F1200
G1 X54.140625 Y49.39453125 Z2 E-46.44464282440164 F1200
G1 X54.140625 Y49.482421875 Z2 E-46.45343188690164 F1200
G1 X54.052734375 Y49.5703125 Z2 E-46.465861498289684 F1200
G1 X54.052734375 Y49.74609375 Z2 E-46.483439623289684 F1200
G1 X53.96484375 Y49.833984375 Z2 E-46.49586923467773 F1200
G1 X53.96484375 Y49.921875 Z2 E-46.50465829717773 F1200
G1 X53.876953125 Y50.009765625 Z2 E-46.51708790856577 F1200
G1 X53.876953125 Y50.09765625 Z2 E-46.52587697106577 F1200
G1 X53.7890625 Y50.185546875 Z2 E-46.538306582453814 F1200
G1 X53.7890625 Y50.361328125 Z2 E-46.555884707453814 F1200
G1 X53.701171875 Y50.44921875 Z2 E-46.56831431884186 F1200
G1 X53.701171875 Y50.537109375 Z2 E-46.57710338134186 F1200
G1 X53.61328125 Y50.625 Z2 E-46.5895329927299 F1200
G1 X53.61328125 Y50.712890625 Z2 E-46.5983220552299 F1200
G1 X53.525390625 Y50.80078125 Z2 E-46.610751666617944 F1200
G1 X53.525390625 Y50.888671875 Z2 E-46.619540729117944 F1200
G1 X53.4375 Y50.9765625 Z2 E-46.63197034050599 F1200
G1 X53.349609375 Y50.9765625 Z2 E-46.64075940300599 F1200
G1 X53.4375 Y51.064453125 Z2 E-46.65318901439403 F1200
G1 X53.349609375 Y51.15234375 Z2 E-46.66561862578207 F1200
G1 X53.349609375 Y51.328125 Z2 E-46.68319675078207 F1200
G1 X53.173828125 Y51.50390625 Z2 E-46.70805597355816 F1200
G1 X53.173828125 Y51.591796875 Z2 E-46.71684503605816 F1200
G1 X52.998046875 Y51.767578125 Z2 E-46.74170425883425 F1200
G1 X52.998046875 Y51.85546875 Z2 E-46.75049332133425 F1200
G1 X52.91015625 Y51.943359375 Z2 E-46.76292293272229 F1200
G1 X52.91015625 Y52.03125 Z2 E-46.77171199522229 F1200
G1 X52.734375 Y52.20703125 Z2 E-46.79657121799838 F1200
G1 X52.734375 Y52.294921875 Z2 E-46.80536028049838 F1200
G1 X52.20703125 Y52.822265625 Z2 E-46.879937948826644 F1200
G1 X52.119140625 Y52.734375 Z2 E-46.89236756021469 F1200
G1 X52.20703125 Y52.822265625 Z2 E-46.90479717160273 F1200
G1 X52.03125 Y52.998046875 Z2 E-46.92965639437882 F1200
G1 X51.943359375 Y52.998046875 Z2 E-46.93844545687882 F1200
G1 X51.943359375 Y53.0859375 Z2 E-46.94723451937882 F1200
G1 X51.064453125 Y53.96484375 Z2 E-47.071530633259265 F1200
G1 X50.9765625 Y53.96484375 Z2 E-47.080319695759265 F1200
G1 X50.537109375 Y54.404296875 Z2 E-47.14246775269949 F1200
G1 X50.537109375 Y54.4921875 Z2 E-47.15125681519949 F1200
G1 X50.44921875 Y54.580078125 Z2 E-47.16368642658753 F1200
G1 X50.361328125 Y54.580078125 Z2 E-47.17247548908753 F1200
G1 X50.361328125 Y54.66796875 Z2 E-47.18126455158753 F1200
G1 X50.2734375 Y54.755859375 Z2 E-47.193694162975575 F1200
G1 X50.185546875 Y54.755859375 Z2 E-47.202483225475575 F1200
G1 X50.09765625 Y54.84375 Z2 E-47.21491283686362 F1200
G1 X50.09765625 Y54.931640625 Z2 E-47.22370189936362 F1200
G1 X50.009765625 Y55.01953125 Z2 E-47.23613151075166 F1200
G1 X49.921875 Y55.01953125 Z2 E-47.24492057325166 F1200
G1 X48.8671875 Y56.07421875 Z2 E-47.394075909908196 F1200
G1 X48.779296875 Y56.07421875 Z2 E-47.402864972408196 F1200
G1 X48.779296875 Y56.162109375 Z2 E-47.411654034908196 F1200
G1 X48.69140625 Y56.25 Z2 E-47.42408364629624 F1200
G1 X48.603515625 Y56.25 Z2 E-47.43287270879624 F1200
G1 X48.515625 Y56.337890625 Z2 E-47.44530232018428 F1200
G1 X48.427734375 Y56.337890625 Z2 E-47.45409138268428 F1200
G1 X47.98828125 Y56.77734375 Z2 E-47.516239439624506 F1200
G1 X47.900390625 Y56.77734375 Z2 E-47.525028502124506 F1200
G1 X47.373046875 Y57.3046875 Z2 E-47.59960617045277 F1200
G1 X47.28515625 Y57.3046875 Z2 E-47.60839523295277 F1200
G1 X47.109375 Y57.48046875 Z2 E-47.63325445572886 F1200
G1 X47.021484375 Y57.48046875 Z2 E-47.64204351822886 F1200
G1 X46.7578125 Y57.744140625 Z2 E-47.679332352393 F1200
G1 X46.669921875 Y57.744140625 Z2 E-47.688121414893 F1200
G1 X46.40625 Y58.0078125 Z2 E-47.725410249057134 F1200
G1 X46.318359375 Y58.0078125 Z2 E-47.734199311557134 F1200
G1 X46.23046875 Y58.095703125 Z2 E-47.74662892294518 F1200
G1 X46.142578125 Y58.095703125 Z2 E-47.75541798544518 F1200
G1 X46.142578125 Y58.18359375 Z2 E-47.76420704794518 F1200
G1 X46.0546875 Y58.271484375 Z2 E-47.77663665933322 F1200
G1 X45.966796875 Y58.271484375 Z2 E-47.78542572183322 F1200
G1 X45.52734375 Y58.7109375 Z2 E-47.847573778773445 F1200
G1 X45.439453125 Y58.7109375 Z2 E-47.856362841273445 F1200
G1 X45.3515625 Y58.798828125 Z2 E-47.86879245266149 F1200
G1 X45.17578125 Y58.798828125 Z2 E-47.88637057766149 F1200
G1 X45.0 Y58.974609375 Z2 E-47.911229800437575 F1200
G1 X44.912109375 Y58.974609375 Z2 E-47.920018862937575 F1200
G1 X44.82421875 Y59.0625 Z2 E-47.93244847432562 F1200
G1 X44.736328125 Y59.0625 Z2 E-47.94123753682562 F1200
G1 X44.560546875 Y59.23828125 Z2 E-47.966096759601704 F1200
G1 X44.47265625 Y59.23828125 Z2 E-47.974885822101704 F1200
G1 X44.296875 Y59.4140625 Z2 E-47.99974504487779 F1200
G1 X44.208984375 Y59.4140625 Z2 E-48.00853410737779 F1200
G1 X44.12109375 Y59.501953125 Z2 E-48.020963718765834 F1200
G1 X44.033203125 Y59.501953125 Z2 E-48.029752781265834 F1200
G1 X43.9453125 Y59.58984375 Z2 E-48.04218239265388 F1200
G1 X43.857421875 Y59.58984375 Z2 E-48.05097145515388 F1200
G1 X43.76953125 Y59.677734375 Z2 E-48.06340106654192 F1200
G1 X43.681640625 Y59.677734375 Z2 E-48.07219012904192 F1200
G1 X43.59375 Y59.765625 Z2 E-48.084619740429964 F1200
G1 X43.505859375 Y59.765625 Z2 E-48.093408802929964 F1200
G1 X43.41796875 Y59.853515625 Z2 E-48.10583841431801 F1200
G1 X43.330078125 Y59.853515625 Z2 E-48.11462747681801 F1200
G1 X43.06640625 Y60.1171875 Z2 E-48.151916310982145 F1200
G1 X42.890625 Y60.1171875 Z2 E-48.169494435982145 F1200
G1 X42.802734375 Y60.205078125 Z2 E-48.18192404737019 F1200
G1 X42.71484375 Y60.205078125 Z2 E-48.19071310987019 F1200
G1 X42.5390625 Y60.380859375 Z2 E-48.215572332646275 F1200
G1 X42.451171875 Y60.380859375 Z2 E-48.224361395146275 F1200
G1 X42.36328125 Y60.46875 Z2 E-48.23679100653432 F1200
G1 X42.275390625 Y60.46875 Z2 E-48.24558006903432 F1200
G1 X42.099609375 Y60.64453125 Z2 E-48.270439291810405 F1200
G1 X42.01171875 Y60.64453125 Z2 E-48.279228354310405 F1200
G1 X41.923828125 Y60.732421875 Z2 E-48.29165796569845 F1200
G1 X41.8359375 Y60.732421875 Z2 E-48.30044702819845 F1200
G1 X41.66015625 Y60.908203125 Z2 E-48.325306250974535 F1200
G1 X41.572265625 Y60.908203125 Z2 E-48.334095313474535 F1200
G1 X41.484375 Y60.99609375 Z2 E-48.34652492486258 F1200
G1 X41.396484375 Y60.99609375 Z2 E-48.35531398736258 F1200
G1 X41.30859375 Y61.083984375 Z2 E-48.36774359875062 F1200
G1 X41.220703125 Y61.083984375 Z2 E-48.37653266125062 F1200
G1 X41.1328125 Y61.171875 Z2 E-48.388962272638665 F1200
G1 X41.044921875 Y61.171875 Z2 E-48.397751335138665 F1200
G1 X40.78125 Y61.435546875 Z2 E-48.4350401693028 F1200
G1 X40.693359375 Y61.435546875 Z2 E-48.4438292318028 F1200
G1 X40.60546875 Y61.5234375 Z2 E-48.456258843190845 F1200
G1 X40.517578125 Y61.5234375 Z2 E-48.465047905690845 F1200
G1 X40.4296875 Y61.611328125 Z2 E-48.47747751707889 F1200
G1 X40.341796875 Y61.611328125 Z2 E-48.48626657957889 F1200
G1 X40.25390625 Y61.69921875 Z2 E-48.49869619096693 F1200
G1 X40.166015625 Y61.611328125 Z2 E-48.511125802354975 F1200
G1 X40.166015625 Y61.69921875 Z2 E-48.519914864854975 F1200
G1 X40.078125 Y61.787109375 Z2 E-48.53234447624302 F1200
G1 X39.990234375 Y61.787109375 Z2 E-48.54113353874302 F1200
G1 X39.990234375 Y61.875 Z2 E-48.54992260124302 F1200
G1 X39.90234375 Y61.962890625 Z2 E-48.56235221263106 F1200
G1 X39.814453125 Y61.962890625 Z2 E-48.57114127513106 F1200
G1 X39.7265625 Y62.05078125 Z2 E-48.583570886519105 F1200
G1 X39.638671875 Y62.05078125 Z2 E-48.592359949019105 F1200
G1 X39.55078125 Y62.138671875 Z2 E-48.60478956040715 F1200
G1 X39.462890625 Y62.138671875 Z2 E-48.61357862290715 F1200
G1 X39.375 Y62.2265625 Z2 E-48.62600823429519 F1200
G1 X39.287109375 Y62.2265625 Z2 E-48.63479729679519 F1200
G1 X39.375 Y62.314453125 Z2 E-48.647226908183235 F1200
G1 X39.287109375 Y62.40234375 Z2 E-48.65965651957128 F1200
G1 X39.19921875 Y62.40234375 Z2 E-48.66844558207128 F1200
G1 X38.935546875 Y62.666015625 Z2 E-48.705734416235416 F1200
G1 X38.84765625 Y62.666015625 Z2 E-48.714523478735416 F1200
G1 X39.111328125 Y62.666015625 Z2 E-48.740890666235416 F1200
G1 X39.19921875 Y62.578125 Z2 E-48.75332027762346 F1200
G1 X39.375 Y62.578125 Z2 E-48.77089840262346 F1200
G1 X39.462890625 Y62.490234375 Z2 E-48.7833280140115 F1200
G1 X39.638671875 Y62.490234375 Z2 E-48.8009061390115 F1200
G1 X39.7265625 Y62.40234375 Z2 E-48.813335750399546 F1200
G1 X39.90234375 Y62.40234375 Z2 E-48.830913875399546 F1200
G1 X39.990234375 Y62.314453125 Z2 E-48.84334348678759 F1200
G1 X40.078125 Y62.314453125 Z2 E-48.85213254928759 F1200
G1 X40.166015625 Y62.2265625 Z2 E-48.86456216067563 F1200
G1 X40.341796875 Y62.2265625 Z2 E-48.88214028567563 F1200
G1 X40.4296875 Y62.138671875 Z2 E-48.894569897063676 F1200
G1 X40.693359375 Y62.138671875 Z2 E-48.920937084563676 F1200
G1 X40.78125 Y62.05078125 Z2 E-48.93336669595172 F1200
G1 X40.95703125 Y62.05078125 Z2 E-48.95094482095172 F1200
G1 X41.044921875 Y61.962890625 Z2 E-48.96337443233976 F1200
G1 X41.220703125 Y61.962890625 Z2 E-48.98095255733976 F1200
G1 X41.30859375 Y61.875 Z2 E-48.993382168727805 F1200
G1 X41.484375 Y61.875 Z2 E-49.010960293727805 F1200
G1 X41.572265625 Y61.787109375 Z2 E-49.02338990511585 F1200
G1 X41.66015625 Y61.787109375 Z2 E-49.03217896761585 F1200
G1 X41.748046875 Y61.69921875 Z2 E-49.04460857900389 F1200
G1 X41.923828125 Y61.69921875 Z2 E-49.06218670400389 F1200
G1 X42.01171875 Y61.611328125 Z2 E-49.074616315391935 F1200
G1 X42.099609375 Y61.611328125 Z2 E-49.083405377891935 F1200
G1 X42.1875 Y61.5234375 Z2 E-49.09583498927998 F1200
G1 X42.36328125 Y61.5234375 Z2 E-49.11341311427998 F1200
G1 X42.451171875 Y61.435546875 Z2 E-49.12584272566802 F1200
G1 X42.626953125 Y61.435546875 Z2 E-49.14342085066802 F1200
G1 X42.71484375 Y61.34765625 Z2 E-49.155850462056065 F1200
G1 X42.802734375 Y61.34765625 Z2 E-49.164639524556065 F1200
G1 X42.890625 Y61.259765625 Z2 E-49.17706913594411 F1200
G1 X43.06640625 Y61.259765625 Z2 E-49.19464726094411 F1200
G1 X43.154296875 Y61.171875 Z2 E-49.20707687233215 F1200
G1 X43.2421875 Y61.171875 Z2 E-49.21586593483215 F1200
G1 X43.330078125 Y61.083984375 Z2 E-49.228295546220195 F1200
G1 X43.505859375 Y61.083984375 Z2 E-49.245873671220195 F1200
G1 X43.59375 Y60.99609375 Z2 E-49.25830328260824 F1200
G1 X43.681640625 Y60.99609375 Z2 E-49.26709234510824 F1200
G1 X43.76953125 Y60.908203125 Z2 E-49.27952195649628 F1200
G1 X43.857421875 Y60.908203125 Z2 E-49.28831101899628 F1200
G1 X43.9453125 Y60.8203125 Z2 E-49.300740630384325 F1200
G1 X44.033203125 Y60.8203125 Z2 E-49.309529692884325 F1200
G1 X44.12109375 Y60.732421875 Z2 E-49.32195930427237 F1200
G1 X44.296875 Y60.732421875 Z2 E-49.33953742927237 F1200
G1 X44.384765625 Y60.64453125 Z2 E-49.35196704066041 F1200
G1 X44.47265625 Y60.64453125 Z2 E-49.36075610316041 F1200
G1 X44.560546875 Y60.556640625 Z2 E-49.373185714548455 F1200
G1 X44.6484375 Y60.556640625 Z2 E-49.381974777048455 F1200
G1 X44.736328125 Y60.46875 Z2 E-49.3944043884365 F1200
G1 X44.912109375 Y60.46875 Z2 E-49.4119825134365 F1200
G1 X45.0 Y60.380859375 Z2 E-49.42441212482454 F1200
G1 X45.087890625 Y60.380859375 Z2 E-49.43320118732454 F1200
G1 X45.17578125 Y60.29296875 Z2 E-49.445630798712585 F1200
G1 X45.263671875 Y60.29296875 Z2 E-49.454419861212585 F1200
G1 X45.3515625 Y60.205078125 Z2 E-49.46684947260063 F1200
G1 X45.439453125 Y60.205078125 Z2 E-49.47563853510063 F1200
G1 X45.52734375 Y60.1171875 Z2 E-49.48806814648867 F1200
G1 X45.615234375 Y60.1171875 Z2 E-49.49685720898867 F1200
G1 X45.703125 Y60.029296875 Z2 E-49.509286820376715 F1200
G1 X45.791015625 Y60.029296875 Z2 E-49.518075882876715 F1200
G1 X45.87890625 Y59.94140625 Z2 E-49.53050549426476 F1200
G1 X46.0546875 Y59.94140625 Z2 E-49.54808361926476 F1200
G1 X46.142578125 Y59.853515625 Z2 E-49.5605132306528 F1200
G1 X46.23046875 Y59.853515625 Z2 E-49.5693022931528 F1200
G1 X46.318359375 Y59.765625 Z2 E-49.581731904540845 F1200
G1 X46.40625 Y59.765625 Z2 E-49.590520967040845 F1200
G1 X46.494140625 Y59.677734375 Z2 E-49.60295057842889 F1200
G1 X46.58203125 Y59.677734375 Z2 E-49.61173964092889 F1200
G1 X46.669921875 Y59.58984375 Z2 E-49.62416925231693 F1200
G1 X46.7578125 Y59.58984375 Z2 E-49.63295831481693 F1200
G1 X46.845703125 Y59.501953125 Z2 E-49.645387926204975 F1200
G1 X46.93359375 Y59.501953125 Z2 E-49.654176988704975 F1200
G1 X47.109375 Y59.326171875 Z2 E-49.67903621148106 F1200
G1 X47.197265625 Y59.326171875 Z2 E-49.68782527398106 F1200
G1 X47.28515625 Y59.23828125 Z2 E-49.700254885369105 F1200
G1 X47.373046875 Y59.23828125 Z2 E-49.709043947869105 F1200
G1 X47.4609375 Y59.150390625 Z2 E-49.72147355925715 F1200
G1 X47.548828125 Y59.150390625 Z2 E-49.73026262175715 F1200
G1 X47.63671875 Y59.0625 Z2 E-49.74269223314519 F1200
G1 X47.724609375 Y59.0625 Z2 E-49.75148129564519 F1200
G1 X47.8125 Y58.974609375 Z2 E-49.763910907033235 F1200
G1 X47.900390625 Y58.974609375 Z2 E-49.772699969533235 F1200
G1 X47.98828125 Y58.88671875 Z2 E-49.78512958092128 F1200
G1 X48.076171875 Y58.88671875 Z2 E-49.79391864342128 F1200
G1 X48.251953125 Y58.7109375 Z2 E-49.818777866197365 F1200
G1 X48.33984375 Y58.7109375 Z2 E-49.827566928697365 F1200
G1 X48.427734375 Y58.623046875 Z2 E-49.83999654008541 F1200
G1 X48.515625 Y58.623046875 Z2 E-49.84878560258541 F1200
G1 X48.603515625 Y58.53515625 Z2 E-49.86121521397345 F1200
G1 X48.69140625 Y58.53515625 Z2 E-49.87000427647345 F1200
G1 X48.779296875 Y58.447265625 Z2 E-49.882433887861495 F1200
G1 X48.8671875 Y58.447265625 Z2 E-49.891222950361495 F1200
G1 X48.955078125 Y58.359375 Z2 E-49.90365256174954 F1200
G1 X49.04296875 Y58.359375 Z2 E-49.91244162424954 F1200
G1 X49.21875 Y58.18359375 Z2 E-49.937300847025625 F1200
G1 X49.306640625 Y58.18359375 Z2 E-49.946089909525625 F1200
G1 X49.482421875 Y58.0078125 Z2 E-49.97094913230171 F1200
G1 X49.5703125 Y58.0078125 Z2 E-49.97973819480171 F1200
G1 X49.658203125 Y57.919921875 Z2 E-49.992167806189755 F1200
G1 X49.74609375 Y57.919921875 Z2 E-50.000956868689755 F1200
G1 X49.921875 Y57.744140625 Z2 E-50.02581609146584 F1200
G1 X50.009765625 Y57.744140625 Z2 E-50.03460515396584 F1200
G1 X50.185546875 Y57.568359375 Z2 E-50.05946437674193 F1200
G1 X50.2734375 Y57.568359375 Z2 E-50.06825343924193 F1200
G1 X50.44921875 Y57.392578125 Z2 E-50.093112662018015 F1200
G1 X50.537109375 Y57.392578125 Z2 E-50.101901724518015 F1200
G1 X50.712890625 Y57.216796875 Z2 E-50.1267609472941 F1200
G1 X50.80078125 Y57.216796875 Z2 E-50.1355500097941 F1200
G1 X50.9765625 Y57.041015625 Z2 E-50.16040923257019 F1200
G1 X51.064453125 Y57.041015625 Z2 E-50.16919829507019 F1200
G1 X51.328125 Y56.77734375 Z2 E-50.206487129234326 F1200
G1 X51.416015625 Y56.77734375 Z2 E-50.215276191734326 F1200
G1 X51.6796875 Y56.513671875 Z2 E-50.25256502589846 F1200
G1 X51.767578125 Y56.513671875 Z2 E-50.26135408839846 F1200
G1 X52.119140625 Y56.162109375 Z2 E-50.31107253395064 F1200
G1 X52.20703125 Y56.162109375 Z2 E-50.31986159645064 F1200
G1 X52.55859375 Y55.810546875 Z2 E-50.36958004200282 F1200
G1 X52.646484375 Y55.810546875 Z2 E-50.37836910450282 F1200
G1 X53.349609375 Y55.107421875 Z2 E-50.477805995607184 F1200
G1 X53.4375 Y55.107421875 Z2 E-50.486595058107184 F1200
G1 X54.580078125 Y53.96484375 Z2 E-50.64818000615177 F1200
G1 X54.580078125 Y53.876953125 Z2 E-50.65696906865177 F1200
G1 X55.1953125 Y53.26171875 Z2 E-50.74397634836808 F1200
G1 X55.1953125 Y53.173828125 Z2 E-50.75276541086808 F1200
G1 X55.458984375 Y52.91015625 Z2 E-50.790054245032216 F1200
G1 X55.458984375 Y52.822265625 Z2 E-50.798843307532216 F1200
G1 X55.72265625 Y52.55859375 Z2 E-50.83613214169635 F1200
G1 X55.72265625 Y52.470703125 Z2 E-50.84492120419635 F1200
G1 X55.8984375 Y52.294921875 Z2 E-50.86978042697244 F1200
G1 X55.8984375 Y52.20703125 Z2 E-50.87856948947244 F1200
G1 X55.986328125 Y52.119140625 Z2 E-50.89099910086048 F1200
G1 X55.986328125 Y52.03125 Z2 E-50.89978816336048 F1200
G1 X56.162109375 Y51.85546875 Z2 E-50.92464738613657 F1200
G1 X56.162109375 Y51.767578125 Z2 E-50.93343644863657 F1200
G1 X56.337890625 Y51.591796875 Z2 E-50.95829567141266 F1200
G1 X56.337890625 Y51.50390625 Z2 E-50.96708473391266 F1200
G1 X56.42578125 Y51.416015625 Z2 E-50.9795143453007 F1200
G1 X56.42578125 Y51.328125 Z2 E-50.9883034078007 F1200
G1 X56.6015625 Y51.15234375 Z2 E-51.01316263057679 F1200
G1 X56.6015625 Y51.064453125 Z2 E-51.02195169307679 F1200
G1 X56.689453125 Y50.9765625 Z2 E-51.03438130446483 F1200
G1 X56.689453125 Y50.888671875 Z2 E-51.04317036696483 F1200
G1 X56.77734375 Y50.80078125 Z2 E-51.05559997835287 F1200
G1 X56.77734375 Y50.625 Z2 E-51.07317810335287 F1200
G1 X56.865234375 Y50.537109375 Z2 E-51.08560771474092 F1200
G1 X56.865234375 Y50.44921875 Z2 E-51.09439677724092 F1200
G1 X56.953125 Y50.361328125 Z2 E-51.10682638862896 F1200
G1 X56.953125 Y50.2734375 Z2 E-51.11561545112896 F1200
G1 X57.041015625 Y50.185546875 Z2 E-51.128045062517 F1200
G1 X57.041015625 Y50.09765625 Z2 E-51.136834125017 F1200
G1 X57.12890625 Y50.009765625 Z2 E-51.14926373640505 F1200
G1 X57.12890625 Y49.833984375 Z2 E-51.16684186140505 F1200
G1 X57.216796875 Y49.74609375 Z2 E-51.17927147279309 F1200
G1 X57.216796875 Y49.5703125 Z2 E-51.19684959779309 F1200
G1 X57.3046875 Y49.482421875 Z2 E-51.20927920918113 F1200
G1 X57.3046875 Y49.306640625 Z2 E-51.22685733418113 F1200
G1 X57.392578125 Y49.21875 Z2 E-51.23928694556918 F1200
G1 X57.392578125 Y49.04296875 Z2 E-51.25686507056918 F1200
G1 X57.48046875 Y48.955078125 Z2 E-51.26929468195722 F1200
G1 X57.48046875 Y48.69140625 Z2 E-51.29566186945722 F1200
G1 X57.568359375 Y48.603515625 Z2 E-51.30809148084526 F1200
G1 X57.568359375 Y48.33984375 Z2 E-51.33445866834526 F1200
G1 X57.65625 Y48.251953125 Z2 E-51.34688827973331 F1200
G1 X57.65625 Y47.98828125 Z2 E-51.37325546723331 F1200
G1 X57.744140625 Y47.900390625 Z2 E-51.38568507862135 F1200
G1 X57.744140625 Y47.63671875 Z2 E-51.41205226612135 F1200
G1 X57.83203125 Y47.548828125 Z2 E-51.42448187750939 F1200
G1 X57.83203125 Y47.197265625 Z2 E-51.45963812750939 F1200
G1 X57.919921875 Y47.109375 Z2 E-51.47206773889744 F1200
G1 X57.919921875 Y46.845703125 Z2 E-51.49843492639744 F1200
G1 X58.0078125 Y46.7578125 Z2 E-51.51086453778548 F1200
G1 X58.0078125 Y46.40625 Z2 E-51.54602078778548 F1200
G1 X58.095703125 Y46.318359375 Z2 E-51.55845039917352 F1200
G1 X58.095703125 Y45.966796875 Z2 E-51.59360664917352 F1200
G1 X58.18359375 Y45.87890625 Z2 E-51.60603626056157 F1200
G1 X58.18359375 Y45.791015625 Z2 E-51.61482532306157 F1200
G1 X58.271484375 Y45.703125 Z2 E-51.62725493444961 F1200
G1 X58.271484375 Y45.615234375 Z2 E-51.63604399694961 F1200
G1 X58.359375 Y45.52734375 Z2 E-51.64847360833765 F1200
G1 X58.447265625 Y45.52734375 Z2 E-51.65726267083765 F1200
G1 X58.53515625 Y45.439453125 Z2 E-51.6696922822257 F1200
G1 X58.7109375 Y45.439453125 Z2 E-51.6872704072257 F1200
G1 X58.798828125 Y45.52734375 Z2 E-51.69970001861374 F1200
G1 X58.798828125 Y45.615234375 Z2 E-51.70848908111374 F1200
G1 X58.88671875 Y45.703125 Z2 E-51.72091869250178 F1200
G1 X58.798828125 Y45.791015625 Z2 E-51.73334830388983 F1200
G1 X58.798828125 Y46.40625 Z2 E-51.79487174138983 F1200
G1 X58.7109375 Y46.494140625 Z2 E-51.80730135277787 F1200
G1 X58.7109375 Y46.845703125 Z2 E-51.84245760277787 F1200
G1 X58.623046875 Y46.93359375 Z2 E-51.85488721416591 F1200
G1 X58.623046875 Y47.28515625 Z2 E-51.89004346416591 F1200
G1 X58.53515625 Y47.373046875 Z2 E-51.90247307555396 F1200
G1 X58.53515625 Y47.724609375 Z2 E-51.93762932555396 F1200
G1 X58.447265625 Y47.8125 Z2 E-51.950058936942 F1200
G1 X58.447265625 Y48.076171875 Z2 E-51.976426124442 F1200
G1 X58.359375 Y48.1640625 Z2 E-51.98885573583004 F1200
G1 X58.359375 Y48.427734375 Z2 E-52.01522292333004 F1200
G1 X58.271484375 Y48.515625 Z2 E-52.02765253471809 F1200
G1 X58.271484375 Y48.69140625 Z2 E-52.04523065971809 F1200
G1 X58.18359375 Y48.779296875 Z2 E-52.05766027110613 F1200
G1 X58.18359375 Y49.04296875 Z2 E-52.08402745860613 F1200
G1 X58.095703125 Y49.130859375 Z2 E-52.09645706999417 F1200
G1 X58.095703125 Y49.21875 Z2 E-52.10524613249417 F1200
G1 X58.0078125 Y49.306640625 Z2 E-52.11767574388222 F1200
G1 X58.0078125 Y49.482421875 Z2 E-52.13525386888222 F1200
G1 X57.919921875 Y49.5703125 Z2 E-52.14768348027026 F1200
G1 X57.919921875 Y49.74609375 Z2 E-52.16526160527026 F1200
G1 X57.744140625 Y49.921875 Z2 E-52.190120828046346 F1200
G1 X57.744140625 Y50.09765625 Z2 E-52.207698953046346 F1200
G1 X57.65625 Y50.185546875 Z2 E-52.22012856443439 F1200
G1 X57.65625 Y50.2734375 Z2 E-52.22891762693439 F1200
G1 X57.48046875 Y50.44921875 Z2 E-52.253776849710476 F1200
G1 X57.48046875 Y50.537109375 Z2 E-52.262565912210476 F1200
G1 X57.392578125 Y50.625 Z2 E-52.27499552359852 F1200
G1 X57.392578125 Y50.712890625 Z2 E-52.28378458609852 F1200
G1 X57.3046875 Y50.80078125 Z2 E-52.29621419748656 F1200
G1 X57.3046875 Y50.888671875 Z2 E-52.30500325998656 F1200
G1 X57.216796875 Y50.9765625 Z2 E-52.317432871374606 F1200
G1 X57.216796875 Y51.064453125 Z2 E-52.326221933874606 F1200
G1 X57.12890625 Y51.15234375 Z2 E-52.33865154526265 F1200
G1 X57.12890625 Y51.240234375 Z2 E-52.34744060776265 F1200
G1 X56.953125 Y51.416015625 Z2 E-52.372299830538736 F1200
G1 X56.953125 Y51.50390625 Z2 E-52.381088893038736 F1200
G1 X56.865234375 Y51.591796875 Z2 E-52.39351850442678 F1200
G1 X56.865234375 Y51.6796875 Z2 E-52.40230756692678 F1200
G1 X56.689453125 Y51.85546875 Z2 E-52.427166789702866 F1200
G1 X56.689453125 Y51.943359375 Z2 E-52.435955852202866 F1200
G1 X56.6015625 Y52.03125 Z2 E-52.44838546359091 F1200
G1 X56.6015625 Y52.119140625 Z2 E-52.45717452609091 F1200
G1 X56.513671875 Y52.20703125 Z2 E-52.46960413747895 F1200
G1 X56.513671875 Y52.294921875 Z2 E-52.47839319997895 F1200
G1 X56.337890625 Y52.470703125 Z2 E-52.50325242275504 F1200
G1 X56.337890625 Y52.55859375 Z2 E-52.51204148525504 F1200
G1 X56.07421875 Y52.822265625 Z2 E-52.54933031941918 F1200
G1 X56.07421875 Y52.91015625 Z2 E-52.55811938191918 F1200
G1 X55.810546875 Y53.173828125 Z2 E-52.595408216083314 F1200
G1 X55.810546875 Y53.26171875 Z2 E-52.604197278583314 F1200
G1 X55.72265625 Y53.349609375 Z2 E-52.61662688997136 F1200
G1 X55.634765625 Y53.349609375 Z2 E-52.62541595247136 F1200
G1 X55.458984375 Y53.525390625 Z2 E-52.650275175247444 F1200
G1 X55.458984375 Y53.61328125 Z2 E-52.659064237747444 F1200
G1 X54.755859375 Y54.31640625 Z2 E-52.758501128851805 F1200
G1 X54.755859375 Y54.404296875 Z2 E-52.767290191351805 F1200
G1 X54.66796875 Y54.4921875 Z2 E-52.77971980273985 F1200
G1 X54.580078125 Y54.4921875 Z2 E-52.78850886523985 F1200
G1 X54.580078125 Y54.580078125 Z2 E-52.79729792773985 F1200
G1 X53.96484375 Y55.1953125 Z2 E-52.88430520745616 F1200
G1 X53.876953125 Y55.1953125 Z2 E-52.89309426995616 F1200
G1 X53.26171875 Y55.810546875 Z2 E-52.98010154967247 F1200
G1 X53.173828125 Y55.810546875 Z2 E-52.98889061217247 F1200
G1 X52.734375 Y56.25 Z2 E-53.05103866911269 F1200
G1 X52.646484375 Y56.25 Z2 E-53.05982773161269 F1200
G1 X52.20703125 Y56.689453125 Z2 E-53.121975788552916 F1200
G1 X52.119140625 Y56.689453125 Z2 E-53.130764851052916 F1200
G1 X51.85546875 Y56.953125 Z2 E-53.16805368521705 F1200
G1 X51.767578125 Y56.953125 Z2 E-53.17684274771705 F1200
G1 X51.50390625 Y57.216796875 Z2 E-53.21413158188119 F1200
G1 X51.416015625 Y57.216796875 Z2 E-53.22292064438119 F1200
G1 X51.328125 Y57.3046875 Z2 E-53.235350255769234 F1200
G1 X51.240234375 Y57.3046875 Z2 E-53.244139318269234 F1200
G1 X50.9765625 Y57.568359375 Z2 E-53.28142815243337 F1200
G1 X50.888671875 Y57.568359375 Z2 E-53.29021721493337 F1200
G1 X50.80078125 Y57.65625 Z2 E-53.302646826321414 F1200
G1 X50.712890625 Y57.65625 Z2 E-53.311435888821414 F1200
G1 X50.361328125 Y58.0078125 Z2 E-53.361154334373595 F1200
G1 X50.2734375 Y58.0078125 Z2 E-53.369943396873595 F1200
G1 X50.009765625 Y58.271484375 Z2 E-53.40723223103773 F1200
G1 X49.921875 Y58.271484375 Z2 E-53.41602129353773 F1200
G1 X49.833984375 Y58.359375 Z2 E-53.428450904925775 F1200
G1 X49.74609375 Y58.359375 Z2 E-53.437239967425775 F1200
G1 X49.5703125 Y58.53515625 Z2 E-53.46209919020186 F1200
G1 X49.482421875 Y58.53515625 Z2 E-53.47088825270186 F1200
G1 X49.39453125 Y58.623046875 Z2 E-53.483317864089905 F1200
G1 X49.306640625 Y58.623046875 Z2 E-53.492106926589905 F1200
G1 X49.21875 Y58.7109375 Z2 E-53.50453653797795 F1200
G1 X49.130859375 Y58.7109375 Z2 E-53.51332560047795 F1200
G1 X49.04296875 Y58.798828125 Z2 E-53.52575521186599 F1200
G1 X48.955078125 Y58.798828125 Z2 E-53.53454427436599 F1200
G1 X48.779296875 Y58.974609375 Z2 E-53.55940349714208 F1200
G1 X48.69140625 Y58.974609375 Z2 E-53.56819255964208 F1200
G1 X48.603515625 Y59.0625 Z2 E-53.58062217103012 F1200
G1 X48.515625 Y59.0625 Z2 E-53.58941123353012 F1200
G1 X48.427734375 Y59.150390625 Z2 E-53.601840844918165 F1200
G1 X48.33984375 Y59.150390625 Z2 E-53.610629907418165 F1200
G1 X48.1640625 Y59.326171875 Z2 E-53.63548913019425 F1200
G1 X48.076171875 Y59.326171875 Z2 E-53.64427819269425 F1200
G1 X47.98828125 Y59.4140625 Z2 E-53.656707804082295 F1200
G1 X47.900390625 Y59.4140625 Z2 E-53.665496866582295 F1200
G1 X47.8125 Y59.501953125 Z2 E-53.67792647797034 F1200
G1 X47.724609375 Y59.501953125 Z2 E-53.68671554047034 F1200
G1 X47.63671875 Y59.58984375 Z2 E-53.69914515185838 F1200
G1 X47.548828125 Y59.58984375 Z2 E-53.70793421435838 F1200
G1 X47.4609375 Y59.677734375 Z2 E-53.720363825746425 F1200
G1 X47.373046875 Y59.677734375 Z2 E-53.729152888246425 F1200
G1 X47.28515625 Y59.765625 Z2 E-53.74158249963447 F1200
G1 X47.197265625 Y59.765625 Z2 E-53.75037156213447 F1200
G1 X47.109375 Y59.853515625 Z2 E-53.76280117352251 F1200
G1 X47.021484375 Y59.853515625 Z2 E-53.77159023602251 F1200
G1 X46.93359375 Y59.94140625 Z2 E-53.784019847410555 F1200
G1 X46.845703125 Y59.94140625 Z2 E-53.792808909910555 F1200
G1 X46.669921875 Y60.1171875 Z2 E-53.81766813268664 F1200
G1 X46.58203125 Y60.1171875 Z2 E-53.82645719518664 F1200
G1 X46.494140625 Y60.205078125 Z2 E-53.838886806574685 F1200
G1 X46.40625 Y60.205078125 Z2 E-53.847675869074685 F1200
G1 X46.318359375 Y60.29296875 Z2 E-53.86010548046273 F1200
G1 X46.23046875 Y60.29296875 Z2 E-53.86889454296273 F1200
G1 X46.142578125 Y60.380859375 Z2 E-53.88132415435077 F1200
G1 X46.0546875 Y60.380859375 Z2 E-53.89011321685077 F1200
G1 X45.966796875 Y60.46875 Z2 E-53.902542828238815 F1200
G1 X45.791015625 Y60.46875 Z2 E-53.920120953238815 F1200
G1 X45.703125 Y60.556640625 Z2 E-53.93255056462686 F1200
G1 X45.615234375 Y60.556640625 Z2 E-53.94133962712686 F1200
G1 X45.52734375 Y60.64453125 Z2 E-53.9537692385149 F1200
G1 X45.439453125 Y60.64453125 Z2 E-53.9625583010149 F1200
G1 X45.3515625 Y60.732421875 Z2 E-53.974987912402945 F1200
G1 X45.17578125 Y60.732421875 Z2 E-53.992566037402945 F1200
G1 X45.087890625 Y60.8203125 Z2 E-54.00499564879099 F1200
G1 X45.0 Y60.8203125 Z2 E-54.01378471129099 F1200
G1 X44.912109375 Y60.908203125 Z2 E-54.02621432267903 F1200
G1 X44.82421875 Y60.908203125 Z2 E-54.03500338517903 F1200
G1 X44.736328125 Y60.99609375 Z2 E-54.047432996567075 F1200
G1 X44.6484375 Y60.99609375 Z2 E-54.056222059067075 F1200
G1 X44.560546875 Y61.083984375 Z2 E-54.06865167045512 F1200
G1 X44.384765625 Y61.083984375 Z2 E-54.08622979545512 F1200
G1 X44.296875 Y61.171875 Z2 E-54.09865940684316 F1200
G1 X44.208984375 Y61.171875 Z2 E-54.10744846934316 F1200
G1 X44.12109375 Y61.259765625 Z2 E-54.119878080731205 F1200
G1 X43.9453125 Y61.259765625 Z2 E-54.137456205731205 F1200
G1 X43.857421875 Y61.34765625 Z2 E-54.14988581711925 F1200
G1 X43.76953125 Y61.34765625 Z2 E-54.15867487961925 F1200
G1 X43.681640625 Y61.435546875 Z2 E-54.17110449100729 F1200
G1 X43.505859375 Y61.435546875 Z2 E-54.18868261600729 F1200
G1 X43.41796875 Y61.5234375 Z2 E-54.201112227395335 F1200
G1 X43.330078125 Y61.5234375 Z2 E-54.209901289895335 F1200
G1 X43.2421875 Y61.611328125 Z2 E-54.22233090128338 F1200
G1 X43.06640625 Y61.611328125 Z2 E-54.23990902628338 F1200
G1 X42.978515625 Y61.69921875 Z2 E-54.25233863767142 F1200
G1 X42.890625 Y61.69921875 Z2 E-54.26112770017142 F1200
G1 X42.802734375 Y61.787109375 Z2 E-54.273557311559465 F1200
G1 X42.626953125 Y61.787109375 Z2 E-54.291135436559465 F1200
G1 X42.5390625 Y61.875 Z2 E-54.30356504794751 F1200
G1 X42.451171875 Y61.875 Z2 E-54.31235411044751 F1200
G1 X42.36328125 Y61.962890625 Z2 E-54.32478372183555 F1200
G1 X42.1875 Y61.962890625 Z2 E-54.34236184683555 F1200
G1 X42.099609375 Y62.05078125 Z2 E-54.354791458223595 F1200
G1 X41.923828125 Y62.05078125 Z2 E-54.372369583223595 F1200
G1 X41.8359375 Y62.138671875 Z2 E-54.38479919461164 F1200
G1 X41.66015625 Y62.138671875 Z2 E-54.40237731961164 F1200
G1 X41.572265625 Y62.2265625 Z2 E-54.41480693099968 F1200
G1 X41.484375 Y62.2265625 Z2 E-54.42359599349968 F1200
G1 X41.396484375 Y62.314453125 Z2 E-54.436025604887725 F1200
G1 X41.220703125 Y62.314453125 Z2 E-54.453603729887725 F1200
G1 X41.1328125 Y62.40234375 Z2 E-54.46603334127577 F1200
G1 X40.95703125 Y62.40234375 Z2 E-54.48361146627577 F1200
G1 X40.869140625 Y62.490234375 Z2 E-54.49604107766381 F1200
G1 X40.693359375 Y62.490234375 Z2 E-54.51361920266381 F1200
G1 X40.60546875 Y62.578125 Z2 E-54.526048814051855 F1200
G1 X40.4296875 Y62.578125 Z2 E-54.543626939051855 F1200
G1 X40.341796875 Y62.666015625 Z2 E-54.5560565504399 F1200
G1 X40.166015625 Y62.666015625 Z2 E-54.5736346754399 F1200
G1 X40.078125 Y62.75390625 Z2 E-54.58606428682794 F1200
G1 X39.90234375 Y62.75390625 Z2 E-54.60364241182794 F1200
G1 X39.814453125 Y62.841796875 Z2 E-54.616072023215985 F1200
G1 X39.638671875 Y62.841796875 Z2 E-54.633650148215985 F1200
G1 X39.55078125 Y62.9296875 Z2 E-54.64607975960403 F1200
G1 X39.375 Y62.9296875 Z2 E-54.66365788460403 F1200
G1 X39.287109375 Y63.017578125 Z2 E-54.67608749599207 F1200
G1 X39.111328125 Y63.017578125 Z2 E-54.69366562099207 F1200
G1 X39.0234375 Y63.10546875 Z2 E-54.706095232380115 F1200
G1 X38.759765625 Y63.10546875 Z2 E-54.732462419880115 F1200
G1 X38.671875 Y63.193359375 Z2 E-54.74489203126816 F1200
G1 X38.49609375 Y63.193359375 Z2 E-54.76247015626816 F1200
G1 X38.408203125 Y63.28125 Z2 E-54.7748997676562 F1200
G1 X38.14453125 Y63.28125 Z2 E-54.8012669551562 F1200
G1 X38.056640625 Y63.369140625 Z2 E-54.813696566544245 F1200
G1 X37.880859375 Y63.369140625 Z2 E-54.831274691544245 F1200
G1 X37.79296875 Y63.45703125 Z2 E-54.84370430293229 F1200
G1 X37.6171875 Y63.45703125 Z2 E-54.86128242793229 F1200
G1 X37.529296875 Y63.544921875 Z2 E-54.87371203932033 F1200
G1 X37.44140625 Y63.544921875 Z2 E-54.88250110182033 F1200
G1 X37.353515625 Y63.6328125 Z2 E-54.894930713208375 F1200
G1 X37.08984375 Y63.6328125 Z2 E-54.921297900708375 F1200
G1 X37.001953125 Y63.720703125 Z2 E-54.93372751209642 F1200
G1 X36.9140625 Y63.720703125 Z2 E-54.94251657459642 F1200
G1 X36.826171875 Y63.80859375 Z2 E-54.95494618598446 F1200
G1 X36.650390625 Y63.80859375 Z2 E-54.97252431098446 F1200
G1 X36.5625 Y63.896484375 Z2 E-54.984953922372505 F1200
G1 X36.38671875 Y63.896484375 Z2 E-55.002532047372505 F1200
G1 X36.298828125 Y63.984375 Z2 E-55.01496165876055 F1200
G1 X36.03515625 Y63.984375 Z2 E-55.04132884626055 F1200
G1 X35.947265625 Y64.072265625 Z2 E-55.05375845764859 F1200
G1 X35.771484375 Y64.072265625 Z2 E-55.07133658264859 F1200
G1 X35.68359375 Y64.16015625 Z2 E-55.083766194036635 F1200
G1 X35.419921875 Y64.16015625 Z2 E-55.110133381536635 F1200
G1 X35.33203125 Y64.248046875 Z2 E-55.12256299292468 F1200
G1 X35.15625 Y64.248046875 Z2 E-55.14014111792468 F1200
G1 X35.068359375 Y64.3359375 Z2 E-55.15257072931272 F1200
G1 X34.892578125 Y64.3359375 Z2 E-55.17014885431272 F1200
G1 X34.8046875 Y64.423828125 Z2 E-55.182578465700765 F1200
G1 X34.62890625 Y64.423828125 Z2 E-55.200156590700765 F1200
G1 X34.541015625 Y64.51171875 Z2 E-55.21258620208881 F1200
G1 X34.365234375 Y64.51171875 Z2 E-55.23016432708881 F1200
G1 X34.27734375 Y64.599609375 Z2 E-55.24259393847685 F1200
G1 X34.1015625 Y64.599609375 Z2 E-55.26017206347685 F1200
G1 X34.013671875 Y64.6875 Z2 E-55.272601674864895 F1200
G1 X33.837890625 Y64.6875 Z2 E-55.290179799864895 F1200
G1 X33.75 Y64.775390625 Z2 E-55.30260941125294 F1200
G1 X33.662109375 Y64.775390625 Z2 E-55.31139847375294 F1200
G1 X33.57421875 Y64.86328125 Z2 E-55.32382808514098 F1200
G1 X33.3984375 Y64.86328125 Z2 E-55.34140621014098 F1200
G1 X33.310546875 Y64.951171875 Z2 E-55.353835821529024 F1200
G1 X33.134765625 Y64.951171875 Z2 E-55.371413946529024 F1200
G1 X33.046875 Y65.0390625 Z2 E-55.38384355791707 F1200
G1 X32.87109375 Y65.0390625 Z2 E-55.40142168291707 F1200
G1 X32.783203125 Y65.126953125 Z2 E-55.41385129430511 F1200
G1 X32.6953125 Y65.126953125 Z2 E-55.42264035680511 F1200
G1 X32.607421875 Y65.21484375 Z2 E-55.435069968193154 F1200
G1 X32.431640625 Y65.21484375 Z2 E-55.452648093193154 F1200
G1 X32.34375 Y65.302734375 Z2 E-55.4650777045812 F1200
G1 X32.16796875 Y65.302734375 Z2 E-55.4826558295812 F1200
G1 X32.080078125 Y65.390625 Z2 E-55.49508544096924 F1200
G1 X31.904296875 Y65.390625 Z2 E-55.51266356596924 F1200
G1 X31.81640625 Y65.478515625 Z2 E-55.525093177357284 F1200
G1 X31.640625 Y65.478515625 Z2 E-55.542671302357284 F1200
G1 X31.552734375 Y65.56640625 Z2 E-55.55510091374533 F1200
G1 X31.376953125 Y65.56640625 Z2 E-55.57267903874533 F1200
G1 X31.2890625 Y65.654296875 Z2 E-55.58510865013337 F1200
G1 X31.11328125 Y65.654296875 Z2 E-55.60268677513337 F1200
G1 X31.025390625 Y65.7421875 Z2 E-55.615116386521414 F1200
G1 X30.849609375 Y65.7421875 Z2 E-55.632694511521414 F1200
G1 X30.76171875 Y65.830078125 Z2 E-55.64512412290946 F1200
G1 X30.673828125 Y65.830078125 Z2 E-55.65391318540946 F1200
G1 X30.5859375 Y65.91796875 Z2 E-55.6663427967975 F1200
G1 X30.498046875 Y65.91796875 Z2 E-55.6751318592975 F1200
G1 X30.41015625 Y66.005859375 Z2 E-55.687561470685544 F1200
G1 X30.234375 Y66.005859375 Z2 E-55.705139595685544 F1200
G1 X30.146484375 Y66.09375 Z2 E-55.71756920707359 F1200
G1 X30.05859375 Y66.09375 Z2 E-55.72635826957359 F1200
G1 X29.970703125 Y66.181640625 Z2 E-55.73878788096163 F1200
G1 X29.794921875 Y66.181640625 Z2 E-55.75636600596163 F1200
G1 X29.70703125 Y66.26953125 Z2 E-55.768795617349674 F1200
G1 X29.619140625 Y66.26953125 Z2 E-55.777584679849674 F1200
G1 X29.53125 Y66.357421875 Z2 E-55.79001429123772 F1200
G1 X29.443359375 Y66.357421875 Z2 E-55.79880335373772 F1200
G1 X29.35546875 Y66.4453125 Z2 E-55.81123296512576 F1200
G1 X29.1796875 Y66.4453125 Z2 E-55.82881109012576 F1200
G1 X29.091796875 Y66.533203125 Z2 E-55.841240701513804 F1200
G1 X29.00390625 Y66.533203125 Z2 E-55.850029764013804 F1200
G1 X28.916015625 Y66.62109375 Z2 E-55.86245937540185 F1200
G1 X28.828125 Y66.62109375 Z2 E-55.87124843790185 F1200
G1 X28.740234375 Y66.708984375 Z2 E-55.88367804928989 F1200
G1 X28.65234375 Y66.708984375 Z2 E-55.89246711178989 F1200
G1 X28.564453125 Y66.796875 Z2 E-55.904896723177934 F1200
G1 X28.388671875 Y66.796875 Z2 E-55.922474848177934 F1200
G1 X28.212890625 Y66.97265625 Z2 E-55.94733407095402 F1200
G1 X28.037109375 Y66.97265625 Z2 E-55.96491219595402 F1200
G1 X27.94921875 Y67.060546875 Z2 E-55.977341807342064 F1200
G1 X27.861328125 Y67.060546875 Z2 E-55.986130869842064 F1200
G1 X27.7734375 Y67.1484375 Z2 E-55.99856048123011 F1200
G1 X27.685546875 Y67.1484375 Z2 E-56.00734954373011 F1200
G1 X27.59765625 Y67.236328125 Z2 E-56.01977915511815 F1200
G1 X27.509765625 Y67.236328125 Z2 E-56.02856821761815 F1200
G1 X27.333984375 Y67.412109375 Z2 E-56.05342744039424 F1200
G1 X27.24609375 Y67.412109375 Z2 E-56.06221650289424 F1200
G1 X27.158203125 Y67.5 Z2 E-56.07464611428228 F1200
G1 X27.0703125 Y67.5 Z2 E-56.08343517678228 F1200
G1 X26.982421875 Y67.587890625 Z2 E-56.095864788170324 F1200
G1 X26.89453125 Y67.587890625 Z2 E-56.104653850670324 F1200
G1 X26.806640625 Y67.67578125 Z2 E-56.11708346205837 F1200
G1 X26.71875 Y67.67578125 Z2 E-56.12587252455837 F1200
G1 X26.630859375 Y67.763671875 Z2 E-56.13830213594641 F1200
G1 X26.54296875 Y67.763671875 Z2 E-56.14709119844641 F1200
G1 X26.3671875 Y67.939453125 Z2 E-56.1719504212225 F1200
G1 X26.279296875 Y67.939453125 Z2 E-56.1807394837225 F1200
G1 X26.103515625 Y68.115234375 Z2 E-56.205598706498584 F1200
G1 X26.015625 Y68.115234375 Z2 E-56.214387768998584 F1200
G1 X25.83984375 Y68.291015625 Z2 E-56.23924699177467 F1200
G1 X25.751953125 Y68.291015625 Z2 E-56.24803605427467 F1200
G1 X25.6640625 Y68.37890625 Z2 E-56.260465665662714 F1200
G1 X25.576171875 Y68.37890625 Z2 E-56.269254728162714 F1200
G1 X25.400390625 Y68.5546875 Z2 E-56.2941139509388 F1200
G1 X25.3125 Y68.5546875 Z2 E-56.3029030134388 F1200
G1 X25.224609375 Y68.642578125 Z2 E-56.315332624826844 F1200
G1 X25.13671875 Y68.642578125 Z2 E-56.324121687326844 F1200
G1 X24.9609375 Y68.818359375 Z2 E-56.34898091010293 F1200
G1 X24.873046875 Y68.818359375 Z2 E-56.35776997260293 F1200
G1 X24.697265625 Y68.994140625 Z2 E-56.38262919537902 F1200
G1 X24.609375 Y68.994140625 Z2 E-56.39141825787902 F1200
G1 X24.345703125 Y69.2578125 Z2 E-56.428707092043155 F1200
G1 X24.2578125 Y69.2578125 Z2 E-56.437496154543155 F1200
G1 X23.994140625 Y69.521484375 Z2 E-56.47478498870729 F1200
G1 X23.90625 Y69.521484375 Z2 E-56.48357405120729 F1200
G1 X23.73046875 Y69.697265625 Z2 E-56.50843327398338 F1200
G1 X23.642578125 Y69.697265625 Z2 E-56.51722233648338 F1200
G1 X23.466796875 Y69.873046875 Z2 E-56.542081559259465 F1200
G1 X23.37890625 Y69.873046875 Z2 E-56.550870621759465 F1200
G1 X23.203125 Y70.048828125 Z2 E-56.57572984453555 F1200
G1 X23.115234375 Y70.048828125 Z2 E-56.58451890703555 F1200
G1 X23.115234375 Y70.13671875 Z2 E-56.59330796953555 F1200
G1 X23.02734375 Y70.224609375 Z2 E-56.605737580923595 F1200
G1 X22.939453125 Y70.224609375 Z2 E-56.614526643423595 F1200
G1 X22.67578125 Y70.48828125 Z2 E-56.65181547758773 F1200
G1 X22.587890625 Y70.48828125 Z2 E-56.66060454008773 F1200
G1 X22.32421875 Y70.751953125 Z2 E-56.69789337425187 F1200
G1 X22.236328125 Y70.751953125 Z2 E-56.70668243675187 F1200
G1 X20.91796875 Y72.0703125 Z2 E-56.89312660757254 F1200
G1 X20.830078125 Y72.0703125 Z2 E-56.90191567007254 F1200
G1 X20.830078125 Y72.158203125 Z2 E-56.91070473257254 F1200
G1 X19.423828125 Y73.564453125 Z2 E-57.109578514781255 F1200
G1 X19.423828125 Y73.65234375 Z2 E-57.118367577281255 F1200
G1 X19.248046875 Y73.828125 Z2 E-57.14322680005734 F1200
G1 X19.248046875 Y73.916015625 Z2 E-57.15201586255734 F1200
G1 X18.720703125 Y74.443359375 Z2 E-57.22659353088561 F1200
G1 X18.720703125 Y74.619140625 Z2 E-57.24417165588561 F1200
G1 X18.6328125 Y74.70703125 Z2 E-57.25660126727365 F1200
G1 X18.720703125 Y74.794921875 Z2 E-57.269030878661695 F1200
G1 X18.6328125 Y74.8828125 Z2 E-57.28146049004974 F1200
G1 X18.544921875 Y74.8828125 Z2 E-57.29024955254974 F1200
G1 X18.45703125 Y74.794921875 Z2 E-57.30267916393778 F1200
G1 X18.28125 Y74.794921875 Z2 E-57.32025728893778 F1200
G1 X18.193359375 Y74.70703125 Z2 E-57.332686900325825 F1200
G1 X18.10546875 Y74.70703125 Z2 E-57.341475962825825 F1200
G1 X18.017578125 Y74.619140625 Z2 E-57.35390557421387 F1200
G1 X18.017578125 Y74.53125 Z2 E-57.36269463671387 F1200
G1 X18.544921875 Y74.00390625 Z2 E-57.437272305042136 F1200
G1 X18.544921875 Y73.916015625 Z2 E-57.446061367542136 F1200
G1 X19.51171875 Y72.94921875 Z2 E-57.58278709281063 F1200
G1 X19.51171875 Y72.861328125 Z2 E-57.59157615531063 F1200
G1 X19.599609375 Y72.7734375 Z2 E-57.60400576669867 F1200
G1 X19.6875 Y72.7734375 Z2 E-57.61279482919867 F1200
G1 X20.126953125 Y72.333984375 Z2 E-57.67494288613889 F1200
G1 X20.126953125 Y72.24609375 Z2 E-57.68373194863889 F1200
G1 X20.302734375 Y72.0703125 Z2 E-57.70859117141498 F1200
G1 X20.390625 Y72.0703125 Z2 E-57.71738023391498 F1200
G1 X20.390625 Y71.982421875 Z2 E-57.72616929641498 F1200
G1 X20.478515625 Y71.89453125 Z2 E-57.73859890780302 F1200
G1 X20.56640625 Y71.89453125 Z2 E-57.74738797030302 F1200
G1 X20.56640625 Y71.806640625 Z2 E-57.75617703280302 F1200
G1 X20.654296875 Y71.71875 Z2 E-57.76860664419107 F1200
G1 X20.7421875 Y71.71875 Z2 E-57.77739570669107 F1200
G1 X20.91796875 Y71.54296875 Z2 E-57.80225492946715 F1200
G1 X20.91796875 Y71.455078125 Z2 E-57.81104399196715 F1200
G1 X21.005859375 Y71.3671875 Z2 E-57.8234736033552 F1200
G1 X21.09375 Y71.3671875 Z2 E-57.8322626658552 F1200
G1 X21.884765625 Y70.576171875 Z2 E-57.9441291683476 F1200
G1 X21.97265625 Y70.576171875 Z2 E-57.9529182308476 F1200
G1 X22.412109375 Y70.13671875 Z2 E-58.015066287787825 F1200
G1 X22.5 Y70.13671875 Z2 E-58.023855350287825 F1200
G1 X22.8515625 Y69.78515625 Z2 E-58.073573795840005 F1200
G1 X22.939453125 Y69.78515625 Z2 E-58.082362858340005 F1200
G1 X23.291015625 Y69.43359375 Z2 E-58.132081303892186 F1200
G1 X23.37890625 Y69.43359375 Z2 E-58.140870366392186 F1200
G1 X23.642578125 Y69.169921875 Z2 E-58.17815920055632 F1200
G1 X23.73046875 Y69.169921875 Z2 E-58.18694826305632 F1200
G1 X23.994140625 Y68.90625 Z2 E-58.22423709722046 F1200
G1 X24.08203125 Y68.90625 Z2 E-58.23302615972046 F1200
G1 X24.2578125 Y68.73046875 Z2 E-58.257885382496546 F1200
G1 X24.345703125 Y68.73046875 Z2 E-58.266674444996546 F1200
G1 X24.521484375 Y68.5546875 Z2 E-58.29153366777263 F1200
G1 X24.609375 Y68.5546875 Z2 E-58.30032273027263 F1200
G1 X24.78515625 Y68.37890625 Z2 E-58.32518195304872 F1200
G1 X24.873046875 Y68.37890625 Z2 E-58.33397101554872 F1200
G1 X24.9609375 Y68.291015625 Z2 E-58.34640062693676 F1200
G1 X25.048828125 Y68.291015625 Z2 E-58.35518968943676 F1200
G1 X25.224609375 Y68.115234375 Z2 E-58.38004891221285 F1200
G1 X25.3125 Y68.115234375 Z2 E-58.38883797471285 F1200
G1 X25.48828125 Y67.939453125 Z2 E-58.413697197488936 F1200
G1 X25.576171875 Y67.939453125 Z2 E-58.422486259988936 F1200
G1 X25.6640625 Y67.8515625 Z2 E-58.43491587137698 F1200
G1 X25.751953125 Y67.8515625 Z2 E-58.44370493387698 F1200
G1 X25.927734375 Y67.67578125 Z2 E-58.468564156653066 F1200
G1 X26.015625 Y67.67578125 Z2 E-58.477353219153066 F1200
G1 X26.103515625 Y67.587890625 Z2 E-58.48978283054111 F1200
G1 X26.19140625 Y67.587890625 Z2 E-58.49857189304111 F1200
G1 X26.3671875 Y67.412109375 Z2 E-58.523431115817196 F1200
G1 X26.455078125 Y67.412109375 Z2 E-58.532220178317196 F1200
G1 X26.54296875 Y67.32421875 Z2 E-58.54464978970524 F1200
G1 X26.630859375 Y67.32421875 Z2 E-58.55343885220524 F1200
G1 X26.806640625 Y67.1484375 Z2 E-58.578298074981326 F1200
G1 X26.89453125 Y67.1484375 Z2 E-58.587087137481326 F1200
G1 X26.982421875 Y67.060546875 Z2 E-58.59951674886937 F1200
G1 X27.0703125 Y67.060546875 Z2 E-58.60830581136937 F1200
G1 X27.158203125 Y66.97265625 Z2 E-58.62073542275741 F1200
G1 X27.24609375 Y66.97265625 Z2 E-58.62952448525741 F1200
G1 X27.333984375 Y66.884765625 Z2 E-58.641954096645456 F1200
G1 X27.421875 Y66.884765625 Z2 E-58.650743159145456 F1200
G1 X27.509765625 Y66.796875 Z2 E-58.6631727705335 F1200
G1 X27.59765625 Y66.796875 Z2 E-58.6719618330335 F1200
G1 X27.685546875 Y66.708984375 Z2 E-58.68439144442154 F1200
G1 X27.7734375 Y66.708984375 Z2 E-58.69318050692154 F1200
G1 X27.861328125 Y66.62109375 Z2 E-58.705610118309586 F1200
G1 X27.94921875 Y66.62109375 Z2 E-58.714399180809586 F1200
G1 X28.037109375 Y66.533203125 Z2 E-58.72682879219763 F1200
G1 X28.125 Y66.533203125 Z2 E-58.73561785469763 F1200
G1 X28.212890625 Y66.4453125 Z2 E-58.74804746608567 F1200
G1 X28.30078125 Y66.4453125 Z2 E-58.75683652858567 F1200
G1 X28.388671875 Y66.357421875 Z2 E-58.769266139973716 F1200
G1 X28.4765625 Y66.357421875 Z2 E-58.778055202473716 F1200
G1 X28.564453125 Y66.26953125 Z2 E-58.79048481386176 F1200
G1 X28.65234375 Y66.26953125 Z2 E-58.79927387636176 F1200
G1 X28.740234375 Y66.181640625 Z2 E-58.8117034877498 F1200
G1 X28.828125 Y66.181640625 Z2 E-58.8204925502498 F1200
G1 X28.916015625 Y66.09375 Z2 E-58.832922161637846 F1200
G1 X29.00390625 Y66.09375 Z2 E-58.841711224137846 F1200
G1 X29.091796875 Y66.005859375 Z2 E-58.85414083552589 F1200
G1 X29.267578125 Y66.005859375 Z2 E-58.87171896052589 F1200
G1 X29.35546875 Y65.91796875 Z2 E-58.88414857191393 F1200
G1 X29.443359375 Y65.91796875 Z2 E-58.89293763441393 F1200
G1 X29.53125 Y65.830078125 Z2 E-58.905367245801976 F1200
G1 X29.619140625 Y65.830078125 Z2 E-58.914156308301976 F1200
G1 X29.70703125 Y65.7421875 Z2 E-58.92658591969002 F1200
G1 X29.794921875 Y65.7421875 Z2 E-58.93537498219002 F1200
G1 X29.8828125 Y65.654296875 Z2 E-58.94780459357806 F1200
G1 X30.05859375 Y65.654296875 Z2 E-58.96538271857806 F1200
G1 X30.146484375 Y65.56640625 Z2 E-58.977812329966106 F1200
G1 X30.234375 Y65.56640625 Z2 E-58.986601392466106 F1200
G1 X30.322265625 Y65.478515625 Z2 E-58.99903100385415 F1200
G1 X30.41015625 Y65.478515625 Z2 E-59.00782006635415 F1200
G1 X30.498046875 Y65.390625 Z2 E-59.02024967774219 F1200
G1 X30.5859375 Y65.390625 Z2 E-59.02903874024219 F1200
G1 X30.673828125 Y65.302734375 Z2 E-59.041468351630236 F1200
G1 X30.849609375 Y65.302734375 Z2 E-59.059046476630236 F1200
G1 X30.9375 Y65.21484375 Z2 E-59.07147608801828 F1200
G1 X31.025390625 Y65.21484375 Z2 E-59.08026515051828 F1200
G1 X31.11328125 Y65.126953125 Z2 E-59.09269476190632 F1200
G1 X31.201171875 Y65.126953125 Z2 E-59.10148382440632 F1200
G1 X31.2890625 Y65.0390625 Z2 E-59.113913435794366 F1200
G1 X31.376953125 Y65.0390625 Z2 E-59.122702498294366 F1200
G1 X31.46484375 Y64.951171875 Z2 E-59.13513210968241 F1200
G1 X31.640625 Y64.951171875 Z2 E-59.15271023468241 F1200
G1 X31.728515625 Y64.86328125 Z2 E-59.16513984607045 F1200
G1 X31.81640625 Y64.86328125 Z2 E-59.17392890857045 F1200
G1 X31.904296875 Y64.775390625 Z2 E-59.186358519958496 F1200
G1 X32.080078125 Y64.775390625 Z2 E-59.203936644958496 F1200
G1 X32.16796875 Y64.6875 Z2 E-59.21636625634654 F1200
G1 X32.255859375 Y64.6875 Z2 E-59.22515531884654 F1200
G1 X32.34375 Y64.599609375 Z2 E-59.23758493023458 F1200
G1 X32.431640625 Y64.599609375 Z2 E-59.24637399273458 F1200
G1 X32.51953125 Y64.51171875 Z2 E-59.258803604122626 F1200
G1 X32.607421875 Y64.51171875 Z2 E-59.267592666622626 F1200
G1 X32.6953125 Y64.423828125 Z2 E-59.28002227801067 F1200
G1 X32.87109375 Y64.423828125 Z2 E-59.29760040301067 F1200
G1 X32.958984375 Y64.3359375 Z2 E-59.31003001439871 F1200
G1 X33.046875 Y64.3359375 Z2 E-59.31881907689871 F1200
G1 X33.134765625 Y64.248046875 Z2 E-59.331248688286756 F1200
G1 X33.22265625 Y64.248046875 Z2 E-59.340037750786756 F1200
G1 X33.310546875 Y64.16015625 Z2 E-59.3524673621748 F1200
G1 X33.486328125 Y64.16015625 Z2 E-59.3700454871748 F1200
G1 X33.57421875 Y64.072265625 Z2 E-59.38247509856284 F1200
G1 X33.662109375 Y64.072265625 Z2 E-59.39126416106284 F1200
G1 X33.75 Y63.984375 Z2 E-59.403693772450886 F1200
G1 X33.837890625 Y63.984375 Z2 E-59.412482834950886 F1200
G1 X33.92578125 Y63.896484375 Z2 E-59.42491244633893 F1200
G1 X34.013671875 Y63.896484375 Z2 E-59.43370150883893 F1200
G1 X34.1015625 Y63.80859375 Z2 E-59.44613112022697 F1200
G1 X34.189453125 Y63.80859375 Z2 E-59.45492018272697 F1200
G1 X34.27734375 Y63.720703125 Z2 E-59.467349794115016 F1200
G1 X34.365234375 Y63.720703125 Z2 E-59.476138856615016 F1200
G1 X34.453125 Y63.6328125 Z2 E-59.48856846800306 F1200
G1 X34.62890625 Y63.6328125 Z2 E-59.50614659300306 F1200
G1 X34.716796875 Y63.544921875 Z2 E-59.5185762043911 F1200
G1 X34.8046875 Y63.544921875 Z2 E-59.5273652668911 F1200
G1 X34.892578125 Y63.45703125 Z2 E-59.539794878279146 F1200
G1 X35.068359375 Y63.45703125 Z2 E-59.557373003279146 F1200
G1 X35.15625 Y63.369140625 Z2 E-59.56980261466719 F1200
G1 X35.244140625 Y63.369140625 Z2 E-59.57859167716719 F1200
G1 X35.33203125 Y63.28125 Z2 E-59.59102128855523 F1200
G1 X35.419921875 Y63.28125 Z2 E-59.59981035105523 F1200
G1 X35.5078125 Y63.193359375 Z2 E-59.612239962443276 F1200
G1 X35.595703125 Y63.193359375 Z2 E-59.621029024943276 F1200
G1 X35.68359375 Y63.10546875 Z2 E-59.63345863633132 F1200
G1 X35.859375 Y63.10546875 Z2 E-59.65103676133132 F1200
G1 X35.947265625 Y63.017578125 Z2 E-59.66346637271936 F1200
G1 X36.03515625 Y63.017578125 Z2 E-59.67225543521936 F1200
G1 X36.123046875 Y62.9296875 Z2 E-59.684685046607406 F1200
G1 X36.2109375 Y62.9296875 Z2 E-59.693474109107406 F1200
G1 X36.298828125 Y62.841796875 Z2 E-59.70590372049545 F1200
G1 X36.38671875 Y62.841796875 Z2 E-59.71469278299545 F1200
G1 X36.474609375 Y62.75390625 Z2 E-59.72712239438349 F1200
G1 X36.5625 Y62.75390625 Z2 E-59.73591145688349 F1200
G1 X36.650390625 Y62.666015625 Z2 E-59.748341068271536 F1200
G1 X36.73828125 Y62.666015625 Z2 E-59.757130130771536 F1200
G1 X36.826171875 Y62.578125 Z2 E-59.76955974215958 F1200
G1 X36.9140625 Y62.578125 Z2 E-59.77834880465958 F1200
G1 X37.001953125 Y62.490234375 Z2 E-59.79077841604762 F1200
G1 X37.08984375 Y62.490234375 Z2 E-59.79956747854762 F1200
G1 X37.177734375 Y62.40234375 Z2 E-59.811997089935666 F1200
G1 X37.265625 Y62.40234375 Z2 E-59.820786152435666 F1200
G1 X37.353515625 Y62.314453125 Z2 E-59.83321576382371 F1200
G1 X37.44140625 Y62.314453125 Z2 E-59.84200482632371 F1200
G1 X37.529296875 Y62.2265625 Z2 E-59.85443443771175 F1200
G1 X37.6171875 Y62.2265625 Z2 E-59.86322350021175 F1200
G1 X37.705078125 Y62.138671875 Z2 E-59.875653111599796 F1200
G1 X37.880859375 Y62.138671875 Z2 E-59.893231236599796 F1200
G1 X37.96875 Y62.05078125 Z2 E-59.90566084798784 F1200
G1 X38.056640625 Y62.05078125 Z2 E-59.91444991048784 F1200
G1 X38.14453125 Y61.962890625 Z2 E-59.92687952187588 F1200
G1 X38.232421875 Y61.962890625 Z2 E-59.93566858437588 F1200
G1 X38.3203125 Y61.875 Z2 E-59.948098195763926 F1200
G1 X38.408203125 Y61.875 Z2 E-59.956887258263926 F1200
G1 X38.49609375 Y61.787109375 Z2 E-59.96931686965197 F1200
G1 X38.583984375 Y61.787109375 Z2 E-59.97810593215197 F1200
G1 X38.671875 Y61.69921875 Z2 E-59.99053554354001 F1200
G1 X38.759765625 Y61.69921875 Z2 E-59.99932460604001 F1200
G1 X38.84765625 Y61.611328125 Z2 E-60.011754217428056 F1200
G1 X38.935546875 Y61.611328125 Z2 E-60.020543279928056 F1200
G1 X39.0234375 Y61.5234375 Z2 E-60.0329728913161 F1200
G1 X39.111328125 Y61.5234375 Z2 E-60.0417619538161 F1200
G1 X39.19921875 Y61.435546875 Z2 E-60.05419156520414 F1200
G1 X39.287109375 Y61.435546875 Z2 E-60.06298062770414 F1200
G1 X39.375 Y61.34765625 Z2 E-60.075410239092186 F1200
G1 X39.462890625 Y61.34765625 Z2 E-60.084199301592186 F1200
G1 X39.638671875 Y61.171875 Z2 E-60.10905852436827 F1200
G1 X39.7265625 Y61.171875 Z2 E-60.11784758686827 F1200
G1 X39.814453125 Y61.083984375 Z2 E-60.130277198256316 F1200
G1 X39.90234375 Y61.083984375 Z2 E-60.139066260756316 F1200
G1 X39.990234375 Y60.99609375 Z2 E-60.15149587214436 F1200
G1 X40.078125 Y60.99609375 Z2 E-60.16028493464436 F1200
G1 X40.166015625 Y60.908203125 Z2 E-60.1727145460324 F1200
G1 X40.25390625 Y60.908203125 Z2 E-60.1815036085324 F1200
G1 X40.341796875 Y60.8203125 Z2 E-60.193933219920446 F1200
G1 X40.4296875 Y60.8203125 Z2 E-60.202722282420446 F1200
G1 X40.517578125 Y60.732421875 Z2 E-60.21515189380849 F1200
G1 X40.60546875 Y60.732421875 Z2 E-60.22394095630849 F1200
G1 X40.693359375 Y60.64453125 Z2 E-60.23637056769653 F1200
G1 X40.78125 Y60.64453125 Z2 E-60.24515963019653 F1200
G1 X40.869140625 Y60.556640625 Z2 E-60.257589241584576 F1200
G1 X40.95703125 Y60.556640625 Z2 E-60.266378304084576 F1200
G1 X41.044921875 Y60.46875 Z2 E-60.27880791547262 F1200
G1 X41.1328125 Y60.46875 Z2 E-60.28759697797262 F1200
G1 X41.30859375 Y60.29296875 Z2 E-60.312456200748706 F1200
G1 X41.396484375 Y60.29296875 Z2 E-60.321245263248706 F1200
G1 X41.484375 Y60.205078125 Z2 E-60.33367487463675 F1200
G1 X41.572265625 Y60.205078125 Z2 E-60.34246393713675 F1200
G1 X41.66015625 Y60.1171875 Z2 E-60.35489354852479 F1200
G1 X41.748046875 Y60.1171875 Z2 E-60.36368261102479 F1200
G1 X41.8359375 Y60.029296875 Z2 E-60.376112222412836 F1200
G1 X41.923828125 Y60.029296875 Z2 E-60.384901284912836 F1200
G1 X42.099609375 Y59.853515625 Z2 E-60.40976050768892 F1200
G1 X42.1875 Y59.853515625 Z2 E-60.41854957018892 F1200
G1 X42.275390625 Y59.765625 Z2 E-60.430979181576966 F1200
G1 X42.36328125 Y59.765625 Z2 E-60.439768244076966 F1200
G1 X42.5390625 Y59.58984375 Z2 E-60.46462746685305 F1200
G1 X42.626953125 Y59.58984375 Z2 E-60.47341652935305 F1200
G1 X42.71484375 Y59.501953125 Z2 E-60.485846140741096 F1200
G1 X42.802734375 Y59.501953125 Z2 E-60.494635203241096 F1200
G1 X42.978515625 Y59.326171875 Z2 E-60.51949442601718 F1200
G1 X43.06640625 Y59.326171875 Z2 E-60.52828348851718 F1200
G1 X43.154296875 Y59.23828125 Z2 E-60.540713099905226 F1200
G1 X43.2421875 Y59.23828125 Z2 E-60.549502162405226 F1200
G1 X43.330078125 Y59.150390625 Z2 E-60.56193177379327 F1200
G1 X43.41796875 Y59.150390625 Z2 E-60.57072083629327 F1200
G1 X43.59375 Y58.974609375 Z2 E-60.595580059069356 F1200
G1 X43.681640625 Y58.974609375 Z2 E-60.604369121569356 F1200
G1 X43.857421875 Y58.798828125 Z2 E-60.62922834434544 F1200
G1 X43.9453125 Y58.798828125 Z2 E-60.63801740684544 F1200
G1 X44.033203125 Y58.7109375 Z2 E-60.650447018233486 F1200
G1 X44.12109375 Y58.7109375 Z2 E-60.659236080733486 F1200
G1 X44.296875 Y58.53515625 Z2 E-60.68409530350957 F1200
G1 X44.384765625 Y58.53515625 Z2 E-60.69288436600957 F1200
G1 X44.47265625 Y58.447265625 Z2 E-60.705313977397616 F1200
G1 X44.560546875 Y58.447265625 Z2 E-60.714103039897616 F1200
G1 X44.736328125 Y58.271484375 Z2 E-60.7389622626737 F1200
G1 X44.82421875 Y58.271484375 Z2 E-60.7477513251737 F1200
G1 X45.0 Y58.095703125 Z2 E-60.77261054794979 F1200
G1 X45.087890625 Y58.095703125 Z2 E-60.78139961044979 F1200
G1 X45.263671875 Y57.919921875 Z2 E-60.806258833225876 F1200
G1 X45.3515625 Y57.919921875 Z2 E-60.815047895725876 F1200
G1 X45.615234375 Y57.65625 Z2 E-60.85233672989001 F1200
G1 X45.703125 Y57.65625 Z2 E-60.86112579239001 F1200
G1 X45.87890625 Y57.48046875 Z2 E-60.8859850151661 F1200
G1 X45.966796875 Y57.48046875 Z2 E-60.8947740776661 F1200
G1 X46.142578125 Y57.3046875 Z2 E-60.919633300442186 F1200
G1 X46.23046875 Y57.3046875 Z2 E-60.928422362942186 F1200
G1 X46.494140625 Y57.041015625 Z2 E-60.96571119710632 F1200
G1 X46.58203125 Y57.041015625 Z2 E-60.97450025960632 F1200
G1 X46.845703125 Y56.77734375 Z2 E-61.01178909377046 F1200
G1 X46.93359375 Y56.77734375 Z2 E-61.02057815627046 F1200
G1 X47.197265625 Y56.513671875 Z2 E-61.0578669904346 F1200
G1 X47.28515625 Y56.513671875 Z2 E-61.0666560529346 F1200
G1 X47.548828125 Y56.25 Z2 E-61.103944887098734 F1200
G1 X47.63671875 Y56.25 Z2 E-61.112733949598734 F1200
G1 X47.900390625 Y55.986328125 Z2 E-61.15002278376287 F1200
G1 X47.98828125 Y55.986328125 Z2 E-61.15881184626287 F1200
G1 X48.603515625 Y55.37109375 Z2 E-61.24581912597918 F1200
G1 X48.69140625 Y55.37109375 Z2 E-61.25460818847918 F1200
G1 X50.888671875 Y53.173828125 Z2 E-61.5653484731803 F1200
G1 X50.888671875 Y53.0859375 Z2 E-61.5741375356803 F1200
G1 X51.240234375 Y52.734375 Z2 E-61.62385598123248 F1200
G1 X51.240234375 Y52.646484375 Z2 E-61.63264504373248 F1200
G1 X51.6796875 Y52.20703125 Z2 E-61.694793100672705 F1200
G1 X51.6796875 Y52.119140625 Z2 E-61.703582163172705 F1200
G1 X51.85546875 Y51.943359375 Z2 E-61.72844138594879 F1200
G1 X51.85546875 Y51.85546875 Z2 E-61.73723044844879 F1200
G1 X52.119140625 Y51.591796875 Z2 E-61.77451928261293 F1200
G1 X52.119140625 Y51.50390625 Z2 E-61.78330834511293 F1200
G1 X52.3828125 Y51.240234375 Z2 E-61.820597179277065 F1200
G1 X52.3828125 Y51.15234375 Z2 E-61.829386241777065 F1200
G1 X52.55859375 Y50.9765625 Z2 E-61.85424546455315 F1200
G1 X52.55859375 Y50.888671875 Z2 E-61.86303452705315 F1200
G1 X52.3828125 Y51.064453125 Z2 E-61.88789374982924 F1200
G1 X52.3828125 Y51.15234375 Z2 E-61.89668281232924 F1200
G1 X51.85546875 Y51.6796875 Z2 E-61.971260480657506 F1200
G1 X51.767578125 Y51.591796875 Z2 E-61.98369009204555 F1200
G1 X51.6796875 Y51.6796875 Z2 E-61.99611970343359 F1200
G1 X51.591796875 Y51.6796875 Z2 E-62.00490876593359 F1200
G1 X50.9765625 Y52.294921875 Z2 E-62.0919160456499 F1200
G1 X50.888671875 Y52.294921875 Z2 E-62.1007051081499 F1200
G1 X50.09765625 Y53.0859375 Z2 E-62.21257161064231 F1200
G1 X50.009765625 Y53.0859375 Z2 E-62.22136067314231 F1200
G1 X49.921875 Y53.173828125 Z2 E-62.23379028453035 F1200
G1 X49.833984375 Y53.0859375 Z2 E-62.246219895918394 F1200
G1 X49.74609375 Y53.173828125 Z2 E-62.25864950730644 F1200
G1 X49.658203125 Y53.173828125 Z2 E-62.26743856980644 F1200
G1 X49.5703125 Y53.26171875 Z2 E-62.27986818119448 F1200
G1 X49.482421875 Y53.26171875 Z2 E-62.28865724369448 F1200
G1 X49.21875 Y53.525390625 Z2 E-62.32594607785862 F1200
G1 X49.130859375 Y53.525390625 Z2 E-62.33473514035862 F1200
G1 X49.130859375 Y53.61328125 Z2 E-62.34352420285862 F1200
G1 X49.04296875 Y53.701171875 Z2 E-62.35595381424666 F1200
G1 X48.955078125 Y53.701171875 Z2 E-62.36474287674666 F1200
G1 X48.779296875 Y53.876953125 Z2 E-62.38960209952275 F1200
G1 X48.779296875 Y53.96484375 Z2 E-62.39839116202275 F1200
G1 X48.603515625 Y54.140625 Z2 E-62.423250384798834 F1200
G1 X48.515625 Y54.052734375 Z2 E-62.43567999618688 F1200
G1 X48.603515625 Y54.140625 Z2 E-62.44810960757492 F1200
G1 X48.515625 Y54.228515625 Z2 E-62.460539218962964 F1200
G1 X48.427734375 Y54.228515625 Z2 E-62.469328281462964 F1200
G1 X48.251953125 Y54.404296875 Z2 E-62.49418750423905 F1200
G1 X48.1640625 Y54.404296875 Z2 E-62.50297656673905 F1200
G1 X48.076171875 Y54.4921875 Z2 E-62.515406178127094 F1200
G1 X47.98828125 Y54.4921875 Z2 E-62.524195240627094 F1200
G1 X47.724609375 Y54.755859375 Z2 E-62.56148407479123 F1200
G1 X47.63671875 Y54.755859375 Z2 E-62.57027313729123 F1200
G1 X47.548828125 Y54.84375 Z2 E-62.582702748679274 F1200
G1 X47.4609375 Y54.84375 Z2 E-62.591491811179274 F1200
G1 X47.373046875 Y54.931640625 Z2 E-62.60392142256732 F1200
G1 X47.28515625 Y54.931640625 Z2 E-62.61271048506732 F1200
G1 X47.109375 Y55.107421875 Z2 E-62.637569707843404 F1200
G1 X46.93359375 Y55.107421875 Z2 E-62.655147832843404 F1200
G1 X46.845703125 Y55.01953125 Z2 E-62.66757744423145 F1200
G1 X46.93359375 Y55.107421875 Z2 E-62.68000705561949 F1200
G1 X46.58203125 Y55.458984375 Z2 E-62.72972550117167 F1200
G1 X46.494140625 Y55.458984375 Z2 E-62.73851456367167 F1200
G1 X46.40625 Y55.37109375 Z2 E-62.750944175059715 F1200
G1 X46.669921875 Y55.107421875 Z2 E-62.78823300922385 F1200
G1 X46.318359375 Y55.458984375 Z2 E-62.83795145477603 F1200
G1 X46.23046875 Y55.37109375 Z2 E-62.850381066164076 F1200
G1 X46.23046875 Y55.283203125 Z2 E-62.859170128664076 F1200
G1 X46.23046875 Y55.37109375 Z2 E-62.867959191164076 F1200
G1 X46.142578125 Y55.458984375 Z2 E-62.88038880255212 F1200
G1 X45.87890625 Y55.458984375 Z2 E-62.90675599005212 F1200
G1 X45.791015625 Y55.546875 Z2 E-62.91918560144016 F1200
G1 X45.615234375 Y55.546875 Z2 E-62.93676372644016 F1200
G1 X45.52734375 Y55.634765625 Z2 E-62.949193337828206 F1200
G1 X45.439453125 Y55.634765625 Z2 E-62.957982400328206 F1200
G1 X45.439453125 Y55.72265625 Z2 E-62.966771462828206 F1200
G1 X45.3515625 Y55.810546875 Z2 E-62.97920107421625 F1200
G1 X45.263671875 Y55.72265625 Z2 E-62.99163068560429 F1200
G1 X45.263671875 Y55.810546875 Z2 E-63.00041974810429 F1200
G1 X45.17578125 Y55.8984375 Z2 E-63.012849359492336 F1200
G1 X45.087890625 Y55.8984375 Z2 E-63.021638421992336 F1200
G1 X44.912109375 Y56.07421875 Z2 E-63.04649764476842 F1200
G1 X44.82421875 Y55.986328125 Z2 E-63.058927256156466 F1200
G1 X44.736328125 Y55.986328125 Z2 E-63.067716318656466 F1200
G1 X44.736328125 Y56.07421875 Z2 E-63.076505381156466 F1200
G1 X44.6484375 Y56.162109375 Z2 E-63.08893499254451 F1200
G1 X44.560546875 Y56.162109375 Z2 E-63.09772405504451 F1200
G1 X44.47265625 Y56.25 Z2 E-63.11015366643255 F1200
G1 X44.384765625 Y56.162109375 Z2 E-63.122583277820596 F1200
G1 X44.296875 Y56.25 Z2 E-63.13501288920864 F1200
G1 X44.208984375 Y56.25 Z2 E-63.14380195170864 F1200
G1 X44.12109375 Y56.337890625 Z2 E-63.15623156309668 F1200
G1 X44.033203125 Y56.337890625 Z2 E-63.16502062559668 F1200
G1 X43.9453125 Y56.42578125 Z2 E-63.177450236984726 F1200
G1 X43.857421875 Y56.42578125 Z2 E-63.186239299484726 F1200
G1 X43.76953125 Y56.513671875 Z2 E-63.19866891087277 F1200
G1 X43.681640625 Y56.513671875 Z2 E-63.20745797337277 F1200
G1 X43.59375 Y56.6015625 Z2 E-63.21988758476081 F1200
G1 X43.505859375 Y56.6015625 Z2 E-63.22867664726081 F1200
G1 X43.41796875 Y56.689453125 Z2 E-63.241106258648855 F1200
G1 X43.330078125 Y56.689453125 Z2 E-63.249895321148855 F1200
G1 X43.2421875 Y56.77734375 Z2 E-63.2623249325369 F1200
G1 X43.06640625 Y56.77734375 Z2 E-63.2799030575369 F1200
G1 X42.802734375 Y57.041015625 Z2 E-63.317191891701036 F1200
G1 X42.626953125 Y57.041015625 Z2 E-63.334770016701036 F1200
G1 X42.5390625 Y57.12890625 Z2 E-63.34719962808908 F1200
G1 X42.451171875 Y57.12890625 Z2 E-63.35598869058908 F1200
G1 X42.36328125 Y57.216796875 Z2 E-63.36841830197712 F1200
G1 X42.1875 Y57.216796875 Z2 E-63.38599642697712 F1200
G1 X42.099609375 Y57.3046875 Z2 E-63.398426038365166 F1200
G1 X42.01171875 Y57.3046875 Z2 E-63.407215100865166 F1200
G1 X41.923828125 Y57.216796875 Z2 E-63.41964471225321 F1200
G1 X41.8359375 Y57.3046875 Z2 E-63.43207432364125 F1200
G1 X41.748046875 Y57.3046875 Z2 E-63.44086338614125 F1200
G1 X41.66015625 Y57.392578125 Z2 E-63.453292997529296 F1200
G1 X41.484375 Y57.392578125 Z2 E-63.470871122529296 F1200
G1 X41.30859375 Y57.568359375 Z2 E-63.49573034530538 F1200
G1 X41.1328125 Y57.568359375 Z2 E-63.51330847030538 F1200
G1 X40.95703125 Y57.744140625 Z2 E-63.53816769308147 F1200
G1 X40.78125 Y57.744140625 Z2 E-63.55574581808147 F1200
G1 X40.693359375 Y57.83203125 Z2 E-63.56817542946951 F1200
G1 X40.60546875 Y57.83203125 Z2 E-63.57696449196951 F1200
G1 X40.517578125 Y57.919921875 Z2 E-63.589394103357556 F1200
G1 X40.4296875 Y57.919921875 Z2 E-63.598183165857556 F1200
G1 X40.341796875 Y58.0078125 Z2 E-63.6106127772456 F1200
G1 X40.25390625 Y58.0078125 Z2 E-63.6194018397456 F1200
G1 X40.166015625 Y58.095703125 Z2 E-63.63183145113364 F1200
G1 X40.078125 Y58.095703125 Z2 E-63.64062051363364 F1200
G1 X40.078125 Y58.18359375 Z2 E-63.64940957613364 F1200
G1 X39.990234375 Y58.271484375 Z2 E-63.661839187521686 F1200
G1 X39.990234375 Y58.359375 Z2 E-63.670628250021686 F1200
G1 X39.90234375 Y58.447265625 Z2 E-63.68305786140973 F1200
G1 X39.7265625 Y58.447265625 Z2 E-63.70063598640973 F1200
G1 X39.638671875 Y58.53515625 Z2 E-63.71306559779777 F1200
G1 X39.462890625 Y58.53515625 Z2 E-63.73064372279777 F1200
G1 X39.375 Y58.623046875 Z2 E-63.743073334185816 F1200
G1 X39.287109375 Y58.623046875 Z2 E-63.751862396685816 F1200
G1 X39.19921875 Y58.7109375 Z2 E-63.76429200807386 F1200
G1 X39.0234375 Y58.7109375 Z2 E-63.78187013307386 F1200
G1 X38.935546875 Y58.798828125 Z2 E-63.7942997444619 F1200
G1 X38.759765625 Y58.798828125 Z2 E-63.8118778694619 F1200
G1 X38.583984375 Y58.974609375 Z2 E-63.83673709223799 F1200
G1 X38.408203125 Y58.974609375 Z2 E-63.85431521723799 F1200
G1 X38.232421875 Y59.150390625 Z2 E-63.879174440014076 F1200
G1 X38.14453125 Y59.150390625 Z2 E-63.887963502514076 F1200
G1 X38.056640625 Y59.23828125 Z2 E-63.90039311390212 F1200
G1 X37.96875 Y59.23828125 Z2 E-63.90918217640212 F1200
G1 X37.880859375 Y59.326171875 Z2 E-63.92161178779016 F1200
G1 X37.79296875 Y59.326171875 Z2 E-63.93040085029016 F1200
G1 X37.705078125 Y59.4140625 Z2 E-63.942830461678206 F1200
G1 X37.529296875 Y59.4140625 Z2 E-63.960408586678206 F1200
G1 X37.44140625 Y59.501953125 Z2 E-63.97283819806625 F1200
G1 X37.265625 Y59.501953125 Z2 E-63.99041632306625 F1200
G1 X37.177734375 Y59.58984375 Z2 E-64.0028459344543 F1200
G1 X36.9140625 Y59.58984375 Z2 E-64.0292131219543 F1200
G1 X36.826171875 Y59.677734375 Z2 E-64.04164273334234 F1200
G1 X36.73828125 Y59.677734375 Z2 E-64.05043179584234 F1200
G1 X36.650390625 Y59.765625 Z2 E-64.06286140723039 F1200
G1 X36.5625 Y59.765625 Z2 E-64.07165046973039 F1200
G1 X36.474609375 Y59.853515625 Z2 E-64.08408008111843 F1200
G1 X36.38671875 Y59.853515625 Z2 E-64.09286914361843 F1200
G1 X36.298828125 Y59.94140625 Z2 E-64.10529875500647 F1200
G1 X36.2109375 Y59.94140625 Z2 E-64.11408781750647 F1200
G1 X36.123046875 Y60.029296875 Z2 E-64.12651742889452 F1200
G1 X35.859375 Y60.029296875 Z2 E-64.15288461639452 F1200
G1 X35.771484375 Y60.1171875 Z2 E-64.16531422778256 F1200
G1 X35.595703125 Y60.1171875 Z2 E-64.18289235278256 F1200
G1 X35.419921875 Y60.29296875 Z2 E-64.20775157555865 F1200
G1 X35.244140625 Y60.29296875 Z2 E-64.22532970055865 F1200
G1 X35.15625 Y60.380859375 Z2 E-64.23775931194669 F1200
G1 X35.068359375 Y60.380859375 Z2 E-64.24654837444669 F1200
G1 X34.98046875 Y60.46875 Z2 E-64.25897798583473 F1200
G1 X34.892578125 Y60.46875 Z2 E-64.26776704833473 F1200
G1 X34.8046875 Y60.556640625 Z2 E-64.28019665972278 F1200
G1 X34.62890625 Y60.556640625 Z2 E-64.29777478472278 F1200
G1 X34.541015625 Y60.64453125 Z2 E-64.31020439611082 F1200
G1 X34.453125 Y60.64453125 Z2 E-64.31899345861082 F1200
G1 X34.365234375 Y60.732421875 Z2 E-64.33142306999886 F1200
G1 X34.27734375 Y60.732421875 Z2 E-64.34021213249886 F1200
G1 X34.189453125 Y60.8203125 Z2 E-64.3526417438869 F1200
G1 X34.013671875 Y60.8203125 Z2 E-64.3702198688869 F1200
G1 X33.92578125 Y60.908203125 Z2 E-64.38264948027495 F1200
G1 X33.75 Y60.908203125 Z2 E-64.40022760527495 F1200
G1 X33.662109375 Y60.99609375 Z2 E-64.41265721666299 F1200
G1 X33.486328125 Y60.99609375 Z2 E-64.43023534166299 F1200
G1 X33.3984375 Y61.083984375 Z2 E-64.44266495305104 F1200
G1 X33.310546875 Y61.083984375 Z2 E-64.45145401555104 F1200
G1 X33.22265625 Y61.171875 Z2 E-64.46388362693908 F1200
G1 X33.134765625 Y61.171875 Z2 E-64.47267268943908 F1200
G1 X33.046875 Y61.259765625 Z2 E-64.48510230082712 F1200
G1 X32.87109375 Y61.259765625 Z2 E-64.50268042582712 F1200
G1 X32.783203125 Y61.34765625 Z2 E-64.51511003721517 F1200
G1 X32.6953125 Y61.34765625 Z2 E-64.52389909971517 F1200
G1 X32.607421875 Y61.435546875 Z2 E-64.53632871110321 F1200
G1 X32.431640625 Y61.435546875 Z2 E-64.55390683610321 F1200
G1 X32.34375 Y61.5234375 Z2 E-64.56633644749125 F1200
G1 X32.255859375 Y61.5234375 Z2 E-64.57512550999125 F1200
G1 X32.16796875 Y61.611328125 Z2 E-64.5875551213793 F1200
G1 X31.9921875 Y61.611328125 Z2 E-64.6051332463793 F1200
G1 X31.81640625 Y61.787109375 Z2 E-64.62999246915538 F1200
G1 X31.640625 Y61.787109375 Z2 E-64.64757059415538 F1200
G1 X31.46484375 Y61.962890625 Z2 E-64.67242981693147 F1200
G1 X31.2890625 Y61.962890625 Z2 E-64.69000794193147 F1200
G1 X31.201171875 Y62.05078125 Z2 E-64.70243755331951 F1200
G1 X31.11328125 Y62.05078125 Z2 E-64.71122661581951 F1200
G1 X31.025390625 Y62.138671875 Z2 E-64.72365622720756 F1200
G1 X30.9375 Y62.138671875 Z2 E-64.73244528970756 F1200
G1 X30.849609375 Y62.2265625 Z2 E-64.7448749010956 F1200
G1 X30.673828125 Y62.2265625 Z2 E-64.7624530260956 F1200
G1 X30.5859375 Y62.314453125 Z2 E-64.77488263748364 F1200
G1 X30.498046875 Y62.314453125 Z2 E-64.78367169998364 F1200
G1 X30.41015625 Y62.40234375 Z2 E-64.79610131137169 F1200
G1 X30.322265625 Y62.40234375 Z2 E-64.80489037387169 F1200
G1 X30.234375 Y62.490234375 Z2 E-64.81731998525973 F1200
G1 X30.146484375 Y62.490234375 Z2 E-64.82610904775973 F1200
G1 X30.05859375 Y62.578125 Z2 E-64.83853865914777 F1200
G1 X29.970703125 Y62.578125 Z2 E-64.84732772164777 F1200
G1 X29.8828125 Y62.666015625 Z2 E-64.85975733303582 F1200
G1 X29.70703125 Y62.666015625 Z2 E-64.87733545803582 F1200
G1 X29.619140625 Y62.75390625 Z2 E-64.88976506942386 F1200
G1 X29.53125 Y62.75390625 Z2 E-64.89855413192386 F1200
G1 X29.443359375 Y62.841796875 Z2 E-64.9109837433119 F1200
G1 X29.35546875 Y62.841796875 Z2 E-64.9197728058119 F1200
G1 X29.267578125 Y62.9296875 Z2 E-64.93220241719995 F1200
G1 X29.091796875 Y62.9296875 Z2 E-64.94978054219995 F1200
G1 X29.00390625 Y63.017578125 Z2 E-64.96221015358799 F1200
G1 X28.916015625 Y63.017578125 Z2 E-64.97099921608799 F1200
G1 X28.828125 Y63.10546875 Z2 E-64.98342882747603 F1200
G1 X28.740234375 Y63.10546875 Z2 E-64.99221788997603 F1200
G1 X28.65234375 Y63.193359375 Z2 E-65.00464750136408 F1200
G1 X28.4765625 Y63.193359375 Z2 E-65.02222562636408 F1200
G1 X28.388671875 Y63.28125 Z2 E-65.03465523775212 F1200
G1 X28.30078125 Y63.28125 Z2 E-65.04344430025212 F1200
G1 X28.212890625 Y63.369140625 Z2 E-65.05587391164016 F1200
G1 X28.125 Y63.369140625 Z2 E-65.06466297414016 F1200
G1 X28.037109375 Y63.45703125 Z2 E-65.0770925855282 F1200
G1 X27.94921875 Y63.45703125 Z2 E-65.0858816480282 F1200
G1 X27.861328125 Y63.544921875 Z2 E-65.09831125941625 F1200
G1 X27.7734375 Y63.544921875 Z2 E-65.10710032191625 F1200
G1 X27.685546875 Y63.6328125 Z2 E-65.11952993330429 F1200
G1 X27.59765625 Y63.6328125 Z2 E-65.12831899580429 F1200
G1 X27.509765625 Y63.720703125 Z2 E-65.14074860719234 F1200
G1 X27.421875 Y63.720703125 Z2 E-65.14953766969234 F1200
G1 X27.24609375 Y63.896484375 Z2 E-65.17439689246842 F1200
G1 X27.158203125 Y63.896484375 Z2 E-65.18318595496842 F1200
G1 X27.0703125 Y63.984375 Z2 E-65.19561556635647 F1200
G1 X26.982421875 Y63.984375 Z2 E-65.20440462885647 F1200
G1 X26.89453125 Y64.072265625 Z2 E-65.21683424024451 F1200
G1 X26.806640625 Y64.072265625 Z2 E-65.22562330274451 F1200
G1 X26.71875 Y64.16015625 Z2 E-65.23805291413255 F1200
G1 X26.630859375 Y64.16015625 Z2 E-65.24684197663255 F1200
G1 X26.455078125 Y64.3359375 Z2 E-65.27170119940864 F1200
G1 X26.3671875 Y64.3359375 Z2 E-65.28049026190864 F1200
G1 X26.279296875 Y64.423828125 Z2 E-65.29291987329668 F1200
G1 X26.19140625 Y64.423828125 Z2 E-65.30170893579668 F1200
G1 X26.103515625 Y64.51171875 Z2 E-65.31413854718473 F1200
G1 X26.015625 Y64.51171875 Z2 E-65.32292760968473 F1200
G1 X25.83984375 Y64.6875 Z2 E-65.34778683246081 F1200
G1 X25.751953125 Y64.6875 Z2 E-65.35657589496081 F1200
G1 X25.576171875 Y64.86328125 Z2 E-65.3814351177369 F1200
G1 X25.48828125 Y64.86328125 Z2 E-65.3902241802369 F1200
G1 X25.400390625 Y64.951171875 Z2 E-65.40265379162494 F1200
G1 X25.3125 Y64.951171875 Z2 E-65.41144285412494 F1200
G1 X25.13671875 Y65.126953125 Z2 E-65.43630207690103 F1200
G1 X25.048828125 Y65.126953125 Z2 E-65.44509113940103 F1200
G1 X24.9609375 Y65.21484375 Z2 E-65.45752075078907 F1200
G1 X24.873046875 Y65.21484375 Z2 E-65.46630981328907 F1200
G1 X24.697265625 Y65.390625 Z2 E-65.49116903606516 F1200
G1 X24.609375 Y65.390625 Z2 E-65.49995809856516 F1200
G1 X24.08203125 Y65.91796875 Z2 E-65.57453576689343 F1200
G1 X23.994140625 Y65.91796875 Z2 E-65.58332482939343 F1200
G1 X23.73046875 Y66.181640625 Z2 E-65.62061366355756 F1200
G1 X23.642578125 Y66.181640625 Z2 E-65.62940272605756 F1200
G1 X23.37890625 Y66.4453125 Z2 E-65.6666915602217 F1200
G1 X23.291015625 Y66.4453125 Z2 E-65.6754806227217 F1200
G1 X23.203125 Y66.533203125 Z2 E-65.68791023410974 F1200
G1 X23.115234375 Y66.533203125 Z2 E-65.69669929660974 F1200
G1 X23.02734375 Y66.62109375 Z2 E-65.70912890799778 F1200
G1 X22.939453125 Y66.62109375 Z2 E-65.71791797049778 F1200
G1 X22.67578125 Y66.884765625 Z2 E-65.75520680466191 F1200
G1 X22.587890625 Y66.884765625 Z2 E-65.76399586716191 F1200
G1 X21.09375 Y68.37890625 Z2 E-65.97529926075867 F1200
G1 X21.005859375 Y68.37890625 Z2 E-65.98408832325867 F1200
G1 X20.7421875 Y68.642578125 Z2 E-66.0213771574228 F1200
G1 X20.7421875 Y68.73046875 Z2 E-66.0301662199228 F1200
G1 X20.56640625 Y68.90625 Z2 E-66.05502544269889 F1200
G1 X20.478515625 Y68.90625 Z2 E-66.06381450519889 F1200
G1 X20.478515625 Y68.994140625 Z2 E-66.07260356769889 F1200
G1 X20.302734375 Y69.169921875 Z2 E-66.09746279047498 F1200
G1 X20.21484375 Y69.169921875 Z2 E-66.10625185297498 F1200
G1 X19.951171875 Y69.43359375 Z2 E-66.14354068713911 F1200
G1 X19.951171875 Y69.521484375 Z2 E-66.15232974963911 F1200
G1 X19.86328125 Y69.609375 Z2 E-66.16475936102715 F1200
G1 X19.775390625 Y69.609375 Z2 E-66.17354842352715 F1200
G1 X19.86328125 Y69.697265625 Z2 E-66.1859780349152 F1200
G1 X18.017578125 Y71.54296875 Z2 E-66.44699987406413 F1200
G1 X17.9296875 Y71.54296875 Z2 E-66.45578893656413 F1200
G1 X17.841796875 Y71.630859375 Z2 E-66.46821854795218 F1200
G1 X17.9296875 Y71.71875 Z2 E-66.48064815934022 F1200
G1 X17.841796875 Y71.806640625 Z2 E-66.49307777072826 F1200
G1 X17.75390625 Y71.806640625 Z2 E-66.50186683322826 F1200
G1 X17.05078125 Y72.509765625 Z2 E-66.60130372433262 F1200
G1 X17.05078125 Y72.59765625 Z2 E-66.61009278683262 F1200
G1 X16.787109375 Y72.861328125 Z2 E-66.64738162099675 F1200
G1 X16.875 Y72.94921875 Z2 E-66.6598112323848 F1200
G1 X16.875 Y73.037109375 Z2 E-66.6686002948848 F1200
G1 X16.34765625 Y73.564453125 Z2 E-66.74317796321307 F1200
G1 X15.8203125 Y73.564453125 Z2 E-66.79591233821307 F1200
G1 X15.8203125 Y74.619140625 Z2 E-66.90138108821307 F1200
G1 X15.908203125 Y74.619140625 Z2 E-66.91017015071307 F1200
G1 X16.083984375 Y74.794921875 Z2 E-66.93502937348916 F1200
G1 X16.171875 Y74.794921875 Z2 E-66.94381843598916 F1200
G1 X16.34765625 Y74.970703125 Z2 E-66.96867765876524 F1200
G1 X16.435546875 Y74.970703125 Z2 E-66.97746672126524 F1200
G1 X16.5234375 Y75.05859375 Z2 E-66.98989633265329 F1200
G1 X16.611328125 Y75.05859375 Z2 E-66.99868539515329 F1200
G1 X16.787109375 Y75.234375 Z2 E-67.02354461792937 F1200
G1 X16.875 Y75.234375 Z2 E-67.03233368042937 F1200
G1 X17.05078125 Y75.41015625 Z2 E-67.05719290320546 F1200
G1 X17.138671875 Y75.41015625 Z2 E-67.06598196570546 F1200
G1 X17.2265625 Y75.498046875 Z2 E-67.0784115770935 F1200
G1 X17.314453125 Y75.498046875 Z2 E-67.0872006395935 F1200
G1 X17.40234375 Y75.5859375 Z2 E-67.09963025098155 F1200
G1 X17.578125 Y75.5859375 Z2 E-67.11720837598155 F1200
G1 X17.841796875 Y75.849609375 Z2 E-67.15449721014568 F1200
G1 X17.9296875 Y75.849609375 Z2 E-67.16328627264568 F1200
G1 X18.017578125 Y75.9375 Z2 E-67.17571588403372 F1200
G1 X18.10546875 Y75.9375 Z2 E-67.18450494653372 F1200
G1 X18.28125 Y76.11328125 Z2 E-67.20936416930981 F1200
G1 X18.369140625 Y76.11328125 Z2 E-67.21815323180981 F1200
G1 X18.45703125 Y76.201171875 Z2 E-67.23058284319785 F1200
G1 X18.544921875 Y76.201171875 Z2 E-67.23937190569785 F1200
G1 X18.80859375 Y76.46484375 Z2 E-67.27666073986198 F1200
G1 X18.896484375 Y76.46484375 Z2 E-67.28544980236198 F1200
G1 X18.984375 Y76.552734375 Z2 E-67.29787941375002 F1200
G1 X19.072265625 Y76.552734375 Z2 E-67.30666847625002 F1200
G1 X19.16015625 Y76.640625 Z2 E-67.31909808763807 F1200
G1 X19.248046875 Y76.640625 Z2 E-67.32788715013807 F1200
G1 X19.423828125 Y76.81640625 Z2 E-67.35274637291415 F1200
G1 X19.599609375 Y76.81640625 Z2 E-67.37032449791415 F1200
G1 X19.6875 Y76.904296875 Z2 E-67.3827541093022 F1200
G1 X19.775390625 Y76.904296875 Z2 E-67.3915431718022 F1200
G1 X19.86328125 Y76.9921875 Z2 E-67.40397278319024 F1200
G1 X19.951171875 Y76.9921875 Z2 E-67.41276184569024 F1200
G1 X20.126953125 Y77.16796875 Z2 E-67.43762106846633 F1200
G1 X20.21484375 Y77.16796875 Z2 E-67.44641013096633 F1200
G1 X20.302734375 Y77.255859375 Z2 E-67.45883974235437 F1200
G1 X20.390625 Y77.255859375 Z2 E-67.46762880485437 F1200
G1 X20.478515625 Y77.34375 Z2 E-67.48005841624241 F1200
G1 X20.56640625 Y77.34375 Z2 E-67.48884747874241 F1200
G1 X20.654296875 Y77.431640625 Z2 E-67.50127709013046 F1200
G1 X20.7421875 Y77.431640625 Z2 E-67.51006615263046 F1200
G1 X20.830078125 Y77.51953125 Z2 E-67.5224957640185 F1200
G1 X21.005859375 Y77.51953125 Z2 E-67.5400738890185 F1200
G1 X21.09375 Y77.607421875 Z2 E-67.55250350040654 F1200
G1 X21.26953125 Y77.607421875 Z2 E-67.57008162540654 F1200
G1 X21.357421875 Y77.6953125 Z2 E-67.58251123679459 F1200
G1 X21.533203125 Y77.6953125 Z2 E-67.60008936179459 F1200
G1 X21.62109375 Y77.783203125 Z2 E-67.61251897318263 F1200
G1 X21.796875 Y77.783203125 Z2 E-67.63009709818263 F1200
G1 X21.884765625 Y77.87109375 Z2 E-67.64252670957067 F1200
G1 X22.060546875 Y77.87109375 Z2 E-67.66010483457067 F1200
G1 X22.1484375 Y77.783203125 Z2 E-67.67253444595872 F1200
G1 X22.236328125 Y77.783203125 Z2 E-67.68132350845872 F1200
G1 X22.587890625 Y77.431640625 Z2 E-67.73104195401089 F1200
G1 X22.67578125 Y77.431640625 Z2 E-67.73983101651089 F1200
G1 X22.587890625 Y77.34375 Z2 E-67.75226062789893 F1200
G1 X22.67578125 Y77.255859375 Z2 E-67.76469023928698 F1200
G1 X22.763671875 Y77.255859375 Z2 E-67.77347930178698 F1200
G1 X22.939453125 Y77.080078125 Z2 E-67.79833852456306 F1200
G1 X23.02734375 Y77.080078125 Z2 E-67.80712758706306 F1200
G1 X23.115234375 Y76.9921875 Z2 E-67.81955719845111 F1200
G1 X23.115234375 Y76.904296875 Z2 E-67.82834626095111 F1200
G1 X23.203125 Y76.81640625 Z2 E-67.84077587233915 F1200
G1 X23.291015625 Y76.81640625 Z2 E-67.84956493483915 F1200
G1 X23.37890625 Y76.728515625 Z2 E-67.8619945462272 F1200
G1 X23.37890625 Y76.640625 Z2 E-67.8707836087272 F1200
G1 X23.466796875 Y76.552734375 Z2 E-67.88321322011524 F1200
G1 X23.5546875 Y76.552734375 Z2 E-67.89200228261524 F1200
G1 X23.994140625 Y76.11328125 Z2 E-67.95415033955547 F1200
G1 X24.08203125 Y76.11328125 Z2 E-67.96293940205547 F1200
G1 X24.169921875 Y76.025390625 Z2 E-67.97536901344351 F1200
G1 X24.2578125 Y76.025390625 Z2 E-67.98415807594351 F1200
G1 X24.521484375 Y75.76171875 Z2 E-68.02144691010764 F1200
G1 X24.521484375 Y75.673828125 Z2 E-68.03023597260764 F1200
G1 X24.609375 Y75.5859375 Z2 E-68.04266558399569 F1200
G1 X24.78515625 Y75.5859375 Z2 E-68.06024370899569 F1200
G1 X24.873046875 Y75.498046875 Z2 E-68.07267332038373 F1200
G1 X24.873046875 Y75.41015625 Z2 E-68.08146238288373 F1200
G1 X24.9609375 Y75.322265625 Z2 E-68.09389199427177 F1200
G1 X25.048828125 Y75.322265625 Z2 E-68.10268105677177 F1200
G1 X25.13671875 Y75.234375 Z2 E-68.11511066815982 F1200
G1 X25.13671875 Y75.146484375 Z2 E-68.12389973065982 F1200
G1 X25.224609375 Y75.05859375 Z2 E-68.13632934204786 F1200
G1 X25.3125 Y75.05859375 Z2 E-68.14511840454786 F1200
G1 X25.3125 Y74.970703125 Z2 E-68.15390746704786 F1200
G1 X25.400390625 Y74.8828125 Z2 E-68.1663370784359 F1200
G1 X25.576171875 Y74.8828125 Z2 E-68.1839152034359 F1200
G1 X25.576171875 Y74.794921875 Z2 E-68.1927042659359 F1200
G1 X25.6640625 Y74.70703125 Z2 E-68.20513387732395 F1200
G1 X25.751953125 Y74.70703125 Z2 E-68.21392293982395 F1200
G1 X25.751953125 Y74.619140625 Z2 E-68.22271200232395 F1200
G1 X26.015625 Y74.35546875 Z2 E-68.26000083648808 F1200
G1 X26.103515625 Y74.35546875 Z2 E-68.26878989898808 F1200
G1 X26.103515625 Y74.267578125 Z2 E-68.27757896148808 F1200
G1 X26.19140625 Y74.1796875 Z2 E-68.29000857287612 F1200
G1 X26.279296875 Y74.1796875 Z2 E-68.29879763537612 F1200
G1 X26.3671875 Y74.091796875 Z2 E-68.31122724676416 F1200
G1 X26.455078125 Y74.091796875 Z2 E-68.32001630926416 F1200
G1 X26.54296875 Y74.00390625 Z2 E-68.3324459206522 F1200
G1 X26.630859375 Y74.00390625 Z2 E-68.3412349831522 F1200
G1 X26.630859375 Y73.916015625 Z2 E-68.3500240456522 F1200
G1 X26.71875 Y73.828125 Z2 E-68.36245365704025 F1200
G1 X26.806640625 Y73.828125 Z2 E-68.37124271954025 F1200
G1 X26.982421875 Y73.65234375 Z2 E-68.39610194231633 F1200
G1 X27.0703125 Y73.65234375 Z2 E-68.40489100481633 F1200
G1 X27.24609375 Y73.4765625 Z2 E-68.42975022759242 F1200
G1 X27.333984375 Y73.4765625 Z2 E-68.43853929009242 F1200
G1 X27.685546875 Y73.125 Z2 E-68.4882577356446 F1200
G1 X27.7734375 Y73.125 Z2 E-68.4970467981446 F1200
G1 X27.861328125 Y73.037109375 Z2 E-68.50947640953264 F1200
G1 X28.037109375 Y73.037109375 Z2 E-68.52705453453264 F1200
G1 X28.212890625 Y72.861328125 Z2 E-68.55191375730872 F1200
G1 X28.30078125 Y72.861328125 Z2 E-68.56070281980872 F1200
G1 X28.4765625 Y72.685546875 Z2 E-68.58556204258481 F1200
G1 X28.564453125 Y72.685546875 Z2 E-68.59435110508481 F1200
G1 X28.65234375 Y72.59765625 Z2 E-68.60678071647285 F1200
G1 X28.740234375 Y72.59765625 Z2 E-68.61556977897285 F1200
G1 X28.916015625 Y72.421875 Z2 E-68.64042900174894 F1200
G1 X29.00390625 Y72.421875 Z2 E-68.64921806424894 F1200
G1 X29.091796875 Y72.333984375 Z2 E-68.66164767563698 F1200
G1 X29.1796875 Y72.333984375 Z2 E-68.67043673813698 F1200
G1 X29.35546875 Y72.158203125 Z2 E-68.69529596091307 F1200
G1 X29.443359375 Y72.158203125 Z2 E-68.70408502341307 F1200
G1 X29.70703125 Y71.89453125 Z2 E-68.7413738575772 F1200
G1 X29.794921875 Y71.982421875 Z2 E-68.75380346896524 F1200
G1 X30.05859375 Y71.71875 Z2 E-68.79109230312937 F1200
G1 X30.146484375 Y71.71875 Z2 E-68.79988136562937 F1200
G1 X30.322265625 Y71.54296875 Z2 E-68.82474058840546 F1200
G1 X30.41015625 Y71.630859375 Z2 E-68.8371701997935 F1200
G1 X30.5859375 Y71.455078125 Z2 E-68.86202942256959 F1200
G1 X30.76171875 Y71.455078125 Z2 E-68.87960754756959 F1200
G1 X30.9375 Y71.279296875 Z2 E-68.90446677034568 F1200
G1 X31.025390625 Y71.279296875 Z2 E-68.91325583284568 F1200
G1 X31.11328125 Y71.19140625 Z2 E-68.92568544423372 F1200
G1 X31.201171875 Y71.19140625 Z2 E-68.93447450673372 F1200
G1 X31.2890625 Y71.103515625 Z2 E-68.94690411812176 F1200
G1 X31.376953125 Y71.103515625 Z2 E-68.95569318062176 F1200
G1 X31.552734375 Y70.927734375 Z2 E-68.98055240339785 F1200
G1 X31.640625 Y70.927734375 Z2 E-68.98934146589785 F1200
G1 X31.728515625 Y70.83984375 Z2 E-69.0017710772859 F1200
G1 X31.9921875 Y70.83984375 Z2 E-69.0281382647859 F1200
G1 X31.9921875 Y70.751953125 Z2 E-69.0369273272859 F1200
G1 X32.16796875 Y70.576171875 Z2 E-69.06178655006198 F1200
G1 X32.34375 Y70.576171875 Z2 E-69.07936467506198 F1200
G1 X32.431640625 Y70.48828125 Z2 E-69.09179428645002 F1200
G1 X32.51953125 Y70.48828125 Z2 E-69.10058334895002 F1200
G1 X32.607421875 Y70.400390625 Z2 E-69.11301296033807 F1200
G1 X32.6953125 Y70.400390625 Z2 E-69.12180202283807 F1200
G1 X32.783203125 Y70.3125 Z2 E-69.13423163422611 F1200
G1 X32.87109375 Y70.3125 Z2 E-69.14302069672611 F1200
G1 X32.958984375 Y70.224609375 Z2 E-69.15545030811415 F1200
G1 X33.046875 Y70.224609375 Z2 E-69.16423937061415 F1200
G1 X33.134765625 Y70.13671875 Z2 E-69.1766689820022 F1200
G1 X33.22265625 Y70.13671875 Z2 E-69.1854580445022 F1200
G1 X33.310546875 Y70.048828125 Z2 E-69.19788765589024 F1200
G1 X33.3984375 Y70.048828125 Z2 E-69.20667671839024 F1200
G1 X33.486328125 Y69.9609375 Z2 E-69.21910632977828 F1200
G1 X33.75 Y69.9609375 Z2 E-69.24547351727828 F1200
G1 X33.837890625 Y69.873046875 Z2 E-69.25790312866633 F1200
G1 X33.92578125 Y69.873046875 Z2 E-69.26669219116633 F1200
G1 X34.013671875 Y69.78515625 Z2 E-69.27912180255437 F1200
G1 X34.189453125 Y69.78515625 Z2 E-69.29669992755437 F1200
G1 X34.27734375 Y69.697265625 Z2 E-69.30912953894241 F1200
G1 X34.365234375 Y69.697265625 Z2 E-69.31791860144241 F1200
G1 X34.453125 Y69.609375 Z2 E-69.33034821283046 F1200
G1 X34.541015625 Y69.609375 Z2 E-69.33913727533046 F1200
G1 X34.62890625 Y69.521484375 Z2 E-69.3515668867185 F1200
G1 X34.892578125 Y69.521484375 Z2 E-69.3779340742185 F1200
G1 X35.068359375 Y69.345703125 Z2 E-69.40279329699459 F1200
G1 X35.33203125 Y69.345703125 Z2 E-69.42916048449459 F1200
G1 X35.419921875 Y69.2578125 Z2 E-69.44159009588263 F1200
G1 X35.5078125 Y69.2578125 Z2 E-69.45037915838263 F1200
G1 X35.595703125 Y69.169921875 Z2 E-69.46280876977067 F1200
G1 X35.859375 Y69.169921875 Z2 E-69.48917595727067 F1200
G1 X35.947265625 Y69.08203125 Z2 E-69.50160556865872 F1200
G1 X36.03515625 Y69.08203125 Z2 E-69.51039463115872 F1200
G1 X36.123046875 Y68.994140625 Z2 E-69.52282424254676 F1200
G1 X36.2109375 Y69.08203125 Z2 E-69.5352538539348 F1200
G1 X36.298828125 Y68.994140625 Z2 E-69.54768346532285 F1200
G1 X36.38671875 Y68.994140625 Z2 E-69.55647252782285 F1200
G1 X36.474609375 Y68.90625 Z2 E-69.56890213921089 F1200
G1 X36.5625 Y68.90625 Z2 E-69.57769120171089 F1200
G1 X36.650390625 Y68.818359375 Z2 E-69.59012081309893 F1200
G1 X36.73828125 Y68.818359375 Z2 E-69.59890987559893 F1200
G1 X36.826171875 Y68.73046875 Z2 E-69.61133948698698 F1200
G1 X36.9140625 Y68.818359375 Z2 E-69.62376909837502 F1200
G1 X37.001953125 Y68.73046875 Z2 E-69.63619870976306 F1200
G1 X37.08984375 Y68.73046875 Z2 E-69.64498777226306 F1200
G1 X37.265625 Y68.5546875 Z2 E-69.66984699503915 F1200
G1 X37.353515625 Y68.642578125 Z2 E-69.6822766064272 F1200
G1 X37.44140625 Y68.5546875 Z2 E-69.69470621781524 F1200
G1 X37.529296875 Y68.642578125 Z2 E-69.70713582920328 F1200
G1 X37.705078125 Y68.466796875 Z2 E-69.73199505197937 F1200
G1 X37.79296875 Y68.466796875 Z2 E-69.74078411447937 F1200
G1 X37.880859375 Y68.37890625 Z2 E-69.75321372586741 F1200
G1 X38.056640625 Y68.37890625 Z2 E-69.77079185086741 F1200
G1 X38.14453125 Y68.291015625 Z2 E-69.78322146225545 F1200
G1 X38.3203125 Y68.291015625 Z2 E-69.80079958725545 F1200
G1 X38.408203125 Y68.203125 Z2 E-69.8132291986435 F1200
G1 X38.759765625 Y68.203125 Z2 E-69.8483854486435 F1200
G1 X38.935546875 Y68.02734375 Z2 E-69.87324467141958 F1200
G1 X39.0234375 Y68.115234375 Z2 E-69.88567428280763 F1200
G1 X39.111328125 Y68.02734375 Z2 E-69.89810389419567 F1200
G1 X39.19921875 Y68.02734375 Z2 E-69.90689295669567 F1200
G1 X39.287109375 Y67.939453125 Z2 E-69.91932256808371 F1200
G1 X39.462890625 Y67.939453125 Z2 E-69.93690069308371 F1200
G1 X39.55078125 Y67.8515625 Z2 E-69.94933030447176 F1200
G1 X39.814453125 Y67.8515625 Z2 E-69.97569749197176 F1200
G1 X39.90234375 Y67.763671875 Z2 E-69.9881271033598 F1200
G1 X39.990234375 Y67.8515625 Z2 E-70.00055671474784 F1200
G1 X40.078125 Y67.763671875 Z2 E-70.01298632613589 F1200
G1 X40.166015625 Y67.763671875 Z2 E-70.02177538863589 F1200
G1 X40.25390625 Y67.67578125 Z2 E-70.03420500002393 F1200
G1 X40.517578125 Y67.67578125 Z2 E-70.06057218752393 F1200
G1 X40.60546875 Y67.587890625 Z2 E-70.07300179891197 F1200
G1 X40.78125 Y67.587890625 Z2 E-70.09057992391197 F1200
G1 X40.869140625 Y67.5 Z2 E-70.10300953530002 F1200
G1 X40.95703125 Y67.5 Z2 E-70.11179859780002 F1200
G1 X41.044921875 Y67.412109375 Z2 E-70.12422820918806 F1200
G1 X41.220703125 Y67.412109375 Z2 E-70.14180633418806 F1200
G1 X41.30859375 Y67.32421875 Z2 E-70.1542359455761 F1200
G1 X41.572265625 Y67.32421875 Z2 E-70.1806031330761 F1200
G1 X41.66015625 Y67.236328125 Z2 E-70.19303274446415 F1200
G1 X41.8359375 Y67.236328125 Z2 E-70.21061086946415 F1200
G1 X41.923828125 Y67.1484375 Z2 E-70.22304048085219 F1200
G1 X42.1875 Y67.1484375 Z2 E-70.24940766835219 F1200
G1 X42.275390625 Y67.060546875 Z2 E-70.26183727974023 F1200
G1 X42.626953125 Y67.060546875 Z2 E-70.29699352974023 F1200
G1 X42.802734375 Y66.884765625 Z2 E-70.32185275251632 F1200
G1 X42.890625 Y66.97265625 Z2 E-70.33428236390436 F1200
G1 X42.978515625 Y66.884765625 Z2 E-70.34671197529241 F1200
G1 X43.06640625 Y66.884765625 Z2 E-70.35550103779241 F1200
G1 X43.154296875 Y66.796875 Z2 E-70.36793064918045 F1200
G1 X43.330078125 Y66.796875 Z2 E-70.38550877418045 F1200
G1 X43.41796875 Y66.708984375 Z2 E-70.3979383855685 F1200
G1 X43.505859375 Y66.796875 Z2 E-70.41036799695654 F1200
G1 X43.59375 Y66.708984375 Z2 E-70.42279760834458 F1200
G1 X43.681640625 Y66.708984375 Z2 E-70.43158667084458 F1200
G1 X43.76953125 Y66.62109375 Z2 E-70.44401628223262 F1200
G1 X44.033203125 Y66.62109375 Z2 E-70.47038346973262 F1200
G1 X44.12109375 Y66.533203125 Z2 E-70.48281308112067 F1200
G1 X44.296875 Y66.533203125 Z2 E-70.50039120612067 F1200
G1 X44.384765625 Y66.4453125 Z2 E-70.51282081750871 F1200
G1 X44.47265625 Y66.4453125 Z2 E-70.52160988000871 F1200
G1 X44.560546875 Y66.357421875 Z2 E-70.53403949139675 F1200
G1 X44.6484375 Y66.4453125 Z2 E-70.5464691027848 F1200
G1 X44.736328125 Y66.357421875 Z2 E-70.55889871417284 F1200
G1 X44.82421875 Y66.357421875 Z2 E-70.56768777667284 F1200
G1 X44.912109375 Y66.4453125 Z2 E-70.58011738806088 F1200
G1 X45.087890625 Y66.26953125 Z2 E-70.60497661083697 F1200
G1 X45.17578125 Y66.26953125 Z2 E-70.61376567333697 F1200
G1 X45.263671875 Y66.181640625 Z2 E-70.62619528472501 F1200
G1 X45.439453125 Y66.181640625 Z2 E-70.64377340972501 F1200
G1 X45.52734375 Y66.09375 Z2 E-70.65620302111306 F1200
G1 X45.615234375 Y66.09375 Z2 E-70.66499208361306 F1200
G1 X45.703125 Y66.005859375 Z2 E-70.6774216950011 F1200
G1 X45.87890625 Y66.005859375 Z2 E-70.6949998200011 F1200
G1 X46.0546875 Y65.830078125 Z2 E-70.71985904277719 F1200
G1 X46.318359375 Y65.830078125 Z2 E-70.74622623027719 F1200
G1 X46.40625 Y65.7421875 Z2 E-70.75865584166523 F1200
G1 X46.494140625 Y65.7421875 Z2 E-70.76744490416523 F1200
G1 X46.669921875 Y65.56640625 Z2 E-70.79230412694132 F1200
G1 X46.845703125 Y65.56640625 Z2 E-70.80988225194132 F1200
G1 X46.93359375 Y65.478515625 Z2 E-70.82231186332936 F1200
G1 X47.021484375 Y65.478515625 Z2 E-70.83110092582936 F1200
G1 X47.109375 Y65.390625 Z2 E-70.8435305372174 F1200
G1 X47.197265625 Y65.390625 Z2 E-70.8523195997174 F1200
G1 X47.28515625 Y65.302734375 Z2 E-70.86474921110545 F1200
G1 X47.4609375 Y65.302734375 Z2 E-70.88232733610545 F1200
G1 X47.63671875 Y65.126953125 Z2 E-70.90718655888153 F1200
G1 X47.724609375 Y65.126953125 Z2 E-70.91597562138153 F1200
G1 X47.8125 Y65.0390625 Z2 E-70.92840523276958 F1200
G1 X47.900390625 Y65.0390625 Z2 E-70.93719429526958 F1200
G1 X47.98828125 Y65.126953125 Z2 E-70.94962390665762 F1200
G1 X48.1640625 Y64.951171875 Z2 E-70.97448312943371 F1200
G1 X48.251953125 Y64.951171875 Z2 E-70.98327219193371 F1200
G1 X48.33984375 Y64.86328125 Z2 E-70.99570180332175 F1200
G1 X48.427734375 Y64.86328125 Z2 E-71.00449086582175 F1200
G1 X48.515625 Y64.775390625 Z2 E-71.0169204772098 F1200
G1 X48.603515625 Y64.775390625 Z2 E-71.0257095397098 F1200
G1 X48.69140625 Y64.6875 Z2 E-71.03813915109784 F1200
G1 X48.8671875 Y64.6875 Z2 E-71.05571727609784 F1200
G1 X49.04296875 Y64.51171875 Z2 E-71.08057649887392 F1200
G1 X49.130859375 Y64.51171875 Z2 E-71.08936556137392 F1200
G1 X49.21875 Y64.423828125 Z2 E-71.10179517276197 F1200
G1 X49.482421875 Y64.423828125 Z2 E-71.12816236026197 F1200
G1 X49.5703125 Y64.3359375 Z2 E-71.14059197165001 F1200
G1 X49.658203125 Y64.3359375 Z2 E-71.14938103415001 F1200
G1 X49.74609375 Y64.248046875 Z2 E-71.16181064553805 F1200
G1 X49.833984375 Y64.248046875 Z2 E-71.17059970803805 F1200
G1 X49.921875 Y64.16015625 Z2 E-71.1830293194261 F1200
G1 X50.009765625 Y64.16015625 Z2 E-71.1918183819261 F1200
G1 X50.09765625 Y64.072265625 Z2 E-71.20424799331414 F1200
G1 X50.2734375 Y64.072265625 Z2 E-71.22182611831414 F1200
G1 X50.44921875 Y63.896484375 Z2 E-71.24668534109023 F1200
G1 X50.537109375 Y63.896484375 Z2 E-71.25547440359023 F1200
G1 X50.625 Y63.80859375 Z2 E-71.26790401497827 F1200
G1 X50.80078125 Y63.80859375 Z2 E-71.28548213997827 F1200
G1 X50.888671875 Y63.720703125 Z2 E-71.29791175136631 F1200
G1 X50.9765625 Y63.720703125 Z2 E-71.30670081386631 F1200
G1 X51.064453125 Y63.6328125 Z2 E-71.31913042525436 F1200
G1 X51.15234375 Y63.6328125 Z2 E-71.32791948775436 F1200
G1 X51.328125 Y63.45703125 Z2 E-71.35277871053044 F1200
G1 X51.50390625 Y63.45703125 Z2 E-71.37035683553044 F1200
G1 X51.6796875 Y63.28125 Z2 E-71.39521605830653 F1200
G1 X51.767578125 Y63.28125 Z2 E-71.40400512080653 F1200
G1 X51.85546875 Y63.193359375 Z2 E-71.41643473219457 F1200
G1 X51.943359375 Y63.193359375 Z2 E-71.42522379469457 F1200
G1 X52.03125 Y63.10546875 Z2 E-71.43765340608262 F1200
G1 X52.119140625 Y63.10546875 Z2 E-71.44644246858262 F1200
G1 X52.294921875 Y62.9296875 Z2 E-71.4713016913587 F1200
G1 X52.3828125 Y63.017578125 Z2 E-71.48373130274675 F1200
G1 X52.55859375 Y62.841796875 Z2 E-71.50859052552283 F1200
G1 X52.646484375 Y62.841796875 Z2 E-71.51737958802283 F1200
G1 X52.734375 Y62.75390625 Z2 E-71.52980919941088 F1200
G1 X52.822265625 Y62.75390625 Z2 E-71.53859826191088 F1200
G1 X52.91015625 Y62.666015625 Z2 E-71.55102787329892 F1200
G1 X53.0859375 Y62.666015625 Z2 E-71.56860599829892 F1200
G1 X53.0859375 Y62.578125 Z2 E-71.57739506079892 F1200
G1 X53.26171875 Y62.40234375 Z2 E-71.60225428357501 F1200
G1 X53.349609375 Y62.490234375 Z2 E-71.61468389496305 F1200
G1 X53.525390625 Y62.314453125 Z2 E-71.63954311773914 F1200
G1 X53.61328125 Y62.314453125 Z2 E-71.64833218023914 F1200
G1 X53.701171875 Y62.2265625 Z2 E-71.66076179162718 F1200
G1 X53.7890625 Y62.2265625 Z2 E-71.66955085412718 F1200
G1 X54.052734375 Y61.962890625 Z2 E-71.70683968829131 F1200
G1 X54.228515625 Y61.962890625 Z2 E-71.72441781329131 F1200
G1 X54.228515625 Y61.875 Z2 E-71.73320687579131 F1200
G1 X54.31640625 Y61.787109375 Z2 E-71.74563648717935 F1200
G1 X54.404296875 Y61.787109375 Z2 E-71.75442554967935 F1200
G1 X54.4921875 Y61.69921875 Z2 E-71.7668551610674 F1200
G1 X54.580078125 Y61.69921875 Z2 E-71.7756442235674 F1200
G1 X54.66796875 Y61.611328125 Z2 E-71.78807383495544 F1200
G1 X54.755859375 Y61.611328125 Z2 E-71.79686289745544 F1200
G1 X54.84375 Y61.5234375 Z2 E-71.80929250884348 F1200
G1 X54.931640625 Y61.5234375 Z2 E-71.81808157134348 F1200
G1 X55.107421875 Y61.34765625 Z2 E-71.84294079411957 F1200
G1 X55.283203125 Y61.34765625 Z2 E-71.86051891911957 F1200
G1 X55.37109375 Y61.259765625 Z2 E-71.87294853050761 F1200
G1 X55.458984375 Y61.259765625 Z2 E-71.88173759300761 F1200
G1 X55.458984375 Y61.171875 Z2 E-71.89052665550761 F1200
G1 X55.546875 Y61.083984375 Z2 E-71.90295626689566 F1200
G1 X55.634765625 Y61.083984375 Z2 E-71.91174532939566 F1200
G1 X55.810546875 Y60.908203125 Z2 E-71.93660455217174 F1200
G1 X55.8984375 Y60.908203125 Z2 E-71.94539361467174 F1200
G1 X56.07421875 Y60.732421875 Z2 E-71.97025283744783 F1200
G1 X56.162109375 Y60.732421875 Z2 E-71.97904189994783 F1200
G1 X56.42578125 Y60.46875 Z2 E-72.01633073411196 F1200
G1 X56.513671875 Y60.46875 Z2 E-72.02511979661196 F1200
G1 X56.6015625 Y60.380859375 Z2 E-72.037549408 F1200
G1 X56.689453125 Y60.380859375 Z2 E-72.0463384705 F1200
G1 X56.689453125 Y60.29296875 Z2 E-72.055127533 F1200
G1 X56.77734375 Y60.205078125 Z2 E-72.06755714438805 F1200
G1 X56.865234375 Y60.29296875 Z2 E-72.07998675577609 F1200
G1 X56.77734375 Y60.205078125 Z2 E-72.09241636716413 F1200
G1 X56.865234375 Y60.1171875 Z2 E-72.10484597855218 F1200
G1 X57.041015625 Y60.1171875 Z2 E-72.12242410355218 F1200
G1 X57.216796875 Y59.94140625 Z2 E-72.14728332632826 F1200
G1 X57.216796875 Y59.853515625 Z2 E-72.15607238882826 F1200
G1 X57.3046875 Y59.765625 Z2 E-72.16850200021631 F1200
G1 X57.392578125 Y59.765625 Z2 E-72.17729106271631 F1200
G1 X57.392578125 Y59.677734375 Z2 E-72.18608012521631 F1200
G1 X57.48046875 Y59.58984375 Z2 E-72.19850973660435 F1200
G1 X57.568359375 Y59.58984375 Z2 E-72.20729879910435 F1200
G1 X57.568359375 Y59.4140625 Z2 E-72.22487692410435 F1200
G1 X57.65625 Y59.326171875 Z2 E-72.2373065354924 F1200
G1 X57.744140625 Y59.326171875 Z2 E-72.2460955979924 F1200
G1 X57.919921875 Y59.150390625 Z2 E-72.27095482076848 F1200
G1 X57.919921875 Y59.0625 Z2 E-72.27974388326848 F1200
G1 X58.0078125 Y58.974609375 Z2 E-72.29217349465652 F1200
G1 X58.095703125 Y58.974609375 Z2 E-72.30096255715652 F1200
G1 X58.271484375 Y58.798828125 Z2 E-72.32582177993261 F1200
G1 X58.271484375 Y58.7109375 Z2 E-72.33461084243261 F1200
G1 X58.359375 Y58.623046875 Z2 E-72.34704045382065 F1200
G1 X58.447265625 Y58.623046875 Z2 E-72.35582951632065 F1200
G1 X58.798828125 Y58.271484375 Z2 E-72.40554796187283 F1200
G1 X58.798828125 Y58.18359375 Z2 E-72.41433702437283 F1200
G1 X59.4140625 Y57.568359375 Z2 E-72.50134430408914 F1200
G1 X59.4140625 Y57.48046875 Z2 E-72.51013336658914 F1200
G1 X59.501953125 Y57.392578125 Z2 E-72.52256297797719 F1200
G1 X59.58984375 Y57.392578125 Z2 E-72.53135204047719 F1200
G1 X59.58984375 Y57.3046875 Z2 E-72.54014110297719 F1200
G1 X59.853515625 Y57.041015625 Z2 E-72.57742993714132 F1200
G1 X59.853515625 Y56.953125 Z2 E-72.58621899964132 F1200
G1 X60.029296875 Y56.77734375 Z2 E-72.6110782224174 F1200
G1 X60.029296875 Y56.689453125 Z2 E-72.6198672849174 F1200
G1 X60.29296875 Y56.42578125 Z2 E-72.65715611908153 F1200
G1 X60.29296875 Y56.337890625 Z2 E-72.66594518158153 F1200
G1 X60.46875 Y56.162109375 Z2 E-72.69080440435762 F1200
G1 X60.380859375 Y56.07421875 Z2 E-72.70323401574566 F1200
G1 X60.46875 Y55.986328125 Z2 E-72.71566362713371 F1200
G1 X60.46875 Y55.8984375 Z2 E-72.72445268963371 F1200
G1 X60.732421875 Y55.634765625 Z2 E-72.76174152379784 F1200
G1 X60.732421875 Y55.546875 Z2 E-72.77053058629784 F1200
G1 X60.8203125 Y55.458984375 Z2 E-72.78296019768588 F1200
G1 X60.8203125 Y55.37109375 Z2 E-72.79174926018588 F1200
G1 X61.083984375 Y55.107421875 Z2 E-72.82903809435001 F1200
G1 X61.083984375 Y54.931640625 Z2 E-72.84661621935001 F1200
G1 X61.171875 Y54.84375 Z2 E-72.85904583073805 F1200
G1 X61.171875 Y54.755859375 Z2 E-72.86783489323805 F1200
G1 X61.34765625 Y54.580078125 Z2 E-72.89269411601414 F1200
G1 X61.34765625 Y54.404296875 Z2 E-72.91027224101414 F1200
G1 X61.435546875 Y54.31640625 Z2 E-72.92270185240218 F1200
G1 X61.435546875 Y54.228515625 Z2 E-72.93149091490218 F1200
G1 X61.5234375 Y54.140625 Z2 E-72.94392052629023 F1200
G1 X61.611328125 Y54.140625 Z2 E-72.95270958879023 F1200
G1 X61.611328125 Y54.052734375 Z2 E-72.96149865129023 F1200
G1 X61.5234375 Y53.96484375 Z2 E-72.97392826267827 F1200
G1 X61.611328125 Y53.876953125 Z2 E-72.98635787406631 F1200
G1 X61.611328125 Y53.701171875 Z2 E-73.00393599906631 F1200
G1 X61.69921875 Y53.61328125 Z2 E-73.01636561045436 F1200
G1 X61.69921875 Y53.349609375 Z2 E-73.04273279795436 F1200
G1 X61.787109375 Y53.26171875 Z2 E-73.0551624093424 F1200
G1 X61.875 Y53.26171875 Z2 E-73.0639514718424 F1200
G1 X61.875 Y53.0859375 Z2 E-73.0815295968424 F1200
G1 X61.962890625 Y52.998046875 Z2 E-73.09395920823044 F1200
G1 X61.875 Y52.91015625 Z2 E-73.10638881961849 F1200
G1 X61.875 Y52.822265625 Z2 E-73.11517788211849 F1200
G1 X61.962890625 Y52.734375 Z2 E-73.12760749350653 F1200
G1 X61.962890625 Y52.646484375 Z2 E-73.13639655600653 F1200
G1 X62.05078125 Y52.55859375 Z2 E-73.14882616739457 F1200
G1 X61.962890625 Y52.470703125 Z2 E-73.16125577878262 F1200
G1 X61.962890625 Y52.3828125 Z2 E-73.17004484128262 F1200
G1 X62.05078125 Y52.294921875 Z2 E-73.18247445267066 F1200
G1 X62.138671875 Y52.294921875 Z2 E-73.19126351517066 F1200
G1 X61.962890625 Y52.119140625 Z2 E-73.21612273794675 F1200
G1 X62.05078125 Y52.03125 Z2 E-73.22855234933479 F1200
G1 X62.138671875 Y52.03125 Z2 E-73.23734141183479 F1200
G1 X62.138671875 Y51.943359375 Z2 E-73.24613047433479 F1200
G1 X62.05078125 Y51.85546875 Z2 E-73.25856008572283 F1200
G1 X62.2265625 Y51.6796875 Z2 E-73.28341930849892 F1200
G1 X62.138671875 Y51.591796875 Z2 E-73.29584891988696 F1200
G1 X62.2265625 Y51.50390625 Z2 E-73.30827853127501 F1200
G1 X62.138671875 Y51.416015625 Z2 E-73.32070814266305 F1200
G1 X62.2265625 Y51.328125 Z2 E-73.3331377540511 F1200
G1 X62.2265625 Y51.064453125 Z2 E-73.3595049415511 F1200
G1 X62.314453125 Y50.9765625 Z2 E-73.37193455293914 F1200
G1 X62.314453125 Y50.625 Z2 E-73.40709080293914 F1200
G1 X62.40234375 Y50.537109375 Z2 E-73.41952041432718 F1200
G1 X62.314453125 Y50.44921875 Z2 E-73.43195002571522 F1200
G1 X62.40234375 Y50.361328125 Z2 E-73.44437963710327 F1200
G1 X62.40234375 Y50.009765625 Z2 E-73.47953588710327 F1200
G1 X62.490234375 Y49.921875 Z2 E-73.49196549849131 F1200
G1 X62.490234375 Y49.833984375 Z2 E-73.50075456099131 F1200
G1 X62.40234375 Y49.74609375 Z2 E-73.51318417237935 F1200
G1 X62.40234375 Y49.5703125 Z2 E-73.53076229737935 F1200
G1 X62.490234375 Y49.482421875 Z2 E-73.5431919087674 F1200
G1 X62.40234375 Y49.39453125 Z2 E-73.55562152015544 F1200
G1 X62.490234375 Y49.306640625 Z2 E-73.56805113154348 F1200
G1 X62.490234375 Y49.21875 Z2 E-73.57684019404348 F1200
G1 X62.40234375 Y49.130859375 Z2 E-73.58926980543153 F1200
G1 X62.490234375 Y49.04296875 Z2 E-73.60169941681957 F1200
G1 X62.490234375 Y48.955078125 Z2 E-73.61048847931957 F1200
G1 X62.40234375 Y48.8671875 Z2 E-73.62291809070761 F1200
G1 X62.578125 Y48.69140625 Z2 E-73.6477773134837 F1200
G1 X62.490234375 Y48.603515625 Z2 E-73.66020692487174 F1200
G1 X62.578125 Y48.515625 Z2 E-73.67263653625979 F1200
G1 X62.578125 Y48.1640625 Z2 E-73.70779278625979 F1200
G1 X62.666015625 Y48.076171875 Z2 E-73.72022239764783 F1200
G1 X62.578125 Y47.98828125 Z2 E-73.73265200903587 F1200
G1 X62.666015625 Y47.900390625 Z2 E-73.74508162042392 F1200
G1 X62.666015625 Y47.8125 Z2 E-73.75387068292392 F1200
G1 X62.75390625 Y47.724609375 Z2 E-73.76630029431196 F1200
G1 X62.75390625 Y47.548828125 Z2 E-73.78387841931196 F1200
G1 X62.841796875 Y47.4609375 Z2 E-73.7963080307 F1200
G1 X62.841796875 Y47.373046875 Z2 E-73.8050970932 F1200
G1 X62.75390625 Y47.28515625 Z2 E-73.81752670458805 F1200
G1 X62.841796875 Y47.197265625 Z2 E-73.82995631597609 F1200
G1 X62.841796875 Y47.021484375 Z2 E-73.84753444097609 F1200
G1 X62.9296875 Y46.93359375 Z2 E-73.85996405236413 F1200
G1 X62.9296875 Y46.845703125 Z2 E-73.86875311486413 F1200
G1 X63.017578125 Y46.7578125 Z2 E-73.88118272625218 F1200
G1 X63.017578125 Y46.58203125 Z2 E-73.89876085125218 F1200
G1 X63.28125 Y46.318359375 Z2 E-73.93604968541631 F1200
G1 X63.28125 Y46.23046875 Z2 E-73.94483874791631 F1200
G1 X63.193359375 Y46.142578125 Z2 E-73.95726835930435 F1200
G1 X63.45703125 Y45.87890625 Z2 E-73.99455719346848 F1200
G1 X63.45703125 Y45.703125 Z2 E-74.01213531846848 F1200
G1 X63.544921875 Y45.615234375 Z2 E-74.02456492985652 F1200
G1 X63.544921875 Y45.52734375 Z2 E-74.03335399235652 F1200
G1 X63.6328125 Y45.439453125 Z2 E-74.04578360374457 F1200
G1 X63.544921875 Y45.3515625 Z2 E-74.05821321513261 F1200
G1 X63.6328125 Y45.263671875 Z2 E-74.07064282652065 F1200
G1 X63.720703125 Y45.263671875 Z2 E-74.07943188902065 F1200
G1 X63.720703125 Y45.087890625 Z2 E-74.09701001402065 F1200
G1 X63.80859375 Y45.0 Z2 E-74.1094396254087 F1200
G1 X63.80859375 Y44.82421875 Z2 E-74.1270177504087 F1200
G1 X63.984375 Y44.6484375 Z2 E-74.15187697318478 F1200
G1 X63.984375 Y44.560546875 Z2 E-74.16066603568478 F1200
G1 X64.16015625 Y44.384765625 Z2 E-74.18552525846087 F1200
G1 X64.16015625 Y44.208984375 Z2 E-74.20310338346087 F1200
G1 X64.248046875 Y44.12109375 Z2 E-74.21553299484891 F1200
G1 X64.248046875 Y44.033203125 Z2 E-74.22432205734891 F1200
G1 X64.3359375 Y43.9453125 Z2 E-74.23675166873696 F1200
G1 X64.3359375 Y43.76953125 Z2 E-74.25432979373696 F1200
G1 X64.599609375 Y43.505859375 Z2 E-74.29161862790109 F1200
G1 X64.599609375 Y43.41796875 Z2 E-74.30040769040109 F1200
G1 X64.6875 Y43.330078125 Z2 E-74.31283730178913 F1200
G1 X64.775390625 Y43.330078125 Z2 E-74.32162636428913 F1200
G1 X64.6875 Y43.2421875 Z2 E-74.33405597567717 F1200
G1 X64.775390625 Y43.154296875 Z2 E-74.34648558706522 F1200
G1 X64.775390625 Y43.06640625 Z2 E-74.35527464956522 F1200
G1 X64.86328125 Y42.978515625 Z2 E-74.36770426095326 F1200
G1 X64.951171875 Y42.978515625 Z2 E-74.37649332345326 F1200
G1 X65.126953125 Y42.802734375 Z2 E-74.40135254622935 F1200
G1 X65.0390625 Y42.71484375 Z2 E-74.41378215761739 F1200
G1 X65.126953125 Y42.626953125 Z2 E-74.42621176900543 F1200
G1 X65.126953125 Y42.5390625 Z2 E-74.43500083150543 F1200
G1 X65.21484375 Y42.451171875 Z2 E-74.44743044289348 F1200
G1 X65.302734375 Y42.451171875 Z2 E-74.45621950539348 F1200
G1 X65.302734375 Y42.36328125 Z2 E-74.46500856789348 F1200
G1 X65.654296875 Y42.01171875 Z2 E-74.51472701344565 F1200
G1 X65.654296875 Y41.923828125 Z2 E-74.52351607594565 F1200
G1 X65.91796875 Y41.66015625 Z2 E-74.56080491010978 F1200
G1 X65.91796875 Y41.572265625 Z2 E-74.56959397260978 F1200
G1 X66.26953125 Y41.220703125 Z2 E-74.61931241816195 F1200
G1 X66.26953125 Y41.044921875 Z2 E-74.63689054316195 F1200
G1 X66.708984375 Y40.60546875 Z2 E-74.69903860010218 F1200
G1 X66.796875 Y40.60546875 Z2 E-74.70782766260218 F1200
G1 X66.884765625 Y40.517578125 Z2 E-74.72025727399023 F1200
G1 X66.884765625 Y40.4296875 Z2 E-74.72904633649023 F1200
G1 X67.060546875 Y40.25390625 Z2 E-74.75390555926631 F1200
G1 X67.060546875 Y40.166015625 Z2 E-74.76269462176631 F1200
G1 X67.236328125 Y39.990234375 Z2 E-74.7875538445424 F1200
G1 X67.32421875 Y39.990234375 Z2 E-74.7963429070424 F1200
G1 X67.412109375 Y39.90234375 Z2 E-74.80877251843044 F1200
G1 X67.412109375 Y39.814453125 Z2 E-74.81756158093044 F1200
G1 X68.203125 Y39.0234375 Z2 E-74.92942808342285 F1200
G1 X68.291015625 Y39.0234375 Z2 E-74.93821714592285 F1200
G1 X68.291015625 Y38.935546875 Z2 E-74.94700620842285 F1200
G1 X68.466796875 Y38.759765625 Z2 E-74.97186543119894 F1200
G1 X68.5546875 Y38.759765625 Z2 E-74.98065449369894 F1200
G1 X69.08203125 Y38.232421875 Z2 E-75.05523216202721 F1200
G1 X69.169921875 Y38.232421875 Z2 E-75.06402122452721 F1200
G1 X69.43359375 Y37.96875 Z2 E-75.10131005869134 F1200
G1 X69.521484375 Y37.96875 Z2 E-75.11009912119134 F1200
G1 X69.697265625 Y37.79296875 Z2 E-75.13495834396743 F1200
G1 X69.78515625 Y37.79296875 Z2 E-75.14374740646743 F1200
G1 X69.78515625 Y37.705078125 Z2 E-75.15253646896743 F1200
G1 X69.873046875 Y37.6171875 Z2 E-75.16496608035547 F1200
G1 X69.9609375 Y37.6171875 Z2 E-75.17375514285547 F1200
G1 X70.13671875 Y37.44140625 Z2 E-75.19861436563156 F1200
G1 X70.13671875 Y37.353515625 Z2 E-75.20740342813156 F1200
G1 X70.224609375 Y37.265625 Z2 E-75.2198330395196 F1200
G1 X70.3125 Y37.265625 Z2 E-75.2286221020196 F1200
G1 X70.576171875 Y37.001953125 Z2 E-75.26591093618373 F1200
G1 X70.6640625 Y37.001953125 Z2 E-75.27469999868373 F1200
G1 X70.751953125 Y36.9140625 Z2 E-75.28712961007177 F1200
G1 X70.751953125 Y36.826171875 Z2 E-75.29591867257177 F1200
G1 X70.83984375 Y36.73828125 Z2 E-75.30834828395982 F1200
G1 X70.927734375 Y36.73828125 Z2 E-75.31713734645982 F1200
G1 X71.455078125 Y36.2109375 Z2 E-75.39171501478809 F1200
G1 X71.54296875 Y36.2109375 Z2 E-75.40050407728809 F1200
G1 X71.71875 Y36.03515625 Z2 E-75.42536330006418 F1200
G1 X71.806640625 Y36.03515625 Z2 E-75.43415236256418 F1200
G1 X71.806640625 Y35.947265625 Z2 E-75.44294142506418 F1200
G1 X71.982421875 Y35.771484375 Z2 E-75.46780064784026 F1200
G1 X72.0703125 Y35.771484375 Z2 E-75.47658971034026 F1200
G1 X72.158203125 Y35.68359375 Z2 E-75.4890193217283 F1200
G1 X72.158203125 Y35.595703125 Z2 E-75.4978083842283 F1200
G1 X72.421875 Y35.33203125 Z2 E-75.53509721839244 F1200
G1 X72.509765625 Y35.33203125 Z2 E-75.54388628089244 F1200
G1 X72.59765625 Y35.244140625 Z2 E-75.55631589228048 F1200
G1 X72.59765625 Y35.15625 Z2 E-75.56510495478048 F1200
G1 X72.7734375 Y34.98046875 Z2 E-75.58996417755657 F1200
G1 X72.861328125 Y34.98046875 Z2 E-75.59875324005657 F1200
G1 X73.037109375 Y34.8046875 Z2 E-75.62361246283265 F1200
G1 X73.037109375 Y34.716796875 Z2 E-75.63240152533265 F1200
G1 X73.125 Y34.62890625 Z2 E-75.6448311367207 F1200
G1 X73.212890625 Y34.62890625 Z2 E-75.6536201992207 F1200
G1 X73.30078125 Y34.541015625 Z2 E-75.66604981060874 F1200
G1 X73.30078125 Y34.453125 Z2 E-75.67483887310874 F1200
G1 X73.388671875 Y34.365234375 Z2 E-75.68726848449678 F1200
G1 X73.4765625 Y34.365234375 Z2 E-75.69605754699678 F1200
G1 X73.4765625 Y34.27734375 Z2 E-75.70484660949678 F1200
G1 X73.740234375 Y34.013671875 Z2 E-75.74213544366091 F1200
G1 X73.740234375 Y33.92578125 Z2 E-75.75092450616091 F1200
G1 X74.267578125 Y33.3984375 Z2 E-75.82550217448919 F1200
G1 X74.267578125 Y33.310546875 Z2 E-75.83429123698919 F1200
G1 X74.35546875 Y33.22265625 Z2 E-75.84672084837723 F1200
G1 X74.35546875 Y33.046875 Z2 E-75.86429897337723 F1200
G1 X74.619140625 Y32.783203125 Z2 E-75.90158780754136 F1200
G1 X74.619140625 Y32.6953125 Z2 E-75.91037687004136 F1200
G1 X74.70703125 Y32.607421875 Z2 E-75.9228064814294 F1200
G1 X74.70703125 Y32.431640625 Z2 E-75.9403846064294 F1200
G1 X74.794921875 Y32.34375 Z2 E-75.95281421781745 F1200
G1 X74.794921875 Y32.255859375 Z2 E-75.96160328031745 F1200
G1 X74.8828125 Y32.16796875 Z2 E-75.97403289170549 F1200
G1 X74.970703125 Y32.16796875 Z2 E-75.98282195420549 F1200
G1 X74.970703125 Y31.904296875 Z2 E-76.00918914170549 F1200
G1 X75.146484375 Y31.728515625 Z2 E-76.03404836448158 F1200
G1 X75.146484375 Y31.640625 Z2 E-76.04283742698158 F1200
G1 X75.234375 Y31.552734375 Z2 E-76.05526703836962 F1200
G1 X75.234375 Y31.376953125 Z2 E-76.07284516336962 F1200
G1 X75.322265625 Y31.2890625 Z2 E-76.08527477475766 F1200
G1 X75.322265625 Y31.201171875 Z2 E-76.09406383725766 F1200
G1 X75.41015625 Y31.11328125 Z2 E-76.10649344864571 F1200
G1 X75.41015625 Y31.025390625 Z2 E-76.11528251114571 F1200
G1 X75.498046875 Y30.9375 Z2 E-76.12771212253375 F1200
G1 X75.41015625 Y30.849609375 Z2 E-76.1401417339218 F1200
G1 X75.5859375 Y30.673828125 Z2 E-76.16500095669788 F1200
G1 X75.5859375 Y30.5859375 Z2 E-76.17379001919788 F1200
G1 X75.673828125 Y30.498046875 Z2 E-76.18621963058592 F1200
G1 X75.673828125 Y29.970703125 Z2 E-76.23895400558592 F1200
G1 X75.76171875 Y29.8828125 Z2 E-76.25138361697397 F1200
G1 X75.849609375 Y29.8828125 Z2 E-76.26017267947397 F1200
G1 X75.76171875 Y29.794921875 Z2 E-76.27260229086201 F1200
G1 X75.849609375 Y29.70703125 Z2 E-76.28503190225005 F1200
G1 X75.76171875 Y29.619140625 Z2 E-76.2974615136381 F1200
G1 X75.849609375 Y29.53125 Z2 E-76.30989112502614 F1200
G1 X75.76171875 Y29.443359375 Z2 E-76.32232073641418 F1200
G1 X75.849609375 Y29.35546875 Z2 E-76.33475034780223 F1200
G1 X75.849609375 Y28.916015625 Z2 E-76.37869566030223 F1200
G1 X75.9375 Y28.828125 Z2 E-76.39112527169027 F1200
G1 X75.849609375 Y28.740234375 Z2 E-76.40355488307831 F1200
G1 X75.849609375 Y28.4765625 Z2 E-76.42992207057831 F1200
G1 X75.9375 Y28.388671875 Z2 E-76.44235168196636 F1200
G1 X75.9375 Y28.30078125 Z2 E-76.45114074446636 F1200
G1 X76.025390625 Y28.212890625 Z2 E-76.4635703558544 F1200
G1 X75.9375 Y28.125 Z2 E-76.47599996724244 F1200
G1 X75.9375 Y27.333984375 Z2 E-76.55510152974244 F1200
G1 X75.849609375 Y27.24609375 Z2 E-76.56753114113049 F1200
G1 X75.9375 Y27.158203125 Z2 E-76.57996075251853 F1200
G1 X75.9375 Y26.54296875 Z2 E-76.64148419001853 F1200
G1 X75.849609375 Y26.455078125 Z2 E-76.65391380140657 F1200
G1 X75.9375 Y26.3671875 Z2 E-76.66634341279462 F1200
G1 X75.9375 Y26.279296875 Z2 E-76.67513247529462 F1200
G1 X75.849609375 Y26.19140625 Z2 E-76.68756208668266 F1200
G1 X75.9375 Y26.103515625 Z2 E-76.6999916980707 F1200
G1 X75.849609375 Y26.015625 Z2 E-76.71242130945875 F1200
G1 X75.849609375 Y25.83984375 Z2 E-76.72999943445875 F1200
G1 X75.9375 Y25.751953125 Z2 E-76.74242904584679 F1200
G1 X75.76171875 Y25.576171875 Z2 E-76.76728826862288 F1200
G1 X75.76171875 Y24.9609375 Z2 E-76.82881170612288 F1200
G1 X75.673828125 Y24.873046875 Z2 E-76.84124131751092 F1200
G1 X75.673828125 Y24.521484375 Z2 E-76.87639756751092 F1200
G1 X75.5859375 Y24.43359375 Z2 E-76.88882717889896 F1200
G1 X75.5859375 Y24.08203125 Z2 E-76.92398342889896 F1200
G1 X75.498046875 Y23.994140625 Z2 E-76.93641304028701 F1200
G1 X75.498046875 Y23.642578125 Z2 E-76.97156929028701 F1200
G1 X75.322265625 Y23.466796875 Z2 E-76.9964285130631 F1200
G1 X75.322265625 Y23.115234375 Z2 E-77.0315847630631 F1200
G1 X75.234375 Y23.02734375 Z2 E-77.04401437445114 F1200
G1 X75.234375 Y22.8515625 Z2 E-77.06159249945114 F1200
G1 X75.146484375 Y22.763671875 Z2 E-77.07402211083918 F1200
G1 X75.146484375 Y22.5 Z2 E-77.10038929833918 F1200
G1 X74.970703125 Y22.32421875 Z2 E-77.12524852111527 F1200
G1 X74.970703125 Y22.236328125 Z2 E-77.13403758361527 F1200
G1 X74.8828125 Y22.1484375 Z2 E-77.14646719500331 F1200
G1 X74.8828125 Y21.884765625 Z2 E-77.17283438250331 F1200
G1 X74.794921875 Y21.796875 Z2 E-77.18526399389135 F1200
G1 X74.794921875 Y21.708984375 Z2 E-77.19405305639135 F1200
G1 X74.70703125 Y21.62109375 Z2 E-77.2064826677794 F1200
G1 X74.70703125 Y21.4453125 Z2 E-77.2240607927794 F1200
G1 X74.619140625 Y21.357421875 Z2 E-77.23649040416744 F1200
G1 X74.619140625 Y21.181640625 Z2 E-77.25406852916744 F1200
G1 X74.53125 Y21.09375 Z2 E-77.26649814055548 F1200
G1 X74.53125 Y20.91796875 Z2 E-77.28407626555548 F1200
G1 X74.443359375 Y20.830078125 Z2 E-77.29650587694353 F1200
G1 X74.443359375 Y20.56640625 Z2 E-77.32287306444353 F1200
G1 X74.35546875 Y20.478515625 Z2 E-77.33530267583157 F1200
G1 X74.35546875 Y20.390625 Z2 E-77.34409173833157 F1200
G1 X74.267578125 Y20.302734375 Z2 E-77.35652134971961 F1200
G1 X74.267578125 Y20.21484375 Z2 E-77.36531041221961 F1200
G1 X74.1796875 Y20.126953125 Z2 E-77.37774002360766 F1200
G1 X74.1796875 Y19.951171875 Z2 E-77.39531814860766 F1200
G1 X74.091796875 Y19.86328125 Z2 E-77.4077477599957 F1200
G1 X74.091796875 Y19.775390625 Z2 E-77.4165368224957 F1200
G1 X74.00390625 Y19.6875 Z2 E-77.42896643388374 F1200
G1 X74.00390625 Y19.51171875 Z2 E-77.44654455888374 F1200
G1 X73.916015625 Y19.423828125 Z2 E-77.45897417027179 F1200
G1 X73.916015625 Y19.3359375 Z2 E-77.46776323277179 F1200
G1 X73.828125 Y19.248046875 Z2 E-77.48019284415983 F1200
G1 X73.828125 Y19.16015625 Z2 E-77.48898190665983 F1200
G1 X73.740234375 Y19.072265625 Z2 E-77.50141151804787 F1200
G1 X73.740234375 Y18.896484375 Z2 E-77.51898964304787 F1200
G1 X73.65234375 Y18.80859375 Z2 E-77.53141925443592 F1200
G1 X73.65234375 Y18.720703125 Z2 E-77.54020831693592 F1200
G1 X73.564453125 Y18.6328125 Z2 E-77.55263792832396 F1200
G1 X73.564453125 Y18.369140625 Z2 E-77.57900511582396 F1200
G1 X73.4765625 Y18.28125 Z2 E-77.591434727212 F1200
G1 X73.4765625 Y18.193359375 Z2 E-77.600223789712 F1200
G1 X73.388671875 Y18.10546875 Z2 E-77.61265340110005 F1200
G1 X73.388671875 Y17.9296875 Z2 E-77.63023152610005 F1200
G1 X73.30078125 Y17.841796875 Z2 E-77.64266113748809 F1200
G1 X73.30078125 Y17.75390625 Z2 E-77.65145019998809 F1200
G1 X73.212890625 Y17.666015625 Z2 E-77.66387981137613 F1200
G1 X73.212890625 Y17.578125 Z2 E-77.67266887387613 F1200
G1 X73.125 Y17.490234375 Z2 E-77.68509848526418 F1200
G1 X73.125 Y17.40234375 Z2 E-77.69388754776418 F1200
G1 X73.037109375 Y17.314453125 Z2 E-77.70631715915222 F1200
G1 X73.037109375 Y17.05078125 Z2 E-77.73268434665222 F1200
G1 X72.94921875 Y16.962890625 Z2 E-77.74511395804026 F1200
G1 X72.94921875 Y16.875 Z2 E-77.75390302054026 F1200
G1 X72.861328125 Y16.787109375 Z2 E-77.76633263192831 F1200
G1 X72.861328125 Y16.69921875 Z2 E-77.77512169442831 F1200
G1 X72.7734375 Y16.611328125 Z2 E-77.78755130581635 F1200
G1 X72.7734375 Y16.5234375 Z2 E-77.79634036831635 F1200
G1 X72.685546875 Y16.435546875 Z2 E-77.8087699797044 F1200
G1 X72.685546875 Y16.259765625 Z2 E-77.8263481047044 F1200
G1 X72.509765625 Y16.083984375 Z2 E-77.85120732748048 F1200
G1 X72.509765625 Y15.908203125 Z2 E-77.86878545248048 F1200
G1 X72.421875 Y15.8203125 Z2 E-77.88121506386852 F1200
G1 X72.421875 Y15.64453125 Z2 E-77.89879318886852 F1200
G1 X72.333984375 Y15.556640625 Z2 E-77.91122280025657 F1200
G1 X72.333984375 Y15.46875 Z2 E-77.92001186275657 F1200
G1 X72.24609375 Y15.380859375 Z2 E-77.93244147414461 F1200
G1 X72.24609375 Y15.29296875 Z2 E-77.94123053664461 F1200
G1 X72.158203125 Y15.205078125 Z2 E-77.95366014803265 F1200
G1 X72.158203125 Y15.029296875 Z2 E-77.97123827303265 F1200
G1 X72.0703125 Y14.94140625 Z2 E-77.9836678844207 F1200
G1 X72.0703125 Y14.765625 Z2 E-78.0012460094207 F1200
G1 X71.89453125 Y14.58984375 Z2 E-78.02610523219678 F1200
G1 X71.89453125 Y14.4140625 Z2 E-78.04368335719678 F1200
G1 X71.806640625 Y14.326171875 Z2 E-78.05611296858483 F1200
G1 X71.806640625 Y14.23828125 Z2 E-78.06490203108483 F1200
G1 X71.71875 Y14.150390625 Z2 E-78.07733164247287 F1200
G1 X71.71875 Y13.974609375 Z2 E-78.09490976747287 F1200
G1 X71.630859375 Y13.88671875 Z2 E-78.10733937886091 F1200
G1 X71.630859375 Y13.798828125 Z2 E-78.11612844136091 F1200
G1 X71.54296875 Y13.7109375 Z2 E-78.12855805274896 F1200
G1 X71.54296875 Y13.623046875 Z2 E-78.13734711524896 F1200
G1 X71.455078125 Y13.53515625 Z2 E-78.149776726637 F1200
G1 X71.455078125 Y13.447265625 Z2 E-78.158565789137 F1200
G1 X71.3671875 Y13.359375 Z2 E-78.17099540052504 F1200
G1 X71.3671875 Y13.271484375 Z2 E-78.17978446302504 F1200
G1 X71.279296875 Y13.18359375 Z2 E-78.19221407441309 F1200
G1 X71.279296875 Y13.0078125 Z2 E-78.20979219941309 F1200
G1 X71.103515625 Y12.83203125 Z2 E-78.23465142218917 F1200
G1 X71.103515625 Y12.744140625 Z2 E-78.24344048468917 F1200
G1 X71.015625 Y12.65625 Z2 E-78.25587009607722 F1200
G1 X71.015625 Y12.568359375 Z2 E-78.26465915857722 F1200
G1 X70.927734375 Y12.48046875 Z2 E-78.27708876996526 F1200
G1 X70.927734375 Y12.392578125 Z2 E-78.28587783246526 F1200
G1 X70.6640625 Y12.12890625 Z2 E-78.32316666662939 F1200
G1 X70.6640625 Y12.041015625 Z2 E-78.33195572912939 F1200
G1 X70.576171875 Y11.953125 Z2 E-78.34438534051743 F1200
G1 X70.48828125 Y11.953125 Z2 E-78.35317440301743 F1200
G1 X70.3125 Y11.77734375 Z2 E-78.37803362579352 F1200
G1 X70.224609375 Y11.77734375 Z2 E-78.38682268829352 F1200
G1 X70.13671875 Y11.689453125 Z2 E-78.39925229968156 F1200
G1 X70.13671875 Y11.953125 Z2 E-78.42561948718156 F1200
G1 X70.224609375 Y12.041015625 Z2 E-78.4380490985696 F1200
G1 X70.224609375 Y12.392578125 Z2 E-78.4732053485696 F1200
G1 X70.3125 Y12.48046875 Z2 E-78.48563495995765 F1200
G1 X70.3125 Y12.83203125 Z2 E-78.52079120995765 F1200
G1 X70.400390625 Y12.919921875 Z2 E-78.5332208213457 F1200
G1 X70.400390625 Y13.18359375 Z2 E-78.5595880088457 F1200
G1 X70.48828125 Y13.271484375 Z2 E-78.57201762023374 F1200
G1 X70.48828125 Y13.53515625 Z2 E-78.59838480773374 F1200
G1 X70.576171875 Y13.623046875 Z2 E-78.61081441912178 F1200
G1 X70.576171875 Y13.798828125 Z2 E-78.62839254412178 F1200
G1 X70.6640625 Y13.88671875 Z2 E-78.64082215550982 F1200
G1 X70.6640625 Y14.150390625 Z2 E-78.66718934300982 F1200
G1 X70.751953125 Y14.23828125 Z2 E-78.67961895439787 F1200
G1 X70.751953125 Y14.4140625 Z2 E-78.69719707939787 F1200
G1 X70.83984375 Y14.501953125 Z2 E-78.70962669078591 F1200
G1 X70.83984375 Y14.677734375 Z2 E-78.72720481578591 F1200
G1 X70.927734375 Y14.765625 Z2 E-78.73963442717395 F1200
G1 X70.927734375 Y14.94140625 Z2 E-78.75721255217395 F1200
G1 X71.015625 Y15.029296875 Z2 E-78.769642163562 F1200
G1 X71.015625 Y15.205078125 Z2 E-78.787220288562 F1200
G1 X71.103515625 Y15.29296875 Z2 E-78.79964989995004 F1200
G1 X71.103515625 Y15.380859375 Z2 E-78.80843896245004 F1200
G1 X71.19140625 Y15.46875 Z2 E-78.82086857383808 F1200
G1 X71.19140625 Y15.732421875 Z2 E-78.84723576133808 F1200
G1 X71.279296875 Y15.8203125 Z2 E-78.85966537272613 F1200
G1 X71.279296875 Y15.908203125 Z2 E-78.86845443522613 F1200
G1 X71.3671875 Y15.99609375 Z2 E-78.88088404661417 F1200
G1 X71.3671875 Y16.171875 Z2 E-78.89846217161417 F1200
G1 X71.455078125 Y16.259765625 Z2 E-78.91089178300221 F1200
G1 X71.455078125 Y16.435546875 Z2 E-78.92846990800221 F1200
G1 X71.54296875 Y16.5234375 Z2 E-78.94089951939026 F1200
G1 X71.54296875 Y16.69921875 Z2 E-78.95847764439026 F1200
G1 X71.630859375 Y16.787109375 Z2 E-78.9709072557783 F1200
G1 X71.630859375 Y16.962890625 Z2 E-78.9884853807783 F1200
G1 X71.71875 Y17.05078125 Z2 E-79.00091499216634 F1200
G1 X71.71875 Y17.2265625 Z2 E-79.01849311716634 F1200
G1 X71.806640625 Y17.314453125 Z2 E-79.03092272855439 F1200
G1 X71.806640625 Y17.490234375 Z2 E-79.04850085355439 F1200
G1 X71.89453125 Y17.578125 Z2 E-79.06093046494243 F1200
G1 X71.89453125 Y17.841796875 Z2 E-79.08729765244243 F1200
G1 X71.982421875 Y17.9296875 Z2 E-79.09972726383047 F1200
G1 X71.982421875 Y18.10546875 Z2 E-79.11730538883047 F1200
G1 X72.0703125 Y18.193359375 Z2 E-79.12973500021852 F1200
G1 X72.0703125 Y18.544921875 Z2 E-79.16489125021852 F1200
G1 X72.158203125 Y18.6328125 Z2 E-79.17732086160656 F1200
G1 X72.158203125 Y18.896484375 Z2 E-79.20368804910656 F1200
G1 X72.24609375 Y18.984375 Z2 E-79.2161176604946 F1200
G1 X72.24609375 Y19.16015625 Z2 E-79.2336957854946 F1200
G1 X72.333984375 Y19.248046875 Z2 E-79.24612539688265 F1200
G1 X72.333984375 Y19.51171875 Z2 E-79.27249258438265 F1200
G1 X72.421875 Y19.599609375 Z2 E-79.28492219577069 F1200
G1 X72.421875 Y19.951171875 Z2 E-79.32007844577069 F1200
G1 X72.509765625 Y20.0390625 Z2 E-79.33250805715873 F1200
G1 X72.509765625 Y20.654296875 Z2 E-79.39403149465873 F1200
G1 X72.59765625 Y20.7421875 Z2 E-79.40646110604678 F1200
G1 X72.59765625 Y24.08203125 Z2 E-79.74044548104678 F1200
G1 X72.509765625 Y24.169921875 Z2 E-79.75287509243482 F1200
G1 X72.509765625 Y24.609375 Z2 E-79.79682040493482 F1200
G1 X72.421875 Y24.697265625 Z2 E-79.80925001632286 F1200
G1 X72.421875 Y24.9609375 Z2 E-79.83561720382286 F1200
G1 X72.333984375 Y25.048828125 Z2 E-79.8480468152109 F1200
G1 X72.333984375 Y25.400390625 Z2 E-79.8832030652109 F1200
G1 X72.24609375 Y25.48828125 Z2 E-79.89563267659895 F1200
G1 X72.24609375 Y25.751953125 Z2 E-79.92199986409895 F1200
G1 X72.158203125 Y25.83984375 Z2 E-79.934429475487 F1200
G1 X72.158203125 Y26.015625 Z2 E-79.952007600487 F1200
G1 X72.0703125 Y26.103515625 Z2 E-79.96443721187504 F1200
G1 X72.0703125 Y26.279296875 Z2 E-79.98201533687504 F1200
G1 X71.982421875 Y26.3671875 Z2 E-79.99444494826308 F1200
G1 X71.982421875 Y26.54296875 Z2 E-80.01202307326308 F1200
G1 X71.89453125 Y26.630859375 Z2 E-80.02445268465112 F1200
G1 X71.89453125 Y26.71875 Z2 E-80.03324174715112 F1200
G1 X71.806640625 Y26.806640625 Z2 E-80.04567135853917 F1200
G1 X71.806640625 Y26.89453125 Z2 E-80.05446042103917 F1200
G1 X71.71875 Y26.982421875 Z2 E-80.06689003242721 F1200
G1 X71.71875 Y27.158203125 Z2 E-80.08446815742721 F1200
G1 X71.630859375 Y27.24609375 Z2 E-80.09689776881525 F1200
G1 X71.630859375 Y27.333984375 Z2 E-80.10568683131525 F1200
G1 X71.54296875 Y27.421875 Z2 E-80.1181164427033 F1200
G1 X71.54296875 Y27.509765625 Z2 E-80.1269055052033 F1200
G1 X71.455078125 Y27.59765625 Z2 E-80.13933511659134 F1200
G1 X71.455078125 Y27.685546875 Z2 E-80.14812417909134 F1200
G1 X71.3671875 Y27.7734375 Z2 E-80.16055379047938 F1200
G1 X71.3671875 Y27.861328125 Z2 E-80.16934285297938 F1200
G1 X71.279296875 Y27.94921875 Z2 E-80.18177246436743 F1200
G1 X71.279296875 Y28.037109375 Z2 E-80.19056152686743 F1200
G1 X71.015625 Y28.30078125 Z2 E-80.22785036103156 F1200
G1 X71.015625 Y28.388671875 Z2 E-80.23663942353156 F1200
G1 X70.927734375 Y28.4765625 Z2 E-80.2490690349196 F1200
G1 X70.927734375 Y28.564453125 Z2 E-80.2578580974196 F1200
G1 X70.751953125 Y28.740234375 Z2 E-80.28271732019569 F1200
G1 X70.751953125 Y28.828125 Z2 E-80.29150638269569 F1200
G1 X70.6640625 Y28.916015625 Z2 E-80.30393599408373 F1200
G1 X70.6640625 Y29.00390625 Z2 E-80.31272505658373 F1200
G1 X70.576171875 Y29.091796875 Z2 E-80.32515466797177 F1200
G1 X70.576171875 Y29.1796875 Z2 E-80.33394373047177 F1200
G1 X70.3125 Y29.443359375 Z2 E-80.3712325646359 F1200
G1 X70.3125 Y29.53125 Z2 E-80.3800216271359 F1200
G1 X70.13671875 Y29.70703125 Z2 E-80.40488084991199 F1200
G1 X70.13671875 Y29.794921875 Z2 E-80.41366991241199 F1200
G1 X69.873046875 Y30.05859375 Z2 E-80.45095874657612 F1200
G1 X69.873046875 Y30.146484375 Z2 E-80.45974780907612 F1200
G1 X69.345703125 Y30.673828125 Z2 E-80.5343254774044 F1200
G1 X69.345703125 Y30.76171875 Z2 E-80.5431145399044 F1200
G1 X68.994140625 Y31.11328125 Z2 E-80.59283298545657 F1200
G1 X68.994140625 Y31.201171875 Z2 E-80.60162204795657 F1200
G1 X66.796875 Y33.3984375 Z2 E-80.9123623326577 F1200
G1 X66.708984375 Y33.3984375 Z2 E-80.9211513951577 F1200
G1 X66.09375 Y34.013671875 Z2 E-81.00815867487401 F1200
G1 X66.005859375 Y34.013671875 Z2 E-81.01694773737401 F1200
G1 X65.302734375 Y34.716796875 Z2 E-81.11638462847837 F1200
G1 X65.21484375 Y34.716796875 Z2 E-81.12517369097837 F1200
G1 X64.6875 Y35.244140625 Z2 E-81.19975135930665 F1200
G1 X64.599609375 Y35.244140625 Z2 E-81.20854042180665 F1200
G1 X63.984375 Y35.859375 Z2 E-81.29554770152296 F1200
G1 X63.896484375 Y35.859375 Z2 E-81.30433676402296 F1200
G1 X63.10546875 Y36.650390625 Z2 E-81.41620326651537 F1200
G1 X63.017578125 Y36.650390625 Z2 E-81.42499232901537 F1200
G1 X62.75390625 Y36.9140625 Z2 E-81.4622811631795 F1200
G1 X62.666015625 Y36.9140625 Z2 E-81.4710702256795 F1200
G1 X62.578125 Y36.826171875 Z2 E-81.48349983706754 F1200
G1 X62.578125 Y36.73828125 Z2 E-81.49228889956754 F1200
G1 X64.072265625 Y35.244140625 Z2 E-81.7035922931643 F1200
G1 X64.16015625 Y35.244140625 Z2 E-81.7123813556643 F1200
G1 X64.599609375 Y34.8046875 Z2 E-81.77452941260454 F1200
G1 X64.6875 Y34.8046875 Z2 E-81.78331847510454 F1200
G1 X65.390625 Y34.1015625 Z2 E-81.8827553662089 F1200
G1 X65.478515625 Y34.1015625 Z2 E-81.8915444287089 F1200
G1 X66.181640625 Y33.3984375 Z2 E-81.99098131981326 F1200
G1 X66.26953125 Y33.3984375 Z2 E-81.99977038231326 F1200
G1 X68.642578125 Y31.025390625 Z2 E-82.33536988979047 F1200
G1 X68.642578125 Y30.9375 Z2 E-82.34415895229047 F1200
G1 X69.08203125 Y30.498046875 Z2 E-82.4063070092307 F1200
G1 X69.08203125 Y30.41015625 Z2 E-82.4150960717307 F1200
G1 X69.345703125 Y30.146484375 Z2 E-82.45238490589483 F1200
G1 X69.345703125 Y30.05859375 Z2 E-82.46117396839483 F1200
G1 X69.609375 Y29.794921875 Z2 E-82.49846280255896 F1200
G1 X69.609375 Y29.70703125 Z2 E-82.50725186505896 F1200
G1 X69.78515625 Y29.53125 Z2 E-82.53211108783505 F1200
G1 X69.78515625 Y29.443359375 Z2 E-82.54090015033505 F1200
G1 X69.9609375 Y29.267578125 Z2 E-82.56575937311113 F1200
G1 X69.9609375 Y29.1796875 Z2 E-82.57454843561113 F1200
G1 X70.048828125 Y29.091796875 Z2 E-82.58697804699918 F1200
G1 X70.048828125 Y29.00390625 Z2 E-82.59576710949918 F1200
G1 X70.224609375 Y28.828125 Z2 E-82.62062633227526 F1200
G1 X70.224609375 Y28.740234375 Z2 E-82.62941539477526 F1200
G1 X70.3125 Y28.65234375 Z2 E-82.64184500616331 F1200
G1 X70.3125 Y28.564453125 Z2 E-82.65063406866331 F1200
G1 X70.400390625 Y28.4765625 Z2 E-82.66306368005135 F1200
G1 X70.400390625 Y28.388671875 Z2 E-82.67185274255135 F1200
G1 X70.48828125 Y28.30078125 Z2 E-82.6842823539394 F1200
G1 X70.48828125 Y28.212890625 Z2 E-82.6930714164394 F1200
G1 X70.576171875 Y28.125 Z2 E-82.70550102782744 F1200
G1 X70.576171875 Y28.037109375 Z2 E-82.71429009032744 F1200
G1 X70.6640625 Y27.94921875 Z2 E-82.72671970171548 F1200
G1 X70.6640625 Y27.861328125 Z2 E-82.73550876421548 F1200
G1 X70.751953125 Y27.7734375 Z2 E-82.74793837560352 F1200
G1 X70.751953125 Y27.685546875 Z2 E-82.75672743810352 F1200
G1 X70.83984375 Y27.59765625 Z2 E-82.76915704949157 F1200
G1 X70.83984375 Y27.509765625 Z2 E-82.77794611199157 F1200
G1 X70.927734375 Y27.421875 Z2 E-82.79037572337961 F1200
G1 X70.927734375 Y27.24609375 Z2 E-82.80795384837961 F1200
G1 X71.015625 Y27.158203125 Z2 E-82.82038345976765 F1200
G1 X71.015625 Y27.0703125 Z2 E-82.82917252226765 F1200
G1 X71.103515625 Y26.982421875 Z2 E-82.8416021336557 F1200
G1 X71.103515625 Y26.806640625 Z2 E-82.8591802586557 F1200
G1 X71.19140625 Y26.71875 Z2 E-82.87160987004374 F1200
G1 X71.19140625 Y26.54296875 Z2 E-82.88918799504374 F1200
G1 X71.279296875 Y26.455078125 Z2 E-82.90161760643178 F1200
G1 X71.279296875 Y26.279296875 Z2 E-82.91919573143178 F1200
G1 X71.3671875 Y26.19140625 Z2 E-82.93162534281983 F1200
G1 X71.3671875 Y26.015625 Z2 E-82.94920346781983 F1200
G1 X71.455078125 Y25.927734375 Z2 E-82.96163307920787 F1200
G1 X71.455078125 Y25.6640625 Z2 E-82.98800026670787 F1200
G1 X71.54296875 Y25.576171875 Z2 E-83.00042987809591 F1200
G1 X71.54296875 Y25.3125 Z2 E-83.02679706559591 F1200
G1 X71.630859375 Y25.224609375 Z2 E-83.03922667698396 F1200
G1 X71.630859375 Y24.873046875 Z2 E-83.07438292698396 F1200
G1 X71.71875 Y24.78515625 Z2 E-83.086812538372 F1200
G1 X71.71875 Y24.43359375 Z2 E-83.121968788372 F1200
G1 X71.806640625 Y24.345703125 Z2 E-83.13439839976004 F1200
G1 X71.806640625 Y23.466796875 Z2 E-83.22228902476004 F1200
G1 X71.89453125 Y23.37890625 Z2 E-83.23471863614809 F1200
G1 X71.89453125 Y22.5 Z2 E-83.32260926114809 F1200
G1 X71.806640625 Y22.412109375 Z2 E-83.33503887253613 F1200
G1 X71.806640625 Y21.62109375 Z2 E-83.41414043503613 F1200
G1 X71.71875 Y21.533203125 Z2 E-83.42657004642417 F1200
G1 X71.71875 Y21.26953125 Z2 E-83.45293723392417 F1200
G1 X71.630859375 Y21.181640625 Z2 E-83.46536684531222 F1200
G1 X71.630859375 Y20.830078125 Z2 E-83.50052309531222 F1200
G1 X71.455078125 Y20.654296875 Z2 E-83.5253823180883 F1200
G1 X71.455078125 Y20.478515625 Z2 E-83.5429604430883 F1200
G1 X71.279296875 Y20.302734375 Z2 E-83.56781966586439 F1200
G1 X71.279296875 Y20.21484375 Z2 E-83.57660872836439 F1200
G1 X71.103515625 Y20.0390625 Z2 E-83.60146795114048 F1200
G1 X71.103515625 Y19.86328125 Z2 E-83.61904607614048 F1200
G1 X71.015625 Y19.775390625 Z2 E-83.63147568752852 F1200
G1 X71.015625 Y19.6875 Z2 E-83.64026475002852 F1200
G1 X70.83984375 Y19.51171875 Z2 E-83.66512397280461 F1200
G1 X70.83984375 Y19.423828125 Z2 E-83.67391303530461 F1200
G1 X70.751953125 Y19.3359375 Z2 E-83.68634264669265 F1200
G1 X70.751953125 Y19.248046875 Z2 E-83.69513170919265 F1200
G1 X70.6640625 Y19.16015625 Z2 E-83.7075613205807 F1200
G1 X70.6640625 Y19.072265625 Z2 E-83.7163503830807 F1200
G1 X70.48828125 Y18.896484375 Z2 E-83.74120960585678 F1200
G1 X70.48828125 Y18.720703125 Z2 E-83.75878773085678 F1200
G1 X70.400390625 Y18.6328125 Z2 E-83.77121734224482 F1200
G1 X70.400390625 Y18.544921875 Z2 E-83.78000640474482 F1200
G1 X70.3125 Y18.45703125 Z2 E-83.79243601613287 F1200
G1 X70.3125 Y18.369140625 Z2 E-83.80122507863287 F1200
G1 X70.224609375 Y18.28125 Z2 E-83.81365469002091 F1200
G1 X70.224609375 Y18.193359375 Z2 E-83.82244375252091 F1200
G1 X70.13671875 Y18.10546875 Z2 E-83.83487336390895 F1200
G1 X70.13671875 Y18.017578125 Z2 E-83.84366242640895 F1200
G1 X70.048828125 Y17.9296875 Z2 E-83.856092037797 F1200
G1 X70.048828125 Y17.75390625 Z2 E-83.873670162797 F1200
G1 X69.9609375 Y17.666015625 Z2 E-83.88609977418504 F1200
G1 X69.9609375 Y17.578125 Z2 E-83.89488883668504 F1200
G1 X69.873046875 Y17.490234375 Z2 E-83.90731844807308 F1200
G1 X69.873046875 Y17.40234375 Z2 E-83.91610751057308 F1200
G1 X69.78515625 Y17.314453125 Z2 E-83.92853712196113 F1200
G1 X69.78515625 Y17.2265625 Z2 E-83.93732618446113 F1200
G1 X69.609375 Y17.05078125 Z2 E-83.96218540723721 F1200
G1 X69.609375 Y16.962890625 Z2 E-83.97097446973721 F1200
G1 X69.43359375 Y16.787109375 Z2 E-83.9958336925133 F1200
G1 X69.43359375 Y16.69921875 Z2 E-84.0046227550133 F1200
G1 X69.345703125 Y16.611328125 Z2 E-84.01705236640134 F1200
G1 X69.345703125 Y16.5234375 Z2 E-84.02584142890134 F1200
G1 X69.169921875 Y16.34765625 Z2 E-84.05070065167743 F1200
G1 X69.169921875 Y16.259765625 Z2 E-84.05948971417743 F1200
G1 X69.08203125 Y16.171875 Z2 E-84.07191932556547 F1200
G1 X69.08203125 Y16.083984375 Z2 E-84.08070838806547 F1200
G1 X68.994140625 Y15.99609375 Z2 E-84.09313799945352 F1200
G1 X68.994140625 Y15.908203125 Z2 E-84.10192706195352 F1200
G1 X68.818359375 Y15.732421875 Z2 E-84.1267862847296 F1200
G1 X68.818359375 Y15.64453125 Z2 E-84.1355753472296 F1200
G1 X68.642578125 Y15.46875 Z2 E-84.16043457000569 F1200
G1 X68.642578125 Y15.380859375 Z2 E-84.16922363250569 F1200
G1 X68.5546875 Y15.29296875 Z2 E-84.18165324389373 F1200
G1 X68.5546875 Y15.205078125 Z2 E-84.19044230639373 F1200
G1 X68.37890625 Y15.029296875 Z2 E-84.21530152916982 F1200
G1 X68.37890625 Y14.94140625 Z2 E-84.22409059166982 F1200
G1 X68.291015625 Y14.853515625 Z2 E-84.23652020305786 F1200
G1 X68.291015625 Y14.94140625 Z2 E-84.24530926555786 F1200
G1 X68.37890625 Y15.029296875 Z2 E-84.25773887694591 F1200
G1 X68.37890625 Y15.1171875 Z2 E-84.26652793944591 F1200
G1 X68.5546875 Y15.29296875 Z2 E-84.291387162222 F1200
G1 X68.5546875 Y15.380859375 Z2 E-84.300176224722 F1200
G1 X68.642578125 Y15.46875 Z2 E-84.31260583611004 F1200
G1 X68.642578125 Y15.64453125 Z2 E-84.33018396111004 F1200
G1 X68.818359375 Y15.8203125 Z2 E-84.35504318388612 F1200
G1 X68.818359375 Y15.99609375 Z2 E-84.37262130888612 F1200
G1 X68.90625 Y16.083984375 Z2 E-84.38505092027417 F1200
G1 X68.90625 Y16.171875 Z2 E-84.39383998277417 F1200
G1 X68.994140625 Y16.259765625 Z2 E-84.40626959416221 F1200
G1 X68.994140625 Y16.34765625 Z2 E-84.41505865666221 F1200
G1 X69.08203125 Y16.435546875 Z2 E-84.42748826805025 F1200
G1 X69.08203125 Y16.611328125 Z2 E-84.44506639305025 F1200
G1 X69.169921875 Y16.69921875 Z2 E-84.4574960044383 F1200
G1 X69.169921875 Y16.787109375 Z2 E-84.4662850669383 F1200
G1 X69.2578125 Y16.875 Z2 E-84.47871467832634 F1200
G1 X69.2578125 Y17.05078125 Z2 E-84.49629280332634 F1200
G1 X69.345703125 Y17.138671875 Z2 E-84.50872241471438 F1200
G1 X69.345703125 Y17.2265625 Z2 E-84.51751147721438 F1200
G1 X69.43359375 Y17.314453125 Z2 E-84.52994108860243 F1200
G1 X69.43359375 Y17.490234375 Z2 E-84.54751921360243 F1200
G1 X69.521484375 Y17.578125 Z2 E-84.55994882499047 F1200
G1 X69.521484375 Y17.75390625 Z2 E-84.57752694999047 F1200
G1 X69.609375 Y17.841796875 Z2 E-84.58995656137851 F1200
G1 X69.609375 Y18.017578125 Z2 E-84.60753468637851 F1200
G1 X69.697265625 Y18.10546875 Z2 E-84.61996429776656 F1200
G1 X69.697265625 Y18.28125 Z2 E-84.63754242276656 F1200
G1 X69.78515625 Y18.369140625 Z2 E-84.6499720341546 F1200
G1 X69.78515625 Y18.720703125 Z2 E-84.6851282841546 F1200
G1 X69.873046875 Y18.80859375 Z2 E-84.69755789554264 F1200
G1 X69.873046875 Y19.072265625 Z2 E-84.72392508304264 F1200
G1 X69.9609375 Y19.16015625 Z2 E-84.73635469443069 F1200
G1 X69.9609375 Y19.775390625 Z2 E-84.79787813193069 F1200
G1 X70.048828125 Y19.86328125 Z2 E-84.81030774331873 F1200
G1 X70.048828125 Y20.830078125 Z2 E-84.90698743081873 F1200
G1 X70.13671875 Y20.91796875 Z2 E-84.91941704220677 F1200
G1 X70.13671875 Y22.8515625 Z2 E-85.11277641720677 F1200
G1 X70.048828125 Y22.939453125 Z2 E-85.12520602859482 F1200
G1 X70.048828125 Y23.291015625 Z2 E-85.16036227859482 F1200
G1 X69.9609375 Y23.37890625 Z2 E-85.17279188998286 F1200
G1 X69.9609375 Y23.73046875 Z2 E-85.20794813998286 F1200
G1 X69.873046875 Y23.818359375 Z2 E-85.2203777513709 F1200
G1 X69.873046875 Y24.169921875 Z2 E-85.2555340013709 F1200
G1 X69.78515625 Y24.2578125 Z2 E-85.26796361275895 F1200
G1 X69.78515625 Y24.521484375 Z2 E-85.29433080025895 F1200
G1 X69.697265625 Y24.609375 Z2 E-85.30676041164699 F1200
G1 X69.697265625 Y24.873046875 Z2 E-85.33312759914699 F1200
G1 X69.609375 Y24.9609375 Z2 E-85.34555721053503 F1200
G1 X69.609375 Y25.3125 Z2 E-85.38071346053503 F1200
G1 X69.521484375 Y25.400390625 Z2 E-85.39314307192308 F1200
G1 X69.521484375 Y25.48828125 Z2 E-85.40193213442308 F1200
G1 X69.43359375 Y25.576171875 Z2 E-85.41436174581112 F1200
G1 X69.43359375 Y25.751953125 Z2 E-85.43193987081112 F1200
G1 X69.345703125 Y25.83984375 Z2 E-85.44436948219916 F1200
G1 X69.345703125 Y25.927734375 Z2 E-85.45315854469916 F1200
G1 X69.2578125 Y26.015625 Z2 E-85.46558815608721 F1200
G1 X69.2578125 Y26.19140625 Z2 E-85.48316628108721 F1200
G1 X69.169921875 Y26.279296875 Z2 E-85.49559589247525 F1200
G1 X69.169921875 Y26.3671875 Z2 E-85.50438495497525 F1200
G1 X69.08203125 Y26.455078125 Z2 E-85.5168145663633 F1200
G1 X69.08203125 Y26.54296875 Z2 E-85.5256036288633 F1200
G1 X68.994140625 Y26.630859375 Z2 E-85.53803324025134 F1200
G1 X68.994140625 Y26.806640625 Z2 E-85.55561136525134 F1200
G1 X68.90625 Y26.89453125 Z2 E-85.56804097663938 F1200
G1 X68.90625 Y26.982421875 Z2 E-85.57683003913938 F1200
G1 X68.818359375 Y27.0703125 Z2 E-85.58925965052742 F1200
G1 X68.818359375 Y27.158203125 Z2 E-85.59804871302742 F1200
G1 X68.73046875 Y27.24609375 Z2 E-85.61047832441547 F1200
G1 X68.73046875 Y27.333984375 Z2 E-85.61926738691547 F1200
G1 X68.642578125 Y27.421875 Z2 E-85.63169699830351 F1200
G1 X68.642578125 Y27.509765625 Z2 E-85.64048606080351 F1200
G1 X68.5546875 Y27.59765625 Z2 E-85.65291567219155 F1200
G1 X68.642578125 Y27.685546875 Z2 E-85.6653452835796 F1200
G1 X68.291015625 Y28.037109375 Z2 E-85.71506372913177 F1200
G1 X68.291015625 Y28.125 Z2 E-85.72385279163177 F1200
G1 X68.37890625 Y28.212890625 Z2 E-85.73628240301981 F1200
G1 X68.291015625 Y28.30078125 Z2 E-85.74871201440786 F1200
G1 X68.203125 Y28.30078125 Z2 E-85.75750107690786 F1200
G1 X68.291015625 Y28.30078125 Z2 E-85.76629013940786 F1200
G1 X68.37890625 Y28.388671875 Z2 E-85.7787197507959 F1200
G1 X68.203125 Y28.564453125 Z2 E-85.80357897357199 F1200
G1 X68.203125 Y28.65234375 Z2 E-85.81236803607199 F1200
G1 X68.115234375 Y28.740234375 Z2 E-85.82479764746003 F1200
G1 X68.115234375 Y28.828125 Z2 E-85.83358670996003 F1200
G1 X68.02734375 Y28.916015625 Z2 E-85.84601632134807 F1200
G1 X67.939453125 Y28.916015625 Z2 E-85.85480538384807 F1200
G1 X67.939453125 Y29.00390625 Z2 E-85.86359444634807 F1200
G1 X67.8515625 Y29.091796875 Z2 E-85.87602405773612 F1200
G1 X67.8515625 Y29.1796875 Z2 E-85.88481312023612 F1200
G1 X67.763671875 Y29.267578125 Z2 E-85.89724273162416 F1200
G1 X67.67578125 Y29.267578125 Z2 E-85.90603179412416 F1200
G1 X67.67578125 Y29.35546875 Z2 E-85.91482085662416 F1200
G1 X67.587890625 Y29.443359375 Z2 E-85.9272504680122 F1200
G1 X67.5 Y29.35546875 Z2 E-85.93968007940025 F1200
G1 X67.32421875 Y29.35546875 Z2 E-85.95725820440025 F1200
G1 X67.412109375 Y29.35546875 Z2 E-85.96604726690025 F1200
G1 X67.5 Y29.443359375 Z2 E-85.97847687828829 F1200
G1 X67.412109375 Y29.53125 Z2 E-85.99090648967633 F1200
G1 X67.32421875 Y29.53125 Z2 E-85.99969555217633 F1200
G1 X66.796875 Y30.05859375 Z2 E-86.07427322050461 F1200
G1 X66.796875 Y30.146484375 Z2 E-86.08306228300461 F1200
G1 X66.62109375 Y30.322265625 Z2 E-86.1079215057807 F1200
G1 X66.62109375 Y30.41015625 Z2 E-86.1167105682807 F1200
G1 X66.4453125 Y30.5859375 Z2 E-86.14156979105678 F1200
G1 X66.4453125 Y30.673828125 Z2 E-86.15035885355678 F1200
G1 X66.357421875 Y30.76171875 Z2 E-86.16278846494482 F1200
G1 X66.26953125 Y30.76171875 Z2 E-86.17157752744482 F1200
G1 X65.830078125 Y31.201171875 Z2 E-86.23372558438506 F1200
G1 X65.91796875 Y31.2890625 Z2 E-86.2461551957731 F1200
G1 X65.654296875 Y31.552734375 Z2 E-86.28344402993723 F1200
G1 X65.478515625 Y31.376953125 Z2 E-86.30830325271332 F1200
G1 X65.21484375 Y31.640625 Z2 E-86.34559208687745 F1200
G1 X65.126953125 Y31.640625 Z2 E-86.35438114937745 F1200
G1 X65.0390625 Y31.728515625 Z2 E-86.36681076076549 F1200
G1 X64.951171875 Y31.640625 Z2 E-86.37924037215353 F1200
G1 X64.951171875 Y31.46484375 Z2 E-86.39681849715353 F1200
G1 X65.21484375 Y31.201171875 Z2 E-86.43410733131766 F1200
G1 X65.21484375 Y31.11328125 Z2 E-86.44289639381766 F1200
G1 X65.478515625 Y30.849609375 Z2 E-86.48018522798179 F1200
G1 X65.478515625 Y30.76171875 Z2 E-86.48897429048179 F1200
G1 X65.91796875 Y30.322265625 Z2 E-86.55112234742202 F1200
G1 X65.91796875 Y30.234375 Z2 E-86.55991140992202 F1200
G1 X66.357421875 Y29.794921875 Z2 E-86.62205946686225 F1200
G1 X66.357421875 Y29.70703125 Z2 E-86.63084852936225 F1200
G1 X66.533203125 Y29.53125 Z2 E-86.65570775213834 F1200
G1 X66.533203125 Y29.443359375 Z2 E-86.66449681463834 F1200
G1 X66.884765625 Y29.091796875 Z2 E-86.71421526019051 F1200
G1 X66.884765625 Y29.00390625 Z2 E-86.72300432269051 F1200
G1 X67.1484375 Y28.740234375 Z2 E-86.76029315685464 F1200
G1 X67.1484375 Y28.65234375 Z2 E-86.76908221935464 F1200
G1 X67.32421875 Y28.4765625 Z2 E-86.79394144213073 F1200
G1 X67.32421875 Y28.388671875 Z2 E-86.80273050463073 F1200
G1 X67.412109375 Y28.30078125 Z2 E-86.81516011601877 F1200
G1 X67.412109375 Y28.212890625 Z2 E-86.82394917851877 F1200
G1 X67.587890625 Y28.037109375 Z2 E-86.84880840129486 F1200
G1 X67.587890625 Y27.94921875 Z2 E-86.85759746379486 F1200
G1 X67.763671875 Y27.7734375 Z2 E-86.88245668657095 F1200
G1 X67.763671875 Y27.685546875 Z2 E-86.89124574907095 F1200
G1 X67.8515625 Y27.59765625 Z2 E-86.90367536045899 F1200
G1 X67.8515625 Y27.509765625 Z2 E-86.91246442295899 F1200
G1 X67.939453125 Y27.421875 Z2 E-86.92489403434703 F1200
G1 X67.939453125 Y27.333984375 Z2 E-86.93368309684703 F1200
G1 X68.115234375 Y27.158203125 Z2 E-86.95854231962312 F1200
G1 X68.115234375 Y27.0703125 Z2 E-86.96733138212312 F1200
G1 X68.203125 Y26.982421875 Z2 E-86.97976099351116 F1200
G1 X68.203125 Y26.806640625 Z2 E-86.99733911851116 F1200
G1 X68.291015625 Y26.71875 Z2 E-87.0097687298992 F1200
G1 X68.291015625 Y26.630859375 Z2 E-87.0185577923992 F1200
G1 X68.37890625 Y26.54296875 Z2 E-87.03098740378725 F1200
G1 X68.37890625 Y26.455078125 Z2 E-87.03977646628725 F1200
G1 X68.466796875 Y26.3671875 Z2 E-87.0522060776753 F1200
G1 X68.466796875 Y26.279296875 Z2 E-87.0609951401753 F1200
G1 X68.5546875 Y26.19140625 Z2 E-87.07342475156334 F1200
G1 X68.5546875 Y26.015625 Z2 E-87.09100287656334 F1200
G1 X68.642578125 Y25.927734375 Z2 E-87.10343248795138 F1200
G1 X68.642578125 Y25.751953125 Z2 E-87.12101061295138 F1200
G1 X68.73046875 Y25.6640625 Z2 E-87.13344022433942 F1200
G1 X68.73046875 Y25.48828125 Z2 E-87.15101834933942 F1200
G1 X68.818359375 Y25.400390625 Z2 E-87.16344796072747 F1200
G1 X68.818359375 Y25.13671875 Z2 E-87.18981514822747 F1200
G1 X68.90625 Y25.048828125 Z2 E-87.20224475961551 F1200
G1 X68.90625 Y24.873046875 Z2 E-87.21982288461551 F1200
G1 X68.994140625 Y24.78515625 Z2 E-87.23225249600355 F1200
G1 X68.994140625 Y24.521484375 Z2 E-87.25861968350355 F1200
G1 X69.08203125 Y24.43359375 Z2 E-87.2710492948916 F1200
G1 X69.08203125 Y24.08203125 Z2 E-87.3062055448916 F1200
G1 X69.169921875 Y23.994140625 Z2 E-87.31863515627964 F1200
G1 X69.169921875 Y23.642578125 Z2 E-87.35379140627964 F1200
G1 X69.2578125 Y23.5546875 Z2 E-87.36622101766768 F1200
G1 X69.2578125 Y22.939453125 Z2 E-87.42774445516768 F1200
G1 X69.345703125 Y22.8515625 Z2 E-87.44017406655573 F1200
G1 X69.345703125 Y21.357421875 Z2 E-87.58958812905573 F1200
G1 X69.2578125 Y21.26953125 Z2 E-87.60201774044377 F1200
G1 X69.2578125 Y20.56640625 Z2 E-87.67233024044377 F1200
G1 X69.169921875 Y20.478515625 Z2 E-87.68475985183181 F1200
G1 X69.169921875 Y20.0390625 Z2 E-87.72870516433181 F1200
G1 X69.08203125 Y19.951171875 Z2 E-87.74113477571986 F1200
G1 X69.08203125 Y19.51171875 Z2 E-87.78508008821986 F1200
G1 X68.994140625 Y19.423828125 Z2 E-87.7975096996079 F1200
G1 X68.994140625 Y19.16015625 Z2 E-87.8238768871079 F1200
G1 X68.90625 Y19.072265625 Z2 E-87.83630649849594 F1200
G1 X68.90625 Y18.720703125 Z2 E-87.87146274849594 F1200
G1 X68.818359375 Y18.6328125 Z2 E-87.88389235988399 F1200
G1 X68.818359375 Y18.45703125 Z2 E-87.90147048488399 F1200
G1 X68.73046875 Y18.369140625 Z2 E-87.91390009627203 F1200
G1 X68.73046875 Y18.193359375 Z2 E-87.93147822127203 F1200
G1 X68.642578125 Y18.10546875 Z2 E-87.94390783266007 F1200
G1 X68.642578125 Y17.9296875 Z2 E-87.96148595766007 F1200
G1 X68.5546875 Y17.841796875 Z2 E-87.97391556904812 F1200
G1 X68.5546875 Y17.75390625 Z2 E-87.98270463154812 F1200
G1 X68.37890625 Y17.578125 Z2 E-88.0075638543242 F1200
G1 X68.37890625 Y17.490234375 Z2 E-88.0163529168242 F1200
G1 X68.291015625 Y17.40234375 Z2 E-88.02878252821225 F1200
G1 X68.291015625 Y17.314453125 Z2 E-88.03757159071225 F1200
G1 X68.203125 Y17.2265625 Z2 E-88.05000120210029 F1200
G1 X68.203125 Y17.138671875 Z2 E-88.05879026460029 F1200
G1 X68.115234375 Y17.05078125 Z2 E-88.07121987598833 F1200
G1 X68.115234375 Y16.962890625 Z2 E-88.08000893848833 F1200
G1 X68.02734375 Y16.962890625 Z2 E-88.08879800098833 F1200
G1 X67.939453125 Y16.875 Z2 E-88.10122761237638 F1200
G1 X67.939453125 Y16.787109375 Z2 E-88.11001667487638 F1200
G1 X67.587890625 Y16.435546875 Z2 E-88.15973512042855 F1200
G1 X67.587890625 Y16.34765625 Z2 E-88.16852418292855 F1200
G1 X67.5 Y16.259765625 Z2 E-88.1809537943166 F1200
G1 X67.5 Y16.171875 Z2 E-88.1897428568166 F1200
G1 X67.32421875 Y15.99609375 Z2 E-88.21460207959268 F1200
G1 X67.32421875 Y15.908203125 Z2 E-88.22339114209268 F1200
G1 X67.060546875 Y15.64453125 Z2 E-88.26067997625681 F1200
G1 X67.060546875 Y15.556640625 Z2 E-88.26946903875681 F1200
G1 X66.884765625 Y15.380859375 Z2 E-88.2943282615329 F1200
G1 X66.884765625 Y15.29296875 Z2 E-88.3031173240329 F1200
G1 X66.796875 Y15.205078125 Z2 E-88.31554693542094 F1200
G1 X66.796875 Y15.1171875 Z2 E-88.32433599792094 F1200
G1 X66.62109375 Y14.94140625 Z2 E-88.34919522069703 F1200
G1 X66.62109375 Y14.853515625 Z2 E-88.35798428319703 F1200
G1 X66.4453125 Y14.677734375 Z2 E-88.38284350597311 F1200
G1 X66.4453125 Y14.58984375 Z2 E-88.39163256847311 F1200
G1 X66.26953125 Y14.4140625 Z2 E-88.4164917912492 F1200
G1 X66.26953125 Y14.326171875 Z2 E-88.4252808537492 F1200
G1 X66.09375 Y14.150390625 Z2 E-88.45014007652529 F1200
G1 X66.09375 Y14.0625 Z2 E-88.45892913902529 F1200
G1 X65.7421875 Y13.7109375 Z2 E-88.50864758457746 F1200
G1 X65.7421875 Y13.623046875 Z2 E-88.51743664707746 F1200
G1 X65.56640625 Y13.447265625 Z2 E-88.54229586985355 F1200
G1 X65.56640625 Y13.359375 Z2 E-88.55108493235355 F1200
G1 X65.302734375 Y13.095703125 Z2 E-88.58837376651768 F1200
G1 X65.302734375 Y13.0078125 Z2 E-88.59716282901768 F1200
G1 X65.126953125 Y12.83203125 Z2 E-88.62202205179376 F1200
G1 X65.126953125 Y12.744140625 Z2 E-88.63081111429376 F1200
G1 X64.775390625 Y12.392578125 Z2 E-88.68052955984594 F1200
G1 X64.775390625 Y12.3046875 Z2 E-88.68931862234594 F1200
G1 X64.599609375 Y12.12890625 Z2 E-88.71417784512202 F1200
G1 X64.599609375 Y12.041015625 Z2 E-88.72296690762202 F1200
G1 X64.248046875 Y11.689453125 Z2 E-88.7726853531742 F1200
G1 X64.248046875 Y11.6015625 Z2 E-88.7814744156742 F1200
G1 X64.072265625 Y11.42578125 Z2 E-88.80633363845028 F1200
G1 X64.072265625 Y11.337890625 Z2 E-88.81512270095028 F1200
G1 X63.984375 Y11.25 Z2 E-88.82755231233833 F1200
G1 X63.984375 Y11.162109375 Z2 E-88.83634137483833 F1200
G1 X63.896484375 Y11.07421875 Z2 E-88.84877098622637 F1200
G1 X63.896484375 Y10.986328125 Z2 E-88.85756004872637 F1200
G1 X63.720703125 Y10.810546875 Z2 E-88.88241927150246 F1200
G1 X63.720703125 Y10.72265625 Z2 E-88.89120833400246 F1200
G1 X63.544921875 Y10.546875 Z2 E-88.91606755677854 F1200
G1 X63.544921875 Y10.458984375 Z2 E-88.92485661927854 F1200
G1 X63.28125 Y10.1953125 Z2 E-88.96214545344267 F1200
G1 E-87.96214545344267 F1800
G0 X29.443359375 Y7.20703125 Z2 F3000
G1 X29.53125 Y7.294921875 Z2 E-88.97457506483072 F1200
G1 X29.619140625 Y7.294921875 Z2 E-88.98336412733072 F1200
G1 X29.794921875 Y7.470703125 Z2 E-89.0082233501068 F1200
G1 X29.8828125 Y7.470703125 Z2 E-89.0170124126068 F1200
G1 X30.05859375 Y7.646484375 Z2 E-89.04187163538289 F1200
G1 X30.146484375 Y7.646484375 Z2 E-89.05066069788289 F1200
G1 X30.322265625 Y7.822265625 Z2 E-89.07551992065898 F1200
G1 X30.41015625 Y7.822265625 Z2 E-89.08430898315898 F1200
G1 X30.5859375 Y7.998046875 Z2 E-89.10916820593506 F1200
G1 X30.673828125 Y7.998046875 Z2 E-89.11795726843506 F1200
G1 X30.76171875 Y8.0859375 Z2 E-89.1303868798231 F1200
G1 X30.849609375 Y8.0859375 Z2 E-89.1391759423231 F1200
G1 X30.9375 Y8.173828125 Z2 E-89.15160555371115 F1200
G1 X31.025390625 Y8.173828125 Z2 E-89.16039461621115 F1200
G1 X31.11328125 Y8.26171875 Z2 E-89.1728242275992 F1200
G1 X31.201171875 Y8.26171875 Z2 E-89.1816132900992 F1200
G1 X31.46484375 Y8.525390625 Z2 E-89.21890212426332 F1200
G1 X31.640625 Y8.525390625 Z2 E-89.23648024926332 F1200
G1 X31.81640625 Y8.701171875 Z2 E-89.26133947203941 F1200
G1 X31.904296875 Y8.701171875 Z2 E-89.27012853453941 F1200
G1 X32.080078125 Y8.876953125 Z2 E-89.2949877573155 F1200
G1 X32.16796875 Y8.876953125 Z2 E-89.3037768198155 F1200
G1 X32.255859375 Y8.96484375 Z2 E-89.31620643120354 F1200
G1 X32.34375 Y8.96484375 Z2 E-89.32499549370354 F1200
G1 X32.431640625 Y9.052734375 Z2 E-89.33742510509158 F1200
G1 X32.51953125 Y9.052734375 Z2 E-89.34621416759158 F1200
G1 X32.6953125 Y9.228515625 Z2 E-89.37107339036767 F1200
G1 X32.783203125 Y9.228515625 Z2 E-89.37986245286767 F1200
G1 X32.958984375 Y9.404296875 Z2 E-89.40472167564376 F1200
G1 X33.046875 Y9.404296875 Z2 E-89.41351073814376 F1200
G1 X33.134765625 Y9.4921875 Z2 E-89.4259403495318 F1200
G1 X33.22265625 Y9.4921875 Z2 E-89.4347294120318 F1200
G1 X33.310546875 Y9.580078125 Z2 E-89.44715902341984 F1200
G1 X33.3984375 Y9.580078125 Z2 E-89.45594808591984 F1200
G1 X33.486328125 Y9.66796875 Z2 E-89.46837769730789 F1200
G1 X33.57421875 Y9.66796875 Z2 E-89.47716675980789 F1200
G1 X33.662109375 Y9.755859375 Z2 E-89.48959637119593 F1200
G1 X33.75 Y9.755859375 Z2 E-89.49838543369593 F1200
G1 X33.837890625 Y9.84375 Z2 E-89.51081504508397 F1200
G1 X33.92578125 Y9.84375 Z2 E-89.51960410758397 F1200
G1 X34.013671875 Y9.931640625 Z2 E-89.53203371897202 F1200
G1 X34.1015625 Y9.931640625 Z2 E-89.54082278147202 F1200
G1 X34.189453125 Y10.01953125 Z2 E-89.55325239286006 F1200
G1 X34.27734375 Y10.01953125 Z2 E-89.56204145536006 F1200
G1 X34.365234375 Y10.107421875 Z2 E-89.5744710667481 F1200
G1 X34.453125 Y10.107421875 Z2 E-89.5832601292481 F1200
G1 X34.62890625 Y10.283203125 Z2 E-89.60811935202419 F1200
G1 X34.716796875 Y10.283203125 Z2 E-89.61690841452419 F1200
G1 X34.8046875 Y10.37109375 Z2 E-89.62933802591223 F1200
G1 X34.892578125 Y10.37109375 Z2 E-89.63812708841223 F1200
G1 X34.98046875 Y10.458984375 Z2 E-89.65055669980028 F1200
G1 X35.068359375 Y10.458984375 Z2 E-89.65934576230028 F1200
G1 X35.244140625 Y10.634765625 Z2 E-89.68420498507636 F1200
G1 X35.33203125 Y10.634765625 Z2 E-89.69299404757636 F1200
G1 X35.419921875 Y10.72265625 Z2 E-89.7054236589644 F1200
G1 X35.5078125 Y10.72265625 Z2 E-89.7142127214644 F1200
G1 X35.595703125 Y10.810546875 Z2 E-89.72664233285245 F1200
G1 X35.68359375 Y10.810546875 Z2 E-89.73543139535245 F1200
G1 X35.771484375 Y10.8984375 Z2 E-89.7478610067405 F1200
G1 X35.859375 Y10.8984375 Z2 E-89.7566500692405 F1200
G1 X35.947265625 Y10.986328125 Z2 E-89.76907968062854 F1200
G1 X36.03515625 Y10.986328125 Z2 E-89.77786874312854 F1200
G1 X36.2109375 Y11.162109375 Z2 E-89.80272796590462 F1200
G1 X36.298828125 Y11.162109375 Z2 E-89.81151702840462 F1200
G1 X36.38671875 Y11.25 Z2 E-89.82394663979267 F1200
G1 X36.474609375 Y11.25 Z2 E-89.83273570229267 F1200
G1 X36.5625 Y11.337890625 Z2 E-89.84516531368071 F1200
G1 X36.650390625 Y11.337890625 Z2 E-89.85395437618071 F1200
G1 X36.826171875 Y11.513671875 Z2 E-89.8788135989568 F1200
G1 X36.9140625 Y11.513671875 Z2 E-89.8876026614568 F1200
G1 X37.001953125 Y11.6015625 Z2 E-89.90003227284484 F1200
G1 X37.08984375 Y11.6015625 Z2 E-89.90882133534484 F1200
G1 X37.265625 Y11.77734375 Z2 E-89.93368055812093 F1200
G1 X37.353515625 Y11.77734375 Z2 E-89.94246962062093 F1200
G1 X37.44140625 Y11.865234375 Z2 E-89.95489923200897 F1200
G1 X37.529296875 Y11.865234375 Z2 E-89.96368829450897 F1200
G1 X37.705078125 Y12.041015625 Z2 E-89.98854751728506 F1200
G1 X37.880859375 Y12.041015625 Z2 E-90.00612564228506 F1200
G1 X38.056640625 Y12.216796875 Z2 E-90.03098486506114 F1200
G1 X38.14453125 Y12.216796875 Z2 E-90.03977392756114 F1200
G1 X38.056640625 Y12.216796875 Z2 E-90.04856299006114 F1200
G1 X37.880859375 Y12.041015625 Z2 E-90.07342221283723 F1200
G1 X37.880859375 Y11.953125 Z2 E-90.08221127533723 F1200
G1 X37.705078125 Y11.953125 Z2 E-90.09978940033723 F1200
G1 X37.529296875 Y11.77734375 Z2 E-90.12464862311332 F1200
G1 X37.44140625 Y11.77734375 Z2 E-90.13343768561332 F1200
G1 X37.353515625 Y11.689453125 Z2 E-90.14586729700136 F1200
G1 X37.353515625 Y11.6015625 Z2 E-90.15465635950136 F1200
G1 X37.265625 Y11.6015625 Z2 E-90.16344542200136 F1200
G1 X37.08984375 Y11.42578125 Z2 E-90.18830464477745 F1200
G1 X37.001953125 Y11.42578125 Z2 E-90.19709370727745 F1200
G1 X36.826171875 Y11.25 Z2 E-90.22195293005353 F1200
G1 X36.73828125 Y11.25 Z2 E-90.23074199255353 F1200
G1 X36.5625 Y11.07421875 Z2 E-90.25560121532962 F1200
G1 X36.474609375 Y11.07421875 Z2 E-90.26439027782962 F1200
G1 X36.298828125 Y10.8984375 Z2 E-90.2892495006057 F1200
G1 X36.2109375 Y10.8984375 Z2 E-90.2980385631057 F1200
G1 X36.123046875 Y10.810546875 Z2 E-90.31046817449375 F1200
G1 X36.03515625 Y10.810546875 Z2 E-90.31925723699375 F1200
G1 X35.859375 Y10.634765625 Z2 E-90.34411645976984 F1200
G1 X35.771484375 Y10.634765625 Z2 E-90.35290552226984 F1200
G1 X35.68359375 Y10.546875 Z2 E-90.36533513365788 F1200
G1 X35.595703125 Y10.546875 Z2 E-90.37412419615788 F1200
G1 X35.33203125 Y10.283203125 Z2 E-90.41141303032201 F1200
G1 X35.244140625 Y10.283203125 Z2 E-90.42020209282201 F1200
G1 X35.15625 Y10.1953125 Z2 E-90.43263170421005 F1200
G1 X35.068359375 Y10.1953125 Z2 E-90.44142076671005 F1200
G1 X34.98046875 Y10.107421875 Z2 E-90.4538503780981 F1200
G1 X34.892578125 Y10.107421875 Z2 E-90.4626394405981 F1200
G1 X34.8046875 Y10.01953125 Z2 E-90.47506905198614 F1200
G1 X34.716796875 Y10.01953125 Z2 E-90.48385811448614 F1200
G1 X34.541015625 Y9.84375 Z2 E-90.50871733726223 F1200
G1 X34.453125 Y9.84375 Z2 E-90.51750639976223 F1200
G1 X34.365234375 Y9.755859375 Z2 E-90.52993601115027 F1200
G1 X34.27734375 Y9.755859375 Z2 E-90.53872507365027 F1200
G1 X34.189453125 Y9.66796875 Z2 E-90.55115468503831 F1200
G1 X34.013671875 Y9.66796875 Z2 E-90.56873281003831 F1200
G1 X33.837890625 Y9.4921875 Z2 E-90.5935920328144 F1200
G1 X33.75 Y9.4921875 Z2 E-90.6023810953144 F1200
G1 X33.57421875 Y9.31640625 Z2 E-90.62724031809049 F1200
G1 X33.486328125 Y9.31640625 Z2 E-90.63602938059049 F1200
G1 X33.3984375 Y9.228515625 Z2 E-90.64845899197853 F1200
G1 X33.310546875 Y9.228515625 Z2 E-90.65724805447853 F1200
G1 X33.22265625 Y9.140625 Z2 E-90.66967766586657 F1200
G1 X33.134765625 Y9.140625 Z2 E-90.67846672836657 F1200
G1 X33.046875 Y9.052734375 Z2 E-90.69089633975462 F1200
G1 X32.958984375 Y9.052734375 Z2 E-90.69968540225462 F1200
G1 X32.87109375 Y8.96484375 Z2 E-90.71211501364266 F1200
G1 X32.783203125 Y8.96484375 Z2 E-90.72090407614266 F1200
G1 X32.6953125 Y8.876953125 Z2 E-90.7333336875307 F1200
G1 X32.607421875 Y8.876953125 Z2 E-90.7421227500307 F1200
G1 X32.431640625 Y8.701171875 Z2 E-90.76698197280679 F1200
G1 X32.255859375 Y8.701171875 Z2 E-90.78456009780679 F1200
G1 X32.16796875 Y8.61328125 Z2 E-90.79698970919483 F1200
G1 X32.080078125 Y8.61328125 Z2 E-90.80577877169483 F1200
G1 X31.9921875 Y8.525390625 Z2 E-90.81820838308288 F1200
G1 X31.904296875 Y8.525390625 Z2 E-90.82699744558288 F1200
G1 X31.728515625 Y8.349609375 Z2 E-90.85185666835896 F1200
G1 X31.552734375 Y8.349609375 Z2 E-90.86943479335896 F1200
G1 X31.46484375 Y8.26171875 Z2 E-90.881864404747 F1200
G1 X31.376953125 Y8.26171875 Z2 E-90.890653467247 F1200
G1 X31.2890625 Y8.173828125 Z2 E-90.90308307863505 F1200
G1 X31.201171875 Y8.173828125 Z2 E-90.91187214113505 F1200
G1 X31.025390625 Y7.998046875 Z2 E-90.93673136391114 F1200
G1 X30.9375 Y7.998046875 Z2 E-90.94552042641114 F1200
G1 X30.849609375 Y7.91015625 Z2 E-90.95795003779918 F1200
G1 X30.673828125 Y7.91015625 Z2 E-90.97552816279918 F1200
G1 X30.498046875 Y7.734375 Z2 E-91.00038738557527 F1200
G1 X30.41015625 Y7.734375 Z2 E-91.00917644807527 F1200
G1 X30.322265625 Y7.646484375 Z2 E-91.02160605946331 F1200
G1 X30.234375 Y7.646484375 Z2 E-91.03039512196331 F1200
G1 X30.146484375 Y7.55859375 Z2 E-91.04282473335135 F1200
G1 X30.05859375 Y7.55859375 Z2 E-91.05161379585135 F1200
G1 X29.970703125 Y7.470703125 Z2 E-91.0640434072394 F1200
G1 X29.8828125 Y7.470703125 Z2 E-91.0728324697394 F1200
G1 X29.794921875 Y7.3828125 Z2 E-91.08526208112744 F1200
G1 X29.70703125 Y7.3828125 Z2 E-91.09405114362744 F1200
G1 X29.619140625 Y7.294921875 Z2 E-91.10648075501548 F1200
G1 X29.53125 Y7.294921875 Z2 E-91.11526981751548 F1200
G1 E-90.11526981751548 F1800
G0 X29.267578125 Y7.119140625 Z2 F3000
G1 E-90.11526981751548 F1800
G0 X28.65234375 Y6.767578125 Z2 F3000
G1 E-90.11526981751548 F1800
G0 X52.822265625 Y5.44921875 Z2 F3000
G1 X52.998046875 Y5.625 Z2 E-91.14012904029157 F1200
G1 X52.998046875 Y5.712890625 Z2 E-91.14891810279157 F1200
G1 X53.0859375 Y5.80078125 Z2 E-91.16134771417961 F1200
G1 X53.0859375 Y5.888671875 Z2 E-91.17013677667961 F1200
G1 X53.26171875 Y6.064453125 Z2 E-91.1949959994557 F1200
G1 X53.26171875 Y6.15234375 Z2 E-91.2037850619557 F1200
G1 X53.4375 Y6.328125 Z2 E-91.22864428473179 F1200
G1 X53.4375 Y6.416015625 Z2 E-91.23743334723179 F1200
G1 X53.61328125 Y6.591796875 Z2 E-91.26229257000787 F1200
G1 X53.61328125 Y6.6796875 Z2 E-91.27108163250787 F1200
G1 X53.7890625 Y6.85546875 Z2 E-91.29594085528396 F1200
G1 X53.7890625 Y6.943359375 Z2 E-91.30472991778396 F1200
G1 X54.052734375 Y7.20703125 Z2 E-91.34201875194809 F1200
G1 X54.052734375 Y7.294921875 Z2 E-91.35080781444809 F1200
G1 X54.31640625 Y7.55859375 Z2 E-91.38809664861222 F1200
G1 X54.31640625 Y7.646484375 Z2 E-91.39688571111222 F1200
G1 X54.755859375 Y8.0859375 Z2 E-91.45903376805245 F1200
G1 X54.755859375 Y8.173828125 Z2 E-91.46782283055245 F1200
G1 X55.1953125 Y8.61328125 Z2 E-91.52997088749268 F1200
G1 X55.1953125 Y8.701171875 Z2 E-91.53875994999268 F1200
G1 X55.283203125 Y8.701171875 Z2 E-91.54754901249268 F1200
G1 X55.37109375 Y8.7890625 Z2 E-91.55997862388072 F1200
G1 X55.37109375 Y8.876953125 Z2 E-91.56876768638072 F1200
G1 X56.162109375 Y9.66796875 Z2 E-91.68063418887313 F1200
G1 X55.810546875 Y9.31640625 Z2 E-91.7303526344253 F1200
G1 X55.810546875 Y9.228515625 Z2 E-91.7391416969253 F1200
G1 X55.72265625 Y9.228515625 Z2 E-91.7479307594253 F1200
G1 X55.634765625 Y9.140625 Z2 E-91.76036037081334 F1200
G1 X55.634765625 Y9.052734375 Z2 E-91.76914943331334 F1200
G1 X55.283203125 Y8.701171875 Z2 E-91.81886787886552 F1200
G1 X55.283203125 Y8.61328125 Z2 E-91.82765694136552 F1200
G1 X54.931640625 Y8.26171875 Z2 E-91.87737538691769 F1200
G1 X54.931640625 Y8.173828125 Z2 E-91.88616444941769 F1200
G1 X54.580078125 Y7.822265625 Z2 E-91.93588289496986 F1200
G1 X54.580078125 Y7.734375 Z2 E-91.94467195746986 F1200
G1 X54.052734375 Y7.20703125 Z2 E-92.01924962579814 F1200
G1 X54.052734375 Y7.119140625 Z2 E-92.02803868829814 F1200
G1 X53.7890625 Y6.85546875 Z2 E-92.06532752246227 F1200
G1 X53.7890625 Y6.767578125 Z2 E-92.07411658496227 F1200
G1 X53.61328125 Y6.591796875 Z2 E-92.09897580773836 F1200
G1 X53.61328125 Y6.50390625 Z2 E-92.10776487023836 F1200
G1 X53.4375 Y6.328125 Z2 E-92.13262409301444 F1200
G1 X53.4375 Y6.240234375 Z2 E-92.14141315551444 F1200
G1 X53.173828125 Y5.9765625 Z2 E-92.17870198967857 F1200
G1 X53.173828125 Y5.888671875 Z2 E-92.18749105217857 F1200
G1 X53.0859375 Y5.80078125 Z2 E-92.19992066356662 F1200
G1 X53.0859375 Y5.712890625 Z2 E-92.20870972606662 F1200
G1 E-91.20870972606662 F1800
G0 X29.70703125 Y5.361328125 Z2 F3000
G1 E-91.20870972606662 F1800
G0 X28.4765625 Y4.5703125 Z2 F3000
G1 X28.4765625 Y4.658203125 Z2 E-92.21749878856662 F1200
G1 X28.65234375 Y4.658203125 Z2 E-92.23507691356662 F1200
G1 X28.828125 Y4.833984375 Z2 E-92.2599361363427 F1200
G1 X28.916015625 Y4.833984375 Z2 E-92.2687251988427 F1200
G1 X29.091796875 Y5.009765625 Z2 E-92.29358442161879 F1200
G1 X29.1796875 Y5.009765625 Z2 E-92.30237348411879 F1200
G1 X29.267578125 Y5.09765625 Z2 E-92.31480309550683 F1200
G1 X29.35546875 Y5.09765625 Z2 E-92.32359215800683 F1200
G1 X29.443359375 Y5.185546875 Z2 E-92.33602176939488 F1200
G1 X29.443359375 Y5.09765625 Z2 E-92.34481083189488 F1200
G1 X29.35546875 Y5.09765625 Z2 E-92.35359989439488 F1200
G1 X29.1796875 Y4.921875 Z2 E-92.37845911717096 F1200
G1 X29.091796875 Y4.921875 Z2 E-92.38724817967096 F1200
G1 X29.00390625 Y4.833984375 Z2 E-92.399677791059 F1200
G1 X28.916015625 Y4.833984375 Z2 E-92.408466853559 F1200
G1 X28.740234375 Y4.658203125 Z2 E-92.43332607633509 F1200
G1 X28.564453125 Y4.658203125 Z2 E-92.45090420133509 F1200
G1 E-91.45090420133509 F1800
G0 X23.994140625 Y1.93359375 Z2 F3000
G1 X23.994140625 Y2.021484375 Z2 E-92.45969326383509 F1200
G1 X24.08203125 Y2.021484375 Z2 E-92.46848232633509 F1200
G1 X24.2578125 Y2.197265625 Z2 E-92.49334154911118 F1200
G1 X24.345703125 Y2.197265625 Z2 E-92.50213061161118 F1200
G1 X24.521484375 Y2.373046875 Z2 E-92.52698983438727 F1200
G1 X24.609375 Y2.373046875 Z2 E-92.53577889688727 F1200
G1 X24.78515625 Y2.548828125 Z2 E-92.56063811966335 F1200
G1 X24.873046875 Y2.548828125 Z2 E-92.56942718216335 F1200
G1 X24.9609375 Y2.63671875 Z2 E-92.5818567935514 F1200
G1 X25.048828125 Y2.63671875 Z2 E-92.5906458560514 F1200
G1 X25.13671875 Y2.724609375 Z2 E-92.60307546743944 F1200
G1 X25.224609375 Y2.724609375 Z2 E-92.61186452993944 F1200
G1 X25.400390625 Y2.900390625 Z2 E-92.63672375271553 F1200
G1 X25.48828125 Y2.900390625 Z2 E-92.64551281521553 F1200
G1 X25.6640625 Y3.076171875 Z2 E-92.67037203799161 F1200
G1 X25.83984375 Y3.076171875 Z2 E-92.68795016299161 F1200
G1 X26.015625 Y3.251953125 Z2 E-92.7128093857677 F1200
G1 X26.103515625 Y3.251953125 Z2 E-92.7215984482677 F1200
G1 X26.19140625 Y3.33984375 Z2 E-92.73402805965574 F1200
G1 X26.279296875 Y3.33984375 Z2 E-92.74281712215574 F1200
G1 X26.455078125 Y3.515625 Z2 E-92.76767634493183 F1200
G1 X26.54296875 Y3.515625 Z2 E-92.77646540743183 F1200
G1 X26.630859375 Y3.603515625 Z2 E-92.78889501881987 F1200
G1 X26.71875 Y3.603515625 Z2 E-92.79768408131987 F1200
G1 X26.806640625 Y3.69140625 Z2 E-92.81011369270792 F1200
G1 X26.89453125 Y3.69140625 Z2 E-92.81890275520792 F1200
G1 X26.982421875 Y3.779296875 Z2 E-92.83133236659596 F1200
G1 X27.0703125 Y3.779296875 Z2 E-92.84012142909596 F1200
G1 X27.24609375 Y3.955078125 Z2 E-92.86498065187205 F1200
G1 X27.333984375 Y3.955078125 Z2 E-92.87376971437205 F1200
G1 X27.509765625 Y4.130859375 Z2 E-92.89862893714813 F1200
G1 X27.685546875 Y4.130859375 Z2 E-92.91620706214813 F1200
G1 X27.861328125 Y4.306640625 Z2 E-92.94106628492422 F1200
G1 X27.94921875 Y4.306640625 Z2 E-92.94985534742422 F1200
G1 X28.037109375 Y4.39453125 Z2 E-92.96228495881226 F1200
G1 X28.125 Y4.39453125 Z2 E-92.97107402131226 F1200
G1 X28.212890625 Y4.482421875 Z2 E-92.9835036327003 F1200
G1 X28.30078125 Y4.482421875 Z2 E-92.9922926952003 F1200
G1 X28.212890625 Y4.39453125 Z2 E-93.00472230658835 F1200
G1 X28.125 Y4.39453125 Z2 E-93.01351136908835 F1200
G1 X28.037109375 Y4.306640625 Z2 E-93.02594098047639 F1200
G1 X27.94921875 Y4.306640625 Z2 E-93.03473004297639 F1200
G1 X27.861328125 Y4.21875 Z2 E-93.04715965436444 F1200
G1 X27.7734375 Y4.21875 Z2 E-93.05594871686444 F1200
G1 X27.59765625 Y4.04296875 Z2 E-93.08080793964052 F1200
G1 X27.509765625 Y4.04296875 Z2 E-93.08959700214052 F1200
G1 X27.333984375 Y3.8671875 Z2 E-93.11445622491661 F1200
G1 X27.24609375 Y3.8671875 Z2 E-93.12324528741661 F1200
G1 X27.158203125 Y3.779296875 Z2 E-93.13567489880465 F1200
G1 X27.0703125 Y3.779296875 Z2 E-93.14446396130465 F1200
G1 X26.89453125 Y3.603515625 Z2 E-93.16932318408074 F1200
G1 X26.806640625 Y3.603515625 Z2 E-93.17811224658074 F1200
G1 X26.71875 Y3.515625 Z2 E-93.19054185796878 F1200
G1 X26.630859375 Y3.515625 Z2 E-93.19933092046878 F1200
G1 X26.54296875 Y3.427734375 Z2 E-93.21176053185683 F1200
G1 X26.455078125 Y3.427734375 Z2 E-93.22054959435683 F1200
G1 X26.3671875 Y3.33984375 Z2 E-93.23297920574487 F1200
G1 X26.279296875 Y3.33984375 Z2 E-93.24176826824487 F1200
G1 X26.19140625 Y3.251953125 Z2 E-93.25419787963291 F1200
G1 X26.103515625 Y3.251953125 Z2 E-93.26298694213291 F1200
G1 X26.015625 Y3.1640625 Z2 E-93.27541655352096 F1200
G1 X25.927734375 Y3.1640625 Z2 E-93.28420561602096 F1200
G1 X25.751953125 Y2.98828125 Z2 E-93.30906483879704 F1200
G1 X25.6640625 Y2.98828125 Z2 E-93.31785390129704 F1200
G1 X25.400390625 Y2.724609375 Z2 E-93.35514273546117 F1200
G1 X25.3125 Y2.724609375 Z2 E-93.36393179796117 F1200
G1 X25.224609375 Y2.63671875 Z2 E-93.37636140934922 F1200
G1 X25.048828125 Y2.63671875 Z2 E-93.39393953434922 F1200
G1 X24.873046875 Y2.4609375 Z2 E-93.4187987571253 F1200
G1 X24.78515625 Y2.4609375 Z2 E-93.4275878196253 F1200
G1 X24.609375 Y2.28515625 Z2 E-93.45244704240139 F1200
G1 X24.521484375 Y2.28515625 Z2 E-93.46123610490139 F1200
G1 X24.43359375 Y2.197265625 Z2 E-93.47366571628943 F1200
G1 X24.345703125 Y2.197265625 Z2 E-93.48245477878943 F1200
G1 X24.169921875 Y2.021484375 Z2 E-93.50731400156552 F1200
G1 X24.08203125 Y2.021484375 Z2 E-93.51610306406552 F1200
G1 E-92.51610306406552 F1800
G0 X23.73046875 Y1.845703125 Z2 F3000
G1 X23.818359375 Y1.845703125 Z2 E-93.52489212656552 F1200
G92 E0
G1 E-3 F1800
G1 Z2
G90
